
/home/pdsilva/Projects/Orion/OrionBios/peripheral/RP2350B/build/ide68k_pico.elf:     file format elf32-littlearm

Sections:
Idx Name          Size      VMA       LMA       File off  Algn
  0 .flashtext    000001ec  10000000  10000000  00001000  2**2
                  CONTENTS, ALLOC, LOAD, READONLY, CODE
  1 .rodata       00000000  100001ec  100001ec  0000ae8c  2**0
                  CONTENTS, ALLOC, LOAD, DATA
  2 .ARM.exidx    00000008  100001ec  100001ec  000011ec  2**2
                  CONTENTS, ALLOC, LOAD, READONLY, DATA
  3 .binary_info  00000020  100001f4  100001f4  000011f4  2**2
                  CONTENTS, ALLOC, LOAD, READONLY, DATA
  4 .ram_vector_table 00000110  20000000  20000000  0000b000  2**2
                  ALLOC
  5 .uninitialized_data 00000000  20000110  20000110  0000ae8c  2**0
                  CONTENTS
  6 .text         00007d10  20000110  10000214  00002110  2**3
                  CONTENTS, ALLOC, LOAD, READONLY, CODE
  7 .psram_load   00000000  11000000  11000000  0000ae8c  2**0
                  CONTENTS
  8 .psram_noload 00000000  11000000  11000000  0000ae8c  2**0
                  CONTENTS
  9 .xip_ram      00000000  13ffc000  13ffc000  0000ae8c  2**0
                  CONTENTS
 10 .data         00000f54  20007e20  10007f24  00009e20  2**3
                  CONTENTS, ALLOC, LOAD, CODE
 11 .tdata        00000000  20008d74  20008d74  0000ae8c  2**0
                  CONTENTS, ALLOC, LOAD, DATA, THREAD_LOCAL
 12 .tbss         00000000  20008d74  20008d74  00000000  2**0
                  ALLOC, THREAD_LOCAL
 13 .tbss_space   00000000  20008d74  20008d74  0000ae8c  2**0
                  CONTENTS
 14 .bss          00000c50  20008d78  10008e78  0000bd78  2**3
                  ALLOC
 15 .tls0         00000000  200099c8  200099c8  0000ae8c  2**0
                  CONTENTS
 16 .tls1         00000000  200099c8  200099c8  0000ae8c  2**0
                  CONTENTS
 17 .persistent_data 00000000  200099c8  200099c8  0000ae8c  2**0
                  CONTENTS
 18 .dummy_pre_heap 00000000  200099c8  200099c8  0000ae8c  2**0
                  CONTENTS
 19 .heap         00000800  200099c8  200099c8  0000b9c8  2**2
                  ALLOC, READONLY
 20 .scratch_x    00000000  20080000  20080000  0000ae8c  2**0
                  CONTENTS
 21 .scratch_y    00000000  20081000  20081000  0000ae8c  2**0
                  CONTENTS
 22 .stack1_dummy 00000800  20080000  20080000  0000b000  2**2
                  ALLOC
 23 .stack_dummy  00000800  20081000  20081000  0000b000  2**5
                  ALLOC, READONLY
 24 .flash_end    00000014  10008e78  10008e78  0000ae78  2**2
                  CONTENTS, ALLOC, LOAD, READONLY, DATA
 25 .debug_info   00044fe9  00000000  00000000  0000ae8c  2**0
                  CONTENTS, READONLY, DEBUGGING, OCTETS
 26 .debug_abbrev 0000b0e7  00000000  00000000  0004fe75  2**0
                  CONTENTS, READONLY, DEBUGGING, OCTETS
 27 .debug_loclists 00020a8c  00000000  00000000  0005af5c  2**0
                  CONTENTS, READONLY, DEBUGGING, OCTETS
 28 .debug_aranges 00001770  00000000  00000000  0007b9e8  2**3
                  CONTENTS, READONLY, DEBUGGING, OCTETS
 29 .debug_rnglists 000065af  00000000  00000000  0007d158  2**0
                  CONTENTS, READONLY, DEBUGGING, OCTETS
 30 .debug_line   00029fa5  00000000  00000000  00083707  2**0
                  CONTENTS, READONLY, DEBUGGING, OCTETS
 31 .debug_str    0000cc6e  00000000  00000000  000ad6ac  2**0
                  CONTENTS, READONLY, DEBUGGING, OCTETS
 32 .comment      00000026  00000000  00000000  000ba31a  2**0
                  CONTENTS, READONLY
 33 .ARM.attributes 00000036  00000000  00000000  000ba340  2**0
                  CONTENTS, READONLY
 34 .debug_frame  00003db0  00000000  00000000  000ba378  2**2
                  CONTENTS, READONLY, DEBUGGING, OCTETS
 35 .debug_line_str 00000214  00000000  00000000  000be128  2**0
                  CONTENTS, READONLY, DEBUGGING, OCTETS

/home/pdsilva/Projects/Orion/OrionBios/peripheral/RP2350B/build/ide68k_pico.elf:     file format elf32-littlearm


Disassembly of section .flashtext:

10000000 <__VECTOR_TABLE>:
10000000:	20082000 	.word	0x20082000
10000004:	1000015b 	.word	0x1000015b
10000008:	1000011b 	.word	0x1000011b
1000000c:	1000011d 	.word	0x1000011d
10000010:	10000111 	.word	0x10000111
10000014:	10000111 	.word	0x10000111
10000018:	10000111 	.word	0x10000111
1000001c:	10000111 	.word	0x10000111
10000020:	10000119 	.word	0x10000119
10000024:	10000119 	.word	0x10000119
10000028:	10000119 	.word	0x10000119
1000002c:	1000011f 	.word	0x1000011f
10000030:	10000111 	.word	0x10000111
10000034:	10000119 	.word	0x10000119
10000038:	10000121 	.word	0x10000121
1000003c:	10000123 	.word	0x10000123
10000040:	10000111 	.word	0x10000111
10000044:	10000111 	.word	0x10000111
10000048:	10000111 	.word	0x10000111
1000004c:	10000111 	.word	0x10000111
10000050:	10000111 	.word	0x10000111
10000054:	10000111 	.word	0x10000111
10000058:	10000111 	.word	0x10000111
1000005c:	10000111 	.word	0x10000111
10000060:	10000111 	.word	0x10000111
10000064:	10000111 	.word	0x10000111
10000068:	10000111 	.word	0x10000111
1000006c:	10000111 	.word	0x10000111
10000070:	10000111 	.word	0x10000111
10000074:	10000111 	.word	0x10000111
10000078:	10000111 	.word	0x10000111
1000007c:	10000111 	.word	0x10000111
10000080:	10000111 	.word	0x10000111
10000084:	10000111 	.word	0x10000111
10000088:	10000111 	.word	0x10000111
1000008c:	10000111 	.word	0x10000111
10000090:	10000111 	.word	0x10000111
10000094:	10000111 	.word	0x10000111
10000098:	10000111 	.word	0x10000111
1000009c:	10000111 	.word	0x10000111
100000a0:	10000111 	.word	0x10000111
100000a4:	10000111 	.word	0x10000111
100000a8:	10000111 	.word	0x10000111
100000ac:	10000111 	.word	0x10000111
100000b0:	10000111 	.word	0x10000111
100000b4:	10000111 	.word	0x10000111
100000b8:	10000111 	.word	0x10000111
100000bc:	10000111 	.word	0x10000111
100000c0:	10000111 	.word	0x10000111
100000c4:	10000111 	.word	0x10000111
100000c8:	10000111 	.word	0x10000111
100000cc:	10000111 	.word	0x10000111
100000d0:	10000111 	.word	0x10000111
100000d4:	10000111 	.word	0x10000111
100000d8:	10000111 	.word	0x10000111
100000dc:	10000111 	.word	0x10000111
100000e0:	10000111 	.word	0x10000111
100000e4:	10000111 	.word	0x10000111
100000e8:	10000111 	.word	0x10000111
100000ec:	10000111 	.word	0x10000111
100000f0:	10000111 	.word	0x10000111
100000f4:	10000111 	.word	0x10000111
100000f8:	10000111 	.word	0x10000111
100000fc:	10000111 	.word	0x10000111
10000100:	10000111 	.word	0x10000111
10000104:	10000111 	.word	0x10000111
10000108:	10000111 	.word	0x10000111
1000010c:	10000111 	.word	0x10000111

10000110 <__unhandled_user_irq>:
10000110:	f3ef 8005 	mrs	r0, IPSR
10000114:	3810      	subs	r0, #16

10000116 <unhandled_user_irq_num_in_r0>:
10000116:	be00      	bkpt	0x0000

10000118 <isr_invalid>:
10000118:	be00      	bkpt	0x0000

1000011a <isr_nmi>:
1000011a:	be00      	bkpt	0x0000

1000011c <isr_hardfault>:
1000011c:	be00      	bkpt	0x0000

1000011e <isr_svcall>:
1000011e:	be00      	bkpt	0x0000

10000120 <isr_pendsv>:
10000120:	be00      	bkpt	0x0000

10000122 <isr_systick>:
10000122:	be00      	bkpt	0x0000

10000124 <__default_isrs_end>:
10000124:	7188ebf2 	.word	0x7188ebf2
10000128:	100001f4 	.word	0x100001f4
1000012c:	10000214 	.word	0x10000214
10000130:	1000019c 	.word	0x1000019c
10000134:	e71aa390 	.word	0xe71aa390

10000138 <__binary_info_header_end>:
10000138:	ffffded3 	.word	0xffffded3
1000013c:	10210142 	.word	0x10210142
10000140:	000001ff 	.word	0x000001ff
10000144:	00008d40 	.word	0x00008d40
10000148:	ab123579 	.word	0xab123579

1000014c <_entry_point>:
1000014c:	2000      	movs	r0, #0

1000014e <_enter_vtable_in_r0>:
1000014e:	4921      	ldr	r1, [pc, #132]	@ (100001d4 <data_cpy_table+0x38>)
10000150:	6008      	str	r0, [r1, #0]
10000152:	c806      	ldmia	r0!, {r1, r2}
10000154:	f381 8808 	msr	MSP, r1
10000158:	4710      	bx	r2

1000015a <_reset_handler>:
1000015a:	f04f 4050 	mov.w	r0, #3489660928	@ 0xd0000000
1000015e:	6800      	ldr	r0, [r0, #0]
10000160:	b108      	cbz	r0, 10000166 <hold_non_core0_in_bootrom+0x4>

10000162 <hold_non_core0_in_bootrom>:
10000162:	2000      	movs	r0, #0
10000164:	e7f3      	b.n	1000014e <_enter_vtable_in_r0>
10000166:	a40d      	add	r4, pc, #52	@ (adr r4, 1000019c <data_cpy_table>)
10000168:	cc0e      	ldmia	r4!, {r1, r2, r3}
1000016a:	2900      	cmp	r1, #0
1000016c:	d002      	beq.n	10000174 <hold_non_core0_in_bootrom+0x12>
1000016e:	f000 f812 	bl	10000196 <data_cpy>
10000172:	e7f9      	b.n	10000168 <hold_non_core0_in_bootrom+0x6>
10000174:	4918      	ldr	r1, [pc, #96]	@ (100001d8 <data_cpy_table+0x3c>)
10000176:	4a19      	ldr	r2, [pc, #100]	@ (100001dc <data_cpy_table+0x40>)
10000178:	2000      	movs	r0, #0
1000017a:	e000      	b.n	1000017e <bss_fill_test>

1000017c <bss_fill_loop>:
1000017c:	c101      	stmia	r1!, {r0}

1000017e <bss_fill_test>:
1000017e:	4291      	cmp	r1, r2
10000180:	d1fc      	bne.n	1000017c <bss_fill_loop>

10000182 <platform_entry>:
10000182:	4917      	ldr	r1, [pc, #92]	@ (100001e0 <data_cpy_table+0x44>)
10000184:	4788      	blx	r1
10000186:	4917      	ldr	r1, [pc, #92]	@ (100001e4 <data_cpy_table+0x48>)
10000188:	4788      	blx	r1
1000018a:	4917      	ldr	r1, [pc, #92]	@ (100001e8 <data_cpy_table+0x4c>)
1000018c:	4788      	blx	r1
1000018e:	be00      	bkpt	0x0000
10000190:	e7fd      	b.n	1000018e <platform_entry+0xc>

10000192 <data_cpy_loop>:
10000192:	c901      	ldmia	r1!, {r0}
10000194:	c201      	stmia	r2!, {r0}

10000196 <data_cpy>:
10000196:	429a      	cmp	r2, r3
10000198:	d3fb      	bcc.n	10000192 <data_cpy_loop>

1000019a <data_cpy_done>:
1000019a:	4770      	bx	lr

1000019c <data_cpy_table>:
1000019c:	10000214 	.word	0x10000214
100001a0:	20000110 	.word	0x20000110
100001a4:	20007e20 	.word	0x20007e20
100001a8:	10007f24 	.word	0x10007f24
100001ac:	20007e20 	.word	0x20007e20
100001b0:	20008d74 	.word	0x20008d74
100001b4:	10008e78 	.word	0x10008e78
100001b8:	20080000 	.word	0x20080000
100001bc:	20080000 	.word	0x20080000
100001c0:	10008e78 	.word	0x10008e78
100001c4:	20081000 	.word	0x20081000
100001c8:	20081000 	.word	0x20081000
100001cc:	00000000 	.word	0x00000000
100001d0:	4770      	bx	lr
100001d2:	0000      	.short	0x0000
100001d4:	e000ed08 	.word	0xe000ed08
100001d8:	20008d74 	.word	0x20008d74
100001dc:	200099c8 	.word	0x200099c8
100001e0:	2000415d 	.word	0x2000415d
100001e4:	20000125 	.word	0x20000125
100001e8:	20004155 	.word	0x20004155

Disassembly of section .text:

20000110 <ide_hook_psram_buffer>:
20000110:	4b01      	ldr	r3, [pc, #4]	@ (20000118 <ide_hook_psram_buffer+0x8>)
20000112:	eb03 2040 	add.w	r0, r3, r0, lsl #9
20000116:	4770      	bx	lr
20000118:	200092cc 	.word	0x200092cc

2000011c <ide_hook_sd_read_sector>:
2000011c:	f000 ba8a 	b.w	20000634 <your_sd_driver_read_block>

20000120 <ide_hook_sd_write_sector>:
20000120:	f000 bb26 	b.w	20000770 <your_sd_driver_write_block>

20000124 <main>:
20000124:	b570      	push	{r4, r5, r6, lr}
20000126:	b086      	sub	sp, #24
20000128:	f004 f93c 	bl	200043a4 <stdio_init_all>
2000012c:	200f      	movs	r0, #15
2000012e:	f002 f9c7 	bl	200024c0 <vreg_set_voltage>
20000132:	2002      	movs	r0, #2
20000134:	f001 feca 	bl	20001ecc <sleep_ms>
20000138:	4844      	ldr	r0, [pc, #272]	@ (2000024c <main+0x128>)
2000013a:	ab05      	add	r3, sp, #20
2000013c:	aa04      	add	r2, sp, #16
2000013e:	a903      	add	r1, sp, #12
20000140:	f002 f8aa 	bl	20002298 <check_sys_clock_khz>
20000144:	b918      	cbnz	r0, 2000014e <main+0x2a>
20000146:	4941      	ldr	r1, [pc, #260]	@ (2000024c <main+0x128>)
20000148:	4841      	ldr	r0, [pc, #260]	@ (20000250 <main+0x12c>)
2000014a:	f001 f801 	bl	20001150 <panic>
2000014e:	9803      	ldr	r0, [sp, #12]
20000150:	e9dd 1204 	ldrd	r1, r2, [sp, #16]
20000154:	f001 ffde 	bl	20002114 <set_sys_clock_pll>
20000158:	f640 10c4 	movw	r0, #2500	@ 0x9c4
2000015c:	f001 feb6 	bl	20001ecc <sleep_ms>
20000160:	2432      	movs	r4, #50	@ 0x32
20000162:	e004      	b.n	2000016e <main+0x4a>
20000164:	2064      	movs	r0, #100	@ 0x64
20000166:	f001 feb1 	bl	20001ecc <sleep_ms>
2000016a:	3c01      	subs	r4, #1
2000016c:	d003      	beq.n	20000176 <main+0x52>
2000016e:	f004 fbfd 	bl	2000496c <stdio_usb_connected>
20000172:	2800      	cmp	r0, #0
20000174:	d0f6      	beq.n	20000164 <main+0x40>
20000176:	f44f 70fa 	mov.w	r0, #500	@ 0x1f4
2000017a:	f001 fea7 	bl	20001ecc <sleep_ms>
2000017e:	4a35      	ldr	r2, [pc, #212]	@ (20000254 <main+0x130>)
20000180:	4935      	ldr	r1, [pc, #212]	@ (20000258 <main+0x134>)
20000182:	4836      	ldr	r0, [pc, #216]	@ (2000025c <main+0x138>)
20000184:	f004 f9d4 	bl	20004530 <__wrap_printf>
20000188:	f241 2208 	movw	r2, #4616	@ 0x1208
2000018c:	f24a 0338 	movw	r3, #41016	@ 0xa038
20000190:	4c33      	ldr	r4, [pc, #204]	@ (20000260 <main+0x13c>)
20000192:	4834      	ldr	r0, [pc, #208]	@ (20000264 <main+0x140>)
20000194:	62e2      	str	r2, [r4, #44]	@ 0x2c
20000196:	6323      	str	r3, [r4, #48]	@ 0x30
20000198:	6a21      	ldr	r1, [r4, #32]
2000019a:	6a62      	ldr	r2, [r4, #36]	@ 0x24
2000019c:	6aa3      	ldr	r3, [r4, #40]	@ 0x28
2000019e:	6ae5      	ldr	r5, [r4, #44]	@ 0x2c
200001a0:	6b24      	ldr	r4, [r4, #48]	@ 0x30
200001a2:	e9cd 5400 	strd	r5, r4, [sp]
200001a6:	f004 f9c3 	bl	20004530 <__wrap_printf>
200001aa:	2109      	movs	r1, #9
200001ac:	202f      	movs	r0, #47	@ 0x2f
200001ae:	f000 ff8d 	bl	200010cc <gpio_set_function>
200001b2:	4a2d      	ldr	r2, [pc, #180]	@ (20000268 <main+0x144>)
200001b4:	6813      	ldr	r3, [r2, #0]
200001b6:	f443 6300 	orr.w	r3, r3, #2048	@ 0x800
200001ba:	6013      	str	r3, [r2, #0]
200001bc:	f007 fff0 	bl	200081a0 <xip_cache_clean_all>
200001c0:	f000 f924 	bl	2000040c <your_sd_driver_init>
200001c4:	4605      	mov	r5, r0
200001c6:	b9b0      	cbnz	r0, 200001f6 <main+0xd2>
200001c8:	4828      	ldr	r0, [pc, #160]	@ (2000026c <main+0x148>)
200001ca:	f004 f92f 	bl	2000442c <__wrap_puts>
200001ce:	2019      	movs	r0, #25
200001d0:	f000 ff9a 	bl	20001108 <gpio_init>
200001d4:	f04f 0601 	mov.w	r6, #1
200001d8:	2319      	movs	r3, #25
200001da:	ec46 3044 	gpioc_bit_oe_put r3, r6
200001de:	2419      	movs	r4, #25
200001e0:	ec46 4040 	gpioc_bit_out_put r4, r6
200001e4:	2064      	movs	r0, #100	@ 0x64
200001e6:	f001 fe71 	bl	20001ecc <sleep_ms>
200001ea:	ec45 4040 	gpioc_bit_out_put r4, r5
200001ee:	2064      	movs	r0, #100	@ 0x64
200001f0:	f001 fe6c 	bl	20001ecc <sleep_ms>
200001f4:	e7f3      	b.n	200001de <main+0xba>
200001f6:	481e      	ldr	r0, [pc, #120]	@ (20000270 <main+0x14c>)
200001f8:	f004 f918 	bl	2000442c <__wrap_puts>
200001fc:	f04f 4380 	mov.w	r3, #1073741824	@ 0x40000000
20000200:	681c      	ldr	r4, [r3, #0]
20000202:	481c      	ldr	r0, [pc, #112]	@ (20000274 <main+0x150>)
20000204:	4621      	mov	r1, r4
20000206:	f004 f993 	bl	20004530 <__wrap_printf>
2000020a:	0f21      	lsrs	r1, r4, #28
2000020c:	481a      	ldr	r0, [pc, #104]	@ (20000278 <main+0x154>)
2000020e:	f004 f98f 	bl	20004530 <__wrap_printf>
20000212:	f3c4 310f 	ubfx	r1, r4, #12, #16
20000216:	4819      	ldr	r0, [pc, #100]	@ (2000027c <main+0x158>)
20000218:	f004 f98a 	bl	20004530 <__wrap_printf>
2000021c:	f3c4 010b 	ubfx	r1, r4, #0, #12
20000220:	4817      	ldr	r0, [pc, #92]	@ (20000280 <main+0x15c>)
20000222:	f004 f985 	bl	20004530 <__wrap_printf>
20000226:	4817      	ldr	r0, [pc, #92]	@ (20000284 <main+0x160>)
20000228:	f004 f900 	bl	2000442c <__wrap_puts>
2000022c:	f000 fde0 	bl	20000df0 <ide_interface_init>
20000230:	4815      	ldr	r0, [pc, #84]	@ (20000288 <main+0x164>)
20000232:	f007 f895 	bl	20007360 <multicore_launch_core1>
20000236:	4815      	ldr	r0, [pc, #84]	@ (2000028c <main+0x168>)
20000238:	f004 f8f8 	bl	2000442c <__wrap_puts>
2000023c:	4814      	ldr	r0, [pc, #80]	@ (20000290 <main+0x16c>)
2000023e:	f004 f8f5 	bl	2000442c <__wrap_puts>
20000242:	4814      	ldr	r0, [pc, #80]	@ (20000294 <main+0x170>)
20000244:	f004 f8f2 	bl	2000442c <__wrap_puts>
20000248:	e7fe      	b.n	20000248 <main+0x124>
2000024a:	bf00      	nop
2000024c:	0003d090 	.word	0x0003d090
20000250:	20008568 	.word	0x20008568
20000254:	2000859c 	.word	0x2000859c
20000258:	200085a8 	.word	0x200085a8
2000025c:	200085b4 	.word	0x200085b4
20000260:	400d0000 	.word	0x400d0000
20000264:	200085c4 	.word	0x200085c4
20000268:	400c8000 	.word	0x400c8000
2000026c:	200085fc 	.word	0x200085fc
20000270:	20008624 	.word	0x20008624
20000274:	20008640 	.word	0x20008640
20000278:	20008658 	.word	0x20008658
2000027c:	2000866c 	.word	0x2000866c
20000280:	20008684 	.word	0x20008684
20000284:	2000869c 	.word	0x2000869c
20000288:	20007e21 	.word	0x20007e21
2000028c:	200086c0 	.word	0x200086c0
20000290:	200086e8 	.word	0x200086e8
20000294:	20008700 	.word	0x20008700

20000298 <sd_send_command>:
20000298:	e92d 43f0 	stmdb	sp!, {r4, r5, r6, r7, r8, r9, lr}
2000029c:	f04f 0301 	mov.w	r3, #1
200002a0:	2429      	movs	r4, #41	@ 0x29
200002a2:	4680      	mov	r8, r0
200002a4:	460f      	mov	r7, r1
200002a6:	4691      	mov	r9, r2
200002a8:	b085      	sub	sp, #20
200002aa:	ec43 4040 	gpioc_bit_out_put r4, r3
200002ae:	25ff      	movs	r5, #255	@ 0xff
200002b0:	2201      	movs	r2, #1
200002b2:	a902      	add	r1, sp, #8
200002b4:	4827      	ldr	r0, [pc, #156]	@ (20000354 <sd_send_command+0xbc>)
200002b6:	f88d 5008 	strb.w	r5, [sp, #8]
200002ba:	f008 f90d 	bl	200084d8 <spi_write_blocking>
200002be:	f04f 0300 	mov.w	r3, #0
200002c2:	ec43 4040 	gpioc_bit_out_put r4, r3
200002c6:	f24c 3450 	movw	r4, #50000	@ 0xc350
200002ca:	4e22      	ldr	r6, [pc, #136]	@ (20000354 <sd_send_command+0xbc>)
200002cc:	e001      	b.n	200002d2 <sd_send_command+0x3a>
200002ce:	3c01      	subs	r4, #1
200002d0:	d00e      	beq.n	200002f0 <sd_send_command+0x58>
200002d2:	2301      	movs	r3, #1
200002d4:	4630      	mov	r0, r6
200002d6:	aa02      	add	r2, sp, #8
200002d8:	f10d 0107 	add.w	r1, sp, #7
200002dc:	f88d 5007 	strb.w	r5, [sp, #7]
200002e0:	f88d 5008 	strb.w	r5, [sp, #8]
200002e4:	f008 f8c4 	bl	20008470 <spi_write_read_blocking>
200002e8:	f89d 3008 	ldrb.w	r3, [sp, #8]
200002ec:	2bff      	cmp	r3, #255	@ 0xff
200002ee:	d1ee      	bne.n	200002ce <sd_send_command+0x36>
200002f0:	2300      	movs	r3, #0
200002f2:	f048 0840 	orr.w	r8, r8, #64	@ 0x40
200002f6:	0e38      	lsrs	r0, r7, #24
200002f8:	f368 0307 	bfi	r3, r8, #0, #8
200002fc:	f360 230f 	bfi	r3, r0, #8, #8
20000300:	0c38      	lsrs	r0, r7, #16
20000302:	f88d 700c 	strb.w	r7, [sp, #12]
20000306:	f360 4317 	bfi	r3, r0, #16, #8
2000030a:	0a3f      	lsrs	r7, r7, #8
2000030c:	f367 631f 	bfi	r3, r7, #24, #8
20000310:	2206      	movs	r2, #6
20000312:	4810      	ldr	r0, [pc, #64]	@ (20000354 <sd_send_command+0xbc>)
20000314:	a902      	add	r1, sp, #8
20000316:	f88d 900d 	strb.w	r9, [sp, #13]
2000031a:	9302      	str	r3, [sp, #8]
2000031c:	240a      	movs	r4, #10
2000031e:	f008 f8db 	bl	200084d8 <spi_write_blocking>
20000322:	25ff      	movs	r5, #255	@ 0xff
20000324:	4e0b      	ldr	r6, [pc, #44]	@ (20000354 <sd_send_command+0xbc>)
20000326:	2301      	movs	r3, #1
20000328:	4630      	mov	r0, r6
2000032a:	f10d 0207 	add.w	r2, sp, #7
2000032e:	f10d 0106 	add.w	r1, sp, #6
20000332:	f88d 5006 	strb.w	r5, [sp, #6]
20000336:	f88d 5007 	strb.w	r5, [sp, #7]
2000033a:	f008 f899 	bl	20008470 <spi_write_read_blocking>
2000033e:	f99d 3007 	ldrsb.w	r3, [sp, #7]
20000342:	f89d 0007 	ldrb.w	r0, [sp, #7]
20000346:	2b00      	cmp	r3, #0
20000348:	da01      	bge.n	2000034e <sd_send_command+0xb6>
2000034a:	3c01      	subs	r4, #1
2000034c:	d1eb      	bne.n	20000326 <sd_send_command+0x8e>
2000034e:	b005      	add	sp, #20
20000350:	e8bd 83f0 	ldmia.w	sp!, {r4, r5, r6, r7, r8, r9, pc}
20000354:	40088000 	.word	0x40088000

20000358 <sd_send_command.constprop.0>:
20000358:	e92d 41f0 	stmdb	sp!, {r4, r5, r6, r7, r8, lr}
2000035c:	f04f 0301 	mov.w	r3, #1
20000360:	2429      	movs	r4, #41	@ 0x29
20000362:	4607      	mov	r7, r0
20000364:	4688      	mov	r8, r1
20000366:	b084      	sub	sp, #16
20000368:	ec43 4040 	gpioc_bit_out_put r4, r3
2000036c:	25ff      	movs	r5, #255	@ 0xff
2000036e:	2201      	movs	r2, #1
20000370:	a902      	add	r1, sp, #8
20000372:	4825      	ldr	r0, [pc, #148]	@ (20000408 <sd_send_command.constprop.0+0xb0>)
20000374:	f88d 5008 	strb.w	r5, [sp, #8]
20000378:	f008 f8ae 	bl	200084d8 <spi_write_blocking>
2000037c:	f04f 0300 	mov.w	r3, #0
20000380:	ec43 4040 	gpioc_bit_out_put r4, r3
20000384:	f24c 3450 	movw	r4, #50000	@ 0xc350
20000388:	4e1f      	ldr	r6, [pc, #124]	@ (20000408 <sd_send_command.constprop.0+0xb0>)
2000038a:	e001      	b.n	20000390 <sd_send_command.constprop.0+0x38>
2000038c:	3c01      	subs	r4, #1
2000038e:	d00e      	beq.n	200003ae <sd_send_command.constprop.0+0x56>
20000390:	2301      	movs	r3, #1
20000392:	4630      	mov	r0, r6
20000394:	aa02      	add	r2, sp, #8
20000396:	f10d 0107 	add.w	r1, sp, #7
2000039a:	f88d 5007 	strb.w	r5, [sp, #7]
2000039e:	f88d 5008 	strb.w	r5, [sp, #8]
200003a2:	f008 f865 	bl	20008470 <spi_write_read_blocking>
200003a6:	f89d 3008 	ldrb.w	r3, [sp, #8]
200003aa:	2bff      	cmp	r3, #255	@ 0xff
200003ac:	d1ee      	bne.n	2000038c <sd_send_command.constprop.0+0x34>
200003ae:	2300      	movs	r3, #0
200003b0:	2206      	movs	r2, #6
200003b2:	4815      	ldr	r0, [pc, #84]	@ (20000408 <sd_send_command.constprop.0+0xb0>)
200003b4:	f047 0740 	orr.w	r7, r7, #64	@ 0x40
200003b8:	a902      	add	r1, sp, #8
200003ba:	f88d 7008 	strb.w	r7, [sp, #8]
200003be:	f88d 800d 	strb.w	r8, [sp, #13]
200003c2:	f88d 3009 	strb.w	r3, [sp, #9]
200003c6:	f8ad 300a 	strh.w	r3, [sp, #10]
200003ca:	f88d 300c 	strb.w	r3, [sp, #12]
200003ce:	240a      	movs	r4, #10
200003d0:	f008 f882 	bl	200084d8 <spi_write_blocking>
200003d4:	25ff      	movs	r5, #255	@ 0xff
200003d6:	4e0c      	ldr	r6, [pc, #48]	@ (20000408 <sd_send_command.constprop.0+0xb0>)
200003d8:	2301      	movs	r3, #1
200003da:	4630      	mov	r0, r6
200003dc:	f10d 0207 	add.w	r2, sp, #7
200003e0:	f10d 0106 	add.w	r1, sp, #6
200003e4:	f88d 5006 	strb.w	r5, [sp, #6]
200003e8:	f88d 5007 	strb.w	r5, [sp, #7]
200003ec:	f008 f840 	bl	20008470 <spi_write_read_blocking>
200003f0:	f99d 3007 	ldrsb.w	r3, [sp, #7]
200003f4:	f89d 0007 	ldrb.w	r0, [sp, #7]
200003f8:	2b00      	cmp	r3, #0
200003fa:	da01      	bge.n	20000400 <sd_send_command.constprop.0+0xa8>
200003fc:	3c01      	subs	r4, #1
200003fe:	d1eb      	bne.n	200003d8 <sd_send_command.constprop.0+0x80>
20000400:	b004      	add	sp, #16
20000402:	e8bd 81f0 	ldmia.w	sp!, {r4, r5, r6, r7, r8, pc}
20000406:	bf00      	nop
20000408:	40088000 	.word	0x40088000

2000040c <your_sd_driver_init>:
2000040c:	2300      	movs	r3, #0
2000040e:	e92d 47f0 	stmdb	sp!, {r4, r5, r6, r7, r8, r9, sl, lr}
20000412:	4f7c      	ldr	r7, [pc, #496]	@ (20000604 <your_sd_driver_init+0x1f8>)
20000414:	b082      	sub	sp, #8
20000416:	487c      	ldr	r0, [pc, #496]	@ (20000608 <your_sd_driver_init+0x1fc>)
20000418:	703b      	strb	r3, [r7, #0]
2000041a:	f004 f807 	bl	2000442c <__wrap_puts>
2000041e:	497b      	ldr	r1, [pc, #492]	@ (2000060c <your_sd_driver_init+0x200>)
20000420:	487b      	ldr	r0, [pc, #492]	@ (20000610 <your_sd_driver_init+0x204>)
20000422:	f007 f9a5 	bl	20007770 <spi_init>
20000426:	2101      	movs	r1, #1
20000428:	202a      	movs	r0, #42	@ 0x2a
2000042a:	f000 fe4f 	bl	200010cc <gpio_set_function>
2000042e:	2101      	movs	r1, #1
20000430:	202b      	movs	r0, #43	@ 0x2b
20000432:	f000 fe4b 	bl	200010cc <gpio_set_function>
20000436:	2101      	movs	r1, #1
20000438:	2028      	movs	r0, #40	@ 0x28
2000043a:	f000 fe47 	bl	200010cc <gpio_set_function>
2000043e:	2029      	movs	r0, #41	@ 0x29
20000440:	f000 fe62 	bl	20001108 <gpio_init>
20000444:	2329      	movs	r3, #41	@ 0x29
20000446:	f04f 0201 	mov.w	r2, #1
2000044a:	ec42 3044 	gpioc_bit_oe_put r3, r2
2000044e:	ec42 3040 	gpioc_bit_out_put r3, r2
20000452:	4870      	ldr	r0, [pc, #448]	@ (20000614 <your_sd_driver_init+0x208>)
20000454:	f003 ffea 	bl	2000442c <__wrap_puts>
20000458:	200a      	movs	r0, #10
2000045a:	f001 fd37 	bl	20001ecc <sleep_ms>
2000045e:	240a      	movs	r4, #10
20000460:	25ff      	movs	r5, #255	@ 0xff
20000462:	4e6b      	ldr	r6, [pc, #428]	@ (20000610 <your_sd_driver_init+0x204>)
20000464:	2301      	movs	r3, #1
20000466:	4630      	mov	r0, r6
20000468:	aa01      	add	r2, sp, #4
2000046a:	f10d 0103 	add.w	r1, sp, #3
2000046e:	f88d 5003 	strb.w	r5, [sp, #3]
20000472:	f88d 5004 	strb.w	r5, [sp, #4]
20000476:	f007 fffb 	bl	20008470 <spi_write_read_blocking>
2000047a:	3c01      	subs	r4, #1
2000047c:	d1f2      	bne.n	20000464 <your_sd_driver_init+0x58>
2000047e:	2195      	movs	r1, #149	@ 0x95
20000480:	4620      	mov	r0, r4
20000482:	f7ff ff69 	bl	20000358 <sd_send_command.constprop.0>
20000486:	2801      	cmp	r0, #1
20000488:	d00f      	beq.n	200004aa <your_sd_driver_init+0x9e>
2000048a:	2329      	movs	r3, #41	@ 0x29
2000048c:	f04f 0201 	mov.w	r2, #1
20000490:	ec42 3040 	gpioc_bit_out_put r3, r2
20000494:	2201      	movs	r2, #1
20000496:	485e      	ldr	r0, [pc, #376]	@ (20000610 <your_sd_driver_init+0x204>)
20000498:	a901      	add	r1, sp, #4
2000049a:	f88d 5004 	strb.w	r5, [sp, #4]
2000049e:	f008 f81b 	bl	200084d8 <spi_write_blocking>
200004a2:	2000      	movs	r0, #0
200004a4:	b002      	add	sp, #8
200004a6:	e8bd 87f0 	ldmia.w	sp!, {r4, r5, r6, r7, r8, r9, sl, pc}
200004aa:	485b      	ldr	r0, [pc, #364]	@ (20000618 <your_sd_driver_init+0x20c>)
200004ac:	f003 ffbe 	bl	2000442c <__wrap_puts>
200004b0:	2287      	movs	r2, #135	@ 0x87
200004b2:	f44f 71d5 	mov.w	r1, #426	@ 0x1aa
200004b6:	2008      	movs	r0, #8
200004b8:	f7ff feee 	bl	20000298 <sd_send_command>
200004bc:	4605      	mov	r5, r0
200004be:	4857      	ldr	r0, [pc, #348]	@ (2000061c <your_sd_driver_init+0x210>)
200004c0:	f003 ffb4 	bl	2000442c <__wrap_puts>
200004c4:	2d01      	cmp	r5, #1
200004c6:	d062      	beq.n	2000058e <your_sd_driver_init+0x182>
200004c8:	4626      	mov	r6, r4
200004ca:	f644 6520 	movw	r5, #20000	@ 0x4e20
200004ce:	e004      	b.n	200004da <your_sd_driver_init+0xce>
200004d0:	2001      	movs	r0, #1
200004d2:	f001 fcfb 	bl	20001ecc <sleep_ms>
200004d6:	3d01      	subs	r5, #1
200004d8:	d079      	beq.n	200005ce <your_sd_driver_init+0x1c2>
200004da:	2101      	movs	r1, #1
200004dc:	2037      	movs	r0, #55	@ 0x37
200004de:	f7ff ff3b 	bl	20000358 <sd_send_command.constprop.0>
200004e2:	2201      	movs	r2, #1
200004e4:	2029      	movs	r0, #41	@ 0x29
200004e6:	4621      	mov	r1, r4
200004e8:	f7ff fed6 	bl	20000298 <sd_send_command>
200004ec:	2800      	cmp	r0, #0
200004ee:	d1ef      	bne.n	200004d0 <your_sd_driver_init+0xc4>
200004f0:	484b      	ldr	r0, [pc, #300]	@ (20000620 <your_sd_driver_init+0x214>)
200004f2:	f003 ff9b 	bl	2000442c <__wrap_puts>
200004f6:	b33e      	cbz	r6, 20000548 <your_sd_driver_init+0x13c>
200004f8:	2101      	movs	r1, #1
200004fa:	203a      	movs	r0, #58	@ 0x3a
200004fc:	f7ff ff2c 	bl	20000358 <sd_send_command.constprop.0>
20000500:	25ff      	movs	r5, #255	@ 0xff
20000502:	4682      	mov	sl, r0
20000504:	f8df 9108 	ldr.w	r9, [pc, #264]	@ 20000610 <your_sd_driver_init+0x204>
20000508:	ac01      	add	r4, sp, #4
2000050a:	f10d 0808 	add.w	r8, sp, #8
2000050e:	f10d 0602 	add.w	r6, sp, #2
20000512:	2301      	movs	r3, #1
20000514:	4631      	mov	r1, r6
20000516:	4648      	mov	r0, r9
20000518:	f10d 0203 	add.w	r2, sp, #3
2000051c:	f88d 5002 	strb.w	r5, [sp, #2]
20000520:	f88d 5003 	strb.w	r5, [sp, #3]
20000524:	f007 ffa4 	bl	20008470 <spi_write_read_blocking>
20000528:	f89d 3003 	ldrb.w	r3, [sp, #3]
2000052c:	f804 3b01 	strb.w	r3, [r4], #1
20000530:	4544      	cmp	r4, r8
20000532:	d1ee      	bne.n	20000512 <your_sd_driver_init+0x106>
20000534:	f1ba 0f00 	cmp.w	sl, #0
20000538:	d10e      	bne.n	20000558 <your_sd_driver_init+0x14c>
2000053a:	f89d 3004 	ldrb.w	r3, [sp, #4]
2000053e:	4a39      	ldr	r2, [pc, #228]	@ (20000624 <your_sd_driver_init+0x218>)
20000540:	f3c3 1380 	ubfx	r3, r3, #6, #1
20000544:	7013      	strb	r3, [r2, #0]
20000546:	e007      	b.n	20000558 <your_sd_driver_init+0x14c>
20000548:	4b36      	ldr	r3, [pc, #216]	@ (20000624 <your_sd_driver_init+0x218>)
2000054a:	2201      	movs	r2, #1
2000054c:	f44f 7100 	mov.w	r1, #512	@ 0x200
20000550:	2010      	movs	r0, #16
20000552:	701e      	strb	r6, [r3, #0]
20000554:	f7ff fea0 	bl	20000298 <sd_send_command>
20000558:	4833      	ldr	r0, [pc, #204]	@ (20000628 <your_sd_driver_init+0x21c>)
2000055a:	f003 ff67 	bl	2000442c <__wrap_puts>
2000055e:	2401      	movs	r4, #1
20000560:	2329      	movs	r3, #41	@ 0x29
20000562:	ec44 3040 	gpioc_bit_out_put r3, r4
20000566:	23ff      	movs	r3, #255	@ 0xff
20000568:	4622      	mov	r2, r4
2000056a:	a901      	add	r1, sp, #4
2000056c:	4828      	ldr	r0, [pc, #160]	@ (20000610 <your_sd_driver_init+0x204>)
2000056e:	f88d 3004 	strb.w	r3, [sp, #4]
20000572:	f007 ffb1 	bl	200084d8 <spi_write_blocking>
20000576:	492d      	ldr	r1, [pc, #180]	@ (2000062c <your_sd_driver_init+0x220>)
20000578:	4825      	ldr	r0, [pc, #148]	@ (20000610 <your_sd_driver_init+0x204>)
2000057a:	f007 f973 	bl	20007864 <spi_set_baudrate>
2000057e:	482c      	ldr	r0, [pc, #176]	@ (20000630 <your_sd_driver_init+0x224>)
20000580:	f003 ff54 	bl	2000442c <__wrap_puts>
20000584:	4620      	mov	r0, r4
20000586:	703c      	strb	r4, [r7, #0]
20000588:	b002      	add	sp, #8
2000058a:	e8bd 87f0 	ldmia.w	sp!, {r4, r5, r6, r7, r8, r9, sl, pc}
2000058e:	f04f 08ff 	mov.w	r8, #255	@ 0xff
20000592:	f8df 907c 	ldr.w	r9, [pc, #124]	@ 20000610 <your_sd_driver_init+0x204>
20000596:	ad01      	add	r5, sp, #4
20000598:	f10d 0a08 	add.w	sl, sp, #8
2000059c:	f10d 0602 	add.w	r6, sp, #2
200005a0:	2301      	movs	r3, #1
200005a2:	4631      	mov	r1, r6
200005a4:	4648      	mov	r0, r9
200005a6:	f10d 0203 	add.w	r2, sp, #3
200005aa:	f88d 8002 	strb.w	r8, [sp, #2]
200005ae:	f88d 8003 	strb.w	r8, [sp, #3]
200005b2:	f007 ff5d 	bl	20008470 <spi_write_read_blocking>
200005b6:	f89d 3003 	ldrb.w	r3, [sp, #3]
200005ba:	f805 3b01 	strb.w	r3, [r5], #1
200005be:	4555      	cmp	r5, sl
200005c0:	d1ee      	bne.n	200005a0 <your_sd_driver_init+0x194>
200005c2:	f89d 3006 	ldrb.w	r3, [sp, #6]
200005c6:	2b01      	cmp	r3, #1
200005c8:	d012      	beq.n	200005f0 <your_sd_driver_init+0x1e4>
200005ca:	2600      	movs	r6, #0
200005cc:	e77d      	b.n	200004ca <your_sd_driver_init+0xbe>
200005ce:	4814      	ldr	r0, [pc, #80]	@ (20000620 <your_sd_driver_init+0x214>)
200005d0:	f003 ff2c 	bl	2000442c <__wrap_puts>
200005d4:	2329      	movs	r3, #41	@ 0x29
200005d6:	f04f 0201 	mov.w	r2, #1
200005da:	ec42 3040 	gpioc_bit_out_put r3, r2
200005de:	23ff      	movs	r3, #255	@ 0xff
200005e0:	2201      	movs	r2, #1
200005e2:	a901      	add	r1, sp, #4
200005e4:	480a      	ldr	r0, [pc, #40]	@ (20000610 <your_sd_driver_init+0x204>)
200005e6:	f88d 3004 	strb.w	r3, [sp, #4]
200005ea:	f007 ff75 	bl	200084d8 <spi_write_blocking>
200005ee:	e758      	b.n	200004a2 <your_sd_driver_init+0x96>
200005f0:	f89d 6007 	ldrb.w	r6, [sp, #7]
200005f4:	f1a6 06aa 	sub.w	r6, r6, #170	@ 0xaa
200005f8:	fab6 f686 	clz	r6, r6
200005fc:	0976      	lsrs	r6, r6, #5
200005fe:	07b4      	lsls	r4, r6, #30
20000600:	e763      	b.n	200004ca <your_sd_driver_init+0xbe>
20000602:	bf00      	nop
20000604:	200099bf 	.word	0x200099bf
20000608:	20008710 	.word	0x20008710
2000060c:	00061a80 	.word	0x00061a80
20000610:	40088000 	.word	0x40088000
20000614:	20008728 	.word	0x20008728
20000618:	20008750 	.word	0x20008750
2000061c:	20008770 	.word	0x20008770
20000620:	200087d8 	.word	0x200087d8
20000624:	200099be 	.word	0x200099be
20000628:	20008790 	.word	0x20008790
2000062c:	00b71b00 	.word	0x00b71b00
20000630:	200087b0 	.word	0x200087b0

20000634 <your_sd_driver_read_block>:
20000634:	e92d 41f0 	stmdb	sp!, {r4, r5, r6, r7, r8, lr}
20000638:	4b49      	ldr	r3, [pc, #292]	@ (20000760 <your_sd_driver_read_block+0x12c>)
2000063a:	b082      	sub	sp, #8
2000063c:	f893 8000 	ldrb.w	r8, [r3]
20000640:	f1b8 0f00 	cmp.w	r8, #0
20000644:	f000 8086 	beq.w	20000754 <your_sd_driver_read_block+0x120>
20000648:	4b46      	ldr	r3, [pc, #280]	@ (20000764 <your_sd_driver_read_block+0x130>)
2000064a:	460e      	mov	r6, r1
2000064c:	781b      	ldrb	r3, [r3, #0]
2000064e:	2b00      	cmp	r3, #0
20000650:	d05c      	beq.n	2000070c <your_sd_driver_read_block+0xd8>
20000652:	4601      	mov	r1, r0
20000654:	2201      	movs	r2, #1
20000656:	2011      	movs	r0, #17
20000658:	f7ff fe1e 	bl	20000298 <sd_send_command>
2000065c:	2800      	cmp	r0, #0
2000065e:	d15d      	bne.n	2000071c <your_sd_driver_read_block+0xe8>
20000660:	25ff      	movs	r5, #255	@ 0xff
20000662:	4c41      	ldr	r4, [pc, #260]	@ (20000768 <your_sd_driver_read_block+0x134>)
20000664:	4f41      	ldr	r7, [pc, #260]	@ (2000076c <your_sd_driver_read_block+0x138>)
20000666:	e001      	b.n	2000066c <your_sd_driver_read_block+0x38>
20000668:	3c01      	subs	r4, #1
2000066a:	d066      	beq.n	2000073a <your_sd_driver_read_block+0x106>
2000066c:	2301      	movs	r3, #1
2000066e:	4638      	mov	r0, r7
20000670:	f10d 0207 	add.w	r2, sp, #7
20000674:	f10d 0106 	add.w	r1, sp, #6
20000678:	f88d 5006 	strb.w	r5, [sp, #6]
2000067c:	f88d 5007 	strb.w	r5, [sp, #7]
20000680:	f007 fef6 	bl	20008470 <spi_write_read_blocking>
20000684:	f89d 3007 	ldrb.w	r3, [sp, #7]
20000688:	2bfe      	cmp	r3, #254	@ 0xfe
2000068a:	d1ed      	bne.n	20000668 <your_sd_driver_read_block+0x34>
2000068c:	25ff      	movs	r5, #255	@ 0xff
2000068e:	4f37      	ldr	r7, [pc, #220]	@ (2000076c <your_sd_driver_read_block+0x138>)
20000690:	1e74      	subs	r4, r6, #1
20000692:	f206 16ff 	addw	r6, r6, #511	@ 0x1ff
20000696:	2301      	movs	r3, #1
20000698:	4638      	mov	r0, r7
2000069a:	f10d 0207 	add.w	r2, sp, #7
2000069e:	f10d 0106 	add.w	r1, sp, #6
200006a2:	f88d 5006 	strb.w	r5, [sp, #6]
200006a6:	f88d 5007 	strb.w	r5, [sp, #7]
200006aa:	f007 fee1 	bl	20008470 <spi_write_read_blocking>
200006ae:	f89d 3007 	ldrb.w	r3, [sp, #7]
200006b2:	f804 3f01 	strb.w	r3, [r4, #1]!
200006b6:	42b4      	cmp	r4, r6
200006b8:	d1ed      	bne.n	20000696 <your_sd_driver_read_block+0x62>
200006ba:	f10d 0207 	add.w	r2, sp, #7
200006be:	f10d 0106 	add.w	r1, sp, #6
200006c2:	2301      	movs	r3, #1
200006c4:	4829      	ldr	r0, [pc, #164]	@ (2000076c <your_sd_driver_read_block+0x138>)
200006c6:	f88d 5006 	strb.w	r5, [sp, #6]
200006ca:	f88d 5007 	strb.w	r5, [sp, #7]
200006ce:	f007 fecf 	bl	20008470 <spi_write_read_blocking>
200006d2:	f10d 0207 	add.w	r2, sp, #7
200006d6:	2301      	movs	r3, #1
200006d8:	f10d 0106 	add.w	r1, sp, #6
200006dc:	4823      	ldr	r0, [pc, #140]	@ (2000076c <your_sd_driver_read_block+0x138>)
200006de:	f88d 5006 	strb.w	r5, [sp, #6]
200006e2:	f88d 5007 	strb.w	r5, [sp, #7]
200006e6:	f007 fec3 	bl	20008470 <spi_write_read_blocking>
200006ea:	2329      	movs	r3, #41	@ 0x29
200006ec:	f04f 0201 	mov.w	r2, #1
200006f0:	ec42 3040 	gpioc_bit_out_put r3, r2
200006f4:	2201      	movs	r2, #1
200006f6:	f10d 0107 	add.w	r1, sp, #7
200006fa:	481c      	ldr	r0, [pc, #112]	@ (2000076c <your_sd_driver_read_block+0x138>)
200006fc:	f88d 5007 	strb.w	r5, [sp, #7]
20000700:	f007 feea 	bl	200084d8 <spi_write_blocking>
20000704:	4640      	mov	r0, r8
20000706:	b002      	add	sp, #8
20000708:	e8bd 81f0 	ldmia.w	sp!, {r4, r5, r6, r7, r8, pc}
2000070c:	0240      	lsls	r0, r0, #9
2000070e:	4601      	mov	r1, r0
20000710:	2201      	movs	r2, #1
20000712:	2011      	movs	r0, #17
20000714:	f7ff fdc0 	bl	20000298 <sd_send_command>
20000718:	2800      	cmp	r0, #0
2000071a:	d0a1      	beq.n	20000660 <your_sd_driver_read_block+0x2c>
2000071c:	2329      	movs	r3, #41	@ 0x29
2000071e:	f04f 0201 	mov.w	r2, #1
20000722:	ec42 3040 	gpioc_bit_out_put r3, r2
20000726:	23ff      	movs	r3, #255	@ 0xff
20000728:	2201      	movs	r2, #1
2000072a:	f10d 0107 	add.w	r1, sp, #7
2000072e:	480f      	ldr	r0, [pc, #60]	@ (2000076c <your_sd_driver_read_block+0x138>)
20000730:	f88d 3007 	strb.w	r3, [sp, #7]
20000734:	f007 fed0 	bl	200084d8 <spi_write_blocking>
20000738:	e00c      	b.n	20000754 <your_sd_driver_read_block+0x120>
2000073a:	2329      	movs	r3, #41	@ 0x29
2000073c:	f04f 0201 	mov.w	r2, #1
20000740:	ec42 3040 	gpioc_bit_out_put r3, r2
20000744:	2201      	movs	r2, #1
20000746:	4809      	ldr	r0, [pc, #36]	@ (2000076c <your_sd_driver_read_block+0x138>)
20000748:	f10d 0107 	add.w	r1, sp, #7
2000074c:	f88d 5007 	strb.w	r5, [sp, #7]
20000750:	f007 fec2 	bl	200084d8 <spi_write_blocking>
20000754:	f04f 0800 	mov.w	r8, #0
20000758:	4640      	mov	r0, r8
2000075a:	b002      	add	sp, #8
2000075c:	e8bd 81f0 	ldmia.w	sp!, {r4, r5, r6, r7, r8, pc}
20000760:	200099bf 	.word	0x200099bf
20000764:	200099be 	.word	0x200099be
20000768:	00030d40 	.word	0x00030d40
2000076c:	40088000 	.word	0x40088000

20000770 <your_sd_driver_write_block>:
20000770:	e92d 41f0 	stmdb	sp!, {r4, r5, r6, r7, r8, lr}
20000774:	4b5d      	ldr	r3, [pc, #372]	@ (200008ec <your_sd_driver_write_block+0x17c>)
20000776:	b082      	sub	sp, #8
20000778:	781f      	ldrb	r7, [r3, #0]
2000077a:	2f00      	cmp	r7, #0
2000077c:	d065      	beq.n	2000084a <your_sd_driver_write_block+0xda>
2000077e:	4b5c      	ldr	r3, [pc, #368]	@ (200008f0 <your_sd_driver_write_block+0x180>)
20000780:	460d      	mov	r5, r1
20000782:	781b      	ldrb	r3, [r3, #0]
20000784:	2b00      	cmp	r3, #0
20000786:	d065      	beq.n	20000854 <your_sd_driver_write_block+0xe4>
20000788:	4601      	mov	r1, r0
2000078a:	2201      	movs	r2, #1
2000078c:	2018      	movs	r0, #24
2000078e:	f7ff fd83 	bl	20000298 <sd_send_command>
20000792:	2800      	cmp	r0, #0
20000794:	d166      	bne.n	20000864 <your_sd_driver_write_block+0xf4>
20000796:	24fe      	movs	r4, #254	@ 0xfe
20000798:	f04f 08ff 	mov.w	r8, #255	@ 0xff
2000079c:	2301      	movs	r3, #1
2000079e:	4855      	ldr	r0, [pc, #340]	@ (200008f4 <your_sd_driver_write_block+0x184>)
200007a0:	f10d 0207 	add.w	r2, sp, #7
200007a4:	f10d 0106 	add.w	r1, sp, #6
200007a8:	f88d 4006 	strb.w	r4, [sp, #6]
200007ac:	f88d 8007 	strb.w	r8, [sp, #7]
200007b0:	f007 fe5e 	bl	20008470 <spi_write_read_blocking>
200007b4:	4e4f      	ldr	r6, [pc, #316]	@ (200008f4 <your_sd_driver_write_block+0x184>)
200007b6:	1e6c      	subs	r4, r5, #1
200007b8:	f205 15ff 	addw	r5, r5, #511	@ 0x1ff
200007bc:	f814 cf01 	ldrb.w	ip, [r4, #1]!
200007c0:	2301      	movs	r3, #1
200007c2:	4630      	mov	r0, r6
200007c4:	f10d 0207 	add.w	r2, sp, #7
200007c8:	f10d 0106 	add.w	r1, sp, #6
200007cc:	f88d c006 	strb.w	ip, [sp, #6]
200007d0:	f88d 8007 	strb.w	r8, [sp, #7]
200007d4:	f007 fe4c 	bl	20008470 <spi_write_read_blocking>
200007d8:	42ac      	cmp	r4, r5
200007da:	d1ef      	bne.n	200007bc <your_sd_driver_write_block+0x4c>
200007dc:	2301      	movs	r3, #1
200007de:	f10d 0207 	add.w	r2, sp, #7
200007e2:	f10d 0106 	add.w	r1, sp, #6
200007e6:	4843      	ldr	r0, [pc, #268]	@ (200008f4 <your_sd_driver_write_block+0x184>)
200007e8:	f88d 8006 	strb.w	r8, [sp, #6]
200007ec:	f88d 8007 	strb.w	r8, [sp, #7]
200007f0:	f007 fe3e 	bl	20008470 <spi_write_read_blocking>
200007f4:	2301      	movs	r3, #1
200007f6:	f10d 0207 	add.w	r2, sp, #7
200007fa:	f10d 0106 	add.w	r1, sp, #6
200007fe:	483d      	ldr	r0, [pc, #244]	@ (200008f4 <your_sd_driver_write_block+0x184>)
20000800:	f88d 8006 	strb.w	r8, [sp, #6]
20000804:	f88d 8007 	strb.w	r8, [sp, #7]
20000808:	f007 fe32 	bl	20008470 <spi_write_read_blocking>
2000080c:	2301      	movs	r3, #1
2000080e:	4839      	ldr	r0, [pc, #228]	@ (200008f4 <your_sd_driver_write_block+0x184>)
20000810:	f10d 0207 	add.w	r2, sp, #7
20000814:	f10d 0106 	add.w	r1, sp, #6
20000818:	f88d 8006 	strb.w	r8, [sp, #6]
2000081c:	f88d 8007 	strb.w	r8, [sp, #7]
20000820:	f007 fe26 	bl	20008470 <spi_write_read_blocking>
20000824:	f89d 3007 	ldrb.w	r3, [sp, #7]
20000828:	f003 031f 	and.w	r3, r3, #31
2000082c:	2b05      	cmp	r3, #5
2000082e:	d028      	beq.n	20000882 <your_sd_driver_write_block+0x112>
20000830:	2329      	movs	r3, #41	@ 0x29
20000832:	f04f 0201 	mov.w	r2, #1
20000836:	ec42 3040 	gpioc_bit_out_put r3, r2
2000083a:	2201      	movs	r2, #1
2000083c:	482d      	ldr	r0, [pc, #180]	@ (200008f4 <your_sd_driver_write_block+0x184>)
2000083e:	f10d 0107 	add.w	r1, sp, #7
20000842:	f88d 8007 	strb.w	r8, [sp, #7]
20000846:	f007 fe47 	bl	200084d8 <spi_write_blocking>
2000084a:	2700      	movs	r7, #0
2000084c:	4638      	mov	r0, r7
2000084e:	b002      	add	sp, #8
20000850:	e8bd 81f0 	ldmia.w	sp!, {r4, r5, r6, r7, r8, pc}
20000854:	0240      	lsls	r0, r0, #9
20000856:	4601      	mov	r1, r0
20000858:	2201      	movs	r2, #1
2000085a:	2018      	movs	r0, #24
2000085c:	f7ff fd1c 	bl	20000298 <sd_send_command>
20000860:	2800      	cmp	r0, #0
20000862:	d098      	beq.n	20000796 <your_sd_driver_write_block+0x26>
20000864:	2329      	movs	r3, #41	@ 0x29
20000866:	f04f 0201 	mov.w	r2, #1
2000086a:	ec42 3040 	gpioc_bit_out_put r3, r2
2000086e:	23ff      	movs	r3, #255	@ 0xff
20000870:	2201      	movs	r2, #1
20000872:	f10d 0107 	add.w	r1, sp, #7
20000876:	481f      	ldr	r0, [pc, #124]	@ (200008f4 <your_sd_driver_write_block+0x184>)
20000878:	f88d 3007 	strb.w	r3, [sp, #7]
2000087c:	f007 fe2c 	bl	200084d8 <spi_write_blocking>
20000880:	e7e3      	b.n	2000084a <your_sd_driver_write_block+0xda>
20000882:	25ff      	movs	r5, #255	@ 0xff
20000884:	4c1c      	ldr	r4, [pc, #112]	@ (200008f8 <your_sd_driver_write_block+0x188>)
20000886:	4e1b      	ldr	r6, [pc, #108]	@ (200008f4 <your_sd_driver_write_block+0x184>)
20000888:	e001      	b.n	2000088e <your_sd_driver_write_block+0x11e>
2000088a:	3c01      	subs	r4, #1
2000088c:	d020      	beq.n	200008d0 <your_sd_driver_write_block+0x160>
2000088e:	2301      	movs	r3, #1
20000890:	4630      	mov	r0, r6
20000892:	f10d 0207 	add.w	r2, sp, #7
20000896:	f10d 0106 	add.w	r1, sp, #6
2000089a:	f88d 5006 	strb.w	r5, [sp, #6]
2000089e:	f88d 5007 	strb.w	r5, [sp, #7]
200008a2:	f007 fde5 	bl	20008470 <spi_write_read_blocking>
200008a6:	f89d 3007 	ldrb.w	r3, [sp, #7]
200008aa:	2bff      	cmp	r3, #255	@ 0xff
200008ac:	d1ed      	bne.n	2000088a <your_sd_driver_write_block+0x11a>
200008ae:	2229      	movs	r2, #41	@ 0x29
200008b0:	f04f 0101 	mov.w	r1, #1
200008b4:	ec41 2040 	gpioc_bit_out_put r2, r1
200008b8:	2201      	movs	r2, #1
200008ba:	f10d 0107 	add.w	r1, sp, #7
200008be:	480d      	ldr	r0, [pc, #52]	@ (200008f4 <your_sd_driver_write_block+0x184>)
200008c0:	f88d 3007 	strb.w	r3, [sp, #7]
200008c4:	f007 fe08 	bl	200084d8 <spi_write_blocking>
200008c8:	4638      	mov	r0, r7
200008ca:	b002      	add	sp, #8
200008cc:	e8bd 81f0 	ldmia.w	sp!, {r4, r5, r6, r7, r8, pc}
200008d0:	2329      	movs	r3, #41	@ 0x29
200008d2:	f04f 0201 	mov.w	r2, #1
200008d6:	ec42 3040 	gpioc_bit_out_put r3, r2
200008da:	2201      	movs	r2, #1
200008dc:	f10d 0107 	add.w	r1, sp, #7
200008e0:	4804      	ldr	r0, [pc, #16]	@ (200008f4 <your_sd_driver_write_block+0x184>)
200008e2:	f88d 5007 	strb.w	r5, [sp, #7]
200008e6:	f007 fdf7 	bl	200084d8 <spi_write_blocking>
200008ea:	e7ae      	b.n	2000084a <your_sd_driver_write_block+0xda>
200008ec:	200099bf 	.word	0x200099bf
200008f0:	200099be 	.word	0x200099be
200008f4:	40088000 	.word	0x40088000
200008f8:	000f4240 	.word	0x000f4240

200008fc <pio_taskfile_read_irq_handler>:
200008fc:	2101      	movs	r1, #1
200008fe:	4a22      	ldr	r2, [pc, #136]	@ (20000988 <pio_taskfile_read_irq_handler+0x8c>)
20000900:	4b22      	ldr	r3, [pc, #136]	@ (2000098c <pio_taskfile_read_irq_handler+0x90>)
20000902:	6810      	ldr	r0, [r2, #0]
20000904:	681a      	ldr	r2, [r3, #0]
20000906:	e92d 43f0 	stmdb	sp!, {r4, r5, r6, r7, r8, r9, lr}
2000090a:	6843      	ldr	r3, [r0, #4]
2000090c:	f102 0408 	add.w	r4, r2, #8
20000910:	40a1      	lsls	r1, r4
20000912:	420b      	tst	r3, r1
20000914:	d11e      	bne.n	20000954 <pio_taskfile_read_irq_handler+0x58>
20000916:	f8df 8088 	ldr.w	r8, [pc, #136]	@ 200009a0 <pio_taskfile_read_irq_handler+0xa4>
2000091a:	f8df e088 	ldr.w	lr, [pc, #136]	@ 200009a4 <pio_taskfile_read_irq_handler+0xa8>
2000091e:	f8df c088 	ldr.w	ip, [pc, #136]	@ 200009a8 <pio_taskfile_read_irq_handler+0xac>
20000922:	4f1b      	ldr	r7, [pc, #108]	@ (20000990 <pio_taskfile_read_irq_handler+0x94>)
20000924:	4e1b      	ldr	r6, [pc, #108]	@ (20000994 <pio_taskfile_read_irq_handler+0x98>)
20000926:	4d1c      	ldr	r5, [pc, #112]	@ (20000998 <pio_taskfile_read_irq_handler+0x9c>)
20000928:	4c1c      	ldr	r4, [pc, #112]	@ (2000099c <pio_taskfile_read_irq_handler+0xa0>)
2000092a:	eb00 0282 	add.w	r2, r0, r2, lsl #2
2000092e:	6a13      	ldr	r3, [r2, #32]
20000930:	f3c3 4302 	ubfx	r3, r3, #16, #3
20000934:	3b01      	subs	r3, #1
20000936:	2b06      	cmp	r3, #6
20000938:	d824      	bhi.n	20000984 <pio_taskfile_read_irq_handler+0x88>
2000093a:	e8df f003 	tbb	[pc, r3]
2000093e:	1d20      	.short	0x1d20
20000940:	0f13171a 	.word	0x0f13171a
20000944:	04          	.byte	0x04
20000945:	00          	.byte	0x00
20000946:	f898 3000 	ldrb.w	r3, [r8]
2000094a:	b2db      	uxtb	r3, r3
2000094c:	6113      	str	r3, [r2, #16]
2000094e:	6843      	ldr	r3, [r0, #4]
20000950:	420b      	tst	r3, r1
20000952:	d0ec      	beq.n	2000092e <pio_taskfile_read_irq_handler+0x32>
20000954:	2302      	movs	r3, #2
20000956:	6303      	str	r3, [r0, #48]	@ 0x30
20000958:	e8bd 83f0 	ldmia.w	sp!, {r4, r5, r6, r7, r8, r9, pc}
2000095c:	f89e 3000 	ldrb.w	r3, [lr]
20000960:	b2db      	uxtb	r3, r3
20000962:	e7f3      	b.n	2000094c <pio_taskfile_read_irq_handler+0x50>
20000964:	f89c 3000 	ldrb.w	r3, [ip]
20000968:	b2db      	uxtb	r3, r3
2000096a:	e7ef      	b.n	2000094c <pio_taskfile_read_irq_handler+0x50>
2000096c:	783b      	ldrb	r3, [r7, #0]
2000096e:	b2db      	uxtb	r3, r3
20000970:	e7ec      	b.n	2000094c <pio_taskfile_read_irq_handler+0x50>
20000972:	7833      	ldrb	r3, [r6, #0]
20000974:	b2db      	uxtb	r3, r3
20000976:	e7e9      	b.n	2000094c <pio_taskfile_read_irq_handler+0x50>
20000978:	782b      	ldrb	r3, [r5, #0]
2000097a:	b2db      	uxtb	r3, r3
2000097c:	e7e6      	b.n	2000094c <pio_taskfile_read_irq_handler+0x50>
2000097e:	7823      	ldrb	r3, [r4, #0]
20000980:	b2db      	uxtb	r3, r3
20000982:	e7e3      	b.n	2000094c <pio_taskfile_read_irq_handler+0x50>
20000984:	23ff      	movs	r3, #255	@ 0xff
20000986:	e7e1      	b.n	2000094c <pio_taskfile_read_irq_handler+0x50>
20000988:	200092c0 	.word	0x200092c0
2000098c:	200092c8 	.word	0x200092c8
20000990:	200099bc 	.word	0x200099bc
20000994:	200099bb 	.word	0x200099bb
20000998:	200099bd 	.word	0x200099bd
2000099c:	200099b9 	.word	0x200099b9
200009a0:	20008c5c 	.word	0x20008c5c
200009a4:	200099b8 	.word	0x200099b8
200009a8:	200099ba 	.word	0x200099ba

200009ac <dma_b_irq_handler>:
200009ac:	2301      	movs	r3, #1
200009ae:	b5f0      	push	{r4, r5, r6, r7, lr}
200009b0:	f04f 4ea0 	mov.w	lr, #1342177280	@ 0x50000000
200009b4:	f04f 0c00 	mov.w	ip, #0
200009b8:	4931      	ldr	r1, [pc, #196]	@ (20000a80 <dma_b_irq_handler+0xd4>)
200009ba:	4a32      	ldr	r2, [pc, #200]	@ (20000a84 <dma_b_irq_handler+0xd8>)
200009bc:	6809      	ldr	r1, [r1, #0]
200009be:	4c32      	ldr	r4, [pc, #200]	@ (20000a88 <dma_b_irq_handler+0xdc>)
200009c0:	408b      	lsls	r3, r1
200009c2:	f8ce 340c 	str.w	r3, [lr, #1036]	@ 0x40c
200009c6:	7813      	ldrb	r3, [r2, #0]
200009c8:	4e30      	ldr	r6, [pc, #192]	@ (20000a8c <dma_b_irq_handler+0xe0>)
200009ca:	f003 03f7 	and.w	r3, r3, #247	@ 0xf7
200009ce:	7013      	strb	r3, [r2, #0]
200009d0:	6823      	ldr	r3, [r4, #0]
200009d2:	482f      	ldr	r0, [pc, #188]	@ (20000a90 <dma_b_irq_handler+0xe4>)
200009d4:	f806 c003 	strb.w	ip, [r6, r3]
200009d8:	6803      	ldr	r3, [r0, #0]
200009da:	4d2e      	ldr	r5, [pc, #184]	@ (20000a94 <dma_b_irq_handler+0xe8>)
200009dc:	3301      	adds	r3, #1
200009de:	6003      	str	r3, [r0, #0]
200009e0:	882b      	ldrh	r3, [r5, #0]
200009e2:	3b01      	subs	r3, #1
200009e4:	b29b      	uxth	r3, r3
200009e6:	802b      	strh	r3, [r5, #0]
200009e8:	2b00      	cmp	r3, #0
200009ea:	d043      	beq.n	20000a74 <dma_b_irq_handler+0xc8>
200009ec:	6825      	ldr	r5, [r4, #0]
200009ee:	f085 0301 	eor.w	r3, r5, #1
200009f2:	6023      	str	r3, [r4, #0]
200009f4:	5cf4      	ldrb	r4, [r6, r3]
200009f6:	b97c      	cbnz	r4, 20000a18 <dma_b_irq_handler+0x6c>
200009f8:	7813      	ldrb	r3, [r2, #0]
200009fa:	f003 03f7 	and.w	r3, r3, #247	@ 0xf7
200009fe:	f043 0380 	orr.w	r3, r3, #128	@ 0x80
20000a02:	7013      	strb	r3, [r2, #0]
20000a04:	2401      	movs	r4, #1
20000a06:	4b24      	ldr	r3, [pc, #144]	@ (20000a98 <dma_b_irq_handler+0xec>)
20000a08:	4924      	ldr	r1, [pc, #144]	@ (20000a9c <dma_b_irq_handler+0xf0>)
20000a0a:	4a25      	ldr	r2, [pc, #148]	@ (20000aa0 <dma_b_irq_handler+0xf4>)
20000a0c:	700c      	strb	r4, [r1, #0]
20000a0e:	601d      	str	r5, [r3, #0]
20000a10:	6803      	ldr	r3, [r0, #0]
20000a12:	4423      	add	r3, r4
20000a14:	6013      	str	r3, [r2, #0]
20000a16:	bdf0      	pop	{r4, r5, r6, r7, pc}
20000a18:	f44f 7780 	mov.w	r7, #256	@ 0x100
20000a1c:	4c21      	ldr	r4, [pc, #132]	@ (20000aa4 <dma_b_irq_handler+0xf8>)
20000a1e:	f8d4 c000 	ldr.w	ip, [r4]
20000a22:	4c21      	ldr	r4, [pc, #132]	@ (20000aa8 <dma_b_irq_handler+0xfc>)
20000a24:	f8d4 e000 	ldr.w	lr, [r4]
20000a28:	f10c 442f 	add.w	r4, ip, #2936012800	@ 0xaf000000
20000a2c:	f504 0460 	add.w	r4, r4, #14680064	@ 0xe00000
20000a30:	0d24      	lsrs	r4, r4, #20
20000a32:	eb0e 06c4 	add.w	r6, lr, r4, lsl #3
20000a36:	4c1d      	ldr	r4, [pc, #116]	@ (20000aac <dma_b_irq_handler+0x100>)
20000a38:	f10e 0e04 	add.w	lr, lr, #4
20000a3c:	ea04 3441 	and.w	r4, r4, r1, lsl #13
20000a40:	ea44 4446 	orr.w	r4, r4, r6, lsl #17
20000a44:	7816      	ldrb	r6, [r2, #0]
20000a46:	f044 7480 	orr.w	r4, r4, #16777216	@ 0x1000000
20000a4a:	f006 067f 	and.w	r6, r6, #127	@ 0x7f
20000a4e:	f046 0608 	orr.w	r6, r6, #8
20000a52:	7016      	strb	r6, [r2, #0]
20000a54:	4a16      	ldr	r2, [pc, #88]	@ (20000ab0 <dma_b_irq_handler+0x104>)
20000a56:	0189      	lsls	r1, r1, #6
20000a58:	f852 3023 	ldr.w	r3, [r2, r3, lsl #2]
20000a5c:	f101 41a0 	add.w	r1, r1, #1342177280	@ 0x50000000
20000a60:	eb0c 0c8e 	add.w	ip, ip, lr, lsl #2
20000a64:	f044 0415 	orr.w	r4, r4, #21
20000a68:	600b      	str	r3, [r1, #0]
20000a6a:	f8c1 c004 	str.w	ip, [r1, #4]
20000a6e:	608f      	str	r7, [r1, #8]
20000a70:	60cc      	str	r4, [r1, #12]
20000a72:	e7c7      	b.n	20000a04 <dma_b_irq_handler+0x58>
20000a74:	2040      	movs	r0, #64	@ 0x40
20000a76:	490f      	ldr	r1, [pc, #60]	@ (20000ab4 <dma_b_irq_handler+0x108>)
20000a78:	7010      	strb	r0, [r2, #0]
20000a7a:	700b      	strb	r3, [r1, #0]
20000a7c:	bdf0      	pop	{r4, r5, r6, r7, pc}
20000a7e:	bf00      	nop
20000a80:	2000929c 	.word	0x2000929c
20000a84:	20008c5c 	.word	0x20008c5c
20000a88:	2000928c 	.word	0x2000928c
20000a8c:	20009298 	.word	0x20009298
20000a90:	200092b4 	.word	0x200092b4
20000a94:	200099b0 	.word	0x200099b0
20000a98:	200092a4 	.word	0x200092a4
20000a9c:	200099b6 	.word	0x200099b6
20000aa0:	200092a8 	.word	0x200092a8
20000aa4:	200092c0 	.word	0x200092c0
20000aa8:	200092c4 	.word	0x200092c4
20000aac:	fc01fffd 	.word	0xfc01fffd
20000ab0:	20009290 	.word	0x20009290
20000ab4:	200099b5 	.word	0x200099b5

20000ab8 <dma_c_irq_handler>:
20000ab8:	2001      	movs	r0, #1
20000aba:	f04f 4ca0 	mov.w	ip, #1342177280	@ 0x50000000
20000abe:	4b32      	ldr	r3, [pc, #200]	@ (20000b88 <dma_c_irq_handler+0xd0>)
20000ac0:	e92d 43f0 	stmdb	sp!, {r4, r5, r6, r7, r8, r9, lr}
20000ac4:	681c      	ldr	r4, [r3, #0]
20000ac6:	4931      	ldr	r1, [pc, #196]	@ (20000b8c <dma_c_irq_handler+0xd4>)
20000ac8:	fa00 f904 	lsl.w	r9, r0, r4
20000acc:	f8cc 941c 	str.w	r9, [ip, #1052]	@ 0x41c
20000ad0:	f891 c000 	ldrb.w	ip, [r1]
20000ad4:	4a2e      	ldr	r2, [pc, #184]	@ (20000b90 <dma_c_irq_handler+0xd8>)
20000ad6:	f00c 0cf7 	and.w	ip, ip, #247	@ 0xf7
20000ada:	f881 c000 	strb.w	ip, [r1]
20000ade:	f8d2 c000 	ldr.w	ip, [r2]
20000ae2:	4d2c      	ldr	r5, [pc, #176]	@ (20000b94 <dma_c_irq_handler+0xdc>)
20000ae4:	f8df 80cc 	ldr.w	r8, [pc, #204]	@ 20000bb4 <dma_c_irq_handler+0xfc>
20000ae8:	f805 000c 	strb.w	r0, [r5, ip]
20000aec:	f888 0000 	strb.w	r0, [r8]
20000af0:	6810      	ldr	r0, [r2, #0]
20000af2:	f8df e0c4 	ldr.w	lr, [pc, #196]	@ 20000bb8 <dma_c_irq_handler+0x100>
20000af6:	4b28      	ldr	r3, [pc, #160]	@ (20000b98 <dma_c_irq_handler+0xe0>)
20000af8:	f8ce 0000 	str.w	r0, [lr]
20000afc:	6818      	ldr	r0, [r3, #0]
20000afe:	4f27      	ldr	r7, [pc, #156]	@ (20000b9c <dma_c_irq_handler+0xe4>)
20000b00:	4e27      	ldr	r6, [pc, #156]	@ (20000ba0 <dma_c_irq_handler+0xe8>)
20000b02:	6038      	str	r0, [r7, #0]
20000b04:	6818      	ldr	r0, [r3, #0]
20000b06:	3001      	adds	r0, #1
20000b08:	6018      	str	r0, [r3, #0]
20000b0a:	8833      	ldrh	r3, [r6, #0]
20000b0c:	3b01      	subs	r3, #1
20000b0e:	b29b      	uxth	r3, r3
20000b10:	8033      	strh	r3, [r6, #0]
20000b12:	b15b      	cbz	r3, 20000b2c <dma_c_irq_handler+0x74>
20000b14:	6813      	ldr	r3, [r2, #0]
20000b16:	f083 0301 	eor.w	r3, r3, #1
20000b1a:	6013      	str	r3, [r2, #0]
20000b1c:	5cea      	ldrb	r2, [r5, r3]
20000b1e:	b13a      	cbz	r2, 20000b30 <dma_c_irq_handler+0x78>
20000b20:	780b      	ldrb	r3, [r1, #0]
20000b22:	f003 03f7 	and.w	r3, r3, #247	@ 0xf7
20000b26:	f043 0380 	orr.w	r3, r3, #128	@ 0x80
20000b2a:	700b      	strb	r3, [r1, #0]
20000b2c:	e8bd 83f0 	ldmia.w	sp!, {r4, r5, r6, r7, r8, r9, pc}
20000b30:	f44f 7680 	mov.w	r6, #256	@ 0x100
20000b34:	4a1b      	ldr	r2, [pc, #108]	@ (20000ba4 <dma_c_irq_handler+0xec>)
20000b36:	481c      	ldr	r0, [pc, #112]	@ (20000ba8 <dma_c_irq_handler+0xf0>)
20000b38:	6815      	ldr	r5, [r2, #0]
20000b3a:	780a      	ldrb	r2, [r1, #0]
20000b3c:	6800      	ldr	r0, [r0, #0]
20000b3e:	f002 027f 	and.w	r2, r2, #127	@ 0x7f
20000b42:	f042 0208 	orr.w	r2, r2, #8
20000b46:	700a      	strb	r2, [r1, #0]
20000b48:	f100 422f 	add.w	r2, r0, #2936012800	@ 0xaf000000
20000b4c:	f502 0260 	add.w	r2, r2, #14680064	@ 0xe00000
20000b50:	0d11      	lsrs	r1, r2, #20
20000b52:	4a16      	ldr	r2, [pc, #88]	@ (20000bac <dma_c_irq_handler+0xf4>)
20000b54:	1d2f      	adds	r7, r5, #4
20000b56:	ea02 3244 	and.w	r2, r2, r4, lsl #13
20000b5a:	eb07 01c1 	add.w	r1, r7, r1, lsl #3
20000b5e:	ea42 4241 	orr.w	r2, r2, r1, lsl #17
20000b62:	4913      	ldr	r1, [pc, #76]	@ (20000bb0 <dma_c_irq_handler+0xf8>)
20000b64:	01a4      	lsls	r4, r4, #6
20000b66:	f851 3023 	ldr.w	r3, [r1, r3, lsl #2]
20000b6a:	f042 7280 	orr.w	r2, r2, #16777216	@ 0x1000000
20000b6e:	3508      	adds	r5, #8
20000b70:	f104 44a0 	add.w	r4, r4, #1342177280	@ 0x50000000
20000b74:	eb00 0085 	add.w	r0, r0, r5, lsl #2
20000b78:	f042 0245 	orr.w	r2, r2, #69	@ 0x45
20000b7c:	6020      	str	r0, [r4, #0]
20000b7e:	6063      	str	r3, [r4, #4]
20000b80:	60a6      	str	r6, [r4, #8]
20000b82:	60e2      	str	r2, [r4, #12]
20000b84:	e8bd 83f0 	ldmia.w	sp!, {r4, r5, r6, r7, r8, r9, pc}
20000b88:	200092a0 	.word	0x200092a0
20000b8c:	20008c5c 	.word	0x20008c5c
20000b90:	2000928c 	.word	0x2000928c
20000b94:	20009298 	.word	0x20009298
20000b98:	200092b4 	.word	0x200092b4
20000b9c:	200092b0 	.word	0x200092b0
20000ba0:	200099b0 	.word	0x200099b0
20000ba4:	200092c4 	.word	0x200092c4
20000ba8:	200092c0 	.word	0x200092c0
20000bac:	fc01fffd 	.word	0xfc01fffd
20000bb0:	20009290 	.word	0x20009290
20000bb4:	200099b7 	.word	0x200099b7
20000bb8:	200092ac 	.word	0x200092ac

20000bbc <pio_taskfile_write_irq_handler>:
20000bbc:	2201      	movs	r2, #1
20000bbe:	4b77      	ldr	r3, [pc, #476]	@ (20000d9c <pio_taskfile_write_irq_handler+0x1e0>)
20000bc0:	4977      	ldr	r1, [pc, #476]	@ (20000da0 <pio_taskfile_write_irq_handler+0x1e4>)
20000bc2:	681b      	ldr	r3, [r3, #0]
20000bc4:	4877      	ldr	r0, [pc, #476]	@ (20000da4 <pio_taskfile_write_irq_handler+0x1e8>)
20000bc6:	e92d 4ff0 	stmdb	sp!, {r4, r5, r6, r7, r8, r9, sl, fp, lr}
20000bca:	680d      	ldr	r5, [r1, #0]
20000bcc:	6806      	ldr	r6, [r0, #0]
20000bce:	f103 412f 	add.w	r1, r3, #2936012800	@ 0xaf000000
20000bd2:	4875      	ldr	r0, [pc, #468]	@ (20000da8 <pio_taskfile_write_irq_handler+0x1ec>)
20000bd4:	f501 0160 	add.w	r1, r1, #14680064	@ 0xe00000
20000bd8:	0d0c      	lsrs	r4, r1, #20
20000bda:	6801      	ldr	r1, [r0, #0]
20000bdc:	4873      	ldr	r0, [pc, #460]	@ (20000dac <pio_taskfile_write_irq_handler+0x1f0>)
20000bde:	b085      	sub	sp, #20
20000be0:	ea00 3046 	and.w	r0, r0, r6, lsl #13
20000be4:	01b6      	lsls	r6, r6, #6
20000be6:	f106 4aa0 	add.w	sl, r6, #1342177280	@ 0x50000000
20000bea:	1d2e      	adds	r6, r5, #4
20000bec:	eb06 04c4 	add.w	r4, r6, r4, lsl #3
20000bf0:	ea40 4044 	orr.w	r0, r0, r4, lsl #17
20000bf4:	f040 7080 	orr.w	r0, r0, #16777216	@ 0x1000000
20000bf8:	3508      	adds	r5, #8
20000bfa:	f040 0045 	orr.w	r0, r0, #69	@ 0x45
20000bfe:	9001      	str	r0, [sp, #4]
20000c00:	eb03 0085 	add.w	r0, r3, r5, lsl #2
20000c04:	9002      	str	r0, [sp, #8]
20000c06:	486a      	ldr	r0, [pc, #424]	@ (20000db0 <pio_taskfile_write_irq_handler+0x1f4>)
20000c08:	3108      	adds	r1, #8
20000c0a:	6800      	ldr	r0, [r0, #0]
20000c0c:	4e69      	ldr	r6, [pc, #420]	@ (20000db4 <pio_taskfile_write_irq_handler+0x1f8>)
20000c0e:	9003      	str	r0, [sp, #12]
20000c10:	4d69      	ldr	r5, [pc, #420]	@ (20000db8 <pio_taskfile_write_irq_handler+0x1fc>)
20000c12:	f8df 91d4 	ldr.w	r9, [pc, #468]	@ 20000de8 <pio_taskfile_write_irq_handler+0x22c>
20000c16:	f8df b1d4 	ldr.w	fp, [pc, #468]	@ 20000dec <pio_taskfile_write_irq_handler+0x230>
20000c1a:	4868      	ldr	r0, [pc, #416]	@ (20000dbc <pio_taskfile_write_irq_handler+0x200>)
20000c1c:	408a      	lsls	r2, r1
20000c1e:	685f      	ldr	r7, [r3, #4]
20000c20:	4217      	tst	r7, r2
20000c22:	d11c      	bne.n	20000c5e <pio_taskfile_write_irq_handler+0xa2>
20000c24:	f853 c021 	ldr.w	ip, [r3, r1, lsl #2]
20000c28:	f3cc 4702 	ubfx	r7, ip, #16, #3
20000c2c:	3f01      	subs	r7, #1
20000c2e:	fa5f fc8c 	uxtb.w	ip, ip
20000c32:	2f06      	cmp	r7, #6
20000c34:	d8f3      	bhi.n	20000c1e <pio_taskfile_write_irq_handler+0x62>
20000c36:	e8df f007 	tbb	[pc, r7]
20000c3a:	2427      	.short	0x2427
20000c3c:	171a1d21 	.word	0x171a1d21
20000c40:	04          	.byte	0x04
20000c41:	00          	.byte	0x00
20000c42:	f1bc 0f20 	cmp.w	ip, #32
20000c46:	d063      	beq.n	20000d10 <pio_taskfile_write_irq_handler+0x154>
20000c48:	f1bc 0f30 	cmp.w	ip, #48	@ 0x30
20000c4c:	d020      	beq.n	20000c90 <pio_taskfile_write_irq_handler+0xd4>
20000c4e:	f04f 0c41 	mov.w	ip, #65	@ 0x41
20000c52:	4f5b      	ldr	r7, [pc, #364]	@ (20000dc0 <pio_taskfile_write_irq_handler+0x204>)
20000c54:	f887 c000 	strb.w	ip, [r7]
20000c58:	685f      	ldr	r7, [r3, #4]
20000c5a:	4217      	tst	r7, r2
20000c5c:	d0e2      	beq.n	20000c24 <pio_taskfile_write_irq_handler+0x68>
20000c5e:	2201      	movs	r2, #1
20000c60:	631a      	str	r2, [r3, #48]	@ 0x30
20000c62:	b005      	add	sp, #20
20000c64:	e8bd 8ff0 	ldmia.w	sp!, {r4, r5, r6, r7, r8, r9, sl, fp, pc}
20000c68:	f886 c000 	strb.w	ip, [r6]
20000c6c:	e7d7      	b.n	20000c1e <pio_taskfile_write_irq_handler+0x62>
20000c6e:	f885 c000 	strb.w	ip, [r5]
20000c72:	e7d4      	b.n	20000c1e <pio_taskfile_write_irq_handler+0x62>
20000c74:	4c53      	ldr	r4, [pc, #332]	@ (20000dc4 <pio_taskfile_write_irq_handler+0x208>)
20000c76:	f884 c000 	strb.w	ip, [r4]
20000c7a:	e7d0      	b.n	20000c1e <pio_taskfile_write_irq_handler+0x62>
20000c7c:	f889 c000 	strb.w	ip, [r9]
20000c80:	e7cd      	b.n	20000c1e <pio_taskfile_write_irq_handler+0x62>
20000c82:	f880 c000 	strb.w	ip, [r0]
20000c86:	e7ca      	b.n	20000c1e <pio_taskfile_write_irq_handler+0x62>
20000c88:	4f4f      	ldr	r7, [pc, #316]	@ (20000dc8 <pio_taskfile_write_irq_handler+0x20c>)
20000c8a:	f887 c000 	strb.w	ip, [r7]
20000c8e:	e7c6      	b.n	20000c1e <pio_taskfile_write_irq_handler+0x62>
20000c90:	2702      	movs	r7, #2
20000c92:	4c4e      	ldr	r4, [pc, #312]	@ (20000dcc <pio_taskfile_write_irq_handler+0x210>)
20000c94:	7027      	strb	r7, [r4, #0]
20000c96:	4c4b      	ldr	r4, [pc, #300]	@ (20000dc4 <pio_taskfile_write_irq_handler+0x208>)
20000c98:	f896 c000 	ldrb.w	ip, [r6]
20000c9c:	f895 e000 	ldrb.w	lr, [r5]
20000ca0:	7827      	ldrb	r7, [r4, #0]
20000ca2:	ea4f 6c0c 	mov.w	ip, ip, lsl #24
20000ca6:	023f      	lsls	r7, r7, #8
20000ca8:	ea47 470e 	orr.w	r7, r7, lr, lsl #16
20000cac:	f899 e000 	ldrb.w	lr, [r9]
20000cb0:	f00c 6c70 	and.w	ip, ip, #251658240	@ 0xf000000
20000cb4:	ea47 070e 	orr.w	r7, r7, lr
20000cb8:	ea47 070c 	orr.w	r7, r7, ip
20000cbc:	f8cb 7000 	str.w	r7, [fp]
20000cc0:	7807      	ldrb	r7, [r0, #0]
20000cc2:	2f00      	cmp	r7, #0
20000cc4:	d063      	beq.n	20000d8e <pio_taskfile_write_irq_handler+0x1d2>
20000cc6:	7807      	ldrb	r7, [r0, #0]
20000cc8:	b2ff      	uxtb	r7, r7
20000cca:	4c41      	ldr	r4, [pc, #260]	@ (20000dd0 <pio_taskfile_write_irq_handler+0x214>)
20000ccc:	f44f 7e80 	mov.w	lr, #256	@ 0x100
20000cd0:	8027      	strh	r7, [r4, #0]
20000cd2:	2700      	movs	r7, #0
20000cd4:	f8df 8100 	ldr.w	r8, [pc, #256]	@ 20000dd8 <pio_taskfile_write_irq_handler+0x21c>
20000cd8:	4c3e      	ldr	r4, [pc, #248]	@ (20000dd4 <pio_taskfile_write_irq_handler+0x218>)
20000cda:	f8df c0e4 	ldr.w	ip, [pc, #228]	@ 20000dc0 <pio_taskfile_write_irq_handler+0x204>
20000cde:	6027      	str	r7, [r4, #0]
20000ce0:	f888 7001 	strb.w	r7, [r8, #1]
20000ce4:	f888 7000 	strb.w	r7, [r8]
20000ce8:	f89c 7000 	ldrb.w	r7, [ip]
20000cec:	9c02      	ldr	r4, [sp, #8]
20000cee:	f007 077f 	and.w	r7, r7, #127	@ 0x7f
20000cf2:	f047 0708 	orr.w	r7, r7, #8
20000cf6:	f88c 7000 	strb.w	r7, [ip]
20000cfa:	f8ca 4000 	str.w	r4, [sl]
20000cfe:	9c03      	ldr	r4, [sp, #12]
20000d00:	f8ca 4004 	str.w	r4, [sl, #4]
20000d04:	9c01      	ldr	r4, [sp, #4]
20000d06:	f8ca e008 	str.w	lr, [sl, #8]
20000d0a:	f8ca 400c 	str.w	r4, [sl, #12]
20000d0e:	e786      	b.n	20000c1e <pio_taskfile_write_irq_handler+0x62>
20000d10:	2701      	movs	r7, #1
20000d12:	4c2e      	ldr	r4, [pc, #184]	@ (20000dcc <pio_taskfile_write_irq_handler+0x210>)
20000d14:	7027      	strb	r7, [r4, #0]
20000d16:	4c2b      	ldr	r4, [pc, #172]	@ (20000dc4 <pio_taskfile_write_irq_handler+0x208>)
20000d18:	f896 c000 	ldrb.w	ip, [r6]
20000d1c:	f895 e000 	ldrb.w	lr, [r5]
20000d20:	7827      	ldrb	r7, [r4, #0]
20000d22:	ea4f 6c0c 	mov.w	ip, ip, lsl #24
20000d26:	023f      	lsls	r7, r7, #8
20000d28:	ea47 470e 	orr.w	r7, r7, lr, lsl #16
20000d2c:	f899 e000 	ldrb.w	lr, [r9]
20000d30:	f00c 6c70 	and.w	ip, ip, #251658240	@ 0xf000000
20000d34:	ea47 070e 	orr.w	r7, r7, lr
20000d38:	ea47 070c 	orr.w	r7, r7, ip
20000d3c:	f8cb 7000 	str.w	r7, [fp]
20000d40:	7807      	ldrb	r7, [r0, #0]
20000d42:	b33f      	cbz	r7, 20000d94 <pio_taskfile_write_irq_handler+0x1d8>
20000d44:	7807      	ldrb	r7, [r0, #0]
20000d46:	b2ff      	uxtb	r7, r7
20000d48:	f04f 0c00 	mov.w	ip, #0
20000d4c:	f04f 0801 	mov.w	r8, #1
20000d50:	4c1f      	ldr	r4, [pc, #124]	@ (20000dd0 <pio_taskfile_write_irq_handler+0x214>)
20000d52:	f8df e06c 	ldr.w	lr, [pc, #108]	@ 20000dc0 <pio_taskfile_write_irq_handler+0x204>
20000d56:	8027      	strh	r7, [r4, #0]
20000d58:	4f1f      	ldr	r7, [pc, #124]	@ (20000dd8 <pio_taskfile_write_irq_handler+0x21c>)
20000d5a:	4c1e      	ldr	r4, [pc, #120]	@ (20000dd4 <pio_taskfile_write_irq_handler+0x218>)
20000d5c:	f8c4 c000 	str.w	ip, [r4]
20000d60:	f887 c001 	strb.w	ip, [r7, #1]
20000d64:	f887 c000 	strb.w	ip, [r7]
20000d68:	f89e 7000 	ldrb.w	r7, [lr]
20000d6c:	4c1b      	ldr	r4, [pc, #108]	@ (20000ddc <pio_taskfile_write_irq_handler+0x220>)
20000d6e:	f007 07f7 	and.w	r7, r7, #247	@ 0xf7
20000d72:	f047 0780 	orr.w	r7, r7, #128	@ 0x80
20000d76:	f88e 7000 	strb.w	r7, [lr]
20000d7a:	f884 8000 	strb.w	r8, [r4]
20000d7e:	4c18      	ldr	r4, [pc, #96]	@ (20000de0 <pio_taskfile_write_irq_handler+0x224>)
20000d80:	f8c4 c000 	str.w	ip, [r4]
20000d84:	f8db 7000 	ldr.w	r7, [fp]
20000d88:	4c16      	ldr	r4, [pc, #88]	@ (20000de4 <pio_taskfile_write_irq_handler+0x228>)
20000d8a:	6027      	str	r7, [r4, #0]
20000d8c:	e747      	b.n	20000c1e <pio_taskfile_write_irq_handler+0x62>
20000d8e:	f44f 7780 	mov.w	r7, #256	@ 0x100
20000d92:	e79a      	b.n	20000cca <pio_taskfile_write_irq_handler+0x10e>
20000d94:	f44f 7780 	mov.w	r7, #256	@ 0x100
20000d98:	e7d6      	b.n	20000d48 <pio_taskfile_write_irq_handler+0x18c>
20000d9a:	bf00      	nop
20000d9c:	200092c0 	.word	0x200092c0
20000da0:	200092c4 	.word	0x200092c4
20000da4:	200092a0 	.word	0x200092a0
20000da8:	200092c8 	.word	0x200092c8
20000dac:	fc01fffd 	.word	0xfc01fffd
20000db0:	20009290 	.word	0x20009290
20000db4:	200099b8 	.word	0x200099b8
20000db8:	200099ba 	.word	0x200099ba
20000dbc:	200099bd 	.word	0x200099bd
20000dc0:	20008c5c 	.word	0x20008c5c
20000dc4:	200099bc 	.word	0x200099bc
20000dc8:	200099b9 	.word	0x200099b9
20000dcc:	200099b5 	.word	0x200099b5
20000dd0:	200099b0 	.word	0x200099b0
20000dd4:	2000928c 	.word	0x2000928c
20000dd8:	20009298 	.word	0x20009298
20000ddc:	200099b6 	.word	0x200099b6
20000de0:	200092a4 	.word	0x200092a4
20000de4:	200092a8 	.word	0x200092a8
20000de8:	200099bb 	.word	0x200099bb
20000dec:	200092b4 	.word	0x200092b4

20000df0 <ide_interface_init>:
20000df0:	e92d 43f0 	stmdb	sp!, {r4, r5, r6, r7, r8, r9, lr}
20000df4:	489c      	ldr	r0, [pc, #624]	@ (20001068 <ide_interface_init+0x278>)
20000df6:	b08d      	sub	sp, #52	@ 0x34
20000df8:	f003 fb18 	bl	2000442c <__wrap_puts>
20000dfc:	2000      	movs	r0, #0
20000dfe:	f7ff f987 	bl	20000110 <ide_hook_psram_buffer>
20000e02:	f04f 0900 	mov.w	r9, #0
20000e06:	4603      	mov	r3, r0
20000e08:	4d98      	ldr	r5, [pc, #608]	@ (2000106c <ide_interface_init+0x27c>)
20000e0a:	4e99      	ldr	r6, [pc, #612]	@ (20001070 <ide_interface_init+0x280>)
20000e0c:	2001      	movs	r0, #1
20000e0e:	602b      	str	r3, [r5, #0]
20000e10:	f886 9000 	strb.w	r9, [r6]
20000e14:	f7ff f97c 	bl	20000110 <ide_hook_psram_buffer>
20000e18:	4603      	mov	r3, r0
20000e1a:	4c96      	ldr	r4, [pc, #600]	@ (20001074 <ide_interface_init+0x284>)
20000e1c:	4896      	ldr	r0, [pc, #600]	@ (20001078 <ide_interface_init+0x288>)
20000e1e:	2101      	movs	r1, #1
20000e20:	606b      	str	r3, [r5, #4]
20000e22:	f886 9001 	strb.w	r9, [r6, #1]
20000e26:	6020      	str	r0, [r4, #0]
20000e28:	f006 fb14 	bl	20007454 <pio_claim_unused_sm>
20000e2c:	4e93      	ldr	r6, [pc, #588]	@ (2000107c <ide_interface_init+0x28c>)
20000e2e:	2101      	movs	r1, #1
20000e30:	6030      	str	r0, [r6, #0]
20000e32:	6820      	ldr	r0, [r4, #0]
20000e34:	f006 fb0e 	bl	20007454 <pio_claim_unused_sm>
20000e38:	4d91      	ldr	r5, [pc, #580]	@ (20001080 <ide_interface_init+0x290>)
20000e3a:	4992      	ldr	r1, [pc, #584]	@ (20001084 <ide_interface_init+0x294>)
20000e3c:	6028      	str	r0, [r5, #0]
20000e3e:	6820      	ldr	r0, [r4, #0]
20000e40:	f006 fb24 	bl	2000748c <pio_add_program>
20000e44:	4f90      	ldr	r7, [pc, #576]	@ (20001088 <ide_interface_init+0x298>)
20000e46:	4991      	ldr	r1, [pc, #580]	@ (2000108c <ide_interface_init+0x29c>)
20000e48:	6038      	str	r0, [r7, #0]
20000e4a:	6820      	ldr	r0, [r4, #0]
20000e4c:	f006 fb1e 	bl	2000748c <pio_add_program>
20000e50:	4602      	mov	r2, r0
20000e52:	f8df 8268 	ldr.w	r8, [pc, #616]	@ 200010bc <ide_interface_init+0x2cc>
20000e56:	488e      	ldr	r0, [pc, #568]	@ (20001090 <ide_interface_init+0x2a0>)
20000e58:	6839      	ldr	r1, [r7, #0]
20000e5a:	f8c8 2000 	str.w	r2, [r8]
20000e5e:	f003 fb67 	bl	20004530 <__wrap_printf>
20000e62:	6821      	ldr	r1, [r4, #0]
20000e64:	4648      	mov	r0, r9
20000e66:	f101 412f 	add.w	r1, r1, #2936012800	@ 0xaf000000
20000e6a:	f501 0160 	add.w	r1, r1, #14680064	@ 0xe00000
20000e6e:	0d09      	lsrs	r1, r1, #20
20000e70:	3106      	adds	r1, #6
20000e72:	b2c9      	uxtb	r1, r1
20000e74:	f109 0901 	add.w	r9, r9, #1
20000e78:	f000 f928 	bl	200010cc <gpio_set_function>
20000e7c:	f1b9 0f10 	cmp.w	r9, #16
20000e80:	d1ef      	bne.n	20000e62 <ide_interface_init+0x72>
20000e82:	6821      	ldr	r1, [r4, #0]
20000e84:	4648      	mov	r0, r9
20000e86:	f101 412f 	add.w	r1, r1, #2936012800	@ 0xaf000000
20000e8a:	f501 0160 	add.w	r1, r1, #14680064	@ 0xe00000
20000e8e:	0d09      	lsrs	r1, r1, #20
20000e90:	3106      	adds	r1, #6
20000e92:	b2c9      	uxtb	r1, r1
20000e94:	f109 0901 	add.w	r9, r9, #1
20000e98:	f000 f918 	bl	200010cc <gpio_set_function>
20000e9c:	f1b9 0f13 	cmp.w	r9, #19
20000ea0:	d1ef      	bne.n	20000e82 <ide_interface_init+0x92>
20000ea2:	6823      	ldr	r3, [r4, #0]
20000ea4:	2016      	movs	r0, #22
20000ea6:	f103 432f 	add.w	r3, r3, #2936012800	@ 0xaf000000
20000eaa:	f503 0360 	add.w	r3, r3, #14680064	@ 0xe00000
20000eae:	0d1b      	lsrs	r3, r3, #20
20000eb0:	1d99      	adds	r1, r3, #6
20000eb2:	b2c9      	uxtb	r1, r1
20000eb4:	f000 f90a 	bl	200010cc <gpio_set_function>
20000eb8:	6823      	ldr	r3, [r4, #0]
20000eba:	f44f 3980 	mov.w	r9, #65536	@ 0x10000
20000ebe:	f103 432f 	add.w	r3, r3, #2936012800	@ 0xaf000000
20000ec2:	f503 0360 	add.w	r3, r3, #14680064	@ 0xe00000
20000ec6:	0d1b      	lsrs	r3, r3, #20
20000ec8:	1d99      	adds	r1, r3, #6
20000eca:	2017      	movs	r0, #23
20000ecc:	b2c9      	uxtb	r1, r1
20000ece:	f000 f8fd 	bl	200010cc <gpio_set_function>
20000ed2:	6823      	ldr	r3, [r4, #0]
20000ed4:	2018      	movs	r0, #24
20000ed6:	f103 432f 	add.w	r3, r3, #2936012800	@ 0xaf000000
20000eda:	f503 0360 	add.w	r3, r3, #14680064	@ 0xe00000
20000ede:	0d1b      	lsrs	r3, r3, #20
20000ee0:	1d99      	adds	r1, r3, #6
20000ee2:	b2c9      	uxtb	r1, r1
20000ee4:	f000 f8f2 	bl	200010cc <gpio_set_function>
20000ee8:	6823      	ldr	r3, [r4, #0]
20000eea:	2019      	movs	r0, #25
20000eec:	f103 432f 	add.w	r3, r3, #2936012800	@ 0xaf000000
20000ef0:	f503 0360 	add.w	r3, r3, #14680064	@ 0xe00000
20000ef4:	0d1b      	lsrs	r3, r3, #20
20000ef6:	1d99      	adds	r1, r3, #6
20000ef8:	b2c9      	uxtb	r1, r1
20000efa:	f000 f8e7 	bl	200010cc <gpio_set_function>
20000efe:	6823      	ldr	r3, [r4, #0]
20000f00:	201a      	movs	r0, #26
20000f02:	f103 432f 	add.w	r3, r3, #2936012800	@ 0xaf000000
20000f06:	f503 0360 	add.w	r3, r3, #14680064	@ 0xe00000
20000f0a:	0d1b      	lsrs	r3, r3, #20
20000f0c:	1d99      	adds	r1, r3, #6
20000f0e:	b2c9      	uxtb	r1, r1
20000f10:	f000 f8dc 	bl	200010cc <gpio_set_function>
20000f14:	683a      	ldr	r2, [r7, #0]
20000f16:	4b5f      	ldr	r3, [pc, #380]	@ (20001094 <ide_interface_init+0x2a4>)
20000f18:	f102 010b 	add.w	r1, r2, #11
20000f1c:	9305      	str	r3, [sp, #20]
20000f1e:	01d3      	lsls	r3, r2, #7
20000f20:	ea43 3301 	orr.w	r3, r3, r1, lsl #12
20000f24:	f023 43fe 	bic.w	r3, r3, #2130706432	@ 0x7f000000
20000f28:	f043 43b2 	orr.w	r3, r3, #1493172224	@ 0x59000000
20000f2c:	9303      	str	r3, [sp, #12]
20000f2e:	4b5a      	ldr	r3, [pc, #360]	@ (20001098 <ide_interface_init+0x2a8>)
20000f30:	4f5a      	ldr	r7, [pc, #360]	@ (2000109c <ide_interface_init+0x2ac>)
20000f32:	6831      	ldr	r1, [r6, #0]
20000f34:	9304      	str	r3, [sp, #16]
20000f36:	6820      	ldr	r0, [r4, #0]
20000f38:	ab02      	add	r3, sp, #8
20000f3a:	f8cd 9008 	str.w	r9, [sp, #8]
20000f3e:	9706      	str	r7, [sp, #24]
20000f40:	f006 fb74 	bl	2000762c <pio_sm_init>
20000f44:	f8d8 2000 	ldr.w	r2, [r8]
20000f48:	4b55      	ldr	r3, [pc, #340]	@ (200010a0 <ide_interface_init+0x2b0>)
20000f4a:	f102 000f 	add.w	r0, r2, #15
20000f4e:	01d1      	lsls	r1, r2, #7
20000f50:	ea41 3100 	orr.w	r1, r1, r0, lsl #12
20000f54:	f021 41fe 	bic.w	r1, r1, #2130706432	@ 0x7f000000
20000f58:	f041 41b2 	orr.w	r1, r1, #1493172224	@ 0x59000000
20000f5c:	9108      	str	r1, [sp, #32]
20000f5e:	4951      	ldr	r1, [pc, #324]	@ (200010a4 <ide_interface_init+0x2b4>)
20000f60:	9309      	str	r3, [sp, #36]	@ 0x24
20000f62:	910a      	str	r1, [sp, #40]	@ 0x28
20000f64:	ab07      	add	r3, sp, #28
20000f66:	6829      	ldr	r1, [r5, #0]
20000f68:	6820      	ldr	r0, [r4, #0]
20000f6a:	f8cd 901c 	str.w	r9, [sp, #28]
20000f6e:	970b      	str	r7, [sp, #44]	@ 0x2c
20000f70:	f006 fb5c 	bl	2000762c <pio_sm_init>
20000f74:	f04f 6380 	mov.w	r3, #67108864	@ 0x4000000
20000f78:	6831      	ldr	r1, [r6, #0]
20000f7a:	461a      	mov	r2, r3
20000f7c:	6820      	ldr	r0, [r4, #0]
20000f7e:	f006 fad3 	bl	20007528 <pio_sm_set_pins_with_mask>
20000f82:	f04f 6380 	mov.w	r3, #67108864	@ 0x4000000
20000f86:	2701      	movs	r7, #1
20000f88:	461a      	mov	r2, r3
20000f8a:	6829      	ldr	r1, [r5, #0]
20000f8c:	6820      	ldr	r0, [r4, #0]
20000f8e:	f006 facb 	bl	20007528 <pio_sm_set_pins_with_mask>
20000f92:	9700      	str	r7, [sp, #0]
20000f94:	463b      	mov	r3, r7
20000f96:	6831      	ldr	r1, [r6, #0]
20000f98:	221a      	movs	r2, #26
20000f9a:	6820      	ldr	r0, [r4, #0]
20000f9c:	f006 fb00 	bl	200075a0 <pio_sm_set_consecutive_pindirs>
20000fa0:	9700      	str	r7, [sp, #0]
20000fa2:	463b      	mov	r3, r7
20000fa4:	6829      	ldr	r1, [r5, #0]
20000fa6:	221a      	movs	r2, #26
20000fa8:	6820      	ldr	r0, [r4, #0]
20000faa:	f006 faf9 	bl	200075a0 <pio_sm_set_consecutive_pindirs>
20000fae:	2202      	movs	r2, #2
20000fb0:	f44f 7e80 	mov.w	lr, #256	@ 0x100
20000fb4:	f44f 7c00 	mov.w	ip, #512	@ 0x200
20000fb8:	6823      	ldr	r3, [r4, #0]
20000fba:	200f      	movs	r0, #15
20000fbc:	631f      	str	r7, [r3, #48]	@ 0x30
20000fbe:	631a      	str	r2, [r3, #48]	@ 0x30
20000fc0:	f503 5205 	add.w	r2, r3, #8512	@ 0x2140
20000fc4:	f8c2 e030 	str.w	lr, [r2, #48]	@ 0x30
20000fc8:	4937      	ldr	r1, [pc, #220]	@ (200010a8 <ide_interface_init+0x2b8>)
20000fca:	f8c2 c03c 	str.w	ip, [r2, #60]	@ 0x3c
20000fce:	f000 f9ff 	bl	200013d0 <irq_set_exclusive_handler>
20000fd2:	2010      	movs	r0, #16
20000fd4:	4935      	ldr	r1, [pc, #212]	@ (200010ac <ide_interface_init+0x2bc>)
20000fd6:	f000 f9fb 	bl	200013d0 <irq_set_exclusive_handler>
20000fda:	4639      	mov	r1, r7
20000fdc:	200f      	movs	r0, #15
20000fde:	f000 f9b5 	bl	2000134c <irq_set_enabled>
20000fe2:	4639      	mov	r1, r7
20000fe4:	2010      	movs	r0, #16
20000fe6:	f000 f9b1 	bl	2000134c <irq_set_enabled>
20000fea:	4638      	mov	r0, r7
20000fec:	f006 fbb0 	bl	20007750 <dma_claim_unused_channel>
20000ff0:	f8df 80cc 	ldr.w	r8, [pc, #204]	@ 200010c0 <ide_interface_init+0x2d0>
20000ff4:	f8df 90cc 	ldr.w	r9, [pc, #204]	@ 200010c4 <ide_interface_init+0x2d4>
20000ff8:	f8c8 0000 	str.w	r0, [r8]
20000ffc:	4638      	mov	r0, r7
20000ffe:	f006 fba7 	bl	20007750 <dma_claim_unused_channel>
20001002:	f8d8 3000 	ldr.w	r3, [r8]
20001006:	f8df 80c0 	ldr.w	r8, [pc, #192]	@ 200010c8 <ide_interface_init+0x2d8>
2000100a:	fa07 f303 	lsl.w	r3, r7, r3
2000100e:	f8c9 0000 	str.w	r0, [r9]
20001012:	4927      	ldr	r1, [pc, #156]	@ (200010b0 <ide_interface_init+0x2c0>)
20001014:	f8c8 3404 	str.w	r3, [r8, #1028]	@ 0x404
20001018:	200a      	movs	r0, #10
2000101a:	f000 f9d9 	bl	200013d0 <irq_set_exclusive_handler>
2000101e:	4639      	mov	r1, r7
20001020:	200a      	movs	r0, #10
20001022:	f000 f993 	bl	2000134c <irq_set_enabled>
20001026:	f8d9 3000 	ldr.w	r3, [r9]
2000102a:	200b      	movs	r0, #11
2000102c:	fa07 f303 	lsl.w	r3, r7, r3
20001030:	f8c8 3414 	str.w	r3, [r8, #1044]	@ 0x414
20001034:	491f      	ldr	r1, [pc, #124]	@ (200010b4 <ide_interface_init+0x2c4>)
20001036:	f000 f9cb 	bl	200013d0 <irq_set_exclusive_handler>
2000103a:	4639      	mov	r1, r7
2000103c:	200b      	movs	r0, #11
2000103e:	f000 f985 	bl	2000134c <irq_set_enabled>
20001042:	2240      	movs	r2, #64	@ 0x40
20001044:	4b1c      	ldr	r3, [pc, #112]	@ (200010b8 <ide_interface_init+0x2c8>)
20001046:	6829      	ldr	r1, [r5, #0]
20001048:	701a      	strb	r2, [r3, #0]
2000104a:	6822      	ldr	r2, [r4, #0]
2000104c:	6833      	ldr	r3, [r6, #0]
2000104e:	fa07 f303 	lsl.w	r3, r7, r3
20001052:	408f      	lsls	r7, r1
20001054:	6811      	ldr	r1, [r2, #0]
20001056:	430b      	orrs	r3, r1
20001058:	6013      	str	r3, [r2, #0]
2000105a:	6813      	ldr	r3, [r2, #0]
2000105c:	431f      	orrs	r7, r3
2000105e:	6017      	str	r7, [r2, #0]
20001060:	b00d      	add	sp, #52	@ 0x34
20001062:	e8bd 83f0 	ldmia.w	sp!, {r4, r5, r6, r7, r8, r9, pc}
20001066:	bf00      	nop
20001068:	200087f8 	.word	0x200087f8
2000106c:	20009290 	.word	0x20009290
20001070:	20009298 	.word	0x20009298
20001074:	200092c0 	.word	0x200092c0
20001078:	50200000 	.word	0x50200000
2000107c:	200092c4 	.word	0x200092c4
20001080:	200092c8 	.word	0x200092c8
20001084:	200089f4 	.word	0x200089f4
20001088:	200092b8 	.word	0x200092b8
2000108c:	200089cc 	.word	0x200089cc
20001090:	2000880c 	.word	0x2000880c
20001094:	41006800 	.word	0x41006800
20001098:	20080000 	.word	0x20080000
2000109c:	fe1007e0 	.word	0xfe1007e0
200010a0:	10080000 	.word	0x10080000
200010a4:	40806800 	.word	0x40806800
200010a8:	20000bbd 	.word	0x20000bbd
200010ac:	200008fd 	.word	0x200008fd
200010b0:	200009ad 	.word	0x200009ad
200010b4:	20000ab9 	.word	0x20000ab9
200010b8:	20008c5c 	.word	0x20008c5c
200010bc:	200092bc 	.word	0x200092bc
200010c0:	2000929c 	.word	0x2000929c
200010c4:	200092a0 	.word	0x200092a0
200010c8:	50002000 	.word	0x50002000

200010cc <gpio_set_function>:
200010cc:	b410      	push	{r4}
200010ce:	f44f 7480 	mov.w	r4, #256	@ 0x100
200010d2:	4b0c      	ldr	r3, [pc, #48]	@ (20001104 <gpio_set_function+0x38>)
200010d4:	f853 2020 	ldr.w	r2, [r3, r0, lsl #2]
200010d8:	eb03 0380 	add.w	r3, r3, r0, lsl #2
200010dc:	00c0      	lsls	r0, r0, #3
200010de:	f082 0240 	eor.w	r2, r2, #64	@ 0x40
200010e2:	f100 4080 	add.w	r0, r0, #1073741824	@ 0x40000000
200010e6:	f503 5c80 	add.w	ip, r3, #4096	@ 0x1000
200010ea:	f002 02c0 	and.w	r2, r2, #192	@ 0xc0
200010ee:	f500 3020 	add.w	r0, r0, #163840	@ 0x28000
200010f2:	f503 5340 	add.w	r3, r3, #12288	@ 0x3000
200010f6:	f8cc 2000 	str.w	r2, [ip]
200010fa:	6041      	str	r1, [r0, #4]
200010fc:	601c      	str	r4, [r3, #0]
200010fe:	f85d 4b04 	ldr.w	r4, [sp], #4
20001102:	4770      	bx	lr
20001104:	40038004 	.word	0x40038004

20001108 <gpio_init>:
20001108:	b430      	push	{r4, r5}
2000110a:	f04f 0300 	mov.w	r3, #0
2000110e:	ec43 0044 	gpioc_bit_oe_put r0, r3
20001112:	ec43 0040 	gpioc_bit_out_put r0, r3
20001116:	2505      	movs	r5, #5
20001118:	f44f 7480 	mov.w	r4, #256	@ 0x100
2000111c:	4b0b      	ldr	r3, [pc, #44]	@ (2000114c <gpio_init+0x44>)
2000111e:	00c2      	lsls	r2, r0, #3
20001120:	f853 1020 	ldr.w	r1, [r3, r0, lsl #2]
20001124:	eb03 0080 	add.w	r0, r3, r0, lsl #2
20001128:	f081 0140 	eor.w	r1, r1, #64	@ 0x40
2000112c:	f102 4380 	add.w	r3, r2, #1073741824	@ 0x40000000
20001130:	f503 3320 	add.w	r3, r3, #163840	@ 0x28000
20001134:	f001 02c0 	and.w	r2, r1, #192	@ 0xc0
20001138:	f500 5180 	add.w	r1, r0, #4096	@ 0x1000
2000113c:	f500 5040 	add.w	r0, r0, #12288	@ 0x3000
20001140:	600a      	str	r2, [r1, #0]
20001142:	605d      	str	r5, [r3, #4]
20001144:	6004      	str	r4, [r0, #0]
20001146:	bc30      	pop	{r4, r5}
20001148:	4770      	bx	lr
2000114a:	bf00      	nop
2000114c:	40038004 	.word	0x40038004

20001150 <panic>:
20001150:	b40f      	push	{r0, r1, r2, r3}
20001152:	b500      	push	{lr}
20001154:	b083      	sub	sp, #12
20001156:	9c04      	ldr	r4, [sp, #16]
20001158:	4807      	ldr	r0, [pc, #28]	@ (20001178 <panic+0x28>)
2000115a:	f003 f967 	bl	2000442c <__wrap_puts>
2000115e:	b13c      	cbz	r4, 20001170 <panic+0x20>
20001160:	a905      	add	r1, sp, #20
20001162:	4620      	mov	r0, r4
20001164:	9101      	str	r1, [sp, #4]
20001166:	f002 ffd9 	bl	2000411c <weak_raw_vprintf>
2000116a:	4804      	ldr	r0, [pc, #16]	@ (2000117c <panic+0x2c>)
2000116c:	f003 f95e 	bl	2000442c <__wrap_puts>
20001170:	2001      	movs	r0, #1
20001172:	f002 ffeb 	bl	2000414c <_exit>
20001176:	bf00      	nop
20001178:	2000885c 	.word	0x2000885c
2000117c:	2000883c 	.word	0x2000883c

20001180 <hw_claim_lock>:
20001180:	f3ef 8010 	mrs	r0, PRIMASK
20001184:	b672      	cpsid	i
20001186:	4b06      	ldr	r3, [pc, #24]	@ (200011a0 <hw_claim_lock+0x20>)
20001188:	e8d3 1fcf 	ldaexb	r1, [r3]
2000118c:	2201      	movs	r2, #1
2000118e:	2900      	cmp	r1, #0
20001190:	d1fa      	bne.n	20001188 <hw_claim_lock+0x8>
20001192:	e8c3 2f41 	strexb	r1, r2, [r3]
20001196:	2900      	cmp	r1, #0
20001198:	d1f6      	bne.n	20001188 <hw_claim_lock+0x8>
2000119a:	f3bf 8f5f 	dmb	sy
2000119e:	4770      	bx	lr
200011a0:	200090b3 	.word	0x200090b3

200011a4 <hw_claim_unlock>:
200011a4:	2300      	movs	r3, #0
200011a6:	4a03      	ldr	r2, [pc, #12]	@ (200011b4 <hw_claim_unlock+0x10>)
200011a8:	e8c2 3f8f 	stlb	r3, [r2]
200011ac:	f380 8810 	msr	PRIMASK, r0
200011b0:	4770      	bx	lr
200011b2:	bf00      	nop
200011b4:	200090b3 	.word	0x200090b3

200011b8 <hw_claim_or_assert>:
200011b8:	b570      	push	{r4, r5, r6, lr}
200011ba:	4686      	mov	lr, r0
200011bc:	f3ef 8510 	mrs	r5, PRIMASK
200011c0:	b672      	cpsid	i
200011c2:	4c12      	ldr	r4, [pc, #72]	@ (2000120c <hw_claim_or_assert+0x54>)
200011c4:	e8d4 6fcf 	ldaexb	r6, [r4]
200011c8:	2001      	movs	r0, #1
200011ca:	2e00      	cmp	r6, #0
200011cc:	d1fa      	bne.n	200011c4 <hw_claim_or_assert+0xc>
200011ce:	e8c4 0f46 	strexb	r6, r0, [r4]
200011d2:	2e00      	cmp	r6, #0
200011d4:	d1f6      	bne.n	200011c4 <hw_claim_or_assert+0xc>
200011d6:	f3bf 8f5f 	dmb	sy
200011da:	f04f 0c01 	mov.w	ip, #1
200011de:	08c8      	lsrs	r0, r1, #3
200011e0:	f001 0307 	and.w	r3, r1, #7
200011e4:	fa0c f303 	lsl.w	r3, ip, r3
200011e8:	f81e c000 	ldrb.w	ip, [lr, r0]
200011ec:	ea1c 0603 	ands.w	r6, ip, r3
200011f0:	d108      	bne.n	20001204 <hw_claim_or_assert+0x4c>
200011f2:	ea4c 0c03 	orr.w	ip, ip, r3
200011f6:	f80e c000 	strb.w	ip, [lr, r0]
200011fa:	e8c4 6f8f 	stlb	r6, [r4]
200011fe:	f385 8810 	msr	PRIMASK, r5
20001202:	bd70      	pop	{r4, r5, r6, pc}
20001204:	4610      	mov	r0, r2
20001206:	f7ff ffa3 	bl	20001150 <panic>
2000120a:	bf00      	nop
2000120c:	200090b3 	.word	0x200090b3

20001210 <hw_claim_unused_from_range>:
20001210:	b5f8      	push	{r3, r4, r5, r6, r7, lr}
20001212:	f3ef 8510 	mrs	r5, PRIMASK
20001216:	b672      	cpsid	i
20001218:	4c23      	ldr	r4, [pc, #140]	@ (200012a8 <hw_claim_unused_from_range+0x98>)
2000121a:	e8d4 7fcf 	ldaexb	r7, [r4]
2000121e:	2601      	movs	r6, #1
20001220:	2f00      	cmp	r7, #0
20001222:	d1fa      	bne.n	2000121a <hw_claim_unused_from_range+0xa>
20001224:	e8c4 6f47 	strexb	r7, r6, [r4]
20001228:	2f00      	cmp	r7, #0
2000122a:	d1f6      	bne.n	2000121a <hw_claim_unused_from_range+0xa>
2000122c:	f3bf 8f5f 	dmb	sy
20001230:	429a      	cmp	r2, r3
20001232:	d827      	bhi.n	20001284 <hw_claim_unused_from_range+0x74>
20001234:	2601      	movs	r6, #1
20001236:	08d7      	lsrs	r7, r2, #3
20001238:	f810 e007 	ldrb.w	lr, [r0, r7]
2000123c:	f002 0c07 	and.w	ip, r2, #7
20001240:	fa06 fc0c 	lsl.w	ip, r6, ip
20001244:	ea1e 0f0c 	tst.w	lr, ip
20001248:	eb00 07d2 	add.w	r7, r0, r2, lsr #3
2000124c:	d10d      	bne.n	2000126a <hw_claim_unused_from_range+0x5a>
2000124e:	e025      	b.n	2000129c <hw_claim_unused_from_range+0x8c>
20001250:	ea4f 0ed2 	mov.w	lr, r2, lsr #3
20001254:	f810 e00e 	ldrb.w	lr, [r0, lr]
20001258:	f002 0c07 	and.w	ip, r2, #7
2000125c:	fa06 fc0c 	lsl.w	ip, r6, ip
20001260:	ea1e 0f0c 	tst.w	lr, ip
20001264:	eb00 07d2 	add.w	r7, r0, r2, lsr #3
20001268:	d018      	beq.n	2000129c <hw_claim_unused_from_range+0x8c>
2000126a:	3201      	adds	r2, #1
2000126c:	4293      	cmp	r3, r2
2000126e:	d2ef      	bcs.n	20001250 <hw_claim_unused_from_range+0x40>
20001270:	f04f 30ff 	mov.w	r0, #4294967295	@ 0xffffffff
20001274:	2300      	movs	r3, #0
20001276:	e8c4 3f8f 	stlb	r3, [r4]
2000127a:	f385 8810 	msr	PRIMASK, r5
2000127e:	4298      	cmp	r0, r3
20001280:	db07      	blt.n	20001292 <hw_claim_unused_from_range+0x82>
20001282:	bdf8      	pop	{r3, r4, r5, r6, r7, pc}
20001284:	2300      	movs	r3, #0
20001286:	e8c4 3f8f 	stlb	r3, [r4]
2000128a:	f385 8810 	msr	PRIMASK, r5
2000128e:	f04f 30ff 	mov.w	r0, #4294967295	@ 0xffffffff
20001292:	2900      	cmp	r1, #0
20001294:	d0f5      	beq.n	20001282 <hw_claim_unused_from_range+0x72>
20001296:	9806      	ldr	r0, [sp, #24]
20001298:	f7ff ff5a 	bl	20001150 <panic>
2000129c:	ea4e 0e0c 	orr.w	lr, lr, ip
200012a0:	4610      	mov	r0, r2
200012a2:	f887 e000 	strb.w	lr, [r7]
200012a6:	e7e5      	b.n	20001274 <hw_claim_unused_from_range+0x64>
200012a8:	200090b3 	.word	0x200090b3

200012ac <next_striped_spin_lock_num>:
200012ac:	4a04      	ldr	r2, [pc, #16]	@ (200012c0 <next_striped_spin_lock_num+0x14>)
200012ae:	7810      	ldrb	r0, [r2, #0]
200012b0:	1c43      	adds	r3, r0, #1
200012b2:	b2db      	uxtb	r3, r3
200012b4:	2b18      	cmp	r3, #24
200012b6:	bf28      	it	cs
200012b8:	2310      	movcs	r3, #16
200012ba:	7013      	strb	r3, [r2, #0]
200012bc:	4770      	bx	lr
200012be:	bf00      	nop
200012c0:	20008c5d 	.word	0x20008c5d

200012c4 <spin_lock_claim_unused>:
200012c4:	b510      	push	{r4, lr}
200012c6:	4c05      	ldr	r4, [pc, #20]	@ (200012dc <spin_lock_claim_unused+0x18>)
200012c8:	b082      	sub	sp, #8
200012ca:	4601      	mov	r1, r0
200012cc:	231f      	movs	r3, #31
200012ce:	2218      	movs	r2, #24
200012d0:	9400      	str	r4, [sp, #0]
200012d2:	4803      	ldr	r0, [pc, #12]	@ (200012e0 <spin_lock_claim_unused+0x1c>)
200012d4:	f7ff ff9c 	bl	20001210 <hw_claim_unused_from_range>
200012d8:	b002      	add	sp, #8
200012da:	bd10      	pop	{r4, pc}
200012dc:	2000886c 	.word	0x2000886c
200012e0:	20009224 	.word	0x20009224

200012e4 <spinlock_set_extexclall>:
200012e4:	f04f 22e0 	mov.w	r2, #3758153728	@ 0xe000e000
200012e8:	6893      	ldr	r3, [r2, #8]
200012ea:	f043 5300 	orr.w	r3, r3, #536870912	@ 0x20000000
200012ee:	6093      	str	r3, [r2, #8]
200012f0:	4770      	bx	lr
200012f2:	bf00      	nop

200012f4 <spin_locks_reset>:
200012f4:	2100      	movs	r1, #0
200012f6:	4b04      	ldr	r3, [pc, #16]	@ (20001308 <spin_locks_reset+0x14>)
200012f8:	f103 0220 	add.w	r2, r3, #32
200012fc:	e8c3 1f8f 	stlb	r1, [r3]
20001300:	3301      	adds	r3, #1
20001302:	4293      	cmp	r3, r2
20001304:	d1fa      	bne.n	200012fc <spin_locks_reset+0x8>
20001306:	4770      	bx	lr
20001308:	200090a8 	.word	0x200090a8

2000130c <runtime_init_per_core_irq_priorities>:
2000130c:	f04f 23e0 	mov.w	r3, #3758153728	@ 0xe000e000
20001310:	f04f 3280 	mov.w	r2, #2155905152	@ 0x80808080
20001314:	f8c3 2400 	str.w	r2, [r3, #1024]	@ 0x400
20001318:	f8c3 2404 	str.w	r2, [r3, #1028]	@ 0x404
2000131c:	f8c3 2408 	str.w	r2, [r3, #1032]	@ 0x408
20001320:	f8c3 240c 	str.w	r2, [r3, #1036]	@ 0x40c
20001324:	f8c3 2410 	str.w	r2, [r3, #1040]	@ 0x410
20001328:	f8c3 2414 	str.w	r2, [r3, #1044]	@ 0x414
2000132c:	f8c3 2418 	str.w	r2, [r3, #1048]	@ 0x418
20001330:	f8c3 241c 	str.w	r2, [r3, #1052]	@ 0x41c
20001334:	f8c3 2420 	str.w	r2, [r3, #1056]	@ 0x420
20001338:	f8c3 2424 	str.w	r2, [r3, #1060]	@ 0x424
2000133c:	f8c3 2428 	str.w	r2, [r3, #1064]	@ 0x428
20001340:	f8c3 242c 	str.w	r2, [r3, #1068]	@ 0x42c
20001344:	f8c3 2430 	str.w	r2, [r3, #1072]	@ 0x430
20001348:	b662      	cpsie	i
2000134a:	4770      	bx	lr

2000134c <irq_set_enabled>:
2000134c:	2301      	movs	r3, #1
2000134e:	f000 021f 	and.w	r2, r0, #31
20001352:	4093      	lsls	r3, r2
20001354:	0940      	lsrs	r0, r0, #5
20001356:	b141      	cbz	r1, 2000136a <irq_set_enabled+0x1e>
20001358:	0080      	lsls	r0, r0, #2
2000135a:	f100 4060 	add.w	r0, r0, #3758096384	@ 0xe0000000
2000135e:	f500 4061 	add.w	r0, r0, #57600	@ 0xe100
20001362:	f8c0 3180 	str.w	r3, [r0, #384]	@ 0x180
20001366:	6003      	str	r3, [r0, #0]
20001368:	4770      	bx	lr
2000136a:	4a02      	ldr	r2, [pc, #8]	@ (20001374 <irq_set_enabled+0x28>)
2000136c:	3020      	adds	r0, #32
2000136e:	f842 3020 	str.w	r3, [r2, r0, lsl #2]
20001372:	4770      	bx	lr
20001374:	e000e100 	.word	0xe000e100

20001378 <irq_is_enabled>:
20001378:	2301      	movs	r3, #1
2000137a:	4a06      	ldr	r2, [pc, #24]	@ (20001394 <irq_is_enabled+0x1c>)
2000137c:	0941      	lsrs	r1, r0, #5
2000137e:	f852 2021 	ldr.w	r2, [r2, r1, lsl #2]
20001382:	f000 001f 	and.w	r0, r0, #31
20001386:	4083      	lsls	r3, r0
20001388:	4213      	tst	r3, r2
2000138a:	bf14      	ite	ne
2000138c:	2001      	movne	r0, #1
2000138e:	2000      	moveq	r0, #0
20001390:	4770      	bx	lr
20001392:	bf00      	nop
20001394:	e000e100 	.word	0xe000e100

20001398 <irq_set_pending>:
20001398:	2201      	movs	r2, #1
2000139a:	0943      	lsrs	r3, r0, #5
2000139c:	4903      	ldr	r1, [pc, #12]	@ (200013ac <irq_set_pending+0x14>)
2000139e:	f000 001f 	and.w	r0, r0, #31
200013a2:	4082      	lsls	r2, r0
200013a4:	3340      	adds	r3, #64	@ 0x40
200013a6:	f841 2023 	str.w	r2, [r1, r3, lsl #2]
200013aa:	4770      	bx	lr
200013ac:	e000e100 	.word	0xe000e100

200013b0 <irq_has_shared_handler>:
200013b0:	4a05      	ldr	r2, [pc, #20]	@ (200013c8 <irq_has_shared_handler+0x18>)
200013b2:	3010      	adds	r0, #16
200013b4:	6892      	ldr	r2, [r2, #8]
200013b6:	4b05      	ldr	r3, [pc, #20]	@ (200013cc <irq_has_shared_handler+0x1c>)
200013b8:	f852 0020 	ldr.w	r0, [r2, r0, lsl #2]
200013bc:	1ac0      	subs	r0, r0, r3
200013be:	2847      	cmp	r0, #71	@ 0x47
200013c0:	bf8c      	ite	hi
200013c2:	2000      	movhi	r0, #0
200013c4:	2001      	movls	r0, #1
200013c6:	4770      	bx	lr
200013c8:	e000ed00 	.word	0xe000ed00
200013cc:	20008c60 	.word	0x20008c60

200013d0 <irq_set_exclusive_handler>:
200013d0:	b510      	push	{r4, lr}
200013d2:	f3ef 8c10 	mrs	ip, PRIMASK
200013d6:	b672      	cpsid	i
200013d8:	4b11      	ldr	r3, [pc, #68]	@ (20001420 <irq_set_exclusive_handler+0x50>)
200013da:	e8d3 4fcf 	ldaexb	r4, [r3]
200013de:	2201      	movs	r2, #1
200013e0:	2c00      	cmp	r4, #0
200013e2:	d1fa      	bne.n	200013da <irq_set_exclusive_handler+0xa>
200013e4:	e8c3 2f44 	strexb	r4, r2, [r3]
200013e8:	2c00      	cmp	r4, #0
200013ea:	d1f6      	bne.n	200013da <irq_set_exclusive_handler+0xa>
200013ec:	f3bf 8f5f 	dmb	sy
200013f0:	4a0c      	ldr	r2, [pc, #48]	@ (20001424 <irq_set_exclusive_handler+0x54>)
200013f2:	3010      	adds	r0, #16
200013f4:	6892      	ldr	r2, [r2, #8]
200013f6:	4c0c      	ldr	r4, [pc, #48]	@ (20001428 <irq_set_exclusive_handler+0x58>)
200013f8:	f852 2020 	ldr.w	r2, [r2, r0, lsl #2]
200013fc:	42a2      	cmp	r2, r4
200013fe:	d001      	beq.n	20001404 <irq_set_exclusive_handler+0x34>
20001400:	4291      	cmp	r1, r2
20001402:	d10b      	bne.n	2000141c <irq_set_exclusive_handler+0x4c>
20001404:	4a07      	ldr	r2, [pc, #28]	@ (20001424 <irq_set_exclusive_handler+0x54>)
20001406:	6892      	ldr	r2, [r2, #8]
20001408:	f842 1020 	str.w	r1, [r2, r0, lsl #2]
2000140c:	f3bf 8f5f 	dmb	sy
20001410:	2200      	movs	r2, #0
20001412:	e8c3 2f8f 	stlb	r2, [r3]
20001416:	f38c 8810 	msr	PRIMASK, ip
2000141a:	bd10      	pop	{r4, pc}
2000141c:	f001 f930 	bl	20002680 <hard_assertion_failure>
20001420:	200090b1 	.word	0x200090b1
20001424:	e000ed00 	.word	0xe000ed00
20001428:	10000111 	.word	0x10000111

2000142c <irq_add_shared_handler>:
2000142c:	e92d 4ff0 	stmdb	sp!, {r4, r5, r6, r7, r8, r9, sl, fp, lr}
20001430:	460b      	mov	r3, r1
20001432:	b083      	sub	sp, #12
20001434:	f3ef 8a10 	mrs	sl, PRIMASK
20001438:	b672      	cpsid	i
2000143a:	f8df 91ac 	ldr.w	r9, [pc, #428]	@ 200015e8 <irq_add_shared_handler+0x1bc>
2000143e:	e8d9 4fcf 	ldaexb	r4, [r9]
20001442:	2101      	movs	r1, #1
20001444:	2c00      	cmp	r4, #0
20001446:	d1fa      	bne.n	2000143e <irq_add_shared_handler+0x12>
20001448:	e8c9 1f44 	strexb	r4, r1, [r9]
2000144c:	2c00      	cmp	r4, #0
2000144e:	d1f6      	bne.n	2000143e <irq_add_shared_handler+0x12>
20001450:	f3bf 8f5f 	dmb	sy
20001454:	495d      	ldr	r1, [pc, #372]	@ (200015cc <irq_add_shared_handler+0x1a0>)
20001456:	f991 8000 	ldrsb.w	r8, [r1]
2000145a:	f1b8 0f00 	cmp.w	r8, #0
2000145e:	f2c0 80b2 	blt.w	200015c6 <irq_add_shared_handler+0x19a>
20001462:	4c5b      	ldr	r4, [pc, #364]	@ (200015d0 <irq_add_shared_handler+0x1a4>)
20001464:	eb08 0748 	add.w	r7, r8, r8, lsl #1
20001468:	eb04 0587 	add.w	r5, r4, r7, lsl #2
2000146c:	79ae      	ldrb	r6, [r5, #6]
2000146e:	3010      	adds	r0, #16
20001470:	700e      	strb	r6, [r1, #0]
20001472:	4958      	ldr	r1, [pc, #352]	@ (200015d4 <irq_add_shared_handler+0x1a8>)
20001474:	ea4f 0648 	mov.w	r6, r8, lsl #1
20001478:	6889      	ldr	r1, [r1, #8]
2000147a:	9600      	str	r6, [sp, #0]
2000147c:	f851 1020 	ldr.w	r1, [r1, r0, lsl #2]
20001480:	00bf      	lsls	r7, r7, #2
20001482:	1b0e      	subs	r6, r1, r4
20001484:	2e47      	cmp	r6, #71	@ 0x47
20001486:	d834      	bhi.n	200014f2 <irq_add_shared_handler+0xc6>
20001488:	f021 0e01 	bic.w	lr, r1, #1
2000148c:	f89e 6007 	ldrb.w	r6, [lr, #7]
20001490:	4296      	cmp	r6, r2
20001492:	d809      	bhi.n	200014a8 <irq_add_shared_handler+0x7c>
20001494:	e071      	b.n	2000157a <irq_add_shared_handler+0x14e>
20001496:	eb0c 064c 	add.w	r6, ip, ip, lsl #1
2000149a:	eb04 0686 	add.w	r6, r4, r6, lsl #2
2000149e:	f896 b007 	ldrb.w	fp, [r6, #7]
200014a2:	4593      	cmp	fp, r2
200014a4:	d94e      	bls.n	20001544 <irq_add_shared_handler+0x118>
200014a6:	46b6      	mov	lr, r6
200014a8:	f99e c006 	ldrsb.w	ip, [lr, #6]
200014ac:	f1bc 0f00 	cmp.w	ip, #0
200014b0:	daf1      	bge.n	20001496 <irq_add_shared_handler+0x6a>
200014b2:	f64b 5601 	movw	r6, #48385	@ 0xbd01
200014b6:	f10e 0b04 	add.w	fp, lr, #4
200014ba:	3d04      	subs	r5, #4
200014bc:	eba5 050b 	sub.w	r5, r5, fp
200014c0:	f3c5 054a 	ubfx	r5, r5, #1, #11
200014c4:	ea6f 45c5 	mvn.w	r5, r5, lsl #19
200014c8:	9f00      	ldr	r7, [sp, #0]
200014ca:	ea6f 45d5 	mvn.w	r5, r5, lsr #19
200014ce:	4447      	add	r7, r8
200014d0:	46bb      	mov	fp, r7
200014d2:	f88e 8006 	strb.w	r8, [lr, #6]
200014d6:	f8df 810c 	ldr.w	r8, [pc, #268]	@ 200015e4 <irq_add_shared_handler+0x1b8>
200014da:	eb04 0787 	add.w	r7, r4, r7, lsl #2
200014de:	f8ae 5004 	strh.w	r5, [lr, #4]
200014e2:	f844 802b 	str.w	r8, [r4, fp, lsl #2]
200014e6:	80be      	strh	r6, [r7, #4]
200014e8:	f887 c006 	strb.w	ip, [r7, #6]
200014ec:	71fa      	strb	r2, [r7, #7]
200014ee:	60bb      	str	r3, [r7, #8]
200014f0:	e01a      	b.n	20001528 <irq_add_shared_handler+0xfc>
200014f2:	4e39      	ldr	r6, [pc, #228]	@ (200015d8 <irq_add_shared_handler+0x1ac>)
200014f4:	42b1      	cmp	r1, r6
200014f6:	d166      	bne.n	200015c6 <irq_add_shared_handler+0x19a>
200014f8:	60ab      	str	r3, [r5, #8]
200014fa:	4b38      	ldr	r3, [pc, #224]	@ (200015dc <irq_add_shared_handler+0x1b0>)
200014fc:	71ea      	strb	r2, [r5, #7]
200014fe:	1cba      	adds	r2, r7, #2
20001500:	4422      	add	r2, r4
20001502:	3b04      	subs	r3, #4
20001504:	1a9b      	subs	r3, r3, r2
20001506:	f3c3 034a 	ubfx	r3, r3, #1, #11
2000150a:	ea6f 43c3 	mvn.w	r3, r3, lsl #19
2000150e:	f44f 4221 	mov.w	r2, #41216	@ 0xa100
20001512:	ea6f 43d3 	mvn.w	r3, r3, lsr #19
20001516:	53e2      	strh	r2, [r4, r7]
20001518:	806b      	strh	r3, [r5, #2]
2000151a:	22ff      	movs	r2, #255	@ 0xff
2000151c:	f64b 5301 	movw	r3, #48385	@ 0xbd01
20001520:	71aa      	strb	r2, [r5, #6]
20001522:	80ab      	strh	r3, [r5, #4]
20001524:	f045 0101 	orr.w	r1, r5, #1
20001528:	4b2a      	ldr	r3, [pc, #168]	@ (200015d4 <irq_add_shared_handler+0x1a8>)
2000152a:	689b      	ldr	r3, [r3, #8]
2000152c:	f843 1020 	str.w	r1, [r3, r0, lsl #2]
20001530:	f3bf 8f5f 	dmb	sy
20001534:	2300      	movs	r3, #0
20001536:	e8c9 3f8f 	stlb	r3, [r9]
2000153a:	f38a 8810 	msr	PRIMASK, sl
2000153e:	b003      	add	sp, #12
20001540:	e8bd 8ff0 	ldmia.w	sp!, {r4, r5, r6, r7, r8, r9, sl, fp, pc}
20001544:	46f3      	mov	fp, lr
20001546:	f83b 6f04 	ldrh.w	r6, [fp, #4]!
2000154a:	0576      	lsls	r6, r6, #21
2000154c:	d40f      	bmi.n	2000156e <irq_add_shared_handler+0x142>
2000154e:	1576      	asrs	r6, r6, #21
20001550:	3602      	adds	r6, #2
20001552:	eb0b 0646 	add.w	r6, fp, r6, lsl #1
20001556:	9601      	str	r6, [sp, #4]
20001558:	f06f 0607 	mvn.w	r6, #7
2000155c:	1bf6      	subs	r6, r6, r7
2000155e:	9f01      	ldr	r7, [sp, #4]
20001560:	1b36      	subs	r6, r6, r4
20001562:	443e      	add	r6, r7
20001564:	f3c6 064a 	ubfx	r6, r6, #1, #11
20001568:	f446 4660 	orr.w	r6, r6, #57344	@ 0xe000
2000156c:	e7a5      	b.n	200014ba <irq_add_shared_handler+0x8e>
2000156e:	f506 16ff 	add.w	r6, r6, #2088960	@ 0x1fe000
20001572:	f506 56ff 	add.w	r6, r6, #8160	@ 0x1fe0
20001576:	361f      	adds	r6, #31
20001578:	e7e9      	b.n	2000154e <irq_add_shared_handler+0x122>
2000157a:	60ab      	str	r3, [r5, #8]
2000157c:	f06f 0307 	mvn.w	r3, #7
20001580:	71ea      	strb	r2, [r5, #7]
20001582:	f44f 4221 	mov.w	r2, #41216	@ 0xa100
20001586:	1bdb      	subs	r3, r3, r7
20001588:	1b1b      	subs	r3, r3, r4
2000158a:	4473      	add	r3, lr
2000158c:	53e2      	strh	r2, [r4, r7]
2000158e:	f3c3 024a 	ubfx	r2, r3, #1, #11
20001592:	4b12      	ldr	r3, [pc, #72]	@ (200015dc <irq_add_shared_handler+0x1b0>)
20001594:	4e12      	ldr	r6, [pc, #72]	@ (200015e0 <irq_add_shared_handler+0x1b4>)
20001596:	3702      	adds	r7, #2
20001598:	4427      	add	r7, r4
2000159a:	3b04      	subs	r3, #4
2000159c:	4332      	orrs	r2, r6
2000159e:	1bdb      	subs	r3, r3, r7
200015a0:	80aa      	strh	r2, [r5, #4]
200015a2:	f3c3 034a 	ubfx	r3, r3, #1, #11
200015a6:	4a0f      	ldr	r2, [pc, #60]	@ (200015e4 <irq_add_shared_handler+0x1b8>)
200015a8:	4333      	orrs	r3, r6
200015aa:	806b      	strh	r3, [r5, #2]
200015ac:	f64a 21aa 	movw	r1, #43690	@ 0xaaaa
200015b0:	4673      	mov	r3, lr
200015b2:	1b1b      	subs	r3, r3, r4
200015b4:	415b      	adcs	r3, r3
200015b6:	4359      	muls	r1, r3
200015b8:	0d09      	lsrs	r1, r1, #20
200015ba:	71a9      	strb	r1, [r5, #6]
200015bc:	f8ce 2000 	str.w	r2, [lr]
200015c0:	f045 0101 	orr.w	r1, r5, #1
200015c4:	e7b0      	b.n	20001528 <irq_add_shared_handler+0xfc>
200015c6:	f001 f85b 	bl	20002680 <hard_assertion_failure>
200015ca:	bf00      	nop
200015cc:	200099c0 	.word	0x200099c0
200015d0:	20008c60 	.word	0x20008c60
200015d4:	e000ed00 	.word	0xe000ed00
200015d8:	10000111 	.word	0x10000111
200015dc:	20008ca8 	.word	0x20008ca8
200015e0:	ffffe000 	.word	0xffffe000
200015e4:	47804801 	.word	0x47804801
200015e8:	200090b1 	.word	0x200090b1

200015ec <irq_add_tail_to_free_list>:
200015ec:	b5f0      	push	{r4, r5, r6, r7, lr}
200015ee:	f3ef 8505 	mrs	r5, IPSR
200015f2:	b2ed      	uxtb	r5, r5
200015f4:	f3ef 8c10 	mrs	ip, PRIMASK
200015f8:	b672      	cpsid	i
200015fa:	492c      	ldr	r1, [pc, #176]	@ (200016ac <irq_add_tail_to_free_list+0xc0>)
200015fc:	e8d1 2fcf 	ldaexb	r2, [r1]
20001600:	2301      	movs	r3, #1
20001602:	2a00      	cmp	r2, #0
20001604:	d1fa      	bne.n	200015fc <irq_add_tail_to_free_list+0x10>
20001606:	e8c1 3f42 	strexb	r2, r3, [r1]
2000160a:	2a00      	cmp	r2, #0
2000160c:	d1f6      	bne.n	200015fc <irq_add_tail_to_free_list+0x10>
2000160e:	f3bf 8f5f 	dmb	sy
20001612:	4e27      	ldr	r6, [pc, #156]	@ (200016b0 <irq_add_tail_to_free_list+0xc4>)
20001614:	f040 0e01 	orr.w	lr, r0, #1
20001618:	68b4      	ldr	r4, [r6, #8]
2000161a:	f64a 23aa 	movw	r3, #43690	@ 0xaaaa
2000161e:	f854 7025 	ldr.w	r7, [r4, r5, lsl #2]
20001622:	4a24      	ldr	r2, [pc, #144]	@ (200016b4 <irq_add_tail_to_free_list+0xc8>)
20001624:	4604      	mov	r4, r0
20001626:	1aa4      	subs	r4, r4, r2
20001628:	4164      	adcs	r4, r4
2000162a:	4363      	muls	r3, r4
2000162c:	0d1b      	lsrs	r3, r3, #20
2000162e:	4577      	cmp	r7, lr
20001630:	b25b      	sxtb	r3, r3
20001632:	d023      	beq.n	2000167c <irq_add_tail_to_free_list+0x90>
20001634:	f992 4006 	ldrsb.w	r4, [r2, #6]
20001638:	429c      	cmp	r4, r3
2000163a:	d024      	beq.n	20001686 <irq_add_tail_to_free_list+0x9a>
2000163c:	f992 4012 	ldrsb.w	r4, [r2, #18]
20001640:	429c      	cmp	r4, r3
20001642:	d02b      	beq.n	2000169c <irq_add_tail_to_free_list+0xb0>
20001644:	f992 401e 	ldrsb.w	r4, [r2, #30]
20001648:	429c      	cmp	r4, r3
2000164a:	d029      	beq.n	200016a0 <irq_add_tail_to_free_list+0xb4>
2000164c:	f992 402a 	ldrsb.w	r4, [r2, #42]	@ 0x2a
20001650:	429c      	cmp	r4, r3
20001652:	d027      	beq.n	200016a4 <irq_add_tail_to_free_list+0xb8>
20001654:	f992 4036 	ldrsb.w	r4, [r2, #54]	@ 0x36
20001658:	429c      	cmp	r4, r3
2000165a:	d025      	beq.n	200016a8 <irq_add_tail_to_free_list+0xbc>
2000165c:	f992 4042 	ldrsb.w	r4, [r2, #66]	@ 0x42
20001660:	429c      	cmp	r4, r3
20001662:	bf08      	it	eq
20001664:	2405      	moveq	r4, #5
20001666:	d00f      	beq.n	20001688 <irq_add_tail_to_free_list+0x9c>
20001668:	4a13      	ldr	r2, [pc, #76]	@ (200016b8 <irq_add_tail_to_free_list+0xcc>)
2000166a:	2400      	movs	r4, #0
2000166c:	7815      	ldrb	r5, [r2, #0]
2000166e:	7013      	strb	r3, [r2, #0]
20001670:	7185      	strb	r5, [r0, #6]
20001672:	e8c1 4f8f 	stlb	r4, [r1]
20001676:	f38c 8810 	msr	PRIMASK, ip
2000167a:	bdf0      	pop	{r4, r5, r6, r7, pc}
2000167c:	68b2      	ldr	r2, [r6, #8]
2000167e:	4c0f      	ldr	r4, [pc, #60]	@ (200016bc <irq_add_tail_to_free_list+0xd0>)
20001680:	f842 4025 	str.w	r4, [r2, r5, lsl #2]
20001684:	e7f0      	b.n	20001668 <irq_add_tail_to_free_list+0x7c>
20001686:	2400      	movs	r4, #0
20001688:	eb04 0444 	add.w	r4, r4, r4, lsl #1
2000168c:	eb02 0284 	add.w	r2, r2, r4, lsl #2
20001690:	24ff      	movs	r4, #255	@ 0xff
20001692:	7194      	strb	r4, [r2, #6]
20001694:	f64b 5401 	movw	r4, #48385	@ 0xbd01
20001698:	8094      	strh	r4, [r2, #4]
2000169a:	e7e5      	b.n	20001668 <irq_add_tail_to_free_list+0x7c>
2000169c:	2401      	movs	r4, #1
2000169e:	e7f3      	b.n	20001688 <irq_add_tail_to_free_list+0x9c>
200016a0:	2402      	movs	r4, #2
200016a2:	e7f1      	b.n	20001688 <irq_add_tail_to_free_list+0x9c>
200016a4:	2403      	movs	r4, #3
200016a6:	e7ef      	b.n	20001688 <irq_add_tail_to_free_list+0x9c>
200016a8:	2404      	movs	r4, #4
200016aa:	e7ed      	b.n	20001688 <irq_add_tail_to_free_list+0x9c>
200016ac:	200090b1 	.word	0x200090b1
200016b0:	e000ed00 	.word	0xe000ed00
200016b4:	20008c60 	.word	0x20008c60
200016b8:	200099c0 	.word	0x200099c0
200016bc:	10000111 	.word	0x10000111

200016c0 <user_irq_claim_unused>:
200016c0:	b510      	push	{r4, lr}
200016c2:	4c07      	ldr	r4, [pc, #28]	@ (200016e0 <user_irq_claim_unused+0x20>)
200016c4:	b082      	sub	sp, #8
200016c6:	4601      	mov	r1, r0
200016c8:	2305      	movs	r3, #5
200016ca:	2200      	movs	r2, #0
200016cc:	9400      	str	r4, [sp, #0]
200016ce:	4805      	ldr	r0, [pc, #20]	@ (200016e4 <user_irq_claim_unused+0x24>)
200016d0:	f7ff fd9e 	bl	20001210 <hw_claim_unused_from_range>
200016d4:	2800      	cmp	r0, #0
200016d6:	bfa8      	it	ge
200016d8:	f1c0 0033 	rsbge	r0, r0, #51	@ 0x33
200016dc:	b002      	add	sp, #8
200016de:	bd10      	pop	{r4, pc}
200016e0:	20008888 	.word	0x20008888
200016e4:	200099c5 	.word	0x200099c5

200016e8 <lock_init>:
200016e8:	4b01      	ldr	r3, [pc, #4]	@ (200016f0 <lock_init+0x8>)
200016ea:	440b      	add	r3, r1
200016ec:	6003      	str	r3, [r0, #0]
200016ee:	4770      	bx	lr
200016f0:	200090a8 	.word	0x200090a8

200016f4 <runtime_init_mutex>:
200016f4:	b570      	push	{r4, r5, r6, lr}
200016f6:	4c10      	ldr	r4, [pc, #64]	@ (20001738 <runtime_init_mutex+0x44>)
200016f8:	4d10      	ldr	r5, [pc, #64]	@ (2000173c <runtime_init_mutex+0x48>)
200016fa:	42ac      	cmp	r4, r5
200016fc:	d20e      	bcs.n	2000171c <runtime_init_mutex+0x28>
200016fe:	26ff      	movs	r6, #255	@ 0xff
20001700:	6823      	ldr	r3, [r4, #0]
20001702:	b163      	cbz	r3, 2000171e <runtime_init_mutex+0x2a>
20001704:	f7ff fdd2 	bl	200012ac <next_striped_spin_lock_num>
20001708:	4601      	mov	r1, r0
2000170a:	4620      	mov	r0, r4
2000170c:	f7ff ffec 	bl	200016e8 <lock_init>
20001710:	80a6      	strh	r6, [r4, #4]
20001712:	f3bf 8f5f 	dmb	sy
20001716:	3408      	adds	r4, #8
20001718:	42ac      	cmp	r4, r5
2000171a:	d3f1      	bcc.n	20001700 <runtime_init_mutex+0xc>
2000171c:	bd70      	pop	{r4, r5, r6, pc}
2000171e:	f7ff fdc5 	bl	200012ac <next_striped_spin_lock_num>
20001722:	4601      	mov	r1, r0
20001724:	4620      	mov	r0, r4
20001726:	f7ff ffdf 	bl	200016e8 <lock_init>
2000172a:	7126      	strb	r6, [r4, #4]
2000172c:	f3bf 8f5f 	dmb	sy
20001730:	3408      	adds	r4, #8
20001732:	42ac      	cmp	r4, r5
20001734:	d3e4      	bcc.n	20001700 <runtime_init_mutex+0xc>
20001736:	bd70      	pop	{r4, r5, r6, pc}
20001738:	20008d1c 	.word	0x20008d1c
2000173c:	20008d2c 	.word	0x20008d2c

20001740 <mutex_init>:
20001740:	b510      	push	{r4, lr}
20001742:	4604      	mov	r4, r0
20001744:	f7ff fdb2 	bl	200012ac <next_striped_spin_lock_num>
20001748:	4601      	mov	r1, r0
2000174a:	4620      	mov	r0, r4
2000174c:	f7ff ffcc 	bl	200016e8 <lock_init>
20001750:	23ff      	movs	r3, #255	@ 0xff
20001752:	7123      	strb	r3, [r4, #4]
20001754:	f3bf 8f5f 	dmb	sy
20001758:	bd10      	pop	{r4, pc}
2000175a:	bf00      	nop

2000175c <critical_section_init>:
2000175c:	b510      	push	{r4, lr}
2000175e:	4604      	mov	r4, r0
20001760:	2001      	movs	r0, #1
20001762:	f7ff fdaf 	bl	200012c4 <spin_lock_claim_unused>
20001766:	4b03      	ldr	r3, [pc, #12]	@ (20001774 <critical_section_init+0x18>)
20001768:	4403      	add	r3, r0
2000176a:	6023      	str	r3, [r4, #0]
2000176c:	f3bf 8f5f 	dmb	sy
20001770:	bd10      	pop	{r4, pc}
20001772:	bf00      	nop
20001774:	200090a8 	.word	0x200090a8

20001778 <critical_section_init_with_lock_num>:
20001778:	4b02      	ldr	r3, [pc, #8]	@ (20001784 <critical_section_init_with_lock_num+0xc>)
2000177a:	440b      	add	r3, r1
2000177c:	6003      	str	r3, [r0, #0]
2000177e:	f3bf 8f5f 	dmb	sy
20001782:	4770      	bx	lr
20001784:	200090a8 	.word	0x200090a8

20001788 <sleep_until_callback>:
20001788:	4910      	ldr	r1, [pc, #64]	@ (200017cc <sleep_until_callback+0x44>)
2000178a:	680b      	ldr	r3, [r1, #0]
2000178c:	f3ef 8010 	mrs	r0, PRIMASK
20001790:	b672      	cpsid	i
20001792:	e8d3 cfcf 	ldaexb	ip, [r3]
20001796:	2201      	movs	r2, #1
20001798:	f1bc 0f00 	cmp.w	ip, #0
2000179c:	d1f9      	bne.n	20001792 <sleep_until_callback+0xa>
2000179e:	e8c3 2f4c 	strexb	ip, r2, [r3]
200017a2:	f1bc 0f00 	cmp.w	ip, #0
200017a6:	d1f4      	bne.n	20001792 <sleep_until_callback+0xa>
200017a8:	f3bf 8f5f 	dmb	sy
200017ac:	4a08      	ldr	r2, [pc, #32]	@ (200017d0 <sleep_until_callback+0x48>)
200017ae:	f04f 0c00 	mov.w	ip, #0
200017b2:	7813      	ldrb	r3, [r2, #0]
200017b4:	6809      	ldr	r1, [r1, #0]
200017b6:	3301      	adds	r3, #1
200017b8:	b2db      	uxtb	r3, r3
200017ba:	7013      	strb	r3, [r2, #0]
200017bc:	e8c1 cf8f 	stlb	ip, [r1]
200017c0:	f380 8810 	msr	PRIMASK, r0
200017c4:	bf40      	sev
200017c6:	2000      	movs	r0, #0
200017c8:	2100      	movs	r1, #0
200017ca:	4770      	bx	lr
200017cc:	20009990 	.word	0x20009990
200017d0:	200099c2 	.word	0x200099c2
200017d4:	00000000 	.word	0x00000000

200017d8 <alarm_pool_irq_handler>:
200017d8:	e92d 4ff0 	stmdb	sp!, {r4, r5, r6, r7, r8, r9, sl, fp, lr}
200017dc:	ed2d 8b02 	vpush	{d8}
200017e0:	b085      	sub	sp, #20
200017e2:	f3ef 8305 	mrs	r3, IPSR
200017e6:	b2db      	uxtb	r3, r3
200017e8:	3b10      	subs	r3, #16
200017ea:	089a      	lsrs	r2, r3, #2
200017ec:	bf18      	it	ne
200017ee:	2201      	movne	r2, #1
200017f0:	f04f 0101 	mov.w	r1, #1
200017f4:	f003 0003 	and.w	r0, r3, #3
200017f8:	bf18      	it	ne
200017fa:	4daf      	ldrne	r5, [pc, #700]	@ (20001ab8 <alarm_pool_irq_handler+0x2e0>)
200017fc:	4baf      	ldr	r3, [pc, #700]	@ (20001abc <alarm_pool_irq_handler+0x2e4>)
200017fe:	bf08      	it	eq
20001800:	4daf      	ldreq	r5, [pc, #700]	@ (20001ac0 <alarm_pool_irq_handler+0x2e8>)
20001802:	eb00 0282 	add.w	r2, r0, r2, lsl #2
20001806:	f853 6022 	ldr.w	r6, [r3, r2, lsl #2]
2000180a:	fa01 fb00 	lsl.w	fp, r1, r0
2000180e:	f505 5341 	add.w	r3, r5, #12352	@ 0x3040
20001812:	ed9f 8ba7 	vldr	d8, [pc, #668]	@ 20001ab0 <alarm_pool_irq_handler+0x2d8>
20001816:	9001      	str	r0, [sp, #4]
20001818:	f8c3 b004 	str.w	fp, [r3, #4]
2000181c:	e02e      	b.n	2000187c <alarm_pool_irq_handler+0xa4>
2000181e:	88b3      	ldrh	r3, [r6, #4]
20001820:	0418      	lsls	r0, r3, #16
20001822:	f140 8092 	bpl.w	2000194a <alarm_pool_irq_handler+0x172>
20001826:	79b3      	ldrb	r3, [r6, #6]
20001828:	2b00      	cmp	r3, #0
2000182a:	f040 80dc 	bne.w	200019e6 <alarm_pool_irq_handler+0x20e>
2000182e:	f9b6 1008 	ldrsh.w	r1, [r6, #8]
20001832:	2900      	cmp	r1, #0
20001834:	f2c0 811d 	blt.w	20001a72 <alarm_pool_irq_handler+0x29a>
20001838:	6973      	ldr	r3, [r6, #20]
2000183a:	eb01 0141 	add.w	r1, r1, r1, lsl #1
2000183e:	eb03 03c1 	add.w	r3, r3, r1, lsl #3
20001842:	e9d3 4702 	ldrd	r4, r7, [r3, #8]
20001846:	f1b7 3fff 	cmp.w	r7, #4294967295	@ 0xffffffff
2000184a:	bf08      	it	eq
2000184c:	f1b4 3fff 	cmpeq.w	r4, #4294967295	@ 0xffffffff
20001850:	d00d      	beq.n	2000186e <alarm_pool_irq_handler+0x96>
20001852:	9b01      	ldr	r3, [sp, #4]
20001854:	eb05 0183 	add.w	r1, r5, r3, lsl #2
20001858:	6aab      	ldr	r3, [r5, #40]	@ 0x28
2000185a:	690a      	ldr	r2, [r1, #16]
2000185c:	1ad2      	subs	r2, r2, r3
2000185e:	1ae3      	subs	r3, r4, r3
20001860:	4293      	cmp	r3, r2
20001862:	d303      	bcc.n	2000186c <alarm_pool_irq_handler+0x94>
20001864:	6a2b      	ldr	r3, [r5, #32]
20001866:	ea13 0f0b 	tst.w	r3, fp
2000186a:	d100      	bne.n	2000186e <alarm_pool_irq_handler+0x96>
2000186c:	610c      	str	r4, [r1, #16]
2000186e:	4628      	mov	r0, r5
20001870:	f000 fbbe 	bl	20001ff0 <timer_time_us_64>
20001874:	42a0      	cmp	r0, r4
20001876:	41b9      	sbcs	r1, r7
20001878:	f2c0 80fb 	blt.w	20001a72 <alarm_pool_irq_handler+0x29a>
2000187c:	f9b6 3008 	ldrsh.w	r3, [r6, #8]
20001880:	f8c5 b03c 	str.w	fp, [r5, #60]	@ 0x3c
20001884:	2b00      	cmp	r3, #0
20001886:	9300      	str	r3, [sp, #0]
20001888:	dbc9      	blt.n	2000181e <alarm_pool_irq_handler+0x46>
2000188a:	f8d6 9014 	ldr.w	r9, [r6, #20]
2000188e:	eb03 0a43 	add.w	sl, r3, r3, lsl #1
20001892:	4628      	mov	r0, r5
20001894:	eb09 07ca 	add.w	r7, r9, sl, lsl #3
20001898:	e9d7 4802 	ldrd	r4, r8, [r7, #8]
2000189c:	f000 fba8 	bl	20001ff0 <timer_time_us_64>
200018a0:	42a0      	cmp	r0, r4
200018a2:	eb71 0108 	sbcs.w	r1, r1, r8
200018a6:	dbba      	blt.n	2000181e <alarm_pool_irq_handler+0x46>
200018a8:	f1b8 0f00 	cmp.w	r8, #0
200018ac:	f2c0 80c3 	blt.w	20001a36 <alarm_pool_irq_handler+0x25e>
200018b0:	e9d7 3104 	ldrd	r3, r1, [r7, #16]
200018b4:	4a83      	ldr	r2, [pc, #524]	@ (20001ac4 <alarm_pool_irq_handler+0x2ec>)
200018b6:	4293      	cmp	r3, r2
200018b8:	f000 80ed 	beq.w	20001a96 <alarm_pool_irq_handler+0x2be>
200018bc:	887a      	ldrh	r2, [r7, #2]
200018be:	f9b6 0008 	ldrsh.w	r0, [r6, #8]
200018c2:	b292      	uxth	r2, r2
200018c4:	ea42 4000 	orr.w	r0, r2, r0, lsl #16
200018c8:	4798      	blx	r3
200018ca:	4602      	mov	r2, r0
200018cc:	460b      	mov	r3, r1
200018ce:	ea52 0103 	orrs.w	r1, r2, r3
200018d2:	f000 80b0 	beq.w	20001a36 <alarm_pool_irq_handler+0x25e>
200018d6:	2b00      	cmp	r3, #0
200018d8:	f280 80d1 	bge.w	20001a7e <alarm_pool_irq_handler+0x2a6>
200018dc:	ebb4 0e02 	subs.w	lr, r4, r2
200018e0:	eb68 0803 	sbc.w	r8, r8, r3
200018e4:	f939 303a 	ldrsh.w	r3, [r9, sl, lsl #3]
200018e8:	e9c7 e802 	strd	lr, r8, [r7, #8]
200018ec:	2b00      	cmp	r3, #0
200018ee:	db96      	blt.n	2000181e <alarm_pool_irq_handler+0x46>
200018f0:	6971      	ldr	r1, [r6, #20]
200018f2:	eb03 0243 	add.w	r2, r3, r3, lsl #1
200018f6:	eb01 02c2 	add.w	r2, r1, r2, lsl #3
200018fa:	e9d2 7002 	ldrd	r7, r0, [r2, #8]
200018fe:	45be      	cmp	lr, r7
20001900:	eb78 0c00 	sbcs.w	ip, r8, r0
20001904:	ea4f 0243 	mov.w	r2, r3, lsl #1
20001908:	db89      	blt.n	2000181e <alarm_pool_irq_handler+0x46>
2000190a:	46b4      	mov	ip, r6
2000190c:	f82c 3f08 	strh.w	r3, [ip, #8]!
20001910:	e00b      	b.n	2000192a <alarm_pool_irq_handler+0x152>
20001912:	f931 3032 	ldrsh.w	r3, [r1, r2, lsl #3]
20001916:	46a4      	mov	ip, r4
20001918:	2b00      	cmp	r3, #0
2000191a:	db0d      	blt.n	20001938 <alarm_pool_irq_handler+0x160>
2000191c:	eb03 0043 	add.w	r0, r3, r3, lsl #1
20001920:	eb01 00c0 	add.w	r0, r1, r0, lsl #3
20001924:	005a      	lsls	r2, r3, #1
20001926:	e9d0 7002 	ldrd	r7, r0, [r0, #8]
2000192a:	45be      	cmp	lr, r7
2000192c:	441a      	add	r2, r3
2000192e:	eb78 0000 	sbcs.w	r0, r8, r0
20001932:	eb01 04c2 	add.w	r4, r1, r2, lsl #3
20001936:	daec      	bge.n	20001912 <alarm_pool_irq_handler+0x13a>
20001938:	f829 303a 	strh.w	r3, [r9, sl, lsl #3]
2000193c:	9b00      	ldr	r3, [sp, #0]
2000193e:	f8ac 3000 	strh.w	r3, [ip]
20001942:	88b3      	ldrh	r3, [r6, #4]
20001944:	0418      	lsls	r0, r3, #16
20001946:	f53f af6e 	bmi.w	20001826 <alarm_pool_irq_handler+0x4e>
2000194a:	6933      	ldr	r3, [r6, #16]
2000194c:	f3ef 8210 	mrs	r2, PRIMASK
20001950:	b672      	cpsid	i
20001952:	e8d3 0fcf 	ldaexb	r0, [r3]
20001956:	2101      	movs	r1, #1
20001958:	2800      	cmp	r0, #0
2000195a:	d1fa      	bne.n	20001952 <alarm_pool_irq_handler+0x17a>
2000195c:	e8c3 1f40 	strexb	r0, r1, [r3]
20001960:	2800      	cmp	r0, #0
20001962:	d1f6      	bne.n	20001952 <alarm_pool_irq_handler+0x17a>
20001964:	f3bf 8f5f 	dmb	sy
20001968:	f64f 74ff 	movw	r4, #65535	@ 0xffff
2000196c:	88b0      	ldrh	r0, [r6, #4]
2000196e:	2300      	movs	r3, #0
20001970:	6931      	ldr	r1, [r6, #16]
20001972:	b200      	sxth	r0, r0
20001974:	80b4      	strh	r4, [r6, #4]
20001976:	e8c1 3f8f 	stlb	r3, [r1]
2000197a:	f382 8810 	msr	PRIMASK, r2
2000197e:	4298      	cmp	r0, r3
20001980:	f6ff af51 	blt.w	20001826 <alarm_pool_irq_handler+0x4e>
20001984:	4607      	mov	r7, r0
20001986:	46a9      	mov	r9, r5
20001988:	6974      	ldr	r4, [r6, #20]
2000198a:	f106 0808 	add.w	r8, r6, #8
2000198e:	eb07 0e47 	add.w	lr, r7, r7, lsl #1
20001992:	eb04 03ce 	add.w	r3, r4, lr, lsl #3
20001996:	e9d3 5002 	ldrd	r5, r0, [r3, #8]
2000199a:	f9b6 3008 	ldrsh.w	r3, [r6, #8]
2000199e:	46c4      	mov	ip, r8
200019a0:	2b00      	cmp	r3, #0
200019a2:	db13      	blt.n	200019cc <alarm_pool_irq_handler+0x1f4>
200019a4:	46b2      	mov	sl, r6
200019a6:	9700      	str	r7, [sp, #0]
200019a8:	e004      	b.n	200019b4 <alarm_pool_irq_handler+0x1dc>
200019aa:	f934 3036 	ldrsh.w	r3, [r4, r6, lsl #3]
200019ae:	4694      	mov	ip, r2
200019b0:	2b00      	cmp	r3, #0
200019b2:	db09      	blt.n	200019c8 <alarm_pool_irq_handler+0x1f0>
200019b4:	eb03 0643 	add.w	r6, r3, r3, lsl #1
200019b8:	eb04 02c6 	add.w	r2, r4, r6, lsl #3
200019bc:	e9d2 7102 	ldrd	r7, r1, [r2, #8]
200019c0:	42bd      	cmp	r5, r7
200019c2:	eb70 0101 	sbcs.w	r1, r0, r1
200019c6:	daf0      	bge.n	200019aa <alarm_pool_irq_handler+0x1d2>
200019c8:	4656      	mov	r6, sl
200019ca:	9f00      	ldr	r7, [sp, #0]
200019cc:	f8ac 7000 	strh.w	r7, [ip]
200019d0:	f934 703e 	ldrsh.w	r7, [r4, lr, lsl #3]
200019d4:	f824 303e 	strh.w	r3, [r4, lr, lsl #3]
200019d8:	2f00      	cmp	r7, #0
200019da:	dad8      	bge.n	2000198e <alarm_pool_irq_handler+0x1b6>
200019dc:	79b3      	ldrb	r3, [r6, #6]
200019de:	464d      	mov	r5, r9
200019e0:	2b00      	cmp	r3, #0
200019e2:	f43f af24 	beq.w	2000182e <alarm_pool_irq_handler+0x56>
200019e6:	2300      	movs	r3, #0
200019e8:	71b3      	strb	r3, [r6, #6]
200019ea:	f9b6 3008 	ldrsh.w	r3, [r6, #8]
200019ee:	f106 0808 	add.w	r8, r6, #8
200019f2:	1c59      	adds	r1, r3, #1
200019f4:	d03d      	beq.n	20001a72 <alarm_pool_irq_handler+0x29a>
200019f6:	4619      	mov	r1, r3
200019f8:	6977      	ldr	r7, [r6, #20]
200019fa:	e003      	b.n	20001a04 <alarm_pool_irq_handler+0x22c>
200019fc:	4680      	mov	r8, r0
200019fe:	1c5a      	adds	r2, r3, #1
20001a00:	f43f af17 	beq.w	20001832 <alarm_pool_irq_handler+0x5a>
20001a04:	eb03 0243 	add.w	r2, r3, r3, lsl #1
20001a08:	eb07 00c2 	add.w	r0, r7, r2, lsl #3
20001a0c:	f8b0 c002 	ldrh.w	ip, [r0, #2]
20001a10:	461c      	mov	r4, r3
20001a12:	f41c 4f00 	tst.w	ip, #32768	@ 0x8000
20001a16:	469e      	mov	lr, r3
20001a18:	f937 3032 	ldrsh.w	r3, [r7, r2, lsl #3]
20001a1c:	d0ee      	beq.n	200019fc <alarm_pool_irq_handler+0x224>
20001a1e:	428c      	cmp	r4, r1
20001a20:	ed80 8b02 	vstr	d8, [r0, #8]
20001a24:	d005      	beq.n	20001a32 <alarm_pool_irq_handler+0x25a>
20001a26:	f8a8 3000 	strh.w	r3, [r8]
20001a2a:	8931      	ldrh	r1, [r6, #8]
20001a2c:	f827 1032 	strh.w	r1, [r7, r2, lsl #3]
20001a30:	8134      	strh	r4, [r6, #8]
20001a32:	4671      	mov	r1, lr
20001a34:	e7e3      	b.n	200019fe <alarm_pool_irq_handler+0x226>
20001a36:	f839 303a 	ldrh.w	r3, [r9, sl, lsl #3]
20001a3a:	8133      	strh	r3, [r6, #8]
20001a3c:	6933      	ldr	r3, [r6, #16]
20001a3e:	f3ef 8210 	mrs	r2, PRIMASK
20001a42:	b672      	cpsid	i
20001a44:	e8d3 0fcf 	ldaexb	r0, [r3]
20001a48:	2101      	movs	r1, #1
20001a4a:	2800      	cmp	r0, #0
20001a4c:	d1fa      	bne.n	20001a44 <alarm_pool_irq_handler+0x26c>
20001a4e:	e8c3 1f40 	strexb	r0, r1, [r3]
20001a52:	2800      	cmp	r0, #0
20001a54:	d1f6      	bne.n	20001a44 <alarm_pool_irq_handler+0x26c>
20001a56:	f3bf 8f5f 	dmb	sy
20001a5a:	8873      	ldrh	r3, [r6, #2]
20001a5c:	6931      	ldr	r1, [r6, #16]
20001a5e:	f829 303a 	strh.w	r3, [r9, sl, lsl #3]
20001a62:	9b00      	ldr	r3, [sp, #0]
20001a64:	8073      	strh	r3, [r6, #2]
20001a66:	2300      	movs	r3, #0
20001a68:	e8c1 3f8f 	stlb	r3, [r1]
20001a6c:	f382 8810 	msr	PRIMASK, r2
20001a70:	e6d5      	b.n	2000181e <alarm_pool_irq_handler+0x46>
20001a72:	bf40      	sev
20001a74:	b005      	add	sp, #20
20001a76:	ecbd 8b02 	vpop	{d8}
20001a7a:	e8bd 8ff0 	ldmia.w	sp!, {r4, r5, r6, r7, r8, r9, sl, fp, pc}
20001a7e:	4628      	mov	r0, r5
20001a80:	e9cd 2302 	strd	r2, r3, [sp, #8]
20001a84:	f000 fab4 	bl	20001ff0 <timer_time_us_64>
20001a88:	9a02      	ldr	r2, [sp, #8]
20001a8a:	9b03      	ldr	r3, [sp, #12]
20001a8c:	eb10 0e02 	adds.w	lr, r0, r2
20001a90:	eb43 0801 	adc.w	r8, r3, r1
20001a94:	e726      	b.n	200018e4 <alarm_pool_irq_handler+0x10c>
20001a96:	4608      	mov	r0, r1
20001a98:	690b      	ldr	r3, [r1, #16]
20001a9a:	9102      	str	r1, [sp, #8]
20001a9c:	4798      	blx	r3
20001a9e:	2800      	cmp	r0, #0
20001aa0:	d0c9      	beq.n	20001a36 <alarm_pool_irq_handler+0x25e>
20001aa2:	9902      	ldr	r1, [sp, #8]
20001aa4:	e9d1 2300 	ldrd	r2, r3, [r1]
20001aa8:	e711      	b.n	200018ce <alarm_pool_irq_handler+0xf6>
20001aaa:	bf00      	nop
20001aac:	f3af 8000 	nop.w
20001ab0:	ffffffff 	.word	0xffffffff
20001ab4:	ffffffff 	.word	0xffffffff
20001ab8:	400b8000 	.word	0x400b8000
20001abc:	20009960 	.word	0x20009960
20001ac0:	400b0000 	.word	0x400b0000
20001ac4:	200017d9 	.word	0x200017d9

20001ac8 <runtime_init_default_alarm_pool>:
20001ac8:	e92d 4ff8 	stmdb	sp!, {r3, r4, r5, r6, r7, r8, r9, sl, fp, lr}
20001acc:	4c36      	ldr	r4, [pc, #216]	@ (20001ba8 <runtime_init_default_alarm_pool+0xe0>)
20001ace:	6925      	ldr	r5, [r4, #16]
20001ad0:	b12d      	cbz	r5, 20001ade <runtime_init_default_alarm_pool+0x16>
20001ad2:	e8bd 4ff8 	ldmia.w	sp!, {r3, r4, r5, r6, r7, r8, r9, sl, fp, lr}
20001ad6:	210a      	movs	r1, #10
20001ad8:	4834      	ldr	r0, [pc, #208]	@ (20001bac <runtime_init_default_alarm_pool+0xe4>)
20001ada:	f7ff be05 	b.w	200016e8 <lock_init>
20001ade:	f8df 80e4 	ldr.w	r8, [pc, #228]	@ 20001bc4 <runtime_init_default_alarm_pool+0xfc>
20001ae2:	2103      	movs	r1, #3
20001ae4:	4640      	mov	r0, r8
20001ae6:	f000 fa71 	bl	20001fcc <timer_hardware_alarm_claim>
20001aea:	2603      	movs	r6, #3
20001aec:	f8c4 800c 	str.w	r8, [r4, #12]
20001af0:	f7ff fbdc 	bl	200012ac <next_striped_spin_lock_num>
20001af4:	f04f 4c50 	mov.w	ip, #3489660928	@ 0xd0000000
20001af8:	4b2d      	ldr	r3, [pc, #180]	@ (20001bb0 <runtime_init_default_alarm_pool+0xe8>)
20001afa:	7026      	strb	r6, [r4, #0]
20001afc:	4403      	add	r3, r0
20001afe:	6123      	str	r3, [r4, #16]
20001b00:	f8dc 3000 	ldr.w	r3, [ip]
20001b04:	210f      	movs	r1, #15
20001b06:	7063      	strb	r3, [r4, #1]
20001b08:	6963      	ldr	r3, [r4, #20]
20001b0a:	8061      	strh	r1, [r4, #2]
20001b0c:	831d      	strh	r5, [r3, #24]
20001b0e:	f04f 0504 	mov.w	r5, #4
20001b12:	f8a3 5078 	strh.w	r5, [r3, #120]	@ 0x78
20001b16:	f04f 0505 	mov.w	r5, #5
20001b1a:	f8a3 5090 	strh.w	r5, [r3, #144]	@ 0x90
20001b1e:	f04f 0506 	mov.w	r5, #6
20001b22:	f8a3 50a8 	strh.w	r5, [r3, #168]	@ 0xa8
20001b26:	f04f 0507 	mov.w	r5, #7
20001b2a:	210e      	movs	r1, #14
20001b2c:	f64f 72ff 	movw	r2, #65535	@ 0xffff
20001b30:	2708      	movs	r7, #8
20001b32:	f04f 0e0a 	mov.w	lr, #10
20001b36:	f8a3 50c0 	strh.w	r5, [r3, #192]	@ 0xc0
20001b3a:	f04f 0901 	mov.w	r9, #1
20001b3e:	f04f 0c0c 	mov.w	ip, #12
20001b42:	f04f 0b02 	mov.w	fp, #2
20001b46:	f04f 0a09 	mov.w	sl, #9
20001b4a:	200d      	movs	r0, #13
20001b4c:	f04f 050b 	mov.w	r5, #11
20001b50:	f8a3 1168 	strh.w	r1, [r3, #360]	@ 0x168
20001b54:	4917      	ldr	r1, [pc, #92]	@ (20001bb4 <runtime_init_default_alarm_pool+0xec>)
20001b56:	80a2      	strh	r2, [r4, #4]
20001b58:	f8a3 e108 	strh.w	lr, [r3, #264]	@ 0x108
20001b5c:	60a1      	str	r1, [r4, #8]
20001b5e:	f8a3 b048 	strh.w	fp, [r3, #72]	@ 0x48
20001b62:	f8a3 a0f0 	strh.w	sl, [r3, #240]	@ 0xf0
20001b66:	f8a3 5120 	strh.w	r5, [r3, #288]	@ 0x120
20001b6a:	f8a3 c138 	strh.w	ip, [r3, #312]	@ 0x138
20001b6e:	f8a3 0150 	strh.w	r0, [r3, #336]	@ 0x150
20001b72:	f8a3 9030 	strh.w	r9, [r3, #48]	@ 0x30
20001b76:	f8a3 6060 	strh.w	r6, [r3, #96]	@ 0x60
20001b7a:	f8a3 70d8 	strh.w	r7, [r3, #216]	@ 0xd8
20001b7e:	801a      	strh	r2, [r3, #0]
20001b80:	4b0d      	ldr	r3, [pc, #52]	@ (20001bb8 <runtime_init_default_alarm_pool+0xf0>)
20001b82:	4630      	mov	r0, r6
20001b84:	f8c8 7020 	str.w	r7, [r8, #32]
20001b88:	490c      	ldr	r1, [pc, #48]	@ (20001bbc <runtime_init_default_alarm_pool+0xf4>)
20001b8a:	60dc      	str	r4, [r3, #12]
20001b8c:	f7ff fc20 	bl	200013d0 <irq_set_exclusive_handler>
20001b90:	4649      	mov	r1, r9
20001b92:	4630      	mov	r0, r6
20001b94:	f7ff fbda 	bl	2000134c <irq_set_enabled>
20001b98:	4b09      	ldr	r3, [pc, #36]	@ (20001bc0 <runtime_init_default_alarm_pool+0xf8>)
20001b9a:	210a      	movs	r1, #10
20001b9c:	641f      	str	r7, [r3, #64]	@ 0x40
20001b9e:	4803      	ldr	r0, [pc, #12]	@ (20001bac <runtime_init_default_alarm_pool+0xe4>)
20001ba0:	e8bd 4ff8 	ldmia.w	sp!, {r3, r4, r5, r6, r7, r8, r9, sl, fp, lr}
20001ba4:	f7ff bda0 	b.w	200016e8 <lock_init>
20001ba8:	20008cc8 	.word	0x20008cc8
20001bac:	20009990 	.word	0x20009990
20001bb0:	200090a8 	.word	0x200090a8
20001bb4:	0010ffff 	.word	0x0010ffff
20001bb8:	20009960 	.word	0x20009960
20001bbc:	200017d9 	.word	0x200017d9
20001bc0:	400b2000 	.word	0x400b2000
20001bc4:	400b0000 	.word	0x400b0000

20001bc8 <alarm_pool_get_default>:
20001bc8:	4800      	ldr	r0, [pc, #0]	@ (20001bcc <alarm_pool_get_default+0x4>)
20001bca:	4770      	bx	lr
20001bcc:	20008cc8 	.word	0x20008cc8

20001bd0 <alarm_pool_add_alarm_at>:
20001bd0:	b5f8      	push	{r3, r4, r5, r6, r7, lr}
20001bd2:	f89d 7020 	ldrb.w	r7, [sp, #32]
20001bd6:	4604      	mov	r4, r0
20001bd8:	4616      	mov	r6, r2
20001bda:	461d      	mov	r5, r3
20001bdc:	b937      	cbnz	r7, 20001bec <alarm_pool_add_alarm_at+0x1c>
20001bde:	f000 fa0f 	bl	20002000 <time_us_64>
20001be2:	4286      	cmp	r6, r0
20001be4:	eb65 0101 	sbc.w	r1, r5, r1
20001be8:	2900      	cmp	r1, #0
20001bea:	db5c      	blt.n	20001ca6 <alarm_pool_add_alarm_at+0xd6>
20001bec:	6923      	ldr	r3, [r4, #16]
20001bee:	f3ef 8710 	mrs	r7, PRIMASK
20001bf2:	b672      	cpsid	i
20001bf4:	e8d3 1fcf 	ldaexb	r1, [r3]
20001bf8:	2201      	movs	r2, #1
20001bfa:	2900      	cmp	r1, #0
20001bfc:	d1fa      	bne.n	20001bf4 <alarm_pool_add_alarm_at+0x24>
20001bfe:	e8c3 2f41 	strexb	r1, r2, [r3]
20001c02:	2900      	cmp	r1, #0
20001c04:	d1f6      	bne.n	20001bf4 <alarm_pool_add_alarm_at+0x24>
20001c06:	f3bf 8f5f 	dmb	sy
20001c0a:	f9b4 c002 	ldrsh.w	ip, [r4, #2]
20001c0e:	6963      	ldr	r3, [r4, #20]
20001c10:	eb0c 014c 	add.w	r1, ip, ip, lsl #1
20001c14:	f1bc 0f00 	cmp.w	ip, #0
20001c18:	ea4f 02c1 	mov.w	r2, r1, lsl #3
20001c1c:	eb03 01c1 	add.w	r1, r3, r1, lsl #3
20001c20:	db38      	blt.n	20001c94 <alarm_pool_add_alarm_at+0xc4>
20001c22:	5a98      	ldrh	r0, [r3, r2]
20001c24:	f04f 0e00 	mov.w	lr, #0
20001c28:	8060      	strh	r0, [r4, #2]
20001c2a:	6920      	ldr	r0, [r4, #16]
20001c2c:	e8c0 ef8f 	stlb	lr, [r0]
20001c30:	f387 8810 	msr	PRIMASK, r7
20001c34:	9806      	ldr	r0, [sp, #24]
20001c36:	e9c1 6502 	strd	r6, r5, [r1, #8]
20001c3a:	6108      	str	r0, [r1, #16]
20001c3c:	9807      	ldr	r0, [sp, #28]
20001c3e:	6148      	str	r0, [r1, #20]
20001c40:	8848      	ldrh	r0, [r1, #2]
20001c42:	3001      	adds	r0, #1
20001c44:	f3c0 000e 	ubfx	r0, r0, #0, #15
20001c48:	2801      	cmp	r0, #1
20001c4a:	bf38      	it	cc
20001c4c:	2001      	movcc	r0, #1
20001c4e:	8048      	strh	r0, [r1, #2]
20001c50:	ea40 400c 	orr.w	r0, r0, ip, lsl #16
20001c54:	6921      	ldr	r1, [r4, #16]
20001c56:	f3ef 8510 	mrs	r5, PRIMASK
20001c5a:	b672      	cpsid	i
20001c5c:	e8d1 7fcf 	ldaexb	r7, [r1]
20001c60:	2601      	movs	r6, #1
20001c62:	2f00      	cmp	r7, #0
20001c64:	d1fa      	bne.n	20001c5c <alarm_pool_add_alarm_at+0x8c>
20001c66:	e8c1 6f47 	strexb	r7, r6, [r1]
20001c6a:	2f00      	cmp	r7, #0
20001c6c:	d1f6      	bne.n	20001c5c <alarm_pool_add_alarm_at+0x8c>
20001c6e:	f3bf 8f5f 	dmb	sy
20001c72:	88a1      	ldrh	r1, [r4, #4]
20001c74:	5299      	strh	r1, [r3, r2]
20001c76:	f8a4 c004 	strh.w	ip, [r4, #4]
20001c7a:	6923      	ldr	r3, [r4, #16]
20001c7c:	e8c3 ef8f 	stlb	lr, [r3]
20001c80:	f385 8810 	msr	PRIMASK, r5
20001c84:	2201      	movs	r2, #1
20001c86:	68e3      	ldr	r3, [r4, #12]
20001c88:	7821      	ldrb	r1, [r4, #0]
20001c8a:	f503 5301 	add.w	r3, r3, #8256	@ 0x2040
20001c8e:	408a      	lsls	r2, r1
20001c90:	605a      	str	r2, [r3, #4]
20001c92:	bdf8      	pop	{r3, r4, r5, r6, r7, pc}
20001c94:	2300      	movs	r3, #0
20001c96:	6922      	ldr	r2, [r4, #16]
20001c98:	e8c2 3f8f 	stlb	r3, [r2]
20001c9c:	f387 8810 	msr	PRIMASK, r7
20001ca0:	f04f 30ff 	mov.w	r0, #4294967295	@ 0xffffffff
20001ca4:	bdf8      	pop	{r3, r4, r5, r6, r7, pc}
20001ca6:	4638      	mov	r0, r7
20001ca8:	bdf8      	pop	{r3, r4, r5, r6, r7, pc}
20001caa:	bf00      	nop

20001cac <alarm_pool_add_alarm_at_force_in_context>:
20001cac:	4601      	mov	r1, r0
20001cae:	b5f0      	push	{r4, r5, r6, r7, lr}
20001cb0:	6900      	ldr	r0, [r0, #16]
20001cb2:	f3ef 8710 	mrs	r7, PRIMASK
20001cb6:	b672      	cpsid	i
20001cb8:	e8d0 5fcf 	ldaexb	r5, [r0]
20001cbc:	2401      	movs	r4, #1
20001cbe:	2d00      	cmp	r5, #0
20001cc0:	d1fa      	bne.n	20001cb8 <alarm_pool_add_alarm_at_force_in_context+0xc>
20001cc2:	e8c0 4f45 	strexb	r5, r4, [r0]
20001cc6:	2d00      	cmp	r5, #0
20001cc8:	d1f6      	bne.n	20001cb8 <alarm_pool_add_alarm_at_force_in_context+0xc>
20001cca:	f3bf 8f5f 	dmb	sy
20001cce:	f9b1 e002 	ldrsh.w	lr, [r1, #2]
20001cd2:	694c      	ldr	r4, [r1, #20]
20001cd4:	eb0e 0c4e 	add.w	ip, lr, lr, lsl #1
20001cd8:	f1be 0f00 	cmp.w	lr, #0
20001cdc:	ea4f 05cc 	mov.w	r5, ip, lsl #3
20001ce0:	eb04 0ccc 	add.w	ip, r4, ip, lsl #3
20001ce4:	db3d      	blt.n	20001d62 <alarm_pool_add_alarm_at_force_in_context+0xb6>
20001ce6:	5b60      	ldrh	r0, [r4, r5]
20001ce8:	2600      	movs	r6, #0
20001cea:	8048      	strh	r0, [r1, #2]
20001cec:	6908      	ldr	r0, [r1, #16]
20001cee:	e8c0 6f8f 	stlb	r6, [r0]
20001cf2:	f387 8810 	msr	PRIMASK, r7
20001cf6:	f8bc 0002 	ldrh.w	r0, [ip, #2]
20001cfa:	e9cc 2302 	strd	r2, r3, [ip, #8]
20001cfe:	3001      	adds	r0, #1
20001d00:	f3c0 000e 	ubfx	r0, r0, #0, #15
20001d04:	2801      	cmp	r0, #1
20001d06:	bf38      	it	cc
20001d08:	2001      	movcc	r0, #1
20001d0a:	9b05      	ldr	r3, [sp, #20]
20001d0c:	f8ac 0002 	strh.w	r0, [ip, #2]
20001d10:	f8cc 3010 	str.w	r3, [ip, #16]
20001d14:	9b06      	ldr	r3, [sp, #24]
20001d16:	ea40 400e 	orr.w	r0, r0, lr, lsl #16
20001d1a:	f8cc 3014 	str.w	r3, [ip, #20]
20001d1e:	690b      	ldr	r3, [r1, #16]
20001d20:	f3ef 8210 	mrs	r2, PRIMASK
20001d24:	b672      	cpsid	i
20001d26:	e8d3 cfcf 	ldaexb	ip, [r3]
20001d2a:	2701      	movs	r7, #1
20001d2c:	f1bc 0f00 	cmp.w	ip, #0
20001d30:	d1f9      	bne.n	20001d26 <alarm_pool_add_alarm_at_force_in_context+0x7a>
20001d32:	e8c3 7f4c 	strexb	ip, r7, [r3]
20001d36:	f1bc 0f00 	cmp.w	ip, #0
20001d3a:	d1f4      	bne.n	20001d26 <alarm_pool_add_alarm_at_force_in_context+0x7a>
20001d3c:	f3bf 8f5f 	dmb	sy
20001d40:	888b      	ldrh	r3, [r1, #4]
20001d42:	5363      	strh	r3, [r4, r5]
20001d44:	f8a1 e004 	strh.w	lr, [r1, #4]
20001d48:	690b      	ldr	r3, [r1, #16]
20001d4a:	e8c3 6f8f 	stlb	r6, [r3]
20001d4e:	f382 8810 	msr	PRIMASK, r2
20001d52:	2201      	movs	r2, #1
20001d54:	68cb      	ldr	r3, [r1, #12]
20001d56:	7809      	ldrb	r1, [r1, #0]
20001d58:	f503 5301 	add.w	r3, r3, #8256	@ 0x2040
20001d5c:	408a      	lsls	r2, r1
20001d5e:	605a      	str	r2, [r3, #4]
20001d60:	bdf0      	pop	{r4, r5, r6, r7, pc}
20001d62:	2300      	movs	r3, #0
20001d64:	690a      	ldr	r2, [r1, #16]
20001d66:	e8c2 3f8f 	stlb	r3, [r2]
20001d6a:	f387 8810 	msr	PRIMASK, r7
20001d6e:	f04f 30ff 	mov.w	r0, #4294967295	@ 0xffffffff
20001d72:	bdf0      	pop	{r4, r5, r6, r7, pc}

20001d74 <alarm_pool_cancel_alarm>:
20001d74:	4603      	mov	r3, r0
20001d76:	8940      	ldrh	r0, [r0, #10]
20001d78:	ebb0 4f21 	cmp.w	r0, r1, asr #16
20001d7c:	dd37      	ble.n	20001dee <alarm_pool_cancel_alarm+0x7a>
20001d7e:	6958      	ldr	r0, [r3, #20]
20001d80:	140a      	asrs	r2, r1, #16
20001d82:	eb02 0242 	add.w	r2, r2, r2, lsl #1
20001d86:	b510      	push	{r4, lr}
20001d88:	eb00 00c2 	add.w	r0, r0, r2, lsl #3
20001d8c:	691c      	ldr	r4, [r3, #16]
20001d8e:	f3ef 8c10 	mrs	ip, PRIMASK
20001d92:	b672      	cpsid	i
20001d94:	e8d4 efcf 	ldaexb	lr, [r4]
20001d98:	2201      	movs	r2, #1
20001d9a:	f1be 0f00 	cmp.w	lr, #0
20001d9e:	d1f9      	bne.n	20001d94 <alarm_pool_cancel_alarm+0x20>
20001da0:	e8c4 2f4e 	strexb	lr, r2, [r4]
20001da4:	f1be 0f00 	cmp.w	lr, #0
20001da8:	d1f4      	bne.n	20001d94 <alarm_pool_cancel_alarm+0x20>
20001daa:	f3bf 8f5f 	dmb	sy
20001dae:	8842      	ldrh	r2, [r0, #2]
20001db0:	b289      	uxth	r1, r1
20001db2:	b292      	uxth	r2, r2
20001db4:	428a      	cmp	r2, r1
20001db6:	d007      	beq.n	20001dc8 <alarm_pool_cancel_alarm+0x54>
20001db8:	2200      	movs	r2, #0
20001dba:	691b      	ldr	r3, [r3, #16]
20001dbc:	e8c3 2f8f 	stlb	r2, [r3]
20001dc0:	f38c 8810 	msr	PRIMASK, ip
20001dc4:	2000      	movs	r0, #0
20001dc6:	bd10      	pop	{r4, pc}
20001dc8:	f442 4200 	orr.w	r2, r2, #32768	@ 0x8000
20001dcc:	8042      	strh	r2, [r0, #2]
20001dce:	2101      	movs	r1, #1
20001dd0:	2200      	movs	r2, #0
20001dd2:	6918      	ldr	r0, [r3, #16]
20001dd4:	7199      	strb	r1, [r3, #6]
20001dd6:	e8c0 2f8f 	stlb	r2, [r0]
20001dda:	f38c 8810 	msr	PRIMASK, ip
20001dde:	781c      	ldrb	r4, [r3, #0]
20001de0:	68da      	ldr	r2, [r3, #12]
20001de2:	4608      	mov	r0, r1
20001de4:	f502 5301 	add.w	r3, r2, #8256	@ 0x2040
20001de8:	40a1      	lsls	r1, r4
20001dea:	6059      	str	r1, [r3, #4]
20001dec:	bd10      	pop	{r4, pc}
20001dee:	2000      	movs	r0, #0
20001df0:	4770      	bx	lr
20001df2:	bf00      	nop

20001df4 <alarm_pool_core_num>:
20001df4:	7840      	ldrb	r0, [r0, #1]
20001df6:	4770      	bx	lr

20001df8 <sleep_until>:
20001df8:	e92d 43f0 	stmdb	sp!, {r4, r5, r6, r7, r8, r9, lr}
20001dfc:	1f87      	subs	r7, r0, #6
20001dfe:	f141 35ff 	adc.w	r5, r1, #4294967295	@ 0xffffffff
20001e02:	42b8      	cmp	r0, r7
20001e04:	eb71 0305 	sbcs.w	r3, r1, r5
20001e08:	bf38      	it	cc
20001e0a:	2700      	movcc	r7, #0
20001e0c:	b083      	sub	sp, #12
20001e0e:	bf38      	it	cc
20001e10:	463d      	movcc	r5, r7
20001e12:	4604      	mov	r4, r0
20001e14:	460e      	mov	r6, r1
20001e16:	f000 f8f3 	bl	20002000 <time_us_64>
20001e1a:	1a38      	subs	r0, r7, r0
20001e1c:	eb65 0301 	sbc.w	r3, r5, r1
20001e20:	2801      	cmp	r0, #1
20001e22:	f173 0300 	sbcs.w	r3, r3, #0
20001e26:	da06      	bge.n	20001e36 <sleep_until+0x3e>
20001e28:	4620      	mov	r0, r4
20001e2a:	4631      	mov	r1, r6
20001e2c:	b003      	add	sp, #12
20001e2e:	e8bd 43f0 	ldmia.w	sp!, {r4, r5, r6, r7, r8, r9, lr}
20001e32:	f000 b8ef 	b.w	20002014 <busy_wait_until>
20001e36:	f000 f8e3 	bl	20002000 <time_us_64>
20001e3a:	4287      	cmp	r7, r0
20001e3c:	eb65 0101 	sbc.w	r1, r5, r1
20001e40:	2900      	cmp	r1, #0
20001e42:	db0a      	blt.n	20001e5a <sleep_until+0x62>
20001e44:	2100      	movs	r1, #0
20001e46:	4b1c      	ldr	r3, [pc, #112]	@ (20001eb8 <sleep_until+0xc0>)
20001e48:	463a      	mov	r2, r7
20001e4a:	9300      	str	r3, [sp, #0]
20001e4c:	481b      	ldr	r0, [pc, #108]	@ (20001ebc <sleep_until+0xc4>)
20001e4e:	462b      	mov	r3, r5
20001e50:	9101      	str	r1, [sp, #4]
20001e52:	f7ff ff2b 	bl	20001cac <alarm_pool_add_alarm_at_force_in_context>
20001e56:	2800      	cmp	r0, #0
20001e58:	dbe6      	blt.n	20001e28 <sleep_until+0x30>
20001e5a:	f04f 0e00 	mov.w	lr, #0
20001e5e:	f8df c068 	ldr.w	ip, [pc, #104]	@ 20001ec8 <sleep_until+0xd0>
20001e62:	4917      	ldr	r1, [pc, #92]	@ (20001ec0 <sleep_until+0xc8>)
20001e64:	4a17      	ldr	r2, [pc, #92]	@ (20001ec4 <sleep_until+0xcc>)
20001e66:	f8dc 3024 	ldr.w	r3, [ip, #36]	@ 0x24
20001e6a:	429d      	cmp	r5, r3
20001e6c:	d805      	bhi.n	20001e7a <sleep_until+0x82>
20001e6e:	f8dc 0028 	ldr.w	r0, [ip, #40]	@ 0x28
20001e72:	42b8      	cmp	r0, r7
20001e74:	d2d8      	bcs.n	20001e28 <sleep_until+0x30>
20001e76:	429d      	cmp	r5, r3
20001e78:	d1d6      	bne.n	20001e28 <sleep_until+0x30>
20001e7a:	680b      	ldr	r3, [r1, #0]
20001e7c:	f3ef 8810 	mrs	r8, PRIMASK
20001e80:	b672      	cpsid	i
20001e82:	e8d3 9fcf 	ldaexb	r9, [r3]
20001e86:	2001      	movs	r0, #1
20001e88:	f1b9 0f00 	cmp.w	r9, #0
20001e8c:	d1f9      	bne.n	20001e82 <sleep_until+0x8a>
20001e8e:	e8c3 0f49 	strexb	r9, r0, [r3]
20001e92:	f1b9 0f00 	cmp.w	r9, #0
20001e96:	d1f4      	bne.n	20001e82 <sleep_until+0x8a>
20001e98:	f3bf 8f5f 	dmb	sy
20001e9c:	7810      	ldrb	r0, [r2, #0]
20001e9e:	680b      	ldr	r3, [r1, #0]
20001ea0:	b2c0      	uxtb	r0, r0
20001ea2:	e8c3 ef8f 	stlb	lr, [r3]
20001ea6:	f388 8810 	msr	PRIMASK, r8
20001eaa:	7813      	ldrb	r3, [r2, #0]
20001eac:	4283      	cmp	r3, r0
20001eae:	d100      	bne.n	20001eb2 <sleep_until+0xba>
20001eb0:	bf20      	wfe
20001eb2:	bf20      	wfe
20001eb4:	e7d7      	b.n	20001e66 <sleep_until+0x6e>
20001eb6:	bf00      	nop
20001eb8:	20001789 	.word	0x20001789
20001ebc:	20008cc8 	.word	0x20008cc8
20001ec0:	20009990 	.word	0x20009990
20001ec4:	200099c2 	.word	0x200099c2
20001ec8:	400b0000 	.word	0x400b0000

20001ecc <sleep_ms>:
20001ecc:	b510      	push	{r4, lr}
20001ece:	4604      	mov	r4, r0
20001ed0:	f000 f896 	bl	20002000 <time_us_64>
20001ed4:	f44f 737a 	mov.w	r3, #1000	@ 0x3e8
20001ed8:	f04f 3cff 	mov.w	ip, #4294967295	@ 0xffffffff
20001edc:	f06f 4200 	mvn.w	r2, #2147483648	@ 0x80000000
20001ee0:	fbe4 0103 	umlal	r0, r1, r4, r3
20001ee4:	e8bd 4010 	ldmia.w	sp!, {r4, lr}
20001ee8:	4584      	cmp	ip, r0
20001eea:	eb72 0301 	sbcs.w	r3, r2, r1
20001eee:	bf3c      	itt	cc
20001ef0:	4660      	movcc	r0, ip
20001ef2:	4611      	movcc	r1, r2
20001ef4:	f7ff bf80 	b.w	20001df8 <sleep_until>

20001ef8 <best_effort_wfe_or_timeout>:
20001ef8:	e92d 47f0 	stmdb	sp!, {r4, r5, r6, r7, r8, r9, sl, lr}
20001efc:	4605      	mov	r5, r0
20001efe:	460c      	mov	r4, r1
20001f00:	b082      	sub	sp, #8
20001f02:	f3ef 8705 	mrs	r7, IPSR
20001f06:	b2ff      	uxtb	r7, r7
20001f08:	2f00      	cmp	r7, #0
20001f0a:	d138      	bne.n	20001f7e <best_effort_wfe_or_timeout+0x86>
20001f0c:	4e2b      	ldr	r6, [pc, #172]	@ (20001fbc <best_effort_wfe_or_timeout+0xc4>)
20001f0e:	e9d6 2300 	ldrd	r2, r3, [r6]
20001f12:	428b      	cmp	r3, r1
20001f14:	bf08      	it	eq
20001f16:	4282      	cmpeq	r2, r0
20001f18:	d039      	beq.n	20001f8e <best_effort_wfe_or_timeout+0x96>
20001f1a:	f8df 80ac 	ldr.w	r8, [pc, #172]	@ 20001fc8 <best_effort_wfe_or_timeout+0xd0>
20001f1e:	f8d8 a00c 	ldr.w	sl, [r8, #12]
20001f22:	f898 9000 	ldrb.w	r9, [r8]
20001f26:	4650      	mov	r0, sl
20001f28:	f000 f862 	bl	20001ff0 <timer_time_us_64>
20001f2c:	f109 0904 	add.w	r9, r9, #4
20001f30:	f85a 3029 	ldr.w	r3, [sl, r9, lsl #2]
20001f34:	1a1b      	subs	r3, r3, r0
20001f36:	1a28      	subs	r0, r5, r0
20001f38:	eb64 0101 	sbc.w	r1, r4, r1
20001f3c:	4298      	cmp	r0, r3
20001f3e:	f171 0100 	sbcs.w	r1, r1, #0
20001f42:	da24      	bge.n	20001f8e <best_effort_wfe_or_timeout+0x96>
20001f44:	f000 f85c 	bl	20002000 <time_us_64>
20001f48:	4285      	cmp	r5, r0
20001f4a:	eb64 0101 	sbc.w	r1, r4, r1
20001f4e:	2900      	cmp	r1, #0
20001f50:	db15      	blt.n	20001f7e <best_effort_wfe_or_timeout+0x86>
20001f52:	4b1b      	ldr	r3, [pc, #108]	@ (20001fc0 <best_effort_wfe_or_timeout+0xc8>)
20001f54:	4640      	mov	r0, r8
20001f56:	9300      	str	r3, [sp, #0]
20001f58:	462a      	mov	r2, r5
20001f5a:	4623      	mov	r3, r4
20001f5c:	9701      	str	r7, [sp, #4]
20001f5e:	f7ff fea5 	bl	20001cac <alarm_pool_add_alarm_at_force_in_context>
20001f62:	1e01      	subs	r1, r0, #0
20001f64:	dd0b      	ble.n	20001f7e <best_effort_wfe_or_timeout+0x86>
20001f66:	4b17      	ldr	r3, [pc, #92]	@ (20001fc4 <best_effort_wfe_or_timeout+0xcc>)
20001f68:	e9c6 5400 	strd	r5, r4, [r6]
20001f6c:	6a5a      	ldr	r2, [r3, #36]	@ 0x24
20001f6e:	42a2      	cmp	r2, r4
20001f70:	d321      	bcc.n	20001fb6 <best_effort_wfe_or_timeout+0xbe>
20001f72:	6a9b      	ldr	r3, [r3, #40]	@ 0x28
20001f74:	42ab      	cmp	r3, r5
20001f76:	d31c      	bcc.n	20001fb2 <best_effort_wfe_or_timeout+0xba>
20001f78:	4813      	ldr	r0, [pc, #76]	@ (20001fc8 <best_effort_wfe_or_timeout+0xd0>)
20001f7a:	f7ff fefb 	bl	20001d74 <alarm_pool_cancel_alarm>
20001f7e:	4b11      	ldr	r3, [pc, #68]	@ (20001fc4 <best_effort_wfe_or_timeout+0xcc>)
20001f80:	6a58      	ldr	r0, [r3, #36]	@ 0x24
20001f82:	42a0      	cmp	r0, r4
20001f84:	d208      	bcs.n	20001f98 <best_effort_wfe_or_timeout+0xa0>
20001f86:	2000      	movs	r0, #0
20001f88:	b002      	add	sp, #8
20001f8a:	e8bd 87f0 	ldmia.w	sp!, {r4, r5, r6, r7, r8, r9, sl, pc}
20001f8e:	bf20      	wfe
20001f90:	4b0c      	ldr	r3, [pc, #48]	@ (20001fc4 <best_effort_wfe_or_timeout+0xcc>)
20001f92:	6a58      	ldr	r0, [r3, #36]	@ 0x24
20001f94:	42a0      	cmp	r0, r4
20001f96:	d3f6      	bcc.n	20001f86 <best_effort_wfe_or_timeout+0x8e>
20001f98:	6a9b      	ldr	r3, [r3, #40]	@ 0x28
20001f9a:	42ab      	cmp	r3, r5
20001f9c:	d303      	bcc.n	20001fa6 <best_effort_wfe_or_timeout+0xae>
20001f9e:	2001      	movs	r0, #1
20001fa0:	b002      	add	sp, #8
20001fa2:	e8bd 87f0 	ldmia.w	sp!, {r4, r5, r6, r7, r8, r9, sl, pc}
20001fa6:	1b00      	subs	r0, r0, r4
20001fa8:	bf18      	it	ne
20001faa:	2001      	movne	r0, #1
20001fac:	b002      	add	sp, #8
20001fae:	e8bd 87f0 	ldmia.w	sp!, {r4, r5, r6, r7, r8, r9, sl, pc}
20001fb2:	42a2      	cmp	r2, r4
20001fb4:	d1e0      	bne.n	20001f78 <best_effort_wfe_or_timeout+0x80>
20001fb6:	bf20      	wfe
20001fb8:	e7de      	b.n	20001f78 <best_effort_wfe_or_timeout+0x80>
20001fba:	bf00      	nop
20001fbc:	20008cc0 	.word	0x20008cc0
20001fc0:	20001789 	.word	0x20001789
20001fc4:	400b0000 	.word	0x400b0000
20001fc8:	20008cc8 	.word	0x20008cc8

20001fcc <timer_hardware_alarm_claim>:
20001fcc:	b410      	push	{r4}
20001fce:	4b05      	ldr	r3, [pc, #20]	@ (20001fe4 <timer_hardware_alarm_claim+0x18>)
20001fd0:	4c05      	ldr	r4, [pc, #20]	@ (20001fe8 <timer_hardware_alarm_claim+0x1c>)
20001fd2:	4a06      	ldr	r2, [pc, #24]	@ (20001fec <timer_hardware_alarm_claim+0x20>)
20001fd4:	42a0      	cmp	r0, r4
20001fd6:	bf14      	ite	ne
20001fd8:	4618      	movne	r0, r3
20001fda:	1c58      	addeq	r0, r3, #1
20001fdc:	f85d 4b04 	ldr.w	r4, [sp], #4
20001fe0:	f7ff b8ea 	b.w	200011b8 <hw_claim_or_assert>
20001fe4:	20009228 	.word	0x20009228
20001fe8:	400b8000 	.word	0x400b8000
20001fec:	200088a4 	.word	0x200088a4

20001ff0 <timer_time_us_64>:
20001ff0:	4603      	mov	r3, r0
20001ff2:	6a41      	ldr	r1, [r0, #36]	@ 0x24
20001ff4:	460a      	mov	r2, r1
20001ff6:	6a98      	ldr	r0, [r3, #40]	@ 0x28
20001ff8:	6a59      	ldr	r1, [r3, #36]	@ 0x24
20001ffa:	428a      	cmp	r2, r1
20001ffc:	d1fa      	bne.n	20001ff4 <timer_time_us_64+0x4>
20001ffe:	4770      	bx	lr

20002000 <time_us_64>:
20002000:	4b03      	ldr	r3, [pc, #12]	@ (20002010 <time_us_64+0x10>)
20002002:	6a59      	ldr	r1, [r3, #36]	@ 0x24
20002004:	460a      	mov	r2, r1
20002006:	6a98      	ldr	r0, [r3, #40]	@ 0x28
20002008:	6a59      	ldr	r1, [r3, #36]	@ 0x24
2000200a:	4291      	cmp	r1, r2
2000200c:	d1fa      	bne.n	20002004 <time_us_64+0x4>
2000200e:	4770      	bx	lr
20002010:	400b0000 	.word	0x400b0000

20002014 <busy_wait_until>:
20002014:	4a07      	ldr	r2, [pc, #28]	@ (20002034 <busy_wait_until+0x20>)
20002016:	6a53      	ldr	r3, [r2, #36]	@ 0x24
20002018:	4299      	cmp	r1, r3
2000201a:	d8fc      	bhi.n	20002016 <busy_wait_until+0x2>
2000201c:	4299      	cmp	r1, r3
2000201e:	d107      	bne.n	20002030 <busy_wait_until+0x1c>
20002020:	4b04      	ldr	r3, [pc, #16]	@ (20002034 <busy_wait_until+0x20>)
20002022:	e002      	b.n	2000202a <busy_wait_until+0x16>
20002024:	6a5a      	ldr	r2, [r3, #36]	@ 0x24
20002026:	4291      	cmp	r1, r2
20002028:	d102      	bne.n	20002030 <busy_wait_until+0x1c>
2000202a:	6a9a      	ldr	r2, [r3, #40]	@ 0x28
2000202c:	4282      	cmp	r2, r0
2000202e:	d3f9      	bcc.n	20002024 <busy_wait_until+0x10>
20002030:	4770      	bx	lr
20002032:	bf00      	nop
20002034:	400b0000 	.word	0x400b0000

20002038 <clock_configure_undivided>:
20002038:	eb00 0c40 	add.w	ip, r0, r0, lsl #1
2000203c:	ea4f 0c8c 	mov.w	ip, ip, lsl #2
20002040:	f10c 4c80 	add.w	ip, ip, #1073741824	@ 0x40000000
20002044:	f50c 3c80 	add.w	ip, ip, #65536	@ 0x10000
20002048:	b5f0      	push	{r4, r5, r6, r7, lr}
2000204a:	4616      	mov	r6, r2
2000204c:	f8dc 2004 	ldr.w	r2, [ip, #4]
20002050:	1f05      	subs	r5, r0, #4
20002052:	f5b2 3f80 	cmp.w	r2, #65536	@ 0x10000
20002056:	bf38      	it	cc
20002058:	f44f 3280 	movcc.w	r2, #65536	@ 0x10000
2000205c:	b2ed      	uxtb	r5, r5
2000205e:	bf38      	it	cc
20002060:	f8cc 2004 	strcc.w	r2, [ip, #4]
20002064:	2d01      	cmp	r5, #1
20002066:	d92a      	bls.n	200020be <clock_configure_undivided+0x86>
20002068:	f44f 6700 	mov.w	r7, #2048	@ 0x800
2000206c:	4c25      	ldr	r4, [pc, #148]	@ (20002104 <clock_configure_undivided+0xcc>)
2000206e:	f50c 5240 	add.w	r2, ip, #12288	@ 0x3000
20002072:	6017      	str	r7, [r2, #0]
20002074:	f854 2020 	ldr.w	r2, [r4, r0, lsl #2]
20002078:	b9b2      	cbnz	r2, 200020a8 <clock_configure_undivided+0x70>
2000207a:	f8dc 2000 	ldr.w	r2, [ip]
2000207e:	2d01      	cmp	r5, #1
20002080:	ea82 1246 	eor.w	r2, r2, r6, lsl #5
20002084:	f002 02e0 	and.w	r2, r2, #224	@ 0xe0
20002088:	f50c 5680 	add.w	r6, ip, #4096	@ 0x1000
2000208c:	6032      	str	r2, [r6, #0]
2000208e:	d92a      	bls.n	200020e6 <clock_configure_undivided+0xae>
20002090:	f44f 6100 	mov.w	r1, #2048	@ 0x800
20002094:	f844 3020 	str.w	r3, [r4, r0, lsl #2]
20002098:	f44f 3380 	mov.w	r3, #65536	@ 0x10000
2000209c:	f50c 5200 	add.w	r2, ip, #8192	@ 0x2000
200020a0:	6011      	str	r1, [r2, #0]
200020a2:	f8cc 3004 	str.w	r3, [ip, #4]
200020a6:	bdf0      	pop	{r4, r5, r6, r7, pc}
200020a8:	6967      	ldr	r7, [r4, #20]
200020aa:	fbb7 fef2 	udiv	lr, r7, r2
200020ae:	f10e 0e01 	add.w	lr, lr, #1
200020b2:	eb0e 0e4e 	add.w	lr, lr, lr, lsl #1
200020b6:	f1be 0e03 	subs.w	lr, lr, #3
200020ba:	d2fc      	bcs.n	200020b6 <clock_configure_undivided+0x7e>
200020bc:	e7dd      	b.n	2000207a <clock_configure_undivided+0x42>
200020be:	2901      	cmp	r1, #1
200020c0:	d1d2      	bne.n	20002068 <clock_configure_undivided+0x30>
200020c2:	2403      	movs	r4, #3
200020c4:	f50c 5240 	add.w	r2, ip, #12288	@ 0x3000
200020c8:	6014      	str	r4, [r2, #0]
200020ca:	f8dc 2008 	ldr.w	r2, [ip, #8]
200020ce:	07d2      	lsls	r2, r2, #31
200020d0:	d5fb      	bpl.n	200020ca <clock_configure_undivided+0x92>
200020d2:	f8dc 2000 	ldr.w	r2, [ip]
200020d6:	4c0b      	ldr	r4, [pc, #44]	@ (20002104 <clock_configure_undivided+0xcc>)
200020d8:	ea82 1246 	eor.w	r2, r2, r6, lsl #5
200020dc:	f002 02e0 	and.w	r2, r2, #224	@ 0xe0
200020e0:	f50c 5680 	add.w	r6, ip, #4096	@ 0x1000
200020e4:	6032      	str	r2, [r6, #0]
200020e6:	2201      	movs	r2, #1
200020e8:	f8dc 5000 	ldr.w	r5, [ip]
200020ec:	404d      	eors	r5, r1
200020ee:	f005 0503 	and.w	r5, r5, #3
200020f2:	6035      	str	r5, [r6, #0]
200020f4:	fa02 f101 	lsl.w	r1, r2, r1
200020f8:	f8dc 2008 	ldr.w	r2, [ip, #8]
200020fc:	420a      	tst	r2, r1
200020fe:	d0fb      	beq.n	200020f8 <clock_configure_undivided+0xc0>
20002100:	e7c6      	b.n	20002090 <clock_configure_undivided+0x58>
20002102:	bf00      	nop
20002104:	20009230 	.word	0x20009230

20002108 <clock_get_hz>:
20002108:	4b01      	ldr	r3, [pc, #4]	@ (20002110 <clock_get_hz+0x8>)
2000210a:	f853 0020 	ldr.w	r0, [r3, r0, lsl #2]
2000210e:	4770      	bx	lr
20002110:	20009230 	.word	0x20009230

20002114 <set_sys_clock_pll>:
20002114:	4b58      	ldr	r3, [pc, #352]	@ (20002278 <set_sys_clock_pll+0x164>)
20002116:	e92d 43f0 	stmdb	sp!, {r4, r5, r6, r7, r8, r9, lr}
2000211a:	6c1c      	ldr	r4, [r3, #64]	@ 0x40
2000211c:	4617      	mov	r7, r2
2000211e:	f5b4 3f80 	cmp.w	r4, #65536	@ 0x10000
20002122:	bf38      	it	cc
20002124:	f44f 3280 	movcc.w	r2, #65536	@ 0x10000
20002128:	460e      	mov	r6, r1
2000212a:	f04f 0103 	mov.w	r1, #3
2000212e:	4680      	mov	r8, r0
20002130:	bf38      	it	cc
20002132:	641a      	strcc	r2, [r3, #64]	@ 0x40
20002134:	4a51      	ldr	r2, [pc, #324]	@ (2000227c <set_sys_clock_pll+0x168>)
20002136:	4b50      	ldr	r3, [pc, #320]	@ (20002278 <set_sys_clock_pll+0x164>)
20002138:	b083      	sub	sp, #12
2000213a:	63d1      	str	r1, [r2, #60]	@ 0x3c
2000213c:	6c5c      	ldr	r4, [r3, #68]	@ 0x44
2000213e:	07e5      	lsls	r5, r4, #31
20002140:	d5fc      	bpl.n	2000213c <set_sys_clock_pll+0x28>
20002142:	6bda      	ldr	r2, [r3, #60]	@ 0x3c
20002144:	494e      	ldr	r1, [pc, #312]	@ (20002280 <set_sys_clock_pll+0x16c>)
20002146:	f082 0220 	eor.w	r2, r2, #32
2000214a:	f002 02e0 	and.w	r2, r2, #224	@ 0xe0
2000214e:	63ca      	str	r2, [r1, #60]	@ 0x3c
20002150:	6bdb      	ldr	r3, [r3, #60]	@ 0x3c
20002152:	4d49      	ldr	r5, [pc, #292]	@ (20002278 <set_sys_clock_pll+0x164>)
20002154:	f083 0301 	eor.w	r3, r3, #1
20002158:	f003 0303 	and.w	r3, r3, #3
2000215c:	63cb      	str	r3, [r1, #60]	@ 0x3c
2000215e:	6c6c      	ldr	r4, [r5, #68]	@ 0x44
20002160:	07a4      	lsls	r4, r4, #30
20002162:	d5fc      	bpl.n	2000215e <set_sys_clock_pll+0x4a>
20002164:	f44f 6200 	mov.w	r2, #2048	@ 0x800
20002168:	f44f 3980 	mov.w	r9, #65536	@ 0x10000
2000216c:	4b45      	ldr	r3, [pc, #276]	@ (20002284 <set_sys_clock_pll+0x170>)
2000216e:	4c46      	ldr	r4, [pc, #280]	@ (20002288 <set_sys_clock_pll+0x174>)
20002170:	63da      	str	r2, [r3, #60]	@ 0x3c
20002172:	4b46      	ldr	r3, [pc, #280]	@ (2000228c <set_sys_clock_pll+0x178>)
20002174:	4642      	mov	r2, r8
20002176:	6163      	str	r3, [r4, #20]
20002178:	2101      	movs	r1, #1
2000217a:	4633      	mov	r3, r6
2000217c:	f8c5 9040 	str.w	r9, [r5, #64]	@ 0x40
20002180:	4843      	ldr	r0, [pc, #268]	@ (20002290 <set_sys_clock_pll+0x17c>)
20002182:	9700      	str	r7, [sp, #0]
20002184:	f000 f956 	bl	20002434 <pll_init>
20002188:	f44f 6100 	mov.w	r1, #2048	@ 0x800
2000218c:	6b6b      	ldr	r3, [r5, #52]	@ 0x34
2000218e:	fb07 f606 	mul.w	r6, r7, r6
20002192:	454b      	cmp	r3, r9
20002194:	bf38      	it	cc
20002196:	f8c5 9034 	strcc.w	r9, [r5, #52]	@ 0x34
2000219a:	4b38      	ldr	r3, [pc, #224]	@ (2000227c <set_sys_clock_pll+0x168>)
2000219c:	6922      	ldr	r2, [r4, #16]
2000219e:	fbb8 f6f6 	udiv	r6, r8, r6
200021a2:	6319      	str	r1, [r3, #48]	@ 0x30
200021a4:	b13a      	cbz	r2, 200021b6 <set_sys_clock_pll+0xa2>
200021a6:	6963      	ldr	r3, [r4, #20]
200021a8:	fbb3 f3f2 	udiv	r3, r3, r2
200021ac:	3301      	adds	r3, #1
200021ae:	eb03 0343 	add.w	r3, r3, r3, lsl #1
200021b2:	3b03      	subs	r3, #3
200021b4:	d2fd      	bcs.n	200021b2 <set_sys_clock_pll+0x9e>
200021b6:	4b30      	ldr	r3, [pc, #192]	@ (20002278 <set_sys_clock_pll+0x164>)
200021b8:	4931      	ldr	r1, [pc, #196]	@ (20002280 <set_sys_clock_pll+0x16c>)
200021ba:	6b1a      	ldr	r2, [r3, #48]	@ 0x30
200021bc:	f002 02e0 	and.w	r2, r2, #224	@ 0xe0
200021c0:	630a      	str	r2, [r1, #48]	@ 0x30
200021c2:	6b1a      	ldr	r2, [r3, #48]	@ 0x30
200021c4:	f082 0202 	eor.w	r2, r2, #2
200021c8:	f002 0203 	and.w	r2, r2, #3
200021cc:	630a      	str	r2, [r1, #48]	@ 0x30
200021ce:	6b99      	ldr	r1, [r3, #56]	@ 0x38
200021d0:	0748      	lsls	r0, r1, #29
200021d2:	d5fc      	bpl.n	200021ce <set_sys_clock_pll+0xba>
200021d4:	f44f 6500 	mov.w	r5, #2048	@ 0x800
200021d8:	f44f 3280 	mov.w	r2, #65536	@ 0x10000
200021dc:	4929      	ldr	r1, [pc, #164]	@ (20002284 <set_sys_clock_pll+0x170>)
200021de:	630d      	str	r5, [r1, #48]	@ 0x30
200021e0:	492c      	ldr	r1, [pc, #176]	@ (20002294 <set_sys_clock_pll+0x180>)
200021e2:	635a      	str	r2, [r3, #52]	@ 0x34
200021e4:	6121      	str	r1, [r4, #16]
200021e6:	6c19      	ldr	r1, [r3, #64]	@ 0x40
200021e8:	4291      	cmp	r1, r2
200021ea:	f04f 0103 	mov.w	r1, #3
200021ee:	bf38      	it	cc
200021f0:	641a      	strcc	r2, [r3, #64]	@ 0x40
200021f2:	4b22      	ldr	r3, [pc, #136]	@ (2000227c <set_sys_clock_pll+0x168>)
200021f4:	4a20      	ldr	r2, [pc, #128]	@ (20002278 <set_sys_clock_pll+0x164>)
200021f6:	63d9      	str	r1, [r3, #60]	@ 0x3c
200021f8:	6c53      	ldr	r3, [r2, #68]	@ 0x44
200021fa:	07d9      	lsls	r1, r3, #31
200021fc:	d5fc      	bpl.n	200021f8 <set_sys_clock_pll+0xe4>
200021fe:	6bd3      	ldr	r3, [r2, #60]	@ 0x3c
20002200:	4d1f      	ldr	r5, [pc, #124]	@ (20002280 <set_sys_clock_pll+0x16c>)
20002202:	f003 03e0 	and.w	r3, r3, #224	@ 0xe0
20002206:	63eb      	str	r3, [r5, #60]	@ 0x3c
20002208:	6bd3      	ldr	r3, [r2, #60]	@ 0x3c
2000220a:	491b      	ldr	r1, [pc, #108]	@ (20002278 <set_sys_clock_pll+0x164>)
2000220c:	f083 0301 	eor.w	r3, r3, #1
20002210:	f003 0303 	and.w	r3, r3, #3
20002214:	63eb      	str	r3, [r5, #60]	@ 0x3c
20002216:	6c4b      	ldr	r3, [r1, #68]	@ 0x44
20002218:	079b      	lsls	r3, r3, #30
2000221a:	d5fc      	bpl.n	20002216 <set_sys_clock_pll+0x102>
2000221c:	f44f 3380 	mov.w	r3, #65536	@ 0x10000
20002220:	f44f 6500 	mov.w	r5, #2048	@ 0x800
20002224:	4a17      	ldr	r2, [pc, #92]	@ (20002284 <set_sys_clock_pll+0x170>)
20002226:	6166      	str	r6, [r4, #20]
20002228:	63d5      	str	r5, [r2, #60]	@ 0x3c
2000222a:	640b      	str	r3, [r1, #64]	@ 0x40
2000222c:	6cca      	ldr	r2, [r1, #76]	@ 0x4c
2000222e:	429a      	cmp	r2, r3
20002230:	bf38      	it	cc
20002232:	64cb      	strcc	r3, [r1, #76]	@ 0x4c
20002234:	f44f 6100 	mov.w	r1, #2048	@ 0x800
20002238:	4b10      	ldr	r3, [pc, #64]	@ (2000227c <set_sys_clock_pll+0x168>)
2000223a:	69a2      	ldr	r2, [r4, #24]
2000223c:	6499      	str	r1, [r3, #72]	@ 0x48
2000223e:	b13a      	cbz	r2, 20002250 <set_sys_clock_pll+0x13c>
20002240:	6963      	ldr	r3, [r4, #20]
20002242:	fbb3 f3f2 	udiv	r3, r3, r2
20002246:	3301      	adds	r3, #1
20002248:	eb03 0343 	add.w	r3, r3, r3, lsl #1
2000224c:	3b03      	subs	r3, #3
2000224e:	d2fd      	bcs.n	2000224c <set_sys_clock_pll+0x138>
20002250:	f44f 6000 	mov.w	r0, #2048	@ 0x800
20002254:	f44f 3180 	mov.w	r1, #65536	@ 0x10000
20002258:	4a07      	ldr	r2, [pc, #28]	@ (20002278 <set_sys_clock_pll+0x164>)
2000225a:	4d09      	ldr	r5, [pc, #36]	@ (20002280 <set_sys_clock_pll+0x16c>)
2000225c:	6c93      	ldr	r3, [r2, #72]	@ 0x48
2000225e:	f083 0340 	eor.w	r3, r3, #64	@ 0x40
20002262:	f003 03e0 	and.w	r3, r3, #224	@ 0xe0
20002266:	64ab      	str	r3, [r5, #72]	@ 0x48
20002268:	4b06      	ldr	r3, [pc, #24]	@ (20002284 <set_sys_clock_pll+0x170>)
2000226a:	4d08      	ldr	r5, [pc, #32]	@ (2000228c <set_sys_clock_pll+0x178>)
2000226c:	61a5      	str	r5, [r4, #24]
2000226e:	6498      	str	r0, [r3, #72]	@ 0x48
20002270:	64d1      	str	r1, [r2, #76]	@ 0x4c
20002272:	b003      	add	sp, #12
20002274:	e8bd 83f0 	ldmia.w	sp!, {r4, r5, r6, r7, r8, r9, pc}
20002278:	40010000 	.word	0x40010000
2000227c:	40013000 	.word	0x40013000
20002280:	40011000 	.word	0x40011000
20002284:	40012000 	.word	0x40012000
20002288:	20009230 	.word	0x20009230
2000228c:	02dc6c00 	.word	0x02dc6c00
20002290:	40050000 	.word	0x40050000
20002294:	00b71b00 	.word	0x00b71b00

20002298 <check_sys_clock_khz>:
20002298:	e92d 4ff0 	stmdb	sp!, {r4, r5, r6, r7, r8, r9, sl, fp, lr}
2000229c:	f44f 78a0 	mov.w	r8, #320	@ 0x140
200022a0:	4699      	mov	r9, r3
200022a2:	b085      	sub	sp, #20
200022a4:	e9cd 1202 	strd	r1, r2, [sp, #8]
200022a8:	4c5f      	ldr	r4, [pc, #380]	@ (20002428 <check_sys_clock_khz+0x190>)
200022aa:	f8df a184 	ldr.w	sl, [pc, #388]	@ 20002430 <check_sys_clock_khz+0x198>
200022ae:	4554      	cmp	r4, sl
200022b0:	d90a      	bls.n	200022c8 <check_sys_clock_khz+0x30>
200022b2:	f108 38ff 	add.w	r8, r8, #4294967295	@ 0xffffffff
200022b6:	f5a4 543b 	sub.w	r4, r4, #11968	@ 0x2ec0
200022ba:	f1b8 0f0f 	cmp.w	r8, #15
200022be:	f1a4 0420 	sub.w	r4, r4, #32
200022c2:	d1f4      	bne.n	200022ae <check_sys_clock_khz+0x16>
200022c4:	2000      	movs	r0, #0
200022c6:	e069      	b.n	2000239c <check_sys_clock_khz+0x104>
200022c8:	2307      	movs	r3, #7
200022ca:	f504 2237 	add.w	r2, r4, #749568	@ 0xb7000
200022ce:	9401      	str	r4, [sp, #4]
200022d0:	fb03 f403 	mul.w	r4, r3, r3
200022d4:	f502 72d8 	add.w	r2, r2, #432	@ 0x1b0
200022d8:	fbb2 fef4 	udiv	lr, r2, r4
200022dc:	4570      	cmp	r0, lr
200022de:	f04f 0c01 	mov.w	ip, #1
200022e2:	f04f 0702 	mov.w	r7, #2
200022e6:	f04f 0603 	mov.w	r6, #3
200022ea:	f04f 0504 	mov.w	r5, #4
200022ee:	f04f 0105 	mov.w	r1, #5
200022f2:	d03f      	beq.n	20002374 <check_sys_clock_khz+0xdc>
200022f4:	f1b3 0e01 	subs.w	lr, r3, #1
200022f8:	f000 8094 	beq.w	20002424 <check_sys_clock_khz+0x18c>
200022fc:	fb0e f403 	mul.w	r4, lr, r3
20002300:	fbb2 fbf4 	udiv	fp, r2, r4
20002304:	4558      	cmp	r0, fp
20002306:	d04c      	beq.n	200023a2 <check_sys_clock_khz+0x10a>
20002308:	b319      	cbz	r1, 20002352 <check_sys_clock_khz+0xba>
2000230a:	fb01 f403 	mul.w	r4, r1, r3
2000230e:	fbb2 fbf4 	udiv	fp, r2, r4
20002312:	4558      	cmp	r0, fp
20002314:	d04f      	beq.n	200023b6 <check_sys_clock_khz+0x11e>
20002316:	b1e5      	cbz	r5, 20002352 <check_sys_clock_khz+0xba>
20002318:	fb05 f403 	mul.w	r4, r5, r3
2000231c:	fbb2 fbf4 	udiv	fp, r2, r4
20002320:	4558      	cmp	r0, fp
20002322:	d053      	beq.n	200023cc <check_sys_clock_khz+0x134>
20002324:	b1ae      	cbz	r6, 20002352 <check_sys_clock_khz+0xba>
20002326:	fb06 f403 	mul.w	r4, r6, r3
2000232a:	fbb2 fbf4 	udiv	fp, r2, r4
2000232e:	4558      	cmp	r0, fp
20002330:	d057      	beq.n	200023e2 <check_sys_clock_khz+0x14a>
20002332:	b177      	cbz	r7, 20002352 <check_sys_clock_khz+0xba>
20002334:	fb07 f403 	mul.w	r4, r7, r3
20002338:	fbb2 fbf4 	udiv	fp, r2, r4
2000233c:	4558      	cmp	r0, fp
2000233e:	d05b      	beq.n	200023f8 <check_sys_clock_khz+0x160>
20002340:	f1bc 0f00 	cmp.w	ip, #0
20002344:	d005      	beq.n	20002352 <check_sys_clock_khz+0xba>
20002346:	fb0c f403 	mul.w	r4, ip, r3
2000234a:	fbb2 fbf4 	udiv	fp, r2, r4
2000234e:	4583      	cmp	fp, r0
20002350:	d05d      	beq.n	2000240e <check_sys_clock_khz+0x176>
20002352:	4673      	mov	r3, lr
20002354:	fb03 f403 	mul.w	r4, r3, r3
20002358:	fbb2 fef4 	udiv	lr, r2, r4
2000235c:	4570      	cmp	r0, lr
2000235e:	f101 31ff 	add.w	r1, r1, #4294967295	@ 0xffffffff
20002362:	f105 35ff 	add.w	r5, r5, #4294967295	@ 0xffffffff
20002366:	f106 36ff 	add.w	r6, r6, #4294967295	@ 0xffffffff
2000236a:	f107 37ff 	add.w	r7, r7, #4294967295	@ 0xffffffff
2000236e:	f10c 3cff 	add.w	ip, ip, #4294967295	@ 0xffffffff
20002372:	d1bf      	bne.n	200022f4 <check_sys_clock_khz+0x5c>
20002374:	fb04 2410 	mls	r4, r4, r0, r2
20002378:	2c00      	cmp	r4, #0
2000237a:	d1bb      	bne.n	200022f4 <check_sys_clock_khz+0x5c>
2000237c:	469e      	mov	lr, r3
2000237e:	464a      	mov	r2, r9
20002380:	f8dd b008 	ldr.w	fp, [sp, #8]
20002384:	f8dd 900c 	ldr.w	r9, [sp, #12]
20002388:	2001      	movs	r0, #1
2000238a:	4928      	ldr	r1, [pc, #160]	@ (2000242c <check_sys_clock_khz+0x194>)
2000238c:	fb01 f108 	mul.w	r1, r1, r8
20002390:	f8cb 1000 	str.w	r1, [fp]
20002394:	f8c9 3000 	str.w	r3, [r9]
20002398:	f8c2 e000 	str.w	lr, [r2]
2000239c:	b005      	add	sp, #20
2000239e:	e8bd 8ff0 	ldmia.w	sp!, {r4, r5, r6, r7, r8, r9, sl, fp, pc}
200023a2:	fb04 2410 	mls	r4, r4, r0, r2
200023a6:	2c00      	cmp	r4, #0
200023a8:	d1ae      	bne.n	20002308 <check_sys_clock_khz+0x70>
200023aa:	464a      	mov	r2, r9
200023ac:	f8dd b008 	ldr.w	fp, [sp, #8]
200023b0:	f8dd 900c 	ldr.w	r9, [sp, #12]
200023b4:	e7e8      	b.n	20002388 <check_sys_clock_khz+0xf0>
200023b6:	fb04 2410 	mls	r4, r4, r0, r2
200023ba:	2c00      	cmp	r4, #0
200023bc:	d1ab      	bne.n	20002316 <check_sys_clock_khz+0x7e>
200023be:	464a      	mov	r2, r9
200023c0:	468e      	mov	lr, r1
200023c2:	f8dd b008 	ldr.w	fp, [sp, #8]
200023c6:	f8dd 900c 	ldr.w	r9, [sp, #12]
200023ca:	e7dd      	b.n	20002388 <check_sys_clock_khz+0xf0>
200023cc:	fb04 2410 	mls	r4, r4, r0, r2
200023d0:	2c00      	cmp	r4, #0
200023d2:	d1a7      	bne.n	20002324 <check_sys_clock_khz+0x8c>
200023d4:	464a      	mov	r2, r9
200023d6:	46ae      	mov	lr, r5
200023d8:	f8dd b008 	ldr.w	fp, [sp, #8]
200023dc:	f8dd 900c 	ldr.w	r9, [sp, #12]
200023e0:	e7d2      	b.n	20002388 <check_sys_clock_khz+0xf0>
200023e2:	fb04 2410 	mls	r4, r4, r0, r2
200023e6:	2c00      	cmp	r4, #0
200023e8:	d1a3      	bne.n	20002332 <check_sys_clock_khz+0x9a>
200023ea:	464a      	mov	r2, r9
200023ec:	46b6      	mov	lr, r6
200023ee:	f8dd b008 	ldr.w	fp, [sp, #8]
200023f2:	f8dd 900c 	ldr.w	r9, [sp, #12]
200023f6:	e7c7      	b.n	20002388 <check_sys_clock_khz+0xf0>
200023f8:	fb04 2410 	mls	r4, r4, r0, r2
200023fc:	2c00      	cmp	r4, #0
200023fe:	d19f      	bne.n	20002340 <check_sys_clock_khz+0xa8>
20002400:	464a      	mov	r2, r9
20002402:	46be      	mov	lr, r7
20002404:	f8dd b008 	ldr.w	fp, [sp, #8]
20002408:	f8dd 900c 	ldr.w	r9, [sp, #12]
2000240c:	e7bc      	b.n	20002388 <check_sys_clock_khz+0xf0>
2000240e:	fb04 2410 	mls	r4, r4, r0, r2
20002412:	2c00      	cmp	r4, #0
20002414:	d19d      	bne.n	20002352 <check_sys_clock_khz+0xba>
20002416:	464a      	mov	r2, r9
20002418:	46e6      	mov	lr, ip
2000241a:	f8dd b008 	ldr.w	fp, [sp, #8]
2000241e:	f8dd 900c 	ldr.w	r9, [sp, #12]
20002422:	e7b1      	b.n	20002388 <check_sys_clock_khz+0xf0>
20002424:	9c01      	ldr	r4, [sp, #4]
20002426:	e744      	b.n	200022b2 <check_sys_clock_khz+0x1a>
20002428:	002f2650 	.word	0x002f2650
2000242c:	00b71b00 	.word	0x00b71b00
20002430:	000cf850 	.word	0x000cf850

20002434 <pll_init>:
20002434:	b470      	push	{r4, r5, r6}
20002436:	9d03      	ldr	r5, [sp, #12]
20002438:	6804      	ldr	r4, [r0, #0]
2000243a:	032d      	lsls	r5, r5, #12
2000243c:	ea45 4503 	orr.w	r5, r5, r3, lsl #16
20002440:	4b1b      	ldr	r3, [pc, #108]	@ (200024b0 <pll_init+0x7c>)
20002442:	2c00      	cmp	r4, #0
20002444:	fbb3 f3f1 	udiv	r3, r3, r1
20002448:	fbb2 f6f3 	udiv	r6, r2, r3
2000244c:	db1f      	blt.n	2000248e <pll_init+0x5a>
2000244e:	4a19      	ldr	r2, [pc, #100]	@ (200024b4 <pll_init+0x80>)
20002450:	4b19      	ldr	r3, [pc, #100]	@ (200024b8 <pll_init+0x84>)
20002452:	4290      	cmp	r0, r2
20002454:	bf14      	ite	ne
20002456:	f44f 4280 	movne.w	r2, #16384	@ 0x4000
2000245a:	f44f 4200 	moveq.w	r2, #32768	@ 0x8000
2000245e:	4c17      	ldr	r4, [pc, #92]	@ (200024bc <pll_init+0x88>)
20002460:	601a      	str	r2, [r3, #0]
20002462:	f503 5380 	add.w	r3, r3, #4096	@ 0x1000
20002466:	601a      	str	r2, [r3, #0]
20002468:	68a3      	ldr	r3, [r4, #8]
2000246a:	ea32 0303 	bics.w	r3, r2, r3
2000246e:	d1fb      	bne.n	20002468 <pll_init+0x34>
20002470:	2221      	movs	r2, #33	@ 0x21
20002472:	f500 5340 	add.w	r3, r0, #12288	@ 0x3000
20002476:	3304      	adds	r3, #4
20002478:	6001      	str	r1, [r0, #0]
2000247a:	6086      	str	r6, [r0, #8]
2000247c:	601a      	str	r2, [r3, #0]
2000247e:	6802      	ldr	r2, [r0, #0]
20002480:	2a00      	cmp	r2, #0
20002482:	dafc      	bge.n	2000247e <pll_init+0x4a>
20002484:	2208      	movs	r2, #8
20002486:	60c5      	str	r5, [r0, #12]
20002488:	601a      	str	r2, [r3, #0]
2000248a:	bc70      	pop	{r4, r5, r6}
2000248c:	4770      	bx	lr
2000248e:	6803      	ldr	r3, [r0, #0]
20002490:	f003 033f 	and.w	r3, r3, #63	@ 0x3f
20002494:	428b      	cmp	r3, r1
20002496:	d1da      	bne.n	2000244e <pll_init+0x1a>
20002498:	6883      	ldr	r3, [r0, #8]
2000249a:	f3c3 030b 	ubfx	r3, r3, #0, #12
2000249e:	42b3      	cmp	r3, r6
200024a0:	d1d5      	bne.n	2000244e <pll_init+0x1a>
200024a2:	68c3      	ldr	r3, [r0, #12]
200024a4:	f403 23ee 	and.w	r3, r3, #487424	@ 0x77000
200024a8:	42ab      	cmp	r3, r5
200024aa:	d1d0      	bne.n	2000244e <pll_init+0x1a>
200024ac:	e7ed      	b.n	2000248a <pll_init+0x56>
200024ae:	bf00      	nop
200024b0:	00b71b00 	.word	0x00b71b00
200024b4:	40058000 	.word	0x40058000
200024b8:	40022000 	.word	0x40022000
200024bc:	40020000 	.word	0x40020000

200024c0 <vreg_set_voltage>:
200024c0:	4b0a      	ldr	r3, [pc, #40]	@ (200024ec <vreg_set_voltage+0x2c>)
200024c2:	490b      	ldr	r1, [pc, #44]	@ (200024f0 <vreg_set_voltage+0x30>)
200024c4:	4a0b      	ldr	r2, [pc, #44]	@ (200024f4 <vreg_set_voltage+0x34>)
200024c6:	6059      	str	r1, [r3, #4]
200024c8:	68d3      	ldr	r3, [r2, #12]
200024ca:	0419      	lsls	r1, r3, #16
200024cc:	d4fc      	bmi.n	200024c8 <vreg_set_voltage+0x8>
200024ce:	4b0a      	ldr	r3, [pc, #40]	@ (200024f8 <vreg_set_voltage+0x38>)
200024d0:	68d2      	ldr	r2, [r2, #12]
200024d2:	ea43 1300 	orr.w	r3, r3, r0, lsl #4
200024d6:	4909      	ldr	r1, [pc, #36]	@ (200024fc <vreg_set_voltage+0x3c>)
200024d8:	4053      	eors	r3, r2
200024da:	4809      	ldr	r0, [pc, #36]	@ (20002500 <vreg_set_voltage+0x40>)
200024dc:	4019      	ands	r1, r3
200024de:	4a05      	ldr	r2, [pc, #20]	@ (200024f4 <vreg_set_voltage+0x34>)
200024e0:	60c1      	str	r1, [r0, #12]
200024e2:	68d3      	ldr	r3, [r2, #12]
200024e4:	041b      	lsls	r3, r3, #16
200024e6:	d4fc      	bmi.n	200024e2 <vreg_set_voltage+0x22>
200024e8:	4770      	bx	lr
200024ea:	bf00      	nop
200024ec:	40102000 	.word	0x40102000
200024f0:	5afe2000 	.word	0x5afe2000
200024f4:	40100000 	.word	0x40100000
200024f8:	5afe0000 	.word	0x5afe0000
200024fc:	5afe01f0 	.word	0x5afe01f0
20002500:	40101000 	.word	0x40101000

20002504 <watchdog_reboot>:
20002504:	b430      	push	{r4, r5}
20002506:	f04f 4480 	mov.w	r4, #1073741824	@ 0x40000000
2000250a:	4b1c      	ldr	r3, [pc, #112]	@ (2000257c <watchdog_reboot+0x78>)
2000250c:	601c      	str	r4, [r3, #0]
2000250e:	b1e0      	cbz	r0, 2000254a <watchdog_reboot+0x46>
20002510:	4c1b      	ldr	r4, [pc, #108]	@ (20002580 <watchdog_reboot+0x7c>)
20002512:	f5a3 5340 	sub.w	r3, r3, #12288	@ 0x3000
20002516:	61dc      	str	r4, [r3, #28]
20002518:	4c1a      	ldr	r4, [pc, #104]	@ (20002584 <watchdog_reboot+0x80>)
2000251a:	f040 0001 	orr.w	r0, r0, #1
2000251e:	4044      	eors	r4, r0
20002520:	621c      	str	r4, [r3, #32]
20002522:	6259      	str	r1, [r3, #36]	@ 0x24
20002524:	6298      	str	r0, [r3, #40]	@ 0x28
20002526:	f04f 4580 	mov.w	r5, #1073741824	@ 0x40000000
2000252a:	f04f 61e0 	mov.w	r1, #117440512	@ 0x7000000
2000252e:	4b13      	ldr	r3, [pc, #76]	@ (2000257c <watchdog_reboot+0x78>)
20002530:	4815      	ldr	r0, [pc, #84]	@ (20002588 <watchdog_reboot+0x84>)
20002532:	4c16      	ldr	r4, [pc, #88]	@ (2000258c <watchdog_reboot+0x88>)
20002534:	601d      	str	r5, [r3, #0]
20002536:	6084      	str	r4, [r0, #8]
20002538:	6019      	str	r1, [r3, #0]
2000253a:	b94a      	cbnz	r2, 20002550 <watchdog_reboot+0x4c>
2000253c:	bc30      	pop	{r4, r5}
2000253e:	f04f 4200 	mov.w	r2, #2147483648	@ 0x80000000
20002542:	f5a3 5380 	sub.w	r3, r3, #4096	@ 0x1000
20002546:	601a      	str	r2, [r3, #0]
20002548:	4770      	bx	lr
2000254a:	4b11      	ldr	r3, [pc, #68]	@ (20002590 <watchdog_reboot+0x8c>)
2000254c:	61d8      	str	r0, [r3, #28]
2000254e:	e7ea      	b.n	20002526 <watchdog_reboot+0x22>
20002550:	f44f 737a 	mov.w	r3, #1000	@ 0x3e8
20002554:	fb03 f202 	mul.w	r2, r3, r2
20002558:	f1b2 7f80 	cmp.w	r2, #16777216	@ 0x1000000
2000255c:	bf2a      	itet	cs
2000255e:	f06f 437f 	mvncs.w	r3, #4278190080	@ 0xff000000
20002562:	4613      	movcc	r3, r2
20002564:	461a      	movcs	r2, r3
20002566:	f04f 4180 	mov.w	r1, #1073741824	@ 0x40000000
2000256a:	4c0a      	ldr	r4, [pc, #40]	@ (20002594 <watchdog_reboot+0x90>)
2000256c:	4808      	ldr	r0, [pc, #32]	@ (20002590 <watchdog_reboot+0x8c>)
2000256e:	6023      	str	r3, [r4, #0]
20002570:	4b09      	ldr	r3, [pc, #36]	@ (20002598 <watchdog_reboot+0x94>)
20002572:	6042      	str	r2, [r0, #4]
20002574:	bc30      	pop	{r4, r5}
20002576:	6019      	str	r1, [r3, #0]
20002578:	4770      	bx	lr
2000257a:	bf00      	nop
2000257c:	400db000 	.word	0x400db000
20002580:	b007c0d3 	.word	0xb007c0d3
20002584:	4ff83f2d 	.word	0x4ff83f2d
20002588:	4001a000 	.word	0x4001a000
2000258c:	01fffff3 	.word	0x01fffff3
20002590:	400d8000 	.word	0x400d8000
20002594:	20009954 	.word	0x20009954
20002598:	400da000 	.word	0x400da000

2000259c <tick_start>:
2000259c:	2301      	movs	r3, #1
2000259e:	eb00 0040 	add.w	r0, r0, r0, lsl #1
200025a2:	0080      	lsls	r0, r0, #2
200025a4:	f100 4080 	add.w	r0, r0, #1073741824	@ 0x40000000
200025a8:	f500 1084 	add.w	r0, r0, #1081344	@ 0x108000
200025ac:	6041      	str	r1, [r0, #4]
200025ae:	6003      	str	r3, [r0, #0]
200025b0:	4770      	bx	lr
200025b2:	bf00      	nop

200025b4 <rom_reboot.constprop.0.isra.0>:
200025b4:	2300      	movs	r3, #0
200025b6:	b570      	push	{r4, r5, r6, lr}
200025b8:	8adb      	ldrh	r3, [r3, #22]
200025ba:	4604      	mov	r4, r0
200025bc:	460d      	mov	r5, r1
200025be:	2200      	movs	r2, #0
200025c0:	e842 f200 	tt	r2, r2
200025c4:	0252      	lsls	r2, r2, #9
200025c6:	bf54      	ite	pl
200025c8:	2110      	movpl	r1, #16
200025ca:	2104      	movmi	r1, #4
200025cc:	f244 2052 	movw	r0, #16978	@ 0x4252
200025d0:	4798      	blx	r3
200025d2:	4686      	mov	lr, r0
200025d4:	462b      	mov	r3, r5
200025d6:	4622      	mov	r2, r4
200025d8:	46f4      	mov	ip, lr
200025da:	e8bd 4070 	ldmia.w	sp!, {r4, r5, r6, lr}
200025de:	210a      	movs	r1, #10
200025e0:	f44f 7081 	mov.w	r0, #258	@ 0x102
200025e4:	4760      	bx	ip
200025e6:	bf00      	nop

200025e8 <rom_func_lookup>:
200025e8:	2300      	movs	r3, #0
200025ea:	8adb      	ldrh	r3, [r3, #22]
200025ec:	2200      	movs	r2, #0
200025ee:	e842 f200 	tt	r2, r2
200025f2:	0252      	lsls	r2, r2, #9
200025f4:	d401      	bmi.n	200025fa <rom_func_lookup+0x12>
200025f6:	2110      	movs	r1, #16
200025f8:	4718      	bx	r3
200025fa:	2104      	movs	r1, #4
200025fc:	4718      	bx	r3
200025fe:	bf00      	nop

20002600 <rom_reset_usb_boot_extra>:
20002600:	b508      	push	{r3, lr}
20002602:	4603      	mov	r3, r0
20002604:	4608      	mov	r0, r1
20002606:	1e19      	subs	r1, r3, #0
20002608:	db02      	blt.n	20002610 <rom_reset_usb_boot_extra+0x10>
2000260a:	b11a      	cbz	r2, 20002614 <rom_reset_usb_boot_extra+0x14>
2000260c:	f040 0030 	orr.w	r0, r0, #48	@ 0x30
20002610:	f7ff ffd0 	bl	200025b4 <rom_reboot.constprop.0.isra.0>
20002614:	f040 0020 	orr.w	r0, r0, #32
20002618:	e7fa      	b.n	20002610 <rom_reset_usb_boot_extra+0x10>
2000261a:	bf00      	nop

2000261c <runtime_init_bootrom_locking_enable>:
2000261c:	4a03      	ldr	r2, [pc, #12]	@ (2000262c <runtime_init_bootrom_locking_enable+0x10>)
2000261e:	f8d2 3828 	ldr.w	r3, [r2, #2088]	@ 0x828
20002622:	2b00      	cmp	r3, #0
20002624:	d0fb      	beq.n	2000261e <runtime_init_bootrom_locking_enable+0x2>
20002626:	f3bf 8f5f 	dmb	sy
2000262a:	4770      	bx	lr
2000262c:	400e0000 	.word	0x400e0000

20002630 <runtime_init_boot_locks_reset>:
20002630:	2100      	movs	r1, #0
20002632:	4b04      	ldr	r3, [pc, #16]	@ (20002644 <runtime_init_boot_locks_reset+0x14>)
20002634:	4a04      	ldr	r2, [pc, #16]	@ (20002648 <runtime_init_boot_locks_reset+0x18>)
20002636:	f3bf 8f5f 	dmb	sy
2000263a:	f843 1b04 	str.w	r1, [r3], #4
2000263e:	4293      	cmp	r3, r2
20002640:	d1f9      	bne.n	20002636 <runtime_init_boot_locks_reset+0x6>
20002642:	4770      	bx	lr
20002644:	400e080c 	.word	0x400e080c
20002648:	400e082c 	.word	0x400e082c

2000264c <xosc_init>:
2000264c:	b410      	push	{r4}
2000264e:	f44f 708d 	mov.w	r0, #282	@ 0x11a
20002652:	f44f 642a 	mov.w	r4, #2720	@ 0xaa0
20002656:	4a06      	ldr	r2, [pc, #24]	@ (20002670 <xosc_init+0x24>)
20002658:	4b06      	ldr	r3, [pc, #24]	@ (20002674 <xosc_init+0x28>)
2000265a:	4907      	ldr	r1, [pc, #28]	@ (20002678 <xosc_init+0x2c>)
2000265c:	6014      	str	r4, [r2, #0]
2000265e:	60d0      	str	r0, [r2, #12]
20002660:	6019      	str	r1, [r3, #0]
20002662:	6853      	ldr	r3, [r2, #4]
20002664:	2b00      	cmp	r3, #0
20002666:	dafc      	bge.n	20002662 <xosc_init+0x16>
20002668:	f85d 4b04 	ldr.w	r4, [sp], #4
2000266c:	4770      	bx	lr
2000266e:	bf00      	nop
20002670:	40048000 	.word	0x40048000
20002674:	4004a000 	.word	0x4004a000
20002678:	00fab000 	.word	0x00fab000

2000267c <first_per_core_initializer>:
2000267c:	4770      	bx	lr
2000267e:	bf00      	nop

20002680 <hard_assertion_failure>:
20002680:	b508      	push	{r3, lr}
20002682:	4801      	ldr	r0, [pc, #4]	@ (20002688 <hard_assertion_failure+0x8>)
20002684:	f7fe fd64 	bl	20001150 <panic>
20002688:	200088c8 	.word	0x200088c8

2000268c <runtime_run_initializers>:
2000268c:	b538      	push	{r3, r4, r5, lr}
2000268e:	4c05      	ldr	r4, [pc, #20]	@ (200026a4 <runtime_run_initializers+0x18>)
20002690:	4d05      	ldr	r5, [pc, #20]	@ (200026a8 <runtime_run_initializers+0x1c>)
20002692:	42ac      	cmp	r4, r5
20002694:	d204      	bcs.n	200026a0 <runtime_run_initializers+0x14>
20002696:	f854 3b04 	ldr.w	r3, [r4], #4
2000269a:	4798      	blx	r3
2000269c:	42ac      	cmp	r4, r5
2000269e:	d3fa      	bcc.n	20002696 <runtime_run_initializers+0xa>
200026a0:	bd38      	pop	{r3, r4, r5, pc}
200026a2:	bf00      	nop
200026a4:	20008d2c 	.word	0x20008d2c
200026a8:	20008d70 	.word	0x20008d70

200026ac <runtime_run_per_core_initializers>:
200026ac:	b538      	push	{r3, r4, r5, lr}
200026ae:	4c05      	ldr	r4, [pc, #20]	@ (200026c4 <runtime_run_per_core_initializers+0x18>)
200026b0:	4d05      	ldr	r5, [pc, #20]	@ (200026c8 <runtime_run_per_core_initializers+0x1c>)
200026b2:	42ac      	cmp	r4, r5
200026b4:	d204      	bcs.n	200026c0 <runtime_run_per_core_initializers+0x14>
200026b6:	f854 3b04 	ldr.w	r3, [r4], #4
200026ba:	4798      	blx	r3
200026bc:	42ac      	cmp	r4, r5
200026be:	d3fa      	bcc.n	200026b6 <runtime_run_per_core_initializers+0xa>
200026c0:	bd38      	pop	{r3, r4, r5, pc}
200026c2:	bf00      	nop
200026c4:	20008d58 	.word	0x20008d58
200026c8:	20008d70 	.word	0x20008d70

200026cc <runtime_init_early_resets>:
200026cc:	b410      	push	{r4}
200026ce:	4807      	ldr	r0, [pc, #28]	@ (200026ec <runtime_init_early_resets+0x20>)
200026d0:	4c07      	ldr	r4, [pc, #28]	@ (200026f0 <runtime_init_early_resets+0x24>)
200026d2:	4b08      	ldr	r3, [pc, #32]	@ (200026f4 <runtime_init_early_resets+0x28>)
200026d4:	4a08      	ldr	r2, [pc, #32]	@ (200026f8 <runtime_init_early_resets+0x2c>)
200026d6:	4909      	ldr	r1, [pc, #36]	@ (200026fc <runtime_init_early_resets+0x30>)
200026d8:	6004      	str	r4, [r0, #0]
200026da:	601a      	str	r2, [r3, #0]
200026dc:	688b      	ldr	r3, [r1, #8]
200026de:	ea32 0303 	bics.w	r3, r2, r3
200026e2:	d1fb      	bne.n	200026dc <runtime_init_early_resets+0x10>
200026e4:	f85d 4b04 	ldr.w	r4, [sp], #4
200026e8:	4770      	bx	lr
200026ea:	bf00      	nop
200026ec:	40022000 	.word	0x40022000
200026f0:	efef3b7f 	.word	0xefef3b7f
200026f4:	40023000 	.word	0x40023000
200026f8:	03f3fff6 	.word	0x03f3fff6
200026fc:	40020000 	.word	0x40020000

20002700 <runtime_init_usb_power_down>:
20002700:	4b04      	ldr	r3, [pc, #16]	@ (20002714 <runtime_init_usb_power_down+0x14>)
20002702:	6cdb      	ldr	r3, [r3, #76]	@ 0x4c
20002704:	f5b3 4f00 	cmp.w	r3, #32768	@ 0x8000
20002708:	d103      	bne.n	20002712 <runtime_init_usb_power_down+0x12>
2000270a:	f44f 2280 	mov.w	r2, #262144	@ 0x40000
2000270e:	4b02      	ldr	r3, [pc, #8]	@ (20002718 <runtime_init_usb_power_down+0x18>)
20002710:	64da      	str	r2, [r3, #76]	@ 0x4c
20002712:	4770      	bx	lr
20002714:	50110000 	.word	0x50110000
20002718:	50112000 	.word	0x50112000

2000271c <runtime_init_per_core_enable_coprocessors>:
2000271c:	f04f 22e0 	mov.w	r2, #3758153728	@ 0xe000e000
20002720:	4b04      	ldr	r3, [pc, #16]	@ (20002734 <runtime_init_per_core_enable_coprocessors+0x18>)
20002722:	f8d2 1d88 	ldr.w	r1, [r2, #3464]	@ 0xd88
20002726:	430b      	orrs	r3, r1
20002728:	f8c2 3d88 	str.w	r3, [r2, #3464]	@ 0xd88
2000272c:	ee10 0430 	dcp_rcmp r0
20002730:	4770      	bx	lr
20002732:	bf00      	nop
20002734:	00300303 	.word	0x00300303

20002738 <runtime_init_post_clock_resets>:
20002738:	f06f 4160 	mvn.w	r1, #3758096384	@ 0xe0000000
2000273c:	4b04      	ldr	r3, [pc, #16]	@ (20002750 <runtime_init_post_clock_resets+0x18>)
2000273e:	4a05      	ldr	r2, [pc, #20]	@ (20002754 <runtime_init_post_clock_resets+0x1c>)
20002740:	6019      	str	r1, [r3, #0]
20002742:	6893      	ldr	r3, [r2, #8]
20002744:	43db      	mvns	r3, r3
20002746:	f033 4360 	bics.w	r3, r3, #3758096384	@ 0xe0000000
2000274a:	d1fa      	bne.n	20002742 <runtime_init_post_clock_resets+0xa>
2000274c:	4770      	bx	lr
2000274e:	bf00      	nop
20002750:	40023000 	.word	0x40023000
20002754:	40020000 	.word	0x40020000

20002758 <runtime_init_bootrom_reset>:
20002758:	b510      	push	{r4, lr}
2000275a:	f245 2053 	movw	r0, #21075	@ 0x5253
2000275e:	f7ff ff43 	bl	200025e8 <rom_func_lookup>
20002762:	e8bd 4010 	ldmia.w	sp!, {r4, lr}
20002766:	4603      	mov	r3, r0
20002768:	2004      	movs	r0, #4
2000276a:	4718      	bx	r3

2000276c <runtime_init_per_core_bootrom_reset>:
2000276c:	b510      	push	{r4, lr}
2000276e:	f245 2053 	movw	r0, #21075	@ 0x5253
20002772:	f7ff ff39 	bl	200025e8 <rom_func_lookup>
20002776:	e8bd 4010 	ldmia.w	sp!, {r4, lr}
2000277a:	4603      	mov	r3, r0
2000277c:	2001      	movs	r0, #1
2000277e:	4718      	bx	r3

20002780 <runtime_init_spin_locks_reset>:
20002780:	f7fe bdb8 	b.w	200012f4 <spin_locks_reset>

20002784 <runtime_init_install_ram_vector_table>:
20002784:	b538      	push	{r3, r4, r5, lr}
20002786:	4913      	ldr	r1, [pc, #76]	@ (200027d4 <runtime_init_install_ram_vector_table+0x50>)
20002788:	4c13      	ldr	r4, [pc, #76]	@ (200027d8 <runtime_init_install_ram_vector_table+0x54>)
2000278a:	4d14      	ldr	r5, [pc, #80]	@ (200027dc <runtime_init_install_ram_vector_table+0x58>)
2000278c:	1a64      	subs	r4, r4, r1
2000278e:	08a4      	lsrs	r4, r4, #2
20002790:	2c44      	cmp	r4, #68	@ 0x44
20002792:	4622      	mov	r2, r4
20002794:	bf28      	it	cs
20002796:	2244      	movcs	r2, #68	@ 0x44
20002798:	4628      	mov	r0, r5
2000279a:	0092      	lsls	r2, r2, #2
2000279c:	f005 fa9c 	bl	20007cd8 <memcpy>
200027a0:	2c43      	cmp	r4, #67	@ 0x43
200027a2:	d814      	bhi.n	200027ce <runtime_init_install_ram_vector_table+0x4a>
200027a4:	4a0e      	ldr	r2, [pc, #56]	@ (200027e0 <runtime_init_install_ram_vector_table+0x5c>)
200027a6:	f1c4 0044 	rsb	r0, r4, #68	@ 0x44
200027aa:	d00e      	beq.n	200027ca <runtime_init_install_ram_vector_table+0x46>
200027ac:	eb05 0384 	add.w	r3, r5, r4, lsl #2
200027b0:	0841      	lsrs	r1, r0, #1
200027b2:	eb03 01c1 	add.w	r1, r3, r1, lsl #3
200027b6:	e9c3 2200 	strd	r2, r2, [r3]
200027ba:	3308      	adds	r3, #8
200027bc:	4299      	cmp	r1, r3
200027be:	d1fa      	bne.n	200027b6 <runtime_init_install_ram_vector_table+0x32>
200027c0:	07c3      	lsls	r3, r0, #31
200027c2:	d504      	bpl.n	200027ce <runtime_init_install_ram_vector_table+0x4a>
200027c4:	f020 0001 	bic.w	r0, r0, #1
200027c8:	4404      	add	r4, r0
200027ca:	f845 2024 	str.w	r2, [r5, r4, lsl #2]
200027ce:	4b05      	ldr	r3, [pc, #20]	@ (200027e4 <runtime_init_install_ram_vector_table+0x60>)
200027d0:	609d      	str	r5, [r3, #8]
200027d2:	bd38      	pop	{r3, r4, r5, pc}
200027d4:	10000000 	.word	0x10000000
200027d8:	10000110 	.word	0x10000110
200027dc:	20000000 	.word	0x20000000
200027e0:	10000111 	.word	0x10000111
200027e4:	e000ed00 	.word	0xe000ed00

200027e8 <runtime_init_clocks>:
200027e8:	2300      	movs	r3, #0
200027ea:	b570      	push	{r4, r5, r6, lr}
200027ec:	4c2b      	ldr	r4, [pc, #172]	@ (2000289c <runtime_init_clocks+0xb4>)
200027ee:	b082      	sub	sp, #8
200027f0:	f8c4 3084 	str.w	r3, [r4, #132]	@ 0x84
200027f4:	f7ff ff2a 	bl	2000264c <xosc_init>
200027f8:	2201      	movs	r2, #1
200027fa:	4b29      	ldr	r3, [pc, #164]	@ (200028a0 <runtime_init_clocks+0xb8>)
200027fc:	63da      	str	r2, [r3, #60]	@ 0x3c
200027fe:	6c63      	ldr	r3, [r4, #68]	@ 0x44
20002800:	2b01      	cmp	r3, #1
20002802:	d1fc      	bne.n	200027fe <runtime_init_clocks+0x16>
20002804:	2103      	movs	r1, #3
20002806:	4a26      	ldr	r2, [pc, #152]	@ (200028a0 <runtime_init_clocks+0xb8>)
20002808:	4b24      	ldr	r3, [pc, #144]	@ (2000289c <runtime_init_clocks+0xb4>)
2000280a:	6311      	str	r1, [r2, #48]	@ 0x30
2000280c:	6b9c      	ldr	r4, [r3, #56]	@ 0x38
2000280e:	2c01      	cmp	r4, #1
20002810:	d1fc      	bne.n	2000280c <runtime_init_clocks+0x24>
20002812:	2602      	movs	r6, #2
20002814:	2505      	movs	r5, #5
20002816:	4621      	mov	r1, r4
20002818:	2305      	movs	r3, #5
2000281a:	4a22      	ldr	r2, [pc, #136]	@ (200028a4 <runtime_init_clocks+0xbc>)
2000281c:	4822      	ldr	r0, [pc, #136]	@ (200028a8 <runtime_init_clocks+0xc0>)
2000281e:	9600      	str	r6, [sp, #0]
20002820:	f7ff fe08 	bl	20002434 <pll_init>
20002824:	4621      	mov	r1, r4
20002826:	462b      	mov	r3, r5
20002828:	4a20      	ldr	r2, [pc, #128]	@ (200028ac <runtime_init_clocks+0xc4>)
2000282a:	4821      	ldr	r0, [pc, #132]	@ (200028b0 <runtime_init_clocks+0xc8>)
2000282c:	9500      	str	r5, [sp, #0]
2000282e:	f7ff fe01 	bl	20002434 <pll_init>
20002832:	2200      	movs	r2, #0
20002834:	2004      	movs	r0, #4
20002836:	4631      	mov	r1, r6
20002838:	4b1e      	ldr	r3, [pc, #120]	@ (200028b4 <runtime_init_clocks+0xcc>)
2000283a:	f7ff fbfd 	bl	20002038 <clock_configure_undivided>
2000283e:	4621      	mov	r1, r4
20002840:	4628      	mov	r0, r5
20002842:	2200      	movs	r2, #0
20002844:	4b1c      	ldr	r3, [pc, #112]	@ (200028b8 <runtime_init_clocks+0xd0>)
20002846:	f7ff fbf7 	bl	20002038 <clock_configure_undivided>
2000284a:	2200      	movs	r2, #0
2000284c:	2008      	movs	r0, #8
2000284e:	4611      	mov	r1, r2
20002850:	4b1a      	ldr	r3, [pc, #104]	@ (200028bc <runtime_init_clocks+0xd4>)
20002852:	f7ff fbf1 	bl	20002038 <clock_configure_undivided>
20002856:	2200      	movs	r2, #0
20002858:	2009      	movs	r0, #9
2000285a:	4611      	mov	r1, r2
2000285c:	4b17      	ldr	r3, [pc, #92]	@ (200028bc <runtime_init_clocks+0xd4>)
2000285e:	f7ff fbeb 	bl	20002038 <clock_configure_undivided>
20002862:	2200      	movs	r2, #0
20002864:	2006      	movs	r0, #6
20002866:	4611      	mov	r1, r2
20002868:	4b13      	ldr	r3, [pc, #76]	@ (200028b8 <runtime_init_clocks+0xd0>)
2000286a:	f7ff fbe5 	bl	20002038 <clock_configure_undivided>
2000286e:	2200      	movs	r2, #0
20002870:	4b11      	ldr	r3, [pc, #68]	@ (200028b8 <runtime_init_clocks+0xd0>)
20002872:	2007      	movs	r0, #7
20002874:	4611      	mov	r1, r2
20002876:	f7ff fbdf 	bl	20002038 <clock_configure_undivided>
2000287a:	2004      	movs	r0, #4
2000287c:	f7ff fc44 	bl	20002108 <clock_get_hz>
20002880:	2400      	movs	r4, #0
20002882:	4b0f      	ldr	r3, [pc, #60]	@ (200028c0 <runtime_init_clocks+0xd8>)
20002884:	fba3 3500 	umull	r3, r5, r3, r0
20002888:	0cad      	lsrs	r5, r5, #18
2000288a:	b2e0      	uxtb	r0, r4
2000288c:	4629      	mov	r1, r5
2000288e:	3401      	adds	r4, #1
20002890:	f7ff fe84 	bl	2000259c <tick_start>
20002894:	2c06      	cmp	r4, #6
20002896:	d1f8      	bne.n	2000288a <runtime_init_clocks+0xa2>
20002898:	b002      	add	sp, #8
2000289a:	bd70      	pop	{r4, r5, r6, pc}
2000289c:	40010000 	.word	0x40010000
200028a0:	40013000 	.word	0x40013000
200028a4:	59682f00 	.word	0x59682f00
200028a8:	40050000 	.word	0x40050000
200028ac:	47868c00 	.word	0x47868c00
200028b0:	40058000 	.word	0x40058000
200028b4:	00b71b00 	.word	0x00b71b00
200028b8:	08f0d180 	.word	0x08f0d180
200028bc:	02dc6c00 	.word	0x02dc6c00
200028c0:	431bde83 	.word	0x431bde83

200028c4 <generic_save_state>:
200028c4:	b086      	sub	sp, #24
200028c6:	b403      	push	{r0, r1}
200028c8:	fc51 0408 	dcp_pxmd r0, r1
200028cc:	e9cd 0102 	strd	r0, r1, [sp, #8]
200028d0:	fc51 0409 	dcp_pymd r0, r1
200028d4:	e9cd 0104 	strd	r0, r1, [sp, #16]
200028d8:	ec51 040a 	dcp_refd r0, r1
200028dc:	e9cd 0106 	strd	r0, r1, [sp, #24]
200028e0:	bc03      	pop	{r0, r1}
200028e2:	47f0      	blx	lr

200028e4 <generic_restore_state>:
200028e4:	e8bd 5000 	ldmia.w	sp!, {ip, lr}
200028e8:	ec4e c400 	dcp_wxmd ip, lr
200028ec:	e8bd 5000 	ldmia.w	sp!, {ip, lr}
200028f0:	ec4e c401 	dcp_wymd ip, lr
200028f4:	e8bd 5000 	ldmia.w	sp!, {ip, lr}
200028f8:	ec4e c402 	dcp_wefd ip, lr
200028fc:	bd00      	pop	{pc}
200028fe:	0000      	movs	r0, r0
20002900:	b500      	push	{lr}
20002902:	f7ff ffdf 	bl	200028c4 <generic_save_state>
20002906:	e002      	b.n	2000290e <__wrap___aeabi_dadd+0x6>

20002908 <__wrap___aeabi_dadd>:
20002908:	fe10 f430 	dcp_pcmp APSR_nzcv
2000290c:	d4f8      	bmi.n	20002900 <generic_restore_state+0x1c>
2000290e:	ec41 0410 	dcp_wxup r0, r1
20002912:	ec43 2411 	dcp_wyup r2, r3
20002916:	ee00 0401 	dcp_add0
2000291a:	ee10 0401 	dcp_add1
2000291e:	ee80 0420 	dcp_nrdd
20002922:	ec51 0410 	dcp_rdda r0, r1
20002926:	4770      	bx	lr
20002928:	b500      	push	{lr}
2000292a:	f7ff ffcb 	bl	200028c4 <generic_save_state>
2000292e:	e002      	b.n	20002936 <__wrap___aeabi_dsub+0x6>

20002930 <__wrap___aeabi_dsub>:
20002930:	fe10 f430 	dcp_pcmp APSR_nzcv
20002934:	d4f8      	bmi.n	20002928 <__wrap___aeabi_dadd+0x20>
20002936:	ec41 0410 	dcp_wxup r0, r1
2000293a:	ec43 2411 	dcp_wyup r2, r3
2000293e:	ee00 0401 	dcp_add0
20002942:	ee10 0421 	dcp_sub1
20002946:	ee80 0420 	dcp_nrdd
2000294a:	ec51 0430 	dcp_rdds r0, r1
2000294e:	4770      	bx	lr
20002950:	b500      	push	{lr}
20002952:	f7ff ffb7 	bl	200028c4 <generic_save_state>
20002956:	e002      	b.n	2000295e <__wrap___aeabi_dmul+0x6>

20002958 <__wrap___aeabi_dmul>:
20002958:	fe10 f430 	dcp_pcmp APSR_nzcv
2000295c:	d4f8      	bmi.n	20002950 <__wrap___aeabi_dsub+0x20>
2000295e:	b510      	push	{r4, lr}
20002960:	ec41 0410 	dcp_wxup r0, r1
20002964:	ec43 2411 	dcp_wyup r2, r3
20002968:	ec51 0404 	dcp_rxms r0, r1, #0x0
2000296c:	ec53 2405 	dcp_ryms r2, r3, #0x0
20002970:	fba0 4c02 	umull	r4, ip, r0, r2
20002974:	f05f 0e00 	movs.w	lr, #0
20002978:	fbe0 ce03 	umlal	ip, lr, r0, r3
2000297c:	fbe1 ce02 	umlal	ip, lr, r1, r2
20002980:	ec4c 4420 	dcp_wxms r4, ip
20002984:	2400      	movs	r4, #0
20002986:	fbe1 e403 	umlal	lr, r4, r1, r3
2000298a:	ec44 e430 	dcp_wxmo lr, r4
2000298e:	ee80 0420 	dcp_nrdd
20002992:	ec51 0450 	dcp_rddm r0, r1
20002996:	bd10      	pop	{r4, pc}
20002998:	b500      	push	{lr}
2000299a:	f7ff ff93 	bl	200028c4 <generic_save_state>
2000299e:	e002      	b.n	200029a6 <__wrap___aeabi_ddiv+0x6>

200029a0 <__wrap___aeabi_ddiv>:
200029a0:	fe10 f430 	dcp_pcmp APSR_nzcv
200029a4:	d4f8      	bmi.n	20002998 <__wrap___aeabi_dmul+0x40>
200029a6:	ec41 0410 	dcp_wxup r0, r1
200029aa:	ec43 2411 	dcp_wyup r2, r3
200029ae:	ec51 0421 	dcp_rymr r0, r1
200029b2:	fba0 1201 	umull	r1, r2, r0, r1
200029b6:	ea6f 0282 	mvn.w	r2, r2, lsl #2
200029ba:	fb52 0010 	smmlar	r0, r2, r0, r0
200029be:	fb52 f212 	smmulr	r2, r2, r2
200029c2:	fb52 0010 	smmlar	r0, r2, r0, r0
200029c6:	eba0 7cd0 	sub.w	ip, r0, r0, lsr #31
200029ca:	ec53 2404 	dcp_rxms r2, r3, #0x0
200029ce:	fb5c f113 	smmulr	r1, ip, r3
200029d2:	ec53 2415 	dcp_ryms r2, r3, #0x1
200029d6:	fba1 2002 	umull	r2, r0, r1, r2
200029da:	fb01 0003 	mla	r0, r1, r3, r0
200029de:	ec53 2444 	dcp_rxms r2, r3, #0x4
200029e2:	eba2 0000 	sub.w	r0, r2, r0
200029e6:	fb50 f21c 	smmulr	r2, r0, ip
200029ea:	ea4f 1311 	mov.w	r3, r1, lsr #4
200029ee:	eb12 7001 	adds.w	r0, r2, r1, lsl #28
200029f2:	eb43 71e2 	adc.w	r1, r3, r2, asr #31
200029f6:	ea40 5051 	orr.w	r0, r0, r1, lsr #21
200029fa:	ea20 5091 	bic.w	r0, r0, r1, lsr #22
200029fe:	f020 0007 	bic.w	r0, r0, #7
20002a02:	ec53 2475 	dcp_ryms r2, r3, #0x7
20002a06:	fba0 3c02 	umull	r3, ip, r0, r2
20002a0a:	ec53 2475 	dcp_ryms r2, r3, #0x7
20002a0e:	fb00 cc03 	mla	ip, r0, r3, ip
20002a12:	fb01 cc02 	mla	ip, r1, r2, ip
20002a16:	ec53 2404 	dcp_rxms r2, r3, #0x0
20002a1a:	ebac 4c82 	sub.w	ip, ip, r2, lsl #18
20002a1e:	ea40 705c 	orr.w	r0, r0, ip, lsr #29
20002a22:	f1a0 0001 	sub.w	r0, r0, #1
20002a26:	ec41 0440 	dcp_wxdd r0, r1
20002a2a:	ee80 0420 	dcp_nrdd
20002a2e:	ec51 0470 	dcp_rddd r0, r1
20002a32:	4770      	bx	lr
20002a34:	b500      	push	{lr}
20002a36:	f7ff ff45 	bl	200028c4 <generic_save_state>
20002a3a:	e002      	b.n	20002a42 <__wrap___aeabi_i2d+0x6>

20002a3c <__wrap___aeabi_i2d>:
20002a3c:	fe10 f430 	dcp_pcmp APSR_nzcv
20002a40:	d4f8      	bmi.n	20002a34 <__wrap___aeabi_ddiv+0x94>
20002a42:	ec40 0470 	dcp_wxic r0, r0
20002a46:	ee00 0401 	dcp_add0
20002a4a:	ee10 0421 	dcp_sub1
20002a4e:	ee80 0420 	dcp_nrdd
20002a52:	ec51 0430 	dcp_rdds r0, r1
20002a56:	4770      	bx	lr
20002a58:	b500      	push	{lr}
20002a5a:	f7ff ff33 	bl	200028c4 <generic_save_state>
20002a5e:	e002      	b.n	20002a66 <__wrap___aeabi_ui2d+0x6>

20002a60 <__wrap___aeabi_ui2d>:
20002a60:	fe10 f430 	dcp_pcmp APSR_nzcv
20002a64:	d4f8      	bmi.n	20002a58 <__wrap___aeabi_i2d+0x1c>
20002a66:	ec40 0460 	dcp_wxuc r0, r0
20002a6a:	ee00 0401 	dcp_add0
20002a6e:	ee10 0421 	dcp_sub1
20002a72:	ee80 0420 	dcp_nrdd
20002a76:	ec51 0430 	dcp_rdds r0, r1
20002a7a:	4770      	bx	lr
20002a7c:	b500      	push	{lr}
20002a7e:	f7ff ff21 	bl	200028c4 <generic_save_state>
20002a82:	e002      	b.n	20002a8a <double2int_z_entry>

20002a84 <__wrap___aeabi_d2iz>:
20002a84:	fe10 f430 	dcp_pcmp APSR_nzcv
20002a88:	d4f8      	bmi.n	20002a7c <__wrap___aeabi_ui2d+0x1c>

20002a8a <double2int_z_entry>:
20002a8a:	ec41 0480 	dcp_wxdc r0, r1
20002a8e:	ee00 0401 	dcp_add0
20002a92:	ee10 0401 	dcp_add1
20002a96:	ee80 0440 	dcp_ntdc
20002a9a:	ee10 0413 	dcp_rdic r0
20002a9e:	4770      	bx	lr
20002aa0:	b500      	push	{lr}
20002aa2:	f7ff ff0f 	bl	200028c4 <generic_save_state>
20002aa6:	e002      	b.n	20002aae <double2uint_z_entry>

20002aa8 <__wrap___aeabi_d2uiz>:
20002aa8:	fe10 f430 	dcp_pcmp APSR_nzcv
20002aac:	d4f8      	bmi.n	20002aa0 <double2int_z_entry+0x16>

20002aae <double2uint_z_entry>:
20002aae:	ec41 0480 	dcp_wxdc r0, r1
20002ab2:	ee00 0401 	dcp_add0
20002ab6:	ee10 0401 	dcp_add1
20002aba:	ee80 0440 	dcp_ntdc
20002abe:	ee10 0433 	dcp_rduc r0
20002ac2:	4770      	bx	lr
20002ac4:	b500      	push	{lr}
20002ac6:	f7ff fefd 	bl	200028c4 <generic_save_state>
20002aca:	e002      	b.n	20002ad2 <__wrap___aeabi_dcmpun+0x6>

20002acc <__wrap___aeabi_dcmpun>:
20002acc:	fe10 f430 	dcp_pcmp APSR_nzcv
20002ad0:	d4f8      	bmi.n	20002ac4 <double2uint_z_entry+0x16>
20002ad2:	ec41 0410 	dcp_wxup r0, r1
20002ad6:	ec43 2411 	dcp_wyup r2, r3
20002ada:	ee00 0401 	dcp_add0
20002ade:	ee10 0430 	dcp_rcmp r0
20002ae2:	f3c0 7000 	ubfx	r0, r0, #28, #1
20002ae6:	4770      	bx	lr
20002ae8:	b500      	push	{lr}
20002aea:	f7ff feeb 	bl	200028c4 <generic_save_state>
20002aee:	e002      	b.n	20002af6 <__wrap___aeabi_dcmplt+0x6>

20002af0 <__wrap___aeabi_dcmplt>:
20002af0:	fe10 f430 	dcp_pcmp APSR_nzcv
20002af4:	d4f8      	bmi.n	20002ae8 <__wrap___aeabi_dcmpun+0x1c>
20002af6:	ec43 2410 	dcp_wxup r2, r3
20002afa:	ec41 0411 	dcp_wyup r0, r1
20002afe:	ee00 0401 	dcp_add0
20002b02:	ee10 f430 	dcp_rcmp APSR_nzcv
20002b06:	bf8c      	ite	hi
20002b08:	2001      	movhi	r0, #1
20002b0a:	2000      	movls	r0, #0
20002b0c:	4770      	bx	lr
20002b0e:	bf00      	nop
20002b10:	b500      	push	{lr}
20002b12:	f7ff fed7 	bl	200028c4 <generic_save_state>
20002b16:	e002      	b.n	20002b1e <__wrap___aeabi_dcmpge+0x6>

20002b18 <__wrap___aeabi_dcmpge>:
20002b18:	fe10 f430 	dcp_pcmp APSR_nzcv
20002b1c:	d4f8      	bmi.n	20002b10 <__wrap___aeabi_dcmplt+0x20>
20002b1e:	ec41 0410 	dcp_wxup r0, r1
20002b22:	ec43 2411 	dcp_wyup r2, r3
20002b26:	ee00 0401 	dcp_add0
20002b2a:	ee10 f430 	dcp_rcmp APSR_nzcv
20002b2e:	bf2c      	ite	cs
20002b30:	2001      	movcs	r0, #1
20002b32:	2000      	movcc	r0, #0
20002b34:	4770      	bx	lr
20002b36:	bf00      	nop
20002b38:	b500      	push	{lr}
20002b3a:	f7ff fec3 	bl	200028c4 <generic_save_state>
20002b3e:	e002      	b.n	20002b46 <__wrap___aeabi_dcmpgt+0x6>

20002b40 <__wrap___aeabi_dcmpgt>:
20002b40:	fe10 f430 	dcp_pcmp APSR_nzcv
20002b44:	d4f8      	bmi.n	20002b38 <__wrap___aeabi_dcmpge+0x20>
20002b46:	ec41 0410 	dcp_wxup r0, r1
20002b4a:	ec43 2411 	dcp_wyup r2, r3
20002b4e:	ee00 0401 	dcp_add0
20002b52:	ee10 f430 	dcp_rcmp APSR_nzcv
20002b56:	bf8c      	ite	hi
20002b58:	2001      	movhi	r0, #1
20002b5a:	2000      	movls	r0, #0
20002b5c:	4770      	bx	lr
20002b5e:	bf00      	nop

20002b60 <_out_null>:
20002b60:	4770      	bx	lr
20002b62:	bf00      	nop

20002b64 <_out_rev>:
20002b64:	e92d 4ff0 	stmdb	sp!, {r4, r5, r6, r7, r8, r9, sl, fp, lr}
20002b68:	b083      	sub	sp, #12
20002b6a:	4699      	mov	r9, r3
20002b6c:	e9dd ab0d 	ldrd	sl, fp, [sp, #52]	@ 0x34
20002b70:	9b0f      	ldr	r3, [sp, #60]	@ 0x3c
20002b72:	4688      	mov	r8, r1
20002b74:	4611      	mov	r1, r2
20002b76:	079a      	lsls	r2, r3, #30
20002b78:	4607      	mov	r7, r0
20002b7a:	d116      	bne.n	20002baa <_out_rev+0x46>
20002b7c:	45da      	cmp	sl, fp
20002b7e:	d23a      	bcs.n	20002bf6 <_out_rev+0x92>
20002b80:	460c      	mov	r4, r1
20002b82:	460d      	mov	r5, r1
20002b84:	ebab 060a 	sub.w	r6, fp, sl
20002b88:	440e      	add	r6, r1
20002b8a:	4622      	mov	r2, r4
20002b8c:	464b      	mov	r3, r9
20002b8e:	4641      	mov	r1, r8
20002b90:	2020      	movs	r0, #32
20002b92:	3401      	adds	r4, #1
20002b94:	47b8      	blx	r7
20002b96:	42b4      	cmp	r4, r6
20002b98:	d1f7      	bne.n	20002b8a <_out_rev+0x26>
20002b9a:	4629      	mov	r1, r5
20002b9c:	f1ba 0f00 	cmp.w	sl, #0
20002ba0:	d108      	bne.n	20002bb4 <_out_rev+0x50>
20002ba2:	4620      	mov	r0, r4
20002ba4:	b003      	add	sp, #12
20002ba6:	e8bd 8ff0 	ldmia.w	sp!, {r4, r5, r6, r7, r8, r9, sl, fp, pc}
20002baa:	460c      	mov	r4, r1
20002bac:	f1ba 0f00 	cmp.w	sl, #0
20002bb0:	d010      	beq.n	20002bd4 <_out_rev+0x70>
20002bb2:	460e      	mov	r6, r1
20002bb4:	4655      	mov	r5, sl
20002bb6:	9b0c      	ldr	r3, [sp, #48]	@ 0x30
20002bb8:	442e      	add	r6, r5
20002bba:	449a      	add	sl, r3
20002bbc:	9101      	str	r1, [sp, #4]
20002bbe:	1b72      	subs	r2, r6, r5
20002bc0:	464b      	mov	r3, r9
20002bc2:	3d01      	subs	r5, #1
20002bc4:	4641      	mov	r1, r8
20002bc6:	f81a 0d01 	ldrb.w	r0, [sl, #-1]!
20002bca:	4634      	mov	r4, r6
20002bcc:	47b8      	blx	r7
20002bce:	2d00      	cmp	r5, #0
20002bd0:	d1f5      	bne.n	20002bbe <_out_rev+0x5a>
20002bd2:	9901      	ldr	r1, [sp, #4]
20002bd4:	9b0f      	ldr	r3, [sp, #60]	@ 0x3c
20002bd6:	079b      	lsls	r3, r3, #30
20002bd8:	d5e3      	bpl.n	20002ba2 <_out_rev+0x3e>
20002bda:	1a65      	subs	r5, r4, r1
20002bdc:	45ab      	cmp	fp, r5
20002bde:	d9e0      	bls.n	20002ba2 <_out_rev+0x3e>
20002be0:	4622      	mov	r2, r4
20002be2:	464b      	mov	r3, r9
20002be4:	4641      	mov	r1, r8
20002be6:	2020      	movs	r0, #32
20002be8:	3501      	adds	r5, #1
20002bea:	47b8      	blx	r7
20002bec:	455d      	cmp	r5, fp
20002bee:	f104 0401 	add.w	r4, r4, #1
20002bf2:	d3f5      	bcc.n	20002be0 <_out_rev+0x7c>
20002bf4:	e7d5      	b.n	20002ba2 <_out_rev+0x3e>
20002bf6:	f1ba 0f00 	cmp.w	sl, #0
20002bfa:	d1da      	bne.n	20002bb2 <_out_rev+0x4e>
20002bfc:	460c      	mov	r4, r1
20002bfe:	e7d0      	b.n	20002ba2 <_out_rev+0x3e>

20002c00 <_ntoa_format>:
20002c00:	e92d 4ff0 	stmdb	sp!, {r4, r5, r6, r7, r8, r9, sl, fp, lr}
20002c04:	9f0f      	ldr	r7, [sp, #60]	@ 0x3c
20002c06:	f8dd e024 	ldr.w	lr, [sp, #36]	@ 0x24
20002c0a:	f017 0f02 	tst.w	r7, #2
20002c0e:	9c0a      	ldr	r4, [sp, #40]	@ 0x28
20002c10:	f89d 902c 	ldrb.w	r9, [sp, #44]	@ 0x2c
20002c14:	9d0e      	ldr	r5, [sp, #56]	@ 0x38
20002c16:	e9dd 860c 	ldrd	r8, r6, [sp, #48]	@ 0x30
20002c1a:	d129      	bne.n	20002c70 <_ntoa_format+0x70>
20002c1c:	2d00      	cmp	r5, #0
20002c1e:	d16f      	bne.n	20002d00 <_ntoa_format+0x100>
20002c20:	42b4      	cmp	r4, r6
20002c22:	d225      	bcs.n	20002c70 <_ntoa_format+0x70>
20002c24:	2c20      	cmp	r4, #32
20002c26:	f007 0b01 	and.w	fp, r7, #1
20002c2a:	f000 8112 	beq.w	20002e52 <_ntoa_format+0x252>
20002c2e:	f104 3cff 	add.w	ip, r4, #4294967295	@ 0xffffffff
20002c32:	f04f 0a30 	mov.w	sl, #48	@ 0x30
20002c36:	44f4      	add	ip, lr
20002c38:	e001      	b.n	20002c3e <_ntoa_format+0x3e>
20002c3a:	2c20      	cmp	r4, #32
20002c3c:	d07a      	beq.n	20002d34 <_ntoa_format+0x134>
20002c3e:	3401      	adds	r4, #1
20002c40:	42a6      	cmp	r6, r4
20002c42:	f80c af01 	strb.w	sl, [ip, #1]!
20002c46:	d8f8      	bhi.n	20002c3a <_ntoa_format+0x3a>
20002c48:	f1bb 0f00 	cmp.w	fp, #0
20002c4c:	d010      	beq.n	20002c70 <_ntoa_format+0x70>
20002c4e:	42ac      	cmp	r4, r5
20002c50:	d20e      	bcs.n	20002c70 <_ntoa_format+0x70>
20002c52:	2c20      	cmp	r4, #32
20002c54:	d074      	beq.n	20002d40 <_ntoa_format+0x140>
20002c56:	f104 3cff 	add.w	ip, r4, #4294967295	@ 0xffffffff
20002c5a:	f04f 0a30 	mov.w	sl, #48	@ 0x30
20002c5e:	44f4      	add	ip, lr
20002c60:	e001      	b.n	20002c66 <_ntoa_format+0x66>
20002c62:	2c20      	cmp	r4, #32
20002c64:	d029      	beq.n	20002cba <_ntoa_format+0xba>
20002c66:	3401      	adds	r4, #1
20002c68:	42ac      	cmp	r4, r5
20002c6a:	f80c af01 	strb.w	sl, [ip, #1]!
20002c6e:	d1f8      	bne.n	20002c62 <_ntoa_format+0x62>
20002c70:	f017 0f10 	tst.w	r7, #16
20002c74:	d03a      	beq.n	20002cec <_ntoa_format+0xec>
20002c76:	f417 6f80 	tst.w	r7, #1024	@ 0x400
20002c7a:	d128      	bne.n	20002cce <_ntoa_format+0xce>
20002c7c:	bb1c      	cbnz	r4, 20002cc6 <_ntoa_format+0xc6>
20002c7e:	f1b8 0f10 	cmp.w	r8, #16
20002c82:	f000 80ca 	beq.w	20002e1a <_ntoa_format+0x21a>
20002c86:	f1b8 0f02 	cmp.w	r8, #2
20002c8a:	f000 80d4 	beq.w	20002e36 <_ntoa_format+0x236>
20002c8e:	2430      	movs	r4, #48	@ 0x30
20002c90:	f88e 4000 	strb.w	r4, [lr]
20002c94:	2401      	movs	r4, #1
20002c96:	f1b9 0f00 	cmp.w	r9, #0
20002c9a:	d167      	bne.n	20002d6c <_ntoa_format+0x16c>
20002c9c:	077e      	lsls	r6, r7, #29
20002c9e:	f140 80aa 	bpl.w	20002df6 <_ntoa_format+0x1f6>
20002ca2:	262b      	movs	r6, #43	@ 0x2b
20002ca4:	f80e 6004 	strb.w	r6, [lr, r4]
20002ca8:	3401      	adds	r4, #1
20002caa:	e9cd 570b 	strd	r5, r7, [sp, #44]	@ 0x2c
20002cae:	e9cd e409 	strd	lr, r4, [sp, #36]	@ 0x24
20002cb2:	e8bd 4ff0 	ldmia.w	sp!, {r4, r5, r6, r7, r8, r9, sl, fp, lr}
20002cb6:	f7ff bf55 	b.w	20002b64 <_out_rev>
20002cba:	06fc      	lsls	r4, r7, #27
20002cbc:	f140 8089 	bpl.w	20002dd2 <_ntoa_format+0x1d2>
20002cc0:	057c      	lsls	r4, r7, #21
20002cc2:	d435      	bmi.n	20002d30 <_ntoa_format+0x130>
20002cc4:	2420      	movs	r4, #32
20002cc6:	42a6      	cmp	r6, r4
20002cc8:	d06a      	beq.n	20002da0 <_ntoa_format+0x1a0>
20002cca:	42ac      	cmp	r4, r5
20002ccc:	d068      	beq.n	20002da0 <_ntoa_format+0x1a0>
20002cce:	f1b8 0f10 	cmp.w	r8, #16
20002cd2:	f000 8087 	beq.w	20002de4 <_ntoa_format+0x1e4>
20002cd6:	f1b8 0f02 	cmp.w	r8, #2
20002cda:	d05a      	beq.n	20002d92 <_ntoa_format+0x192>
20002cdc:	2c20      	cmp	r4, #32
20002cde:	d0e4      	beq.n	20002caa <_ntoa_format+0xaa>
20002ce0:	4626      	mov	r6, r4
20002ce2:	3401      	adds	r4, #1
20002ce4:	f04f 0c30 	mov.w	ip, #48	@ 0x30
20002ce8:	f80e c006 	strb.w	ip, [lr, r6]
20002cec:	2c20      	cmp	r4, #32
20002cee:	d1d2      	bne.n	20002c96 <_ntoa_format+0x96>
20002cf0:	e9cd 570b 	strd	r5, r7, [sp, #44]	@ 0x2c
20002cf4:	e9cd e409 	strd	lr, r4, [sp, #36]	@ 0x24
20002cf8:	e8bd 4ff0 	ldmia.w	sp!, {r4, r5, r6, r7, r8, r9, sl, fp, lr}
20002cfc:	f7ff bf32 	b.w	20002b64 <_out_rev>
20002d00:	f017 0b01 	ands.w	fp, r7, #1
20002d04:	d03e      	beq.n	20002d84 <_ntoa_format+0x184>
20002d06:	f1b9 0f00 	cmp.w	r9, #0
20002d0a:	d147      	bne.n	20002d9c <_ntoa_format+0x19c>
20002d0c:	f017 0f0c 	tst.w	r7, #12
20002d10:	d144      	bne.n	20002d9c <_ntoa_format+0x19c>
20002d12:	42b4      	cmp	r4, r6
20002d14:	d29b      	bcs.n	20002c4e <_ntoa_format+0x4e>
20002d16:	2c20      	cmp	r4, #32
20002d18:	d189      	bne.n	20002c2e <_ntoa_format+0x2e>
20002d1a:	2d20      	cmp	r5, #32
20002d1c:	d810      	bhi.n	20002d40 <_ntoa_format+0x140>
20002d1e:	06fc      	lsls	r4, r7, #27
20002d20:	d557      	bpl.n	20002dd2 <_ntoa_format+0x1d2>
20002d22:	057c      	lsls	r4, r7, #21
20002d24:	d455      	bmi.n	20002dd2 <_ntoa_format+0x1d2>
20002d26:	2e20      	cmp	r6, #32
20002d28:	f000 80b9 	beq.w	20002e9e <_ntoa_format+0x29e>
20002d2c:	2d20      	cmp	r5, #32
20002d2e:	d010      	beq.n	20002d52 <_ntoa_format+0x152>
20002d30:	2420      	movs	r4, #32
20002d32:	e7cc      	b.n	20002cce <_ntoa_format+0xce>
20002d34:	f1bb 0f00 	cmp.w	fp, #0
20002d38:	f000 80a5 	beq.w	20002e86 <_ntoa_format+0x286>
20002d3c:	2d20      	cmp	r5, #32
20002d3e:	d9bc      	bls.n	20002cba <_ntoa_format+0xba>
20002d40:	06fc      	lsls	r4, r7, #27
20002d42:	d546      	bpl.n	20002dd2 <_ntoa_format+0x1d2>
20002d44:	057c      	lsls	r4, r7, #21
20002d46:	d444      	bmi.n	20002dd2 <_ntoa_format+0x1d2>
20002d48:	2e20      	cmp	r6, #32
20002d4a:	f000 80a8 	beq.w	20002e9e <_ntoa_format+0x29e>
20002d4e:	2d20      	cmp	r5, #32
20002d50:	d13f      	bne.n	20002dd2 <_ntoa_format+0x1d2>
20002d52:	462c      	mov	r4, r5
20002d54:	261f      	movs	r6, #31
20002d56:	f1b8 0f10 	cmp.w	r8, #16
20002d5a:	d07f      	beq.n	20002e5c <_ntoa_format+0x25c>
20002d5c:	f1b8 0f02 	cmp.w	r8, #2
20002d60:	d1c0      	bne.n	20002ce4 <_ntoa_format+0xe4>
20002d62:	f04f 0c62 	mov.w	ip, #98	@ 0x62
20002d66:	f80e c006 	strb.w	ip, [lr, r6]
20002d6a:	e7b7      	b.n	20002cdc <_ntoa_format+0xdc>
20002d6c:	262d      	movs	r6, #45	@ 0x2d
20002d6e:	f80e 6004 	strb.w	r6, [lr, r4]
20002d72:	3401      	adds	r4, #1
20002d74:	e9cd 570b 	strd	r5, r7, [sp, #44]	@ 0x2c
20002d78:	e9cd e409 	strd	lr, r4, [sp, #36]	@ 0x24
20002d7c:	e8bd 4ff0 	ldmia.w	sp!, {r4, r5, r6, r7, r8, r9, sl, fp, lr}
20002d80:	f7ff bef0 	b.w	20002b64 <_out_rev>
20002d84:	42b4      	cmp	r4, r6
20002d86:	f4bf af73 	bcs.w	20002c70 <_ntoa_format+0x70>
20002d8a:	2c20      	cmp	r4, #32
20002d8c:	f47f af4f 	bne.w	20002c2e <_ntoa_format+0x2e>
20002d90:	e7d6      	b.n	20002d40 <_ntoa_format+0x140>
20002d92:	2c20      	cmp	r4, #32
20002d94:	d089      	beq.n	20002caa <_ntoa_format+0xaa>
20002d96:	4626      	mov	r6, r4
20002d98:	3401      	adds	r4, #1
20002d9a:	e7e2      	b.n	20002d62 <_ntoa_format+0x162>
20002d9c:	3d01      	subs	r5, #1
20002d9e:	e7b8      	b.n	20002d12 <_ntoa_format+0x112>
20002da0:	1e66      	subs	r6, r4, #1
20002da2:	d1d8      	bne.n	20002d56 <_ntoa_format+0x156>
20002da4:	f1b8 0f10 	cmp.w	r8, #16
20002da8:	d064      	beq.n	20002e74 <_ntoa_format+0x274>
20002daa:	f1b8 0f02 	cmp.w	r8, #2
20002dae:	f47f af6e 	bne.w	20002c8e <_ntoa_format+0x8e>
20002db2:	2662      	movs	r6, #98	@ 0x62
20002db4:	f88e 6000 	strb.w	r6, [lr]
20002db8:	2630      	movs	r6, #48	@ 0x30
20002dba:	4644      	mov	r4, r8
20002dbc:	f88e 6001 	strb.w	r6, [lr, #1]
20002dc0:	f1b9 0f00 	cmp.w	r9, #0
20002dc4:	f43f af6a 	beq.w	20002c9c <_ntoa_format+0x9c>
20002dc8:	e7d0      	b.n	20002d6c <_ntoa_format+0x16c>
20002dca:	f1b8 0f10 	cmp.w	r8, #16
20002dce:	f47f af6c 	bne.w	20002caa <_ntoa_format+0xaa>
20002dd2:	2420      	movs	r4, #32
20002dd4:	e9cd 570b 	strd	r5, r7, [sp, #44]	@ 0x2c
20002dd8:	e9cd e409 	strd	lr, r4, [sp, #36]	@ 0x24
20002ddc:	e8bd 4ff0 	ldmia.w	sp!, {r4, r5, r6, r7, r8, r9, sl, fp, lr}
20002de0:	f7ff bec0 	b.w	20002b64 <_out_rev>
20002de4:	06be      	lsls	r6, r7, #26
20002de6:	d40e      	bmi.n	20002e06 <_ntoa_format+0x206>
20002de8:	2c20      	cmp	r4, #32
20002dea:	d0f2      	beq.n	20002dd2 <_ntoa_format+0x1d2>
20002dec:	2678      	movs	r6, #120	@ 0x78
20002dee:	f80e 6004 	strb.w	r6, [lr, r4]
20002df2:	3401      	adds	r4, #1
20002df4:	e772      	b.n	20002cdc <_ntoa_format+0xdc>
20002df6:	073e      	lsls	r6, r7, #28
20002df8:	f57f af57 	bpl.w	20002caa <_ntoa_format+0xaa>
20002dfc:	2620      	movs	r6, #32
20002dfe:	f80e 6004 	strb.w	r6, [lr, r4]
20002e02:	3401      	adds	r4, #1
20002e04:	e751      	b.n	20002caa <_ntoa_format+0xaa>
20002e06:	2c20      	cmp	r4, #32
20002e08:	d0e3      	beq.n	20002dd2 <_ntoa_format+0x1d2>
20002e0a:	f04f 0c58 	mov.w	ip, #88	@ 0x58
20002e0e:	eb0e 0604 	add.w	r6, lr, r4
20002e12:	f886 c000 	strb.w	ip, [r6]
20002e16:	3401      	adds	r4, #1
20002e18:	e760      	b.n	20002cdc <_ntoa_format+0xdc>
20002e1a:	06be      	lsls	r6, r7, #26
20002e1c:	d517      	bpl.n	20002e4e <_ntoa_format+0x24e>
20002e1e:	2458      	movs	r4, #88	@ 0x58
20002e20:	f88e 4000 	strb.w	r4, [lr]
20002e24:	2430      	movs	r4, #48	@ 0x30
20002e26:	f88e 4001 	strb.w	r4, [lr, #1]
20002e2a:	2402      	movs	r4, #2
20002e2c:	f1b9 0f00 	cmp.w	r9, #0
20002e30:	f43f af34 	beq.w	20002c9c <_ntoa_format+0x9c>
20002e34:	e79a      	b.n	20002d6c <_ntoa_format+0x16c>
20002e36:	2462      	movs	r4, #98	@ 0x62
20002e38:	f88e 4000 	strb.w	r4, [lr]
20002e3c:	2430      	movs	r4, #48	@ 0x30
20002e3e:	f88e 4001 	strb.w	r4, [lr, #1]
20002e42:	2402      	movs	r4, #2
20002e44:	f1b9 0f00 	cmp.w	r9, #0
20002e48:	f43f af28 	beq.w	20002c9c <_ntoa_format+0x9c>
20002e4c:	e78e      	b.n	20002d6c <_ntoa_format+0x16c>
20002e4e:	2478      	movs	r4, #120	@ 0x78
20002e50:	e7f2      	b.n	20002e38 <_ntoa_format+0x238>
20002e52:	f1bb 0f00 	cmp.w	fp, #0
20002e56:	f47f af62 	bne.w	20002d1e <_ntoa_format+0x11e>
20002e5a:	e771      	b.n	20002d40 <_ntoa_format+0x140>
20002e5c:	f017 0f20 	tst.w	r7, #32
20002e60:	bf0c      	ite	eq
20002e62:	f04f 0c78 	moveq.w	ip, #120	@ 0x78
20002e66:	f04f 0c58 	movne.w	ip, #88	@ 0x58
20002e6a:	1ea6      	subs	r6, r4, #2
20002e6c:	f80e c006 	strb.w	ip, [lr, r6]
20002e70:	3c01      	subs	r4, #1
20002e72:	e735      	b.n	20002ce0 <_ntoa_format+0xe0>
20002e74:	06bc      	lsls	r4, r7, #26
20002e76:	d5ea      	bpl.n	20002e4e <_ntoa_format+0x24e>
20002e78:	2458      	movs	r4, #88	@ 0x58
20002e7a:	f88e 4000 	strb.w	r4, [lr]
20002e7e:	2430      	movs	r4, #48	@ 0x30
20002e80:	f88e 4001 	strb.w	r4, [lr, #1]
20002e84:	e7dd      	b.n	20002e42 <_ntoa_format+0x242>
20002e86:	f017 0f10 	tst.w	r7, #16
20002e8a:	f43f af0e 	beq.w	20002caa <_ntoa_format+0xaa>
20002e8e:	f417 6f80 	tst.w	r7, #1024	@ 0x400
20002e92:	d19a      	bne.n	20002dca <_ntoa_format+0x1ca>
20002e94:	2e20      	cmp	r6, #32
20002e96:	f47f af18 	bne.w	20002cca <_ntoa_format+0xca>
20002e9a:	261f      	movs	r6, #31
20002e9c:	e75b      	b.n	20002d56 <_ntoa_format+0x156>
20002e9e:	4634      	mov	r4, r6
20002ea0:	261f      	movs	r6, #31
20002ea2:	e758      	b.n	20002d56 <_ntoa_format+0x156>

20002ea4 <_out_char>:
20002ea4:	b900      	cbnz	r0, 20002ea8 <_out_char+0x4>
20002ea6:	4770      	bx	lr
20002ea8:	f001 ba7e 	b.w	200043a8 <__wrap_putchar>

20002eac <_out_fct>:
20002eac:	b110      	cbz	r0, 20002eb4 <_out_fct+0x8>
20002eae:	e9d1 3100 	ldrd	r3, r1, [r1]
20002eb2:	4718      	bx	r3
20002eb4:	4770      	bx	lr
20002eb6:	bf00      	nop

20002eb8 <_etoa>:
20002eb8:	e92d 4ff0 	stmdb	sp!, {r4, r5, r6, r7, r8, r9, sl, fp, lr}
20002ebc:	b09f      	sub	sp, #124	@ 0x7c
20002ebe:	ed9d 7b28 	vldr	d7, [sp, #160]	@ 0xa0
20002ec2:	e9dd a52a 	ldrd	sl, r5, [sp, #168]	@ 0xa8
20002ec6:	ec58 7b17 	vmov	r7, r8, d7
20002eca:	4683      	mov	fp, r0
20002ecc:	461e      	mov	r6, r3
20002ece:	910d      	str	r1, [sp, #52]	@ 0x34
20002ed0:	9210      	str	r2, [sp, #64]	@ 0x40
20002ed2:	4643      	mov	r3, r8
20002ed4:	463a      	mov	r2, r7
20002ed6:	4638      	mov	r0, r7
20002ed8:	4641      	mov	r1, r8
20002eda:	ed8d 7b08 	vstr	d7, [sp, #32]
20002ede:	9c2c      	ldr	r4, [sp, #176]	@ 0xb0
20002ee0:	f7ff fdf4 	bl	20002acc <__wrap___aeabi_dcmpun>
20002ee4:	2800      	cmp	r0, #0
20002ee6:	f040 80d8 	bne.w	2000309a <_etoa+0x1e2>
20002eea:	4638      	mov	r0, r7
20002eec:	4641      	mov	r1, r8
20002eee:	f04f 32ff 	mov.w	r2, #4294967295	@ 0xffffffff
20002ef2:	4b75      	ldr	r3, [pc, #468]	@ (200030c8 <_etoa+0x210>)
20002ef4:	f7ff fe24 	bl	20002b40 <__wrap___aeabi_dcmpgt>
20002ef8:	2800      	cmp	r0, #0
20002efa:	f040 80ce 	bne.w	2000309a <_etoa+0x1e2>
20002efe:	4638      	mov	r0, r7
20002f00:	4641      	mov	r1, r8
20002f02:	f04f 32ff 	mov.w	r2, #4294967295	@ 0xffffffff
20002f06:	f46f 1380 	mvn.w	r3, #1048576	@ 0x100000
20002f0a:	f7ff fdf1 	bl	20002af0 <__wrap___aeabi_dcmplt>
20002f0e:	2800      	cmp	r0, #0
20002f10:	f040 80c3 	bne.w	2000309a <_etoa+0x1e2>
20002f14:	e9dd 7808 	ldrd	r7, r8, [sp, #32]
20002f18:	2200      	movs	r2, #0
20002f1a:	4638      	mov	r0, r7
20002f1c:	4641      	mov	r1, r8
20002f1e:	2300      	movs	r3, #0
20002f20:	f7ff fde6 	bl	20002af0 <__wrap___aeabi_dcmplt>
20002f24:	2800      	cmp	r0, #0
20002f26:	f040 81c0 	bne.w	200032aa <_etoa+0x3f2>
20002f2a:	e9cd 780a 	strd	r7, r8, [sp, #40]	@ 0x28
20002f2e:	e9dd 230a 	ldrd	r2, r3, [sp, #40]	@ 0x28
20002f32:	4690      	mov	r8, r2
20002f34:	461f      	mov	r7, r3
20002f36:	f414 6380 	ands.w	r3, r4, #1024	@ 0x400
20002f3a:	bf08      	it	eq
20002f3c:	f04f 0a06 	moveq.w	sl, #6
20002f40:	9313      	str	r3, [sp, #76]	@ 0x4c
20002f42:	f404 6200 	and.w	r2, r4, #2048	@ 0x800
20002f46:	ea58 0307 	orrs.w	r3, r8, r7
20002f4a:	9211      	str	r2, [sp, #68]	@ 0x44
20002f4c:	f040 80c0 	bne.w	200030d0 <_etoa+0x218>
20002f50:	2a00      	cmp	r2, #0
20002f52:	f000 81a2 	beq.w	2000329a <_etoa+0x3e2>
20002f56:	ed9f 7b5a 	vldr	d7, [pc, #360]	@ 200030c0 <_etoa+0x208>
20002f5a:	2700      	movs	r7, #0
20002f5c:	ed8d 7b0e 	vstr	d7, [sp, #56]	@ 0x38
20002f60:	f04f 0900 	mov.w	r9, #0
20002f64:	45ba      	cmp	sl, r7
20002f66:	bfcc      	ite	gt
20002f68:	ebaa 0a07 	subgt.w	sl, sl, r7
20002f6c:	f04f 0a00 	movle.w	sl, #0
20002f70:	464f      	mov	r7, r9
20002f72:	bfc8      	it	gt
20002f74:	f10a 3aff 	addgt.w	sl, sl, #4294967295	@ 0xffffffff
20002f78:	f444 6480 	orr.w	r4, r4, #1024	@ 0x400
20002f7c:	454d      	cmp	r5, r9
20002f7e:	bf94      	ite	ls
20002f80:	f04f 0800 	movls.w	r8, #0
20002f84:	eba5 0809 	subhi.w	r8, r5, r9
20002f88:	f014 0302 	ands.w	r3, r4, #2
20002f8c:	9311      	str	r3, [sp, #68]	@ 0x44
20002f8e:	d004      	beq.n	20002f9a <_etoa+0xe2>
20002f90:	f1b9 0f00 	cmp.w	r9, #0
20002f94:	bf18      	it	ne
20002f96:	f04f 0800 	movne.w	r8, #0
20002f9a:	b13f      	cbz	r7, 20002fac <_etoa+0xf4>
20002f9c:	e9dd 010a 	ldrd	r0, r1, [sp, #40]	@ 0x28
20002fa0:	e9dd 230e 	ldrd	r2, r3, [sp, #56]	@ 0x38
20002fa4:	f7ff fcfc 	bl	200029a0 <__wrap___aeabi_ddiv>
20002fa8:	e9cd 010a 	strd	r0, r1, [sp, #40]	@ 0x28
20002fac:	e9dd 0108 	ldrd	r0, r1, [sp, #32]
20002fb0:	2200      	movs	r2, #0
20002fb2:	2300      	movs	r3, #0
20002fb4:	f7ff fd9c 	bl	20002af0 <__wrap___aeabi_dcmplt>
20002fb8:	b130      	cbz	r0, 20002fc8 <_etoa+0x110>
20002fba:	e9dd 010a 	ldrd	r0, r1, [sp, #40]	@ 0x28
20002fbe:	4602      	mov	r2, r0
20002fc0:	f101 4300 	add.w	r3, r1, #2147483648	@ 0x80000000
20002fc4:	e9cd 230a 	strd	r2, r3, [sp, #40]	@ 0x28
20002fc8:	ed9d 7b0a 	vldr	d7, [sp, #40]	@ 0x28
20002fcc:	e9cd a802 	strd	sl, r8, [sp, #8]
20002fd0:	f8dd a034 	ldr.w	sl, [sp, #52]	@ 0x34
20002fd4:	f424 6300 	bic.w	r3, r4, #2048	@ 0x800
20002fd8:	9304      	str	r3, [sp, #16]
20002fda:	ed8d 7b00 	vstr	d7, [sp]
20002fde:	4633      	mov	r3, r6
20002fe0:	4651      	mov	r1, sl
20002fe2:	4658      	mov	r0, fp
20002fe4:	9a10      	ldr	r2, [sp, #64]	@ 0x40
20002fe6:	f000 f997 	bl	20003318 <_ftoa>
20002fea:	4680      	mov	r8, r0
20002fec:	f1b9 0f00 	cmp.w	r9, #0
20002ff0:	d04f      	beq.n	20003092 <_etoa+0x1da>
20002ff2:	f014 0f20 	tst.w	r4, #32
20002ff6:	4602      	mov	r2, r0
20002ff8:	f100 0401 	add.w	r4, r0, #1
20002ffc:	4633      	mov	r3, r6
20002ffe:	bf0c      	ite	eq
20003000:	2065      	moveq	r0, #101	@ 0x65
20003002:	2045      	movne	r0, #69	@ 0x45
20003004:	4651      	mov	r1, sl
20003006:	47d8      	blx	fp
20003008:	f109 30ff 	add.w	r0, r9, #4294967295	@ 0xffffffff
2000300c:	ea87 7ce7 	eor.w	ip, r7, r7, asr #31
20003010:	f10d 0958 	add.w	r9, sp, #88	@ 0x58
20003014:	2200      	movs	r2, #0
20003016:	464b      	mov	r3, r9
20003018:	f8df 80b0 	ldr.w	r8, [pc, #176]	@ 200030cc <_etoa+0x214>
2000301c:	ebac 7ce7 	sub.w	ip, ip, r7, asr #31
20003020:	ea4f 7ed7 	mov.w	lr, r7, lsr #31
20003024:	e001      	b.n	2000302a <_etoa+0x172>
20003026:	2a20      	cmp	r2, #32
20003028:	d010      	beq.n	2000304c <_etoa+0x194>
2000302a:	46e2      	mov	sl, ip
2000302c:	fba8 710c 	umull	r7, r1, r8, ip
20003030:	08c9      	lsrs	r1, r1, #3
20003032:	eb01 0781 	add.w	r7, r1, r1, lsl #2
20003036:	ebac 0747 	sub.w	r7, ip, r7, lsl #1
2000303a:	3730      	adds	r7, #48	@ 0x30
2000303c:	f1ba 0f09 	cmp.w	sl, #9
20003040:	468c      	mov	ip, r1
20003042:	f102 0201 	add.w	r2, r2, #1
20003046:	f803 7b01 	strb.w	r7, [r3], #1
2000304a:	d8ec      	bhi.n	20003026 <_etoa+0x16e>
2000304c:	2305      	movs	r3, #5
2000304e:	9005      	str	r0, [sp, #20]
20003050:	9306      	str	r3, [sp, #24]
20003052:	2000      	movs	r0, #0
20003054:	230a      	movs	r3, #10
20003056:	9f0d      	ldr	r7, [sp, #52]	@ 0x34
20003058:	e9cd 3003 	strd	r3, r0, [sp, #12]
2000305c:	e9cd 2e01 	strd	r2, lr, [sp, #4]
20003060:	4633      	mov	r3, r6
20003062:	4622      	mov	r2, r4
20003064:	4639      	mov	r1, r7
20003066:	4658      	mov	r0, fp
20003068:	f8cd 9000 	str.w	r9, [sp]
2000306c:	f7ff fdc8 	bl	20002c00 <_ntoa_format>
20003070:	9b11      	ldr	r3, [sp, #68]	@ 0x44
20003072:	4680      	mov	r8, r0
20003074:	b16b      	cbz	r3, 20003092 <_etoa+0x1da>
20003076:	9b10      	ldr	r3, [sp, #64]	@ 0x40
20003078:	1ac4      	subs	r4, r0, r3
2000307a:	42a5      	cmp	r5, r4
2000307c:	d909      	bls.n	20003092 <_etoa+0x1da>
2000307e:	4642      	mov	r2, r8
20003080:	4633      	mov	r3, r6
20003082:	4639      	mov	r1, r7
20003084:	2020      	movs	r0, #32
20003086:	3401      	adds	r4, #1
20003088:	47d8      	blx	fp
2000308a:	42a5      	cmp	r5, r4
2000308c:	f108 0801 	add.w	r8, r8, #1
20003090:	d8f5      	bhi.n	2000307e <_etoa+0x1c6>
20003092:	4640      	mov	r0, r8
20003094:	b01f      	add	sp, #124	@ 0x7c
20003096:	e8bd 8ff0 	ldmia.w	sp!, {r4, r5, r6, r7, r8, r9, sl, fp, pc}
2000309a:	ed9d 7b08 	vldr	d7, [sp, #32]
2000309e:	4633      	mov	r3, r6
200030a0:	4658      	mov	r0, fp
200030a2:	9a10      	ldr	r2, [sp, #64]	@ 0x40
200030a4:	990d      	ldr	r1, [sp, #52]	@ 0x34
200030a6:	ed8d 7b28 	vstr	d7, [sp, #160]	@ 0xa0
200030aa:	e9cd 542b 	strd	r5, r4, [sp, #172]	@ 0xac
200030ae:	f8cd a0a8 	str.w	sl, [sp, #168]	@ 0xa8
200030b2:	b01f      	add	sp, #124	@ 0x7c
200030b4:	e8bd 4ff0 	ldmia.w	sp!, {r4, r5, r6, r7, r8, r9, sl, fp, lr}
200030b8:	f000 b92e 	b.w	20003318 <_ftoa>
200030bc:	f3af 8000 	nop.w
	...
200030c8:	7fefffff 	.word	0x7fefffff
200030cc:	cccccccd 	.word	0xcccccccd
200030d0:	f3c7 500a 	ubfx	r0, r7, #20, #11
200030d4:	f2a0 30ff 	subw	r0, r0, #1023	@ 0x3ff
200030d8:	f7ff fcb0 	bl	20002a3c <__wrap___aeabi_i2d>
200030dc:	a38a      	add	r3, pc, #552	@ (adr r3, 20003308 <_etoa+0x450>)
200030de:	e9d3 2300 	ldrd	r2, r3, [r3]
200030e2:	f7ff fc39 	bl	20002958 <__wrap___aeabi_dmul>
200030e6:	a38a      	add	r3, pc, #552	@ (adr r3, 20003310 <_etoa+0x458>)
200030e8:	e9d3 2300 	ldrd	r2, r3, [r3]
200030ec:	f7ff fc0c 	bl	20002908 <__wrap___aeabi_dadd>
200030f0:	f3c7 0713 	ubfx	r7, r7, #0, #20
200030f4:	e9cd 010e 	strd	r0, r1, [sp, #56]	@ 0x38
200030f8:	f047 517f 	orr.w	r1, r7, #1069547520	@ 0x3fc00000
200030fc:	4640      	mov	r0, r8
200030fe:	2200      	movs	r2, #0
20003100:	4b7b      	ldr	r3, [pc, #492]	@ (200032f0 <_etoa+0x438>)
20003102:	f441 1140 	orr.w	r1, r1, #3145728	@ 0x300000
20003106:	f7ff fc13 	bl	20002930 <__wrap___aeabi_dsub>
2000310a:	a36b      	add	r3, pc, #428	@ (adr r3, 200032b8 <_etoa+0x400>)
2000310c:	e9d3 2300 	ldrd	r2, r3, [r3]
20003110:	f7ff fc22 	bl	20002958 <__wrap___aeabi_dmul>
20003114:	4602      	mov	r2, r0
20003116:	460b      	mov	r3, r1
20003118:	e9dd 010e 	ldrd	r0, r1, [sp, #56]	@ 0x38
2000311c:	f7ff fbf4 	bl	20002908 <__wrap___aeabi_dadd>
20003120:	f7ff fcb0 	bl	20002a84 <__wrap___aeabi_d2iz>
20003124:	4607      	mov	r7, r0
20003126:	f7ff fc89 	bl	20002a3c <__wrap___aeabi_i2d>
2000312a:	a365      	add	r3, pc, #404	@ (adr r3, 200032c0 <_etoa+0x408>)
2000312c:	e9d3 2300 	ldrd	r2, r3, [r3]
20003130:	4680      	mov	r8, r0
20003132:	4689      	mov	r9, r1
20003134:	f7ff fc10 	bl	20002958 <__wrap___aeabi_dmul>
20003138:	2200      	movs	r2, #0
2000313a:	4b6e      	ldr	r3, [pc, #440]	@ (200032f4 <_etoa+0x43c>)
2000313c:	f7ff fbe4 	bl	20002908 <__wrap___aeabi_dadd>
20003140:	f7ff fca0 	bl	20002a84 <__wrap___aeabi_d2iz>
20003144:	4603      	mov	r3, r0
20003146:	4649      	mov	r1, r9
20003148:	4640      	mov	r0, r8
2000314a:	9312      	str	r3, [sp, #72]	@ 0x48
2000314c:	a35e      	add	r3, pc, #376	@ (adr r3, 200032c8 <_etoa+0x410>)
2000314e:	e9d3 2300 	ldrd	r2, r3, [r3]
20003152:	f7ff fc01 	bl	20002958 <__wrap___aeabi_dmul>
20003156:	4680      	mov	r8, r0
20003158:	9812      	ldr	r0, [sp, #72]	@ 0x48
2000315a:	4689      	mov	r9, r1
2000315c:	f7ff fc6e 	bl	20002a3c <__wrap___aeabi_i2d>
20003160:	a35b      	add	r3, pc, #364	@ (adr r3, 200032d0 <_etoa+0x418>)
20003162:	e9d3 2300 	ldrd	r2, r3, [r3]
20003166:	f7ff fbf7 	bl	20002958 <__wrap___aeabi_dmul>
2000316a:	4602      	mov	r2, r0
2000316c:	460b      	mov	r3, r1
2000316e:	4640      	mov	r0, r8
20003170:	4649      	mov	r1, r9
20003172:	f7ff fbdd 	bl	20002930 <__wrap___aeabi_dsub>
20003176:	4602      	mov	r2, r0
20003178:	460b      	mov	r3, r1
2000317a:	4680      	mov	r8, r0
2000317c:	4689      	mov	r9, r1
2000317e:	f7ff fbeb 	bl	20002958 <__wrap___aeabi_dmul>
20003182:	4642      	mov	r2, r8
20003184:	464b      	mov	r3, r9
20003186:	e9cd 010e 	strd	r0, r1, [sp, #56]	@ 0x38
2000318a:	4640      	mov	r0, r8
2000318c:	4649      	mov	r1, r9
2000318e:	f7ff fbbb 	bl	20002908 <__wrap___aeabi_dadd>
20003192:	2200      	movs	r2, #0
20003194:	e9cd 0114 	strd	r0, r1, [sp, #80]	@ 0x50
20003198:	e9dd 010e 	ldrd	r0, r1, [sp, #56]	@ 0x38
2000319c:	4b56      	ldr	r3, [pc, #344]	@ (200032f8 <_etoa+0x440>)
2000319e:	f7ff fbff 	bl	200029a0 <__wrap___aeabi_ddiv>
200031a2:	2200      	movs	r2, #0
200031a4:	4b55      	ldr	r3, [pc, #340]	@ (200032fc <_etoa+0x444>)
200031a6:	f7ff fbaf 	bl	20002908 <__wrap___aeabi_dadd>
200031aa:	4602      	mov	r2, r0
200031ac:	460b      	mov	r3, r1
200031ae:	e9dd 010e 	ldrd	r0, r1, [sp, #56]	@ 0x38
200031b2:	f7ff fbf5 	bl	200029a0 <__wrap___aeabi_ddiv>
200031b6:	2200      	movs	r2, #0
200031b8:	4b51      	ldr	r3, [pc, #324]	@ (20003300 <_etoa+0x448>)
200031ba:	f7ff fba5 	bl	20002908 <__wrap___aeabi_dadd>
200031be:	4602      	mov	r2, r0
200031c0:	460b      	mov	r3, r1
200031c2:	e9dd 010e 	ldrd	r0, r1, [sp, #56]	@ 0x38
200031c6:	f7ff fbeb 	bl	200029a0 <__wrap___aeabi_ddiv>
200031ca:	4642      	mov	r2, r8
200031cc:	464b      	mov	r3, r9
200031ce:	4680      	mov	r8, r0
200031d0:	4689      	mov	r9, r1
200031d2:	2000      	movs	r0, #0
200031d4:	f04f 4180 	mov.w	r1, #1073741824	@ 0x40000000
200031d8:	f7ff fbaa 	bl	20002930 <__wrap___aeabi_dsub>
200031dc:	4602      	mov	r2, r0
200031de:	460b      	mov	r3, r1
200031e0:	4640      	mov	r0, r8
200031e2:	4649      	mov	r1, r9
200031e4:	f7ff fb90 	bl	20002908 <__wrap___aeabi_dadd>
200031e8:	4602      	mov	r2, r0
200031ea:	460b      	mov	r3, r1
200031ec:	e9dd 0114 	ldrd	r0, r1, [sp, #80]	@ 0x50
200031f0:	f7ff fbd6 	bl	200029a0 <__wrap___aeabi_ddiv>
200031f4:	2200      	movs	r2, #0
200031f6:	4b43      	ldr	r3, [pc, #268]	@ (20003304 <_etoa+0x44c>)
200031f8:	f7ff fb86 	bl	20002908 <__wrap___aeabi_dadd>
200031fc:	9b12      	ldr	r3, [sp, #72]	@ 0x48
200031fe:	2200      	movs	r2, #0
20003200:	f203 3cff 	addw	ip, r3, #1023	@ 0x3ff
20003204:	ea4f 530c 	mov.w	r3, ip, lsl #20
20003208:	f7ff fba6 	bl	20002958 <__wrap___aeabi_dmul>
2000320c:	4680      	mov	r8, r0
2000320e:	4689      	mov	r9, r1
20003210:	e9dd 010a 	ldrd	r0, r1, [sp, #40]	@ 0x28
20003214:	4642      	mov	r2, r8
20003216:	464b      	mov	r3, r9
20003218:	e9cd 890e 	strd	r8, r9, [sp, #56]	@ 0x38
2000321c:	f7ff fc68 	bl	20002af0 <__wrap___aeabi_dcmplt>
20003220:	bb68      	cbnz	r0, 2000327e <_etoa+0x3c6>
20003222:	4643      	mov	r3, r8
20003224:	4649      	mov	r1, r9
20003226:	f107 0263 	add.w	r2, r7, #99	@ 0x63
2000322a:	2ac6      	cmp	r2, #198	@ 0xc6
2000322c:	9a11      	ldr	r2, [sp, #68]	@ 0x44
2000322e:	bf8c      	ite	hi
20003230:	f04f 0905 	movhi.w	r9, #5
20003234:	f04f 0904 	movls.w	r9, #4
20003238:	2a00      	cmp	r2, #0
2000323a:	f43f ae9f 	beq.w	20002f7c <_etoa+0xc4>
2000323e:	430b      	orrs	r3, r1
20003240:	f43f ae8e 	beq.w	20002f60 <_etoa+0xa8>
20003244:	e9dd 010a 	ldrd	r0, r1, [sp, #40]	@ 0x28
20003248:	a323      	add	r3, pc, #140	@ (adr r3, 200032d8 <_etoa+0x420>)
2000324a:	e9d3 2300 	ldrd	r2, r3, [r3]
2000324e:	f7ff fc63 	bl	20002b18 <__wrap___aeabi_dcmpge>
20003252:	b148      	cbz	r0, 20003268 <_etoa+0x3b0>
20003254:	e9dd 010a 	ldrd	r0, r1, [sp, #40]	@ 0x28
20003258:	a321      	add	r3, pc, #132	@ (adr r3, 200032e0 <_etoa+0x428>)
2000325a:	e9d3 2300 	ldrd	r2, r3, [r3]
2000325e:	f7ff fc47 	bl	20002af0 <__wrap___aeabi_dcmplt>
20003262:	2800      	cmp	r0, #0
20003264:	f47f ae7c 	bne.w	20002f60 <_etoa+0xa8>
20003268:	f1ba 0f00 	cmp.w	sl, #0
2000326c:	f43f ae86 	beq.w	20002f7c <_etoa+0xc4>
20003270:	9b13      	ldr	r3, [sp, #76]	@ 0x4c
20003272:	2b00      	cmp	r3, #0
20003274:	f43f ae82 	beq.w	20002f7c <_etoa+0xc4>
20003278:	f10a 3aff 	add.w	sl, sl, #4294967295	@ 0xffffffff
2000327c:	e67e      	b.n	20002f7c <_etoa+0xc4>
2000327e:	2200      	movs	r2, #0
20003280:	4b1e      	ldr	r3, [pc, #120]	@ (200032fc <_etoa+0x444>)
20003282:	4640      	mov	r0, r8
20003284:	4649      	mov	r1, r9
20003286:	f7ff fb8b 	bl	200029a0 <__wrap___aeabi_ddiv>
2000328a:	460a      	mov	r2, r1
2000328c:	4601      	mov	r1, r0
2000328e:	4603      	mov	r3, r0
20003290:	e9cd 120e 	strd	r1, r2, [sp, #56]	@ 0x38
20003294:	3f01      	subs	r7, #1
20003296:	4611      	mov	r1, r2
20003298:	e7c5      	b.n	20003226 <_etoa+0x36e>
2000329a:	ed9f 7b13 	vldr	d7, [pc, #76]	@ 200032e8 <_etoa+0x430>
2000329e:	4617      	mov	r7, r2
200032a0:	f04f 0904 	mov.w	r9, #4
200032a4:	ed8d 7b0e 	vstr	d7, [sp, #56]	@ 0x38
200032a8:	e668      	b.n	20002f7c <_etoa+0xc4>
200032aa:	f108 4300 	add.w	r3, r8, #2147483648	@ 0x80000000
200032ae:	970a      	str	r7, [sp, #40]	@ 0x28
200032b0:	930b      	str	r3, [sp, #44]	@ 0x2c
200032b2:	e63c      	b.n	20002f2e <_etoa+0x76>
200032b4:	f3af 8000 	nop.w
200032b8:	636f4361 	.word	0x636f4361
200032bc:	3fd287a7 	.word	0x3fd287a7
200032c0:	0979a371 	.word	0x0979a371
200032c4:	400a934f 	.word	0x400a934f
200032c8:	bbb55516 	.word	0xbbb55516
200032cc:	40026bb1 	.word	0x40026bb1
200032d0:	fefa39ef 	.word	0xfefa39ef
200032d4:	3fe62e42 	.word	0x3fe62e42
200032d8:	eb1c432d 	.word	0xeb1c432d
200032dc:	3f1a36e2 	.word	0x3f1a36e2
200032e0:	00000000 	.word	0x00000000
200032e4:	412e8480 	.word	0x412e8480
	...
200032f0:	3ff80000 	.word	0x3ff80000
200032f4:	3fe00000 	.word	0x3fe00000
200032f8:	402c0000 	.word	0x402c0000
200032fc:	40240000 	.word	0x40240000
20003300:	40180000 	.word	0x40180000
20003304:	3ff00000 	.word	0x3ff00000
20003308:	509f79fb 	.word	0x509f79fb
2000330c:	3fd34413 	.word	0x3fd34413
20003310:	8b60c8b3 	.word	0x8b60c8b3
20003314:	3fc68a28 	.word	0x3fc68a28

20003318 <_ftoa>:
20003318:	e92d 4ff0 	stmdb	sp!, {r4, r5, r6, r7, r8, r9, sl, fp, lr}
2000331c:	b097      	sub	sp, #92	@ 0x5c
2000331e:	e9dd 8920 	ldrd	r8, r9, [sp, #128]	@ 0x80
20003322:	e9cd 0104 	strd	r0, r1, [sp, #16]
20003326:	e9dd 4b22 	ldrd	r4, fp, [sp, #136]	@ 0x88
2000332a:	e9cd 2306 	strd	r2, r3, [sp, #24]
2000332e:	4640      	mov	r0, r8
20003330:	4642      	mov	r2, r8
20003332:	464b      	mov	r3, r9
20003334:	4649      	mov	r1, r9
20003336:	f8dd a090 	ldr.w	sl, [sp, #144]	@ 0x90
2000333a:	f7ff fbc7 	bl	20002acc <__wrap___aeabi_dcmpun>
2000333e:	2800      	cmp	r0, #0
20003340:	f040 81c5 	bne.w	200036ce <_ftoa+0x3b6>
20003344:	4640      	mov	r0, r8
20003346:	4649      	mov	r1, r9
20003348:	f04f 32ff 	mov.w	r2, #4294967295	@ 0xffffffff
2000334c:	f46f 1380 	mvn.w	r3, #1048576	@ 0x100000
20003350:	f7ff fbce 	bl	20002af0 <__wrap___aeabi_dcmplt>
20003354:	2800      	cmp	r0, #0
20003356:	f040 811d 	bne.w	20003594 <_ftoa+0x27c>
2000335a:	4640      	mov	r0, r8
2000335c:	4649      	mov	r1, r9
2000335e:	f04f 32ff 	mov.w	r2, #4294967295	@ 0xffffffff
20003362:	4bc1      	ldr	r3, [pc, #772]	@ (20003668 <_ftoa+0x350>)
20003364:	f7ff fbec 	bl	20002b40 <__wrap___aeabi_dcmpgt>
20003368:	2800      	cmp	r0, #0
2000336a:	f040 80e3 	bne.w	20003534 <_ftoa+0x21c>
2000336e:	a3b8      	add	r3, pc, #736	@ (adr r3, 20003650 <_ftoa+0x338>)
20003370:	e9d3 2300 	ldrd	r2, r3, [r3]
20003374:	4640      	mov	r0, r8
20003376:	4649      	mov	r1, r9
20003378:	f7ff fbe2 	bl	20002b40 <__wrap___aeabi_dcmpgt>
2000337c:	2800      	cmp	r0, #0
2000337e:	f040 80cb 	bne.w	20003518 <_ftoa+0x200>
20003382:	a3b5      	add	r3, pc, #724	@ (adr r3, 20003658 <_ftoa+0x340>)
20003384:	e9d3 2300 	ldrd	r2, r3, [r3]
20003388:	4640      	mov	r0, r8
2000338a:	4649      	mov	r1, r9
2000338c:	f7ff fbb0 	bl	20002af0 <__wrap___aeabi_dcmplt>
20003390:	2800      	cmp	r0, #0
20003392:	f040 80c1 	bne.w	20003518 <_ftoa+0x200>
20003396:	4640      	mov	r0, r8
20003398:	4649      	mov	r1, r9
2000339a:	2200      	movs	r2, #0
2000339c:	2300      	movs	r3, #0
2000339e:	f7ff fba7 	bl	20002af0 <__wrap___aeabi_dcmplt>
200033a2:	2800      	cmp	r0, #0
200033a4:	f040 80e0 	bne.w	20003568 <_ftoa+0x250>
200033a8:	f41a 6580 	ands.w	r5, sl, #1024	@ 0x400
200033ac:	900d      	str	r0, [sp, #52]	@ 0x34
200033ae:	f000 80e9 	beq.w	20003584 <_ftoa+0x26c>
200033b2:	2c09      	cmp	r4, #9
200033b4:	f240 8196 	bls.w	200036e4 <_ftoa+0x3cc>
200033b8:	ab0e      	add	r3, sp, #56	@ 0x38
200033ba:	461a      	mov	r2, r3
200033bc:	930c      	str	r3, [sp, #48]	@ 0x30
200033be:	2130      	movs	r1, #48	@ 0x30
200033c0:	2300      	movs	r3, #0
200033c2:	f1a4 0509 	sub.w	r5, r4, #9
200033c6:	3301      	adds	r3, #1
200033c8:	2b20      	cmp	r3, #32
200033ca:	f802 1b01 	strb.w	r1, [r2], #1
200033ce:	eba4 0603 	sub.w	r6, r4, r3
200033d2:	f000 813a 	beq.w	2000364a <_ftoa+0x332>
200033d6:	42ab      	cmp	r3, r5
200033d8:	d1f5      	bne.n	200033c6 <_ftoa+0xae>
200033da:	ed9f 7b9d 	vldr	d7, [pc, #628]	@ 20003650 <_ftoa+0x338>
200033de:	ed8d 7b08 	vstr	d7, [sp, #32]
200033e2:	4649      	mov	r1, r9
200033e4:	4640      	mov	r0, r8
200033e6:	f7ff fb4d 	bl	20002a84 <__wrap___aeabi_d2iz>
200033ea:	4604      	mov	r4, r0
200033ec:	f7ff fb26 	bl	20002a3c <__wrap___aeabi_i2d>
200033f0:	4602      	mov	r2, r0
200033f2:	460b      	mov	r3, r1
200033f4:	4640      	mov	r0, r8
200033f6:	4649      	mov	r1, r9
200033f8:	f7ff fa9a 	bl	20002930 <__wrap___aeabi_dsub>
200033fc:	e9dd 2308 	ldrd	r2, r3, [sp, #32]
20003400:	f7ff faaa 	bl	20002958 <__wrap___aeabi_dmul>
20003404:	4602      	mov	r2, r0
20003406:	460b      	mov	r3, r1
20003408:	e9cd 230a 	strd	r2, r3, [sp, #40]	@ 0x28
2000340c:	f7ff fb4c 	bl	20002aa8 <__wrap___aeabi_d2uiz>
20003410:	4607      	mov	r7, r0
20003412:	f7ff fb25 	bl	20002a60 <__wrap___aeabi_ui2d>
20003416:	4602      	mov	r2, r0
20003418:	460b      	mov	r3, r1
2000341a:	e9dd 010a 	ldrd	r0, r1, [sp, #40]	@ 0x28
2000341e:	f7ff fa87 	bl	20002930 <__wrap___aeabi_dsub>
20003422:	4602      	mov	r2, r0
20003424:	460b      	mov	r3, r1
20003426:	e9cd 230a 	strd	r2, r3, [sp, #40]	@ 0x28
2000342a:	2200      	movs	r2, #0
2000342c:	4b8f      	ldr	r3, [pc, #572]	@ (2000366c <_ftoa+0x354>)
2000342e:	f7ff fb87 	bl	20002b40 <__wrap___aeabi_dcmpgt>
20003432:	2800      	cmp	r0, #0
20003434:	f000 80db 	beq.w	200035ee <_ftoa+0x2d6>
20003438:	3701      	adds	r7, #1
2000343a:	4638      	mov	r0, r7
2000343c:	f7ff fb10 	bl	20002a60 <__wrap___aeabi_ui2d>
20003440:	e9dd 2308 	ldrd	r2, r3, [sp, #32]
20003444:	f7ff fb68 	bl	20002b18 <__wrap___aeabi_dcmpge>
20003448:	b108      	cbz	r0, 2000344e <_ftoa+0x136>
2000344a:	2700      	movs	r7, #0
2000344c:	3401      	adds	r4, #1
2000344e:	2e00      	cmp	r6, #0
20003450:	f040 80b1 	bne.w	200035b6 <_ftoa+0x29e>
20003454:	4620      	mov	r0, r4
20003456:	f7ff faf1 	bl	20002a3c <__wrap___aeabi_i2d>
2000345a:	4602      	mov	r2, r0
2000345c:	460b      	mov	r3, r1
2000345e:	4640      	mov	r0, r8
20003460:	4649      	mov	r1, r9
20003462:	f7ff fa65 	bl	20002930 <__wrap___aeabi_dsub>
20003466:	2200      	movs	r2, #0
20003468:	4b80      	ldr	r3, [pc, #512]	@ (2000366c <_ftoa+0x354>)
2000346a:	4606      	mov	r6, r0
2000346c:	460f      	mov	r7, r1
2000346e:	f7ff fb3f 	bl	20002af0 <__wrap___aeabi_dcmplt>
20003472:	b940      	cbnz	r0, 20003486 <_ftoa+0x16e>
20003474:	4630      	mov	r0, r6
20003476:	4639      	mov	r1, r7
20003478:	2200      	movs	r2, #0
2000347a:	4b7c      	ldr	r3, [pc, #496]	@ (2000366c <_ftoa+0x354>)
2000347c:	f7ff fb60 	bl	20002b40 <__wrap___aeabi_dcmpgt>
20003480:	2800      	cmp	r0, #0
20003482:	f000 8115 	beq.w	200036b0 <_ftoa+0x398>
20003486:	9b0c      	ldr	r3, [sp, #48]	@ 0x30
20003488:	1e69      	subs	r1, r5, #1
2000348a:	4879      	ldr	r0, [pc, #484]	@ (20003670 <_ftoa+0x358>)
2000348c:	4419      	add	r1, r3
2000348e:	e010      	b.n	200034b2 <_ftoa+0x19a>
20003490:	fb80 6204 	smull	r6, r2, r0, r4
20003494:	ebc3 03a2 	rsb	r3, r3, r2, asr #2
20003498:	eb03 0283 	add.w	r2, r3, r3, lsl #2
2000349c:	eba4 0442 	sub.w	r4, r4, r2, lsl #1
200034a0:	f104 0230 	add.w	r2, r4, #48	@ 0x30
200034a4:	3501      	adds	r5, #1
200034a6:	461c      	mov	r4, r3
200034a8:	f801 2f01 	strb.w	r2, [r1, #1]!
200034ac:	2b00      	cmp	r3, #0
200034ae:	f000 80ab 	beq.w	20003608 <_ftoa+0x2f0>
200034b2:	2d20      	cmp	r5, #32
200034b4:	ea4f 73e4 	mov.w	r3, r4, asr #31
200034b8:	d1ea      	bne.n	20003490 <_ftoa+0x178>
200034ba:	f00a 0303 	and.w	r3, sl, #3
200034be:	2b01      	cmp	r3, #1
200034c0:	d11c      	bne.n	200034fc <_ftoa+0x1e4>
200034c2:	f1bb 0f00 	cmp.w	fp, #0
200034c6:	d019      	beq.n	200034fc <_ftoa+0x1e4>
200034c8:	9b0d      	ldr	r3, [sp, #52]	@ 0x34
200034ca:	2b00      	cmp	r3, #0
200034cc:	f040 80f9 	bne.w	200036c2 <_ftoa+0x3aa>
200034d0:	f01a 0f0c 	tst.w	sl, #12
200034d4:	f040 80f5 	bne.w	200036c2 <_ftoa+0x3aa>
200034d8:	45ab      	cmp	fp, r5
200034da:	f240 80d3 	bls.w	20003684 <_ftoa+0x36c>
200034de:	2d20      	cmp	r5, #32
200034e0:	d00b      	beq.n	200034fa <_ftoa+0x1e2>
200034e2:	2230      	movs	r2, #48	@ 0x30
200034e4:	990c      	ldr	r1, [sp, #48]	@ 0x30
200034e6:	1e6b      	subs	r3, r5, #1
200034e8:	440b      	add	r3, r1
200034ea:	3501      	adds	r5, #1
200034ec:	455d      	cmp	r5, fp
200034ee:	f803 2f01 	strb.w	r2, [r3, #1]!
200034f2:	f000 808d 	beq.w	20003610 <_ftoa+0x2f8>
200034f6:	2d20      	cmp	r5, #32
200034f8:	d1f7      	bne.n	200034ea <_ftoa+0x1d2>
200034fa:	2520      	movs	r5, #32
200034fc:	e9dd 2306 	ldrd	r2, r3, [sp, #24]
20003500:	e9dd 0104 	ldrd	r0, r1, [sp, #16]
20003504:	9c0c      	ldr	r4, [sp, #48]	@ 0x30
20003506:	e9cd ba02 	strd	fp, sl, [sp, #8]
2000350a:	9501      	str	r5, [sp, #4]
2000350c:	9400      	str	r4, [sp, #0]
2000350e:	f7ff fb29 	bl	20002b64 <_out_rev>
20003512:	b017      	add	sp, #92	@ 0x5c
20003514:	e8bd 8ff0 	ldmia.w	sp!, {r4, r5, r6, r7, r8, r9, sl, fp, pc}
20003518:	e9cd 8920 	strd	r8, r9, [sp, #128]	@ 0x80
2000351c:	e9dd 2306 	ldrd	r2, r3, [sp, #24]
20003520:	e9dd 0104 	ldrd	r0, r1, [sp, #16]
20003524:	e9cd ba23 	strd	fp, sl, [sp, #140]	@ 0x8c
20003528:	9422      	str	r4, [sp, #136]	@ 0x88
2000352a:	b017      	add	sp, #92	@ 0x5c
2000352c:	e8bd 4ff0 	ldmia.w	sp!, {r4, r5, r6, r7, r8, r9, sl, fp, lr}
20003530:	f7ff bcc2 	b.w	20002eb8 <_etoa>
20003534:	4d4f      	ldr	r5, [pc, #316]	@ (20003674 <_ftoa+0x35c>)
20003536:	f8cd a08c 	str.w	sl, [sp, #140]	@ 0x8c
2000353a:	f00a 0a04 	and.w	sl, sl, #4
2000353e:	f1ba 0f00 	cmp.w	sl, #0
20003542:	4c4d      	ldr	r4, [pc, #308]	@ (20003678 <_ftoa+0x360>)
20003544:	bf18      	it	ne
20003546:	462c      	movne	r4, r5
20003548:	e9dd 2306 	ldrd	r2, r3, [sp, #24]
2000354c:	e9dd 0104 	ldrd	r0, r1, [sp, #16]
20003550:	9420      	str	r4, [sp, #128]	@ 0x80
20003552:	bf0c      	ite	eq
20003554:	2403      	moveq	r4, #3
20003556:	2404      	movne	r4, #4
20003558:	f8cd b088 	str.w	fp, [sp, #136]	@ 0x88
2000355c:	9421      	str	r4, [sp, #132]	@ 0x84
2000355e:	b017      	add	sp, #92	@ 0x5c
20003560:	e8bd 4ff0 	ldmia.w	sp!, {r4, r5, r6, r7, r8, r9, sl, fp, lr}
20003564:	f7ff bafe 	b.w	20002b64 <_out_rev>
20003568:	464b      	mov	r3, r9
2000356a:	4642      	mov	r2, r8
2000356c:	2000      	movs	r0, #0
2000356e:	2100      	movs	r1, #0
20003570:	f7ff f9de 	bl	20002930 <__wrap___aeabi_dsub>
20003574:	2301      	movs	r3, #1
20003576:	f41a 6580 	ands.w	r5, sl, #1024	@ 0x400
2000357a:	4680      	mov	r8, r0
2000357c:	4689      	mov	r9, r1
2000357e:	930d      	str	r3, [sp, #52]	@ 0x34
20003580:	f47f af17 	bne.w	200033b2 <_ftoa+0x9a>
20003584:	ed9f 7b36 	vldr	d7, [pc, #216]	@ 20003660 <_ftoa+0x348>
20003588:	ab0e      	add	r3, sp, #56	@ 0x38
2000358a:	2606      	movs	r6, #6
2000358c:	ed8d 7b08 	vstr	d7, [sp, #32]
20003590:	930c      	str	r3, [sp, #48]	@ 0x30
20003592:	e726      	b.n	200033e2 <_ftoa+0xca>
20003594:	2404      	movs	r4, #4
20003596:	e9dd 2306 	ldrd	r2, r3, [sp, #24]
2000359a:	e9dd 0104 	ldrd	r0, r1, [sp, #16]
2000359e:	4d37      	ldr	r5, [pc, #220]	@ (2000367c <_ftoa+0x364>)
200035a0:	f8cd a08c 	str.w	sl, [sp, #140]	@ 0x8c
200035a4:	f8cd b088 	str.w	fp, [sp, #136]	@ 0x88
200035a8:	9520      	str	r5, [sp, #128]	@ 0x80
200035aa:	9421      	str	r4, [sp, #132]	@ 0x84
200035ac:	b017      	add	sp, #92	@ 0x5c
200035ae:	e8bd 4ff0 	ldmia.w	sp!, {r4, r5, r6, r7, r8, r9, sl, fp, lr}
200035b2:	f7ff bad7 	b.w	20002b64 <_out_rev>
200035b6:	9b0c      	ldr	r3, [sp, #48]	@ 0x30
200035b8:	1e68      	subs	r0, r5, #1
200035ba:	f8df c0c4 	ldr.w	ip, [pc, #196]	@ 20003680 <_ftoa+0x368>
200035be:	4418      	add	r0, r3
200035c0:	e00d      	b.n	200035de <_ftoa+0x2c6>
200035c2:	fbac 2107 	umull	r2, r1, ip, r7
200035c6:	08c9      	lsrs	r1, r1, #3
200035c8:	eb01 0281 	add.w	r2, r1, r1, lsl #2
200035cc:	eba7 0242 	sub.w	r2, r7, r2, lsl #1
200035d0:	3230      	adds	r2, #48	@ 0x30
200035d2:	2f09      	cmp	r7, #9
200035d4:	f800 2f01 	strb.w	r2, [r0, #1]!
200035d8:	d927      	bls.n	2000362a <_ftoa+0x312>
200035da:	460f      	mov	r7, r1
200035dc:	461d      	mov	r5, r3
200035de:	2d20      	cmp	r5, #32
200035e0:	f105 0301 	add.w	r3, r5, #1
200035e4:	f106 36ff 	add.w	r6, r6, #4294967295	@ 0xffffffff
200035e8:	d1eb      	bne.n	200035c2 <_ftoa+0x2aa>
200035ea:	2520      	movs	r5, #32
200035ec:	e74b      	b.n	20003486 <_ftoa+0x16e>
200035ee:	2200      	movs	r2, #0
200035f0:	e9dd 010a 	ldrd	r0, r1, [sp, #40]	@ 0x28
200035f4:	4b1d      	ldr	r3, [pc, #116]	@ (2000366c <_ftoa+0x354>)
200035f6:	f7ff fa7b 	bl	20002af0 <__wrap___aeabi_dcmplt>
200035fa:	2800      	cmp	r0, #0
200035fc:	f47f af27 	bne.w	2000344e <_ftoa+0x136>
20003600:	2f00      	cmp	r7, #0
20003602:	d15a      	bne.n	200036ba <_ftoa+0x3a2>
20003604:	3701      	adds	r7, #1
20003606:	e722      	b.n	2000344e <_ftoa+0x136>
20003608:	f00a 0303 	and.w	r3, sl, #3
2000360c:	2b01      	cmp	r3, #1
2000360e:	d075      	beq.n	200036fc <_ftoa+0x3e4>
20003610:	2d20      	cmp	r5, #32
20003612:	f43f af73 	beq.w	200034fc <_ftoa+0x1e4>
20003616:	9b0d      	ldr	r3, [sp, #52]	@ 0x34
20003618:	b3bb      	cbz	r3, 2000368a <_ftoa+0x372>
2000361a:	222d      	movs	r2, #45	@ 0x2d
2000361c:	f105 0358 	add.w	r3, r5, #88	@ 0x58
20003620:	446b      	add	r3, sp
20003622:	f803 2c20 	strb.w	r2, [r3, #-32]
20003626:	3501      	adds	r5, #1
20003628:	e768      	b.n	200034fc <_ftoa+0x1e4>
2000362a:	2b20      	cmp	r3, #32
2000362c:	d0dd      	beq.n	200035ea <_ftoa+0x2d2>
2000362e:	b3ae      	cbz	r6, 2000369c <_ftoa+0x384>
20003630:	9a0c      	ldr	r2, [sp, #48]	@ 0x30
20003632:	441e      	add	r6, r3
20003634:	4415      	add	r5, r2
20003636:	2230      	movs	r2, #48	@ 0x30
20003638:	e001      	b.n	2000363e <_ftoa+0x326>
2000363a:	42b3      	cmp	r3, r6
2000363c:	d02e      	beq.n	2000369c <_ftoa+0x384>
2000363e:	3301      	adds	r3, #1
20003640:	2b20      	cmp	r3, #32
20003642:	f805 2f01 	strb.w	r2, [r5, #1]!
20003646:	d1f8      	bne.n	2000363a <_ftoa+0x322>
20003648:	e7cf      	b.n	200035ea <_ftoa+0x2d2>
2000364a:	461d      	mov	r5, r3
2000364c:	e6c5      	b.n	200033da <_ftoa+0xc2>
2000364e:	bf00      	nop
20003650:	00000000 	.word	0x00000000
20003654:	41cdcd65 	.word	0x41cdcd65
20003658:	00000000 	.word	0x00000000
2000365c:	c1cdcd65 	.word	0xc1cdcd65
20003660:	00000000 	.word	0x00000000
20003664:	412e8480 	.word	0x412e8480
20003668:	7fefffff 	.word	0x7fefffff
2000366c:	3fe00000 	.word	0x3fe00000
20003670:	66666667 	.word	0x66666667
20003674:	2000890c 	.word	0x2000890c
20003678:	20008914 	.word	0x20008914
2000367c:	2000891c 	.word	0x2000891c
20003680:	cccccccd 	.word	0xcccccccd
20003684:	2d20      	cmp	r5, #32
20003686:	f43f af39 	beq.w	200034fc <_ftoa+0x1e4>
2000368a:	f01a 0f04 	tst.w	sl, #4
2000368e:	d10d      	bne.n	200036ac <_ftoa+0x394>
20003690:	f01a 0f08 	tst.w	sl, #8
20003694:	f43f af32 	beq.w	200034fc <_ftoa+0x1e4>
20003698:	2220      	movs	r2, #32
2000369a:	e7bf      	b.n	2000361c <_ftoa+0x304>
2000369c:	212e      	movs	r1, #46	@ 0x2e
2000369e:	f103 0258 	add.w	r2, r3, #88	@ 0x58
200036a2:	446a      	add	r2, sp
200036a4:	f802 1c20 	strb.w	r1, [r2, #-32]
200036a8:	1c5d      	adds	r5, r3, #1
200036aa:	e6ec      	b.n	20003486 <_ftoa+0x16e>
200036ac:	222b      	movs	r2, #43	@ 0x2b
200036ae:	e7b5      	b.n	2000361c <_ftoa+0x304>
200036b0:	07e3      	lsls	r3, r4, #31
200036b2:	f57f aee8 	bpl.w	20003486 <_ftoa+0x16e>
200036b6:	3401      	adds	r4, #1
200036b8:	e6e5      	b.n	20003486 <_ftoa+0x16e>
200036ba:	07fa      	lsls	r2, r7, #31
200036bc:	f57f aec7 	bpl.w	2000344e <_ftoa+0x136>
200036c0:	e7a0      	b.n	20003604 <_ftoa+0x2ec>
200036c2:	f10b 3bff 	add.w	fp, fp, #4294967295	@ 0xffffffff
200036c6:	45ab      	cmp	fp, r5
200036c8:	f63f af09 	bhi.w	200034de <_ftoa+0x1c6>
200036cc:	e7a0      	b.n	20003610 <_ftoa+0x2f8>
200036ce:	2403      	movs	r4, #3
200036d0:	e9dd 2306 	ldrd	r2, r3, [sp, #24]
200036d4:	e9dd 0104 	ldrd	r0, r1, [sp, #16]
200036d8:	4d0a      	ldr	r5, [pc, #40]	@ (20003704 <_ftoa+0x3ec>)
200036da:	f8cd a08c 	str.w	sl, [sp, #140]	@ 0x8c
200036de:	f8cd b088 	str.w	fp, [sp, #136]	@ 0x88
200036e2:	e761      	b.n	200035a8 <_ftoa+0x290>
200036e4:	4b08      	ldr	r3, [pc, #32]	@ (20003708 <_ftoa+0x3f0>)
200036e6:	4626      	mov	r6, r4
200036e8:	eb03 03c4 	add.w	r3, r3, r4, lsl #3
200036ec:	ed93 7b00 	vldr	d7, [r3]
200036f0:	ab0e      	add	r3, sp, #56	@ 0x38
200036f2:	ed8d 7b08 	vstr	d7, [sp, #32]
200036f6:	2500      	movs	r5, #0
200036f8:	930c      	str	r3, [sp, #48]	@ 0x30
200036fa:	e672      	b.n	200033e2 <_ftoa+0xca>
200036fc:	f1bb 0f00 	cmp.w	fp, #0
20003700:	d086      	beq.n	20003610 <_ftoa+0x2f8>
20003702:	e6e1      	b.n	200034c8 <_ftoa+0x1b0>
20003704:	20008918 	.word	0x20008918
20003708:	20008a68 	.word	0x20008a68

2000370c <_vsnprintf>:
2000370c:	e92d 4ff0 	stmdb	sp!, {r4, r5, r6, r7, r8, r9, sl, fp, lr}
20003710:	469a      	mov	sl, r3
20003712:	b09b      	sub	sp, #108	@ 0x6c
20003714:	9c24      	ldr	r4, [sp, #144]	@ 0x90
20003716:	4d96      	ldr	r5, [pc, #600]	@ (20003970 <_vsnprintf+0x264>)
20003718:	940b      	str	r4, [sp, #44]	@ 0x2c
2000371a:	4c96      	ldr	r4, [pc, #600]	@ (20003974 <_vsnprintf+0x268>)
2000371c:	1e0b      	subs	r3, r1, #0
2000371e:	bf18      	it	ne
20003720:	4683      	movne	fp, r0
20003722:	6025      	str	r5, [r4, #0]
20003724:	f89a 0000 	ldrb.w	r0, [sl]
20003728:	4c93      	ldr	r4, [pc, #588]	@ (20003978 <_vsnprintf+0x26c>)
2000372a:	930a      	str	r3, [sp, #40]	@ 0x28
2000372c:	bf08      	it	eq
2000372e:	46a3      	moveq	fp, r4
20003730:	9209      	str	r2, [sp, #36]	@ 0x24
20003732:	2800      	cmp	r0, #0
20003734:	f000 82bc 	beq.w	20003cb0 <_vsnprintf+0x5a4>
20003738:	f04f 0900 	mov.w	r9, #0
2000373c:	e00a      	b.n	20003754 <_vsnprintf+0x48>
2000373e:	464a      	mov	r2, r9
20003740:	9b09      	ldr	r3, [sp, #36]	@ 0x24
20003742:	990a      	ldr	r1, [sp, #40]	@ 0x28
20003744:	f109 0901 	add.w	r9, r9, #1
20003748:	47d8      	blx	fp
2000374a:	f89a 0000 	ldrb.w	r0, [sl]
2000374e:	2800      	cmp	r0, #0
20003750:	f000 80ce 	beq.w	200038f0 <_vsnprintf+0x1e4>
20003754:	2825      	cmp	r0, #37	@ 0x25
20003756:	f10a 0a01 	add.w	sl, sl, #1
2000375a:	d1f0      	bne.n	2000373e <_vsnprintf+0x32>
2000375c:	2300      	movs	r3, #0
2000375e:	4652      	mov	r2, sl
20003760:	f812 0b01 	ldrb.w	r0, [r2], #1
20003764:	f1a0 0120 	sub.w	r1, r0, #32
20003768:	2910      	cmp	r1, #16
2000376a:	d80a      	bhi.n	20003782 <_vsnprintf+0x76>
2000376c:	e8df f001 	tbb	[pc, r1]
20003770:	3c090940 	.word	0x3c090940
20003774:	09090909 	.word	0x09090909
20003778:	38090909 	.word	0x38090909
2000377c:	09093409 	.word	0x09093409
20003780:	30          	.byte	0x30
20003781:	00          	.byte	0x00
20003782:	f1a0 0130 	sub.w	r1, r0, #48	@ 0x30
20003786:	2909      	cmp	r1, #9
20003788:	f240 808c 	bls.w	200038a4 <_vsnprintf+0x198>
2000378c:	282a      	cmp	r0, #42	@ 0x2a
2000378e:	f000 80f5 	beq.w	2000397c <_vsnprintf+0x270>
20003792:	2100      	movs	r1, #0
20003794:	910c      	str	r1, [sp, #48]	@ 0x30
20003796:	282e      	cmp	r0, #46	@ 0x2e
20003798:	f000 8099 	beq.w	200038ce <_vsnprintf+0x1c2>
2000379c:	2700      	movs	r7, #0
2000379e:	f1a0 0168 	sub.w	r1, r0, #104	@ 0x68
200037a2:	2912      	cmp	r1, #18
200037a4:	d82d      	bhi.n	20003802 <_vsnprintf+0xf6>
200037a6:	e8df f011 	tbh	[pc, r1, lsl #1]
200037aa:	0157      	.short	0x0157
200037ac:	0151002c 	.word	0x0151002c
200037b0:	0145002c 	.word	0x0145002c
200037b4:	002c002c 	.word	0x002c002c
200037b8:	002c002c 	.word	0x002c002c
200037bc:	002c002c 	.word	0x002c002c
200037c0:	0027002c 	.word	0x0027002c
200037c4:	002c002c 	.word	0x002c002c
200037c8:	002c002c 	.word	0x002c002c
200037cc:	0027002c 	.word	0x0027002c
200037d0:	4692      	mov	sl, r2
200037d2:	f043 0301 	orr.w	r3, r3, #1
200037d6:	e7c2      	b.n	2000375e <_vsnprintf+0x52>
200037d8:	4692      	mov	sl, r2
200037da:	f043 0302 	orr.w	r3, r3, #2
200037de:	e7be      	b.n	2000375e <_vsnprintf+0x52>
200037e0:	4692      	mov	sl, r2
200037e2:	f043 0304 	orr.w	r3, r3, #4
200037e6:	e7ba      	b.n	2000375e <_vsnprintf+0x52>
200037e8:	4692      	mov	sl, r2
200037ea:	f043 0310 	orr.w	r3, r3, #16
200037ee:	e7b6      	b.n	2000375e <_vsnprintf+0x52>
200037f0:	4692      	mov	sl, r2
200037f2:	f043 0308 	orr.w	r3, r3, #8
200037f6:	e7b2      	b.n	2000375e <_vsnprintf+0x52>
200037f8:	f89a 0001 	ldrb.w	r0, [sl, #1]
200037fc:	f443 7380 	orr.w	r3, r3, #256	@ 0x100
20003800:	3201      	adds	r2, #1
20003802:	2867      	cmp	r0, #103	@ 0x67
20003804:	4692      	mov	sl, r2
20003806:	f200 8082 	bhi.w	2000390e <_vsnprintf+0x202>
2000380a:	2824      	cmp	r0, #36	@ 0x24
2000380c:	f240 80c6 	bls.w	2000399c <_vsnprintf+0x290>
20003810:	f1a0 0225 	sub.w	r2, r0, #37	@ 0x25
20003814:	2a42      	cmp	r2, #66	@ 0x42
20003816:	f200 80c1 	bhi.w	2000399c <_vsnprintf+0x290>
2000381a:	e8df f012 	tbh	[pc, r2, lsl #1]
2000381e:	015f      	.short	0x015f
20003820:	00bf00bf 	.word	0x00bf00bf
20003824:	00bf00bf 	.word	0x00bf00bf
20003828:	00bf00bf 	.word	0x00bf00bf
2000382c:	00bf00bf 	.word	0x00bf00bf
20003830:	00bf00bf 	.word	0x00bf00bf
20003834:	00bf00bf 	.word	0x00bf00bf
20003838:	00bf00bf 	.word	0x00bf00bf
2000383c:	00bf00bf 	.word	0x00bf00bf
20003840:	00bf00bf 	.word	0x00bf00bf
20003844:	00bf00bf 	.word	0x00bf00bf
20003848:	00bf00bf 	.word	0x00bf00bf
2000384c:	00bf00bf 	.word	0x00bf00bf
20003850:	00bf00bf 	.word	0x00bf00bf
20003854:	00bf00bf 	.word	0x00bf00bf
20003858:	00bf00bf 	.word	0x00bf00bf
2000385c:	012600bf 	.word	0x012600bf
20003860:	01260145 	.word	0x01260145
20003864:	00bf00bf 	.word	0x00bf00bf
20003868:	00bf00bf 	.word	0x00bf00bf
2000386c:	00bf00bf 	.word	0x00bf00bf
20003870:	00bf00bf 	.word	0x00bf00bf
20003874:	00bf00bf 	.word	0x00bf00bf
20003878:	00bf00bf 	.word	0x00bf00bf
2000387c:	00bf00bf 	.word	0x00bf00bf
20003880:	00bf00bf 	.word	0x00bf00bf
20003884:	00bf01d3 	.word	0x00bf01d3
20003888:	00bf00bf 	.word	0x00bf00bf
2000388c:	00bf00bf 	.word	0x00bf00bf
20003890:	00bf00bf 	.word	0x00bf00bf
20003894:	00bf00bf 	.word	0x00bf00bf
20003898:	016701d3 	.word	0x016701d3
2000389c:	012601d3 	.word	0x012601d3
200038a0:	01260145 	.word	0x01260145
200038a4:	2100      	movs	r1, #0
200038a6:	e000      	b.n	200038aa <_vsnprintf+0x19e>
200038a8:	3201      	adds	r2, #1
200038aa:	eb01 0181 	add.w	r1, r1, r1, lsl #2
200038ae:	eb00 0141 	add.w	r1, r0, r1, lsl #1
200038b2:	7810      	ldrb	r0, [r2, #0]
200038b4:	4692      	mov	sl, r2
200038b6:	f1a0 0430 	sub.w	r4, r0, #48	@ 0x30
200038ba:	2c09      	cmp	r4, #9
200038bc:	f1a1 0130 	sub.w	r1, r1, #48	@ 0x30
200038c0:	d9f2      	bls.n	200038a8 <_vsnprintf+0x19c>
200038c2:	282e      	cmp	r0, #46	@ 0x2e
200038c4:	910c      	str	r1, [sp, #48]	@ 0x30
200038c6:	f102 0201 	add.w	r2, r2, #1
200038ca:	f47f af67 	bne.w	2000379c <_vsnprintf+0x90>
200038ce:	f89a 0001 	ldrb.w	r0, [sl, #1]
200038d2:	4611      	mov	r1, r2
200038d4:	f1a0 0630 	sub.w	r6, r0, #48	@ 0x30
200038d8:	2e09      	cmp	r6, #9
200038da:	f443 6380 	orr.w	r3, r3, #1024	@ 0x400
200038de:	f240 8131 	bls.w	20003b44 <_vsnprintf+0x438>
200038e2:	282a      	cmp	r0, #42	@ 0x2a
200038e4:	f000 813e 	beq.w	20003b64 <_vsnprintf+0x458>
200038e8:	4692      	mov	sl, r2
200038ea:	2700      	movs	r7, #0
200038ec:	3201      	adds	r2, #1
200038ee:	e756      	b.n	2000379e <_vsnprintf+0x92>
200038f0:	464c      	mov	r4, r9
200038f2:	9b09      	ldr	r3, [sp, #36]	@ 0x24
200038f4:	4599      	cmp	r9, r3
200038f6:	d301      	bcc.n	200038fc <_vsnprintf+0x1f0>
200038f8:	f103 39ff 	add.w	r9, r3, #4294967295	@ 0xffffffff
200038fc:	464a      	mov	r2, r9
200038fe:	2000      	movs	r0, #0
20003900:	9b09      	ldr	r3, [sp, #36]	@ 0x24
20003902:	990a      	ldr	r1, [sp, #40]	@ 0x28
20003904:	47d8      	blx	fp
20003906:	4620      	mov	r0, r4
20003908:	b01b      	add	sp, #108	@ 0x6c
2000390a:	e8bd 8ff0 	ldmia.w	sp!, {r4, r5, r6, r7, r8, r9, sl, fp, pc}
2000390e:	f1a0 0269 	sub.w	r2, r0, #105	@ 0x69
20003912:	b2d2      	uxtb	r2, r2
20003914:	2a0f      	cmp	r2, #15
20003916:	d841      	bhi.n	2000399c <_vsnprintf+0x290>
20003918:	2601      	movs	r6, #1
2000391a:	f249 0141 	movw	r1, #36929	@ 0x9041
2000391e:	4096      	lsls	r6, r2
20003920:	400e      	ands	r6, r1
20003922:	f040 8101 	bne.w	20003b28 <_vsnprintf+0x41c>
20003926:	2a0a      	cmp	r2, #10
20003928:	d03f      	beq.n	200039aa <_vsnprintf+0x29e>
2000392a:	2a07      	cmp	r2, #7
2000392c:	d136      	bne.n	2000399c <_vsnprintf+0x290>
2000392e:	9c0b      	ldr	r4, [sp, #44]	@ 0x2c
20003930:	f854 2b04 	ldr.w	r2, [r4], #4
20003934:	2a00      	cmp	r2, #0
20003936:	f000 8128 	beq.w	20003b8a <_vsnprintf+0x47e>
2000393a:	f043 0121 	orr.w	r1, r3, #33	@ 0x21
2000393e:	f10d 0e48 	add.w	lr, sp, #72	@ 0x48
20003942:	4670      	mov	r0, lr
20003944:	e003      	b.n	2000394e <_vsnprintf+0x242>
20003946:	2e20      	cmp	r6, #32
20003948:	f000 8129 	beq.w	20003b9e <_vsnprintf+0x492>
2000394c:	461a      	mov	r2, r3
2000394e:	f002 050f 	and.w	r5, r2, #15
20003952:	462b      	mov	r3, r5
20003954:	2d09      	cmp	r5, #9
20003956:	bf94      	ite	ls
20003958:	3330      	addls	r3, #48	@ 0x30
2000395a:	3337      	addhi	r3, #55	@ 0x37
2000395c:	2a0f      	cmp	r2, #15
2000395e:	f800 3b01 	strb.w	r3, [r0], #1
20003962:	f106 0601 	add.w	r6, r6, #1
20003966:	ea4f 1312 	mov.w	r3, r2, lsr #4
2000396a:	d8ec      	bhi.n	20003946 <_vsnprintf+0x23a>
2000396c:	e117      	b.n	20003b9e <_vsnprintf+0x492>
2000396e:	bf00      	nop
20003970:	2000370d 	.word	0x2000370d
20003974:	20009950 	.word	0x20009950
20003978:	20002b61 	.word	0x20002b61
2000397c:	9c0b      	ldr	r4, [sp, #44]	@ 0x2c
2000397e:	f89a 0001 	ldrb.w	r0, [sl, #1]
20003982:	f854 5b04 	ldr.w	r5, [r4], #4
20003986:	4692      	mov	sl, r2
20003988:	2d00      	cmp	r5, #0
2000398a:	bfbd      	ittte	lt
2000398c:	4269      	neglt	r1, r5
2000398e:	f043 0302 	orrlt.w	r3, r3, #2
20003992:	910c      	strlt	r1, [sp, #48]	@ 0x30
20003994:	950c      	strge	r5, [sp, #48]	@ 0x30
20003996:	940b      	str	r4, [sp, #44]	@ 0x2c
20003998:	3201      	adds	r2, #1
2000399a:	e6fc      	b.n	20003796 <_vsnprintf+0x8a>
2000399c:	464a      	mov	r2, r9
2000399e:	9b09      	ldr	r3, [sp, #36]	@ 0x24
200039a0:	990a      	ldr	r1, [sp, #40]	@ 0x28
200039a2:	f109 0901 	add.w	r9, r9, #1
200039a6:	47d8      	blx	fp
200039a8:	e6cf      	b.n	2000374a <_vsnprintf+0x3e>
200039aa:	990b      	ldr	r1, [sp, #44]	@ 0x2c
200039ac:	f851 8b04 	ldr.w	r8, [r1], #4
200039b0:	f898 2000 	ldrb.w	r2, [r8]
200039b4:	4610      	mov	r0, r2
200039b6:	2f00      	cmp	r7, #0
200039b8:	f040 80e1 	bne.w	20003b7e <_vsnprintf+0x472>
200039bc:	b172      	cbz	r2, 200039dc <_vsnprintf+0x2d0>
200039be:	f06f 0c01 	mvn.w	ip, #1
200039c2:	f10c 0c01 	add.w	ip, ip, #1
200039c6:	4646      	mov	r6, r8
200039c8:	44c4      	add	ip, r8
200039ca:	e001      	b.n	200039d0 <_vsnprintf+0x2c4>
200039cc:	4566      	cmp	r6, ip
200039ce:	d003      	beq.n	200039d8 <_vsnprintf+0x2cc>
200039d0:	f816 4f01 	ldrb.w	r4, [r6, #1]!
200039d4:	2c00      	cmp	r4, #0
200039d6:	d1f9      	bne.n	200039cc <_vsnprintf+0x2c0>
200039d8:	eba6 0608 	sub.w	r6, r6, r8
200039dc:	f413 6c80 	ands.w	ip, r3, #1024	@ 0x400
200039e0:	d002      	beq.n	200039e8 <_vsnprintf+0x2dc>
200039e2:	42be      	cmp	r6, r7
200039e4:	bf28      	it	cs
200039e6:	463e      	movcs	r6, r7
200039e8:	f013 0402 	ands.w	r4, r3, #2
200039ec:	f000 8187 	beq.w	20003cfe <_vsnprintf+0x5f2>
200039f0:	2a00      	cmp	r2, #0
200039f2:	f000 812b 	beq.w	20003c4c <_vsnprintf+0x540>
200039f6:	f1bc 0f00 	cmp.w	ip, #0
200039fa:	f000 8141 	beq.w	20003c80 <_vsnprintf+0x574>
200039fe:	940b      	str	r4, [sp, #44]	@ 0x2c
20003a00:	960d      	str	r6, [sp, #52]	@ 0x34
20003a02:	464a      	mov	r2, r9
20003a04:	e9dd 5409 	ldrd	r5, r4, [sp, #36]	@ 0x24
20003a08:	460e      	mov	r6, r1
20003a0a:	444f      	add	r7, r9
20003a0c:	e008      	b.n	20003a20 <_vsnprintf+0x314>
20003a0e:	462b      	mov	r3, r5
20003a10:	4621      	mov	r1, r4
20003a12:	47d8      	blx	fp
20003a14:	f818 0f01 	ldrb.w	r0, [r8, #1]!
20003a18:	f109 0901 	add.w	r9, r9, #1
20003a1c:	b110      	cbz	r0, 20003a24 <_vsnprintf+0x318>
20003a1e:	464a      	mov	r2, r9
20003a20:	454f      	cmp	r7, r9
20003a22:	d1f4      	bne.n	20003a0e <_vsnprintf+0x302>
20003a24:	4631      	mov	r1, r6
20003a26:	9c0b      	ldr	r4, [sp, #44]	@ 0x2c
20003a28:	9e0d      	ldr	r6, [sp, #52]	@ 0x34
20003a2a:	2c00      	cmp	r4, #0
20003a2c:	f040 810e 	bne.w	20003c4c <_vsnprintf+0x540>
20003a30:	910b      	str	r1, [sp, #44]	@ 0x2c
20003a32:	e68a      	b.n	2000374a <_vsnprintf+0x3e>
20003a34:	f89a 0001 	ldrb.w	r0, [sl, #1]
20003a38:	286c      	cmp	r0, #108	@ 0x6c
20003a3a:	f47f aedf 	bne.w	200037fc <_vsnprintf+0xf0>
20003a3e:	f89a 0002 	ldrb.w	r0, [sl, #2]
20003a42:	f443 7340 	orr.w	r3, r3, #768	@ 0x300
20003a46:	f10a 0203 	add.w	r2, sl, #3
20003a4a:	e6da      	b.n	20003802 <_vsnprintf+0xf6>
20003a4c:	f89a 0001 	ldrb.w	r0, [sl, #1]
20003a50:	f443 7300 	orr.w	r3, r3, #512	@ 0x200
20003a54:	3201      	adds	r2, #1
20003a56:	e6d4      	b.n	20003802 <_vsnprintf+0xf6>
20003a58:	f89a 0001 	ldrb.w	r0, [sl, #1]
20003a5c:	2868      	cmp	r0, #104	@ 0x68
20003a5e:	f000 8120 	beq.w	20003ca2 <_vsnprintf+0x596>
20003a62:	f043 0380 	orr.w	r3, r3, #128	@ 0x80
20003a66:	3201      	adds	r2, #1
20003a68:	e6cb      	b.n	20003802 <_vsnprintf+0xf6>
20003a6a:	2867      	cmp	r0, #103	@ 0x67
20003a6c:	f000 80e7 	beq.w	20003c3e <_vsnprintf+0x532>
20003a70:	2847      	cmp	r0, #71	@ 0x47
20003a72:	f000 8100 	beq.w	20003c76 <_vsnprintf+0x56a>
20003a76:	2845      	cmp	r0, #69	@ 0x45
20003a78:	f000 80ff 	beq.w	20003c7a <_vsnprintf+0x56e>
20003a7c:	9c0b      	ldr	r4, [sp, #44]	@ 0x2c
20003a7e:	9304      	str	r3, [sp, #16]
20003a80:	9b0c      	ldr	r3, [sp, #48]	@ 0x30
20003a82:	3407      	adds	r4, #7
20003a84:	e9cd 7302 	strd	r7, r3, [sp, #8]
20003a88:	f024 0307 	bic.w	r3, r4, #7
20003a8c:	461c      	mov	r4, r3
20003a8e:	e9dd 3109 	ldrd	r3, r1, [sp, #36]	@ 0x24
20003a92:	e8f4 6702 	ldrd	r6, r7, [r4], #8
20003a96:	464a      	mov	r2, r9
20003a98:	4658      	mov	r0, fp
20003a9a:	e9cd 6700 	strd	r6, r7, [sp]
20003a9e:	940b      	str	r4, [sp, #44]	@ 0x2c
20003aa0:	f7ff fa0a 	bl	20002eb8 <_etoa>
20003aa4:	4681      	mov	r9, r0
20003aa6:	e650      	b.n	2000374a <_vsnprintf+0x3e>
20003aa8:	2846      	cmp	r0, #70	@ 0x46
20003aaa:	9c0b      	ldr	r4, [sp, #44]	@ 0x2c
20003aac:	bf08      	it	eq
20003aae:	f043 0320 	orreq.w	r3, r3, #32
20003ab2:	9304      	str	r3, [sp, #16]
20003ab4:	9b0c      	ldr	r3, [sp, #48]	@ 0x30
20003ab6:	3407      	adds	r4, #7
20003ab8:	e9cd 7302 	strd	r7, r3, [sp, #8]
20003abc:	f024 0307 	bic.w	r3, r4, #7
20003ac0:	461c      	mov	r4, r3
20003ac2:	e9dd 3109 	ldrd	r3, r1, [sp, #36]	@ 0x24
20003ac6:	e8f4 6702 	ldrd	r6, r7, [r4], #8
20003aca:	464a      	mov	r2, r9
20003acc:	4658      	mov	r0, fp
20003ace:	e9cd 6700 	strd	r6, r7, [sp]
20003ad2:	940b      	str	r4, [sp, #44]	@ 0x2c
20003ad4:	f7ff fc20 	bl	20003318 <_ftoa>
20003ad8:	4681      	mov	r9, r0
20003ada:	e636      	b.n	2000374a <_vsnprintf+0x3e>
20003adc:	464a      	mov	r2, r9
20003ade:	2025      	movs	r0, #37	@ 0x25
20003ae0:	9b09      	ldr	r3, [sp, #36]	@ 0x24
20003ae2:	990a      	ldr	r1, [sp, #40]	@ 0x28
20003ae4:	f109 0901 	add.w	r9, r9, #1
20003ae8:	47d8      	blx	fp
20003aea:	e62e      	b.n	2000374a <_vsnprintf+0x3e>
20003aec:	9a0b      	ldr	r2, [sp, #44]	@ 0x2c
20003aee:	079c      	lsls	r4, r3, #30
20003af0:	f102 0704 	add.w	r7, r2, #4
20003af4:	f109 0601 	add.w	r6, r9, #1
20003af8:	f140 80e6 	bpl.w	20003cc8 <_vsnprintf+0x5bc>
20003afc:	7810      	ldrb	r0, [r2, #0]
20003afe:	9b09      	ldr	r3, [sp, #36]	@ 0x24
20003b00:	464a      	mov	r2, r9
20003b02:	990a      	ldr	r1, [sp, #40]	@ 0x28
20003b04:	47d8      	blx	fp
20003b06:	9b0c      	ldr	r3, [sp, #48]	@ 0x30
20003b08:	2b01      	cmp	r3, #1
20003b0a:	f240 812c 	bls.w	20003d66 <_vsnprintf+0x65a>
20003b0e:	e9dd 5409 	ldrd	r5, r4, [sp, #36]	@ 0x24
20003b12:	4499      	add	r9, r3
20003b14:	4632      	mov	r2, r6
20003b16:	462b      	mov	r3, r5
20003b18:	4621      	mov	r1, r4
20003b1a:	2020      	movs	r0, #32
20003b1c:	3601      	adds	r6, #1
20003b1e:	47d8      	blx	fp
20003b20:	454e      	cmp	r6, r9
20003b22:	d1f7      	bne.n	20003b14 <_vsnprintf+0x408>
20003b24:	970b      	str	r7, [sp, #44]	@ 0x2c
20003b26:	e610      	b.n	2000374a <_vsnprintf+0x3e>
20003b28:	286f      	cmp	r0, #111	@ 0x6f
20003b2a:	f000 808b 	beq.w	20003c44 <_vsnprintf+0x538>
20003b2e:	f240 8165 	bls.w	20003dfc <_vsnprintf+0x6f0>
20003b32:	2878      	cmp	r0, #120	@ 0x78
20003b34:	f000 8108 	beq.w	20003d48 <_vsnprintf+0x63c>
20003b38:	f04f 080a 	mov.w	r8, #10
20003b3c:	f023 0310 	bic.w	r3, r3, #16
20003b40:	46c4      	mov	ip, r8
20003b42:	e047      	b.n	20003bd4 <_vsnprintf+0x4c8>
20003b44:	2700      	movs	r7, #0
20003b46:	eb07 0787 	add.w	r7, r7, r7, lsl #2
20003b4a:	eb00 0047 	add.w	r0, r0, r7, lsl #1
20003b4e:	f1a0 0730 	sub.w	r7, r0, #48	@ 0x30
20003b52:	f811 0f01 	ldrb.w	r0, [r1, #1]!
20003b56:	f1a0 0230 	sub.w	r2, r0, #48	@ 0x30
20003b5a:	2a09      	cmp	r2, #9
20003b5c:	d9f3      	bls.n	20003b46 <_vsnprintf+0x43a>
20003b5e:	468a      	mov	sl, r1
20003b60:	1c4a      	adds	r2, r1, #1
20003b62:	e61c      	b.n	2000379e <_vsnprintf+0x92>
20003b64:	9c0b      	ldr	r4, [sp, #44]	@ 0x2c
20003b66:	f89a 0002 	ldrb.w	r0, [sl, #2]
20003b6a:	f854 7b04 	ldr.w	r7, [r4], #4
20003b6e:	f10a 0a02 	add.w	sl, sl, #2
20003b72:	f10a 0201 	add.w	r2, sl, #1
20003b76:	940b      	str	r4, [sp, #44]	@ 0x2c
20003b78:	ea27 77e7 	bic.w	r7, r7, r7, asr #31
20003b7c:	e60f      	b.n	2000379e <_vsnprintf+0x92>
20003b7e:	2a00      	cmp	r2, #0
20003b80:	f43f af2c 	beq.w	200039dc <_vsnprintf+0x2d0>
20003b84:	f107 3cff 	add.w	ip, r7, #4294967295	@ 0xffffffff
20003b88:	e71b      	b.n	200039c2 <_vsnprintf+0x2b6>
20003b8a:	f023 0110 	bic.w	r1, r3, #16
20003b8e:	f413 6280 	ands.w	r2, r3, #1024	@ 0x400
20003b92:	f041 0121 	orr.w	r1, r1, #33	@ 0x21
20003b96:	f43f aed2 	beq.w	2000393e <_vsnprintf+0x232>
20003b9a:	f10d 0e48 	add.w	lr, sp, #72	@ 0x48
20003b9e:	2308      	movs	r3, #8
20003ba0:	2010      	movs	r0, #16
20003ba2:	9305      	str	r3, [sp, #20]
20003ba4:	2300      	movs	r3, #0
20003ba6:	464a      	mov	r2, r9
20003ba8:	e9cd 3002 	strd	r3, r0, [sp, #8]
20003bac:	9106      	str	r1, [sp, #24]
20003bae:	4658      	mov	r0, fp
20003bb0:	e9dd 3109 	ldrd	r3, r1, [sp, #36]	@ 0x24
20003bb4:	e9cd e600 	strd	lr, r6, [sp]
20003bb8:	9704      	str	r7, [sp, #16]
20003bba:	f7ff f821 	bl	20002c00 <_ntoa_format>
20003bbe:	940b      	str	r4, [sp, #44]	@ 0x2c
20003bc0:	4681      	mov	r9, r0
20003bc2:	e5c2      	b.n	2000374a <_vsnprintf+0x3e>
20003bc4:	2858      	cmp	r0, #88	@ 0x58
20003bc6:	d079      	beq.n	20003cbc <_vsnprintf+0x5b0>
20003bc8:	2862      	cmp	r0, #98	@ 0x62
20003bca:	f040 8251 	bne.w	20004070 <_vsnprintf+0x964>
20003bce:	f04f 0802 	mov.w	r8, #2
20003bd2:	46c4      	mov	ip, r8
20003bd4:	f413 6080 	ands.w	r0, r3, #1024	@ 0x400
20003bd8:	d16d      	bne.n	20003cb6 <_vsnprintf+0x5aa>
20003bda:	f023 030c 	bic.w	r3, r3, #12
20003bde:	f413 7200 	ands.w	r2, r3, #512	@ 0x200
20003be2:	f040 80c2 	bne.w	20003d6a <_vsnprintf+0x65e>
20003be6:	990b      	ldr	r1, [sp, #44]	@ 0x2c
20003be8:	3104      	adds	r1, #4
20003bea:	910d      	str	r1, [sp, #52]	@ 0x34
20003bec:	f413 7180 	ands.w	r1, r3, #256	@ 0x100
20003bf0:	f040 822e 	bne.w	20004050 <_vsnprintf+0x944>
20003bf4:	065e      	lsls	r6, r3, #25
20003bf6:	9a0b      	ldr	r2, [sp, #44]	@ 0x2c
20003bf8:	f140 80aa 	bpl.w	20003d50 <_vsnprintf+0x644>
20003bfc:	7812      	ldrb	r2, [r2, #0]
20003bfe:	2a00      	cmp	r2, #0
20003c00:	f040 80da 	bne.w	20003db8 <_vsnprintf+0x6ac>
20003c04:	f023 0310 	bic.w	r3, r3, #16
20003c08:	2800      	cmp	r0, #0
20003c0a:	f000 80d5 	beq.w	20003db8 <_vsnprintf+0x6ac>
20003c0e:	4611      	mov	r1, r2
20003c10:	f10d 0e48 	add.w	lr, sp, #72	@ 0x48
20003c14:	9306      	str	r3, [sp, #24]
20003c16:	9b0c      	ldr	r3, [sp, #48]	@ 0x30
20003c18:	f8cd c00c 	str.w	ip, [sp, #12]
20003c1c:	e9cd 7304 	strd	r7, r3, [sp, #16]
20003c20:	9101      	str	r1, [sp, #4]
20003c22:	2300      	movs	r3, #0
20003c24:	464a      	mov	r2, r9
20003c26:	9302      	str	r3, [sp, #8]
20003c28:	4658      	mov	r0, fp
20003c2a:	e9dd 3109 	ldrd	r3, r1, [sp, #36]	@ 0x24
20003c2e:	f8cd e000 	str.w	lr, [sp]
20003c32:	f7fe ffe5 	bl	20002c00 <_ntoa_format>
20003c36:	9b0d      	ldr	r3, [sp, #52]	@ 0x34
20003c38:	4681      	mov	r9, r0
20003c3a:	930b      	str	r3, [sp, #44]	@ 0x2c
20003c3c:	e585      	b.n	2000374a <_vsnprintf+0x3e>
20003c3e:	f443 6300 	orr.w	r3, r3, #2048	@ 0x800
20003c42:	e71b      	b.n	20003a7c <_vsnprintf+0x370>
20003c44:	f04f 0808 	mov.w	r8, #8
20003c48:	46c4      	mov	ip, r8
20003c4a:	e7c3      	b.n	20003bd4 <_vsnprintf+0x4c8>
20003c4c:	9b0c      	ldr	r3, [sp, #48]	@ 0x30
20003c4e:	464c      	mov	r4, r9
20003c50:	42b3      	cmp	r3, r6
20003c52:	f67f aeed 	bls.w	20003a30 <_vsnprintf+0x324>
20003c56:	460f      	mov	r7, r1
20003c58:	444b      	add	r3, r9
20003c5a:	eba3 0906 	sub.w	r9, r3, r6
20003c5e:	e9dd 6509 	ldrd	r6, r5, [sp, #36]	@ 0x24
20003c62:	4622      	mov	r2, r4
20003c64:	4633      	mov	r3, r6
20003c66:	4629      	mov	r1, r5
20003c68:	2020      	movs	r0, #32
20003c6a:	3401      	adds	r4, #1
20003c6c:	47d8      	blx	fp
20003c6e:	454c      	cmp	r4, r9
20003c70:	d1f7      	bne.n	20003c62 <_vsnprintf+0x556>
20003c72:	4639      	mov	r1, r7
20003c74:	e6dc      	b.n	20003a30 <_vsnprintf+0x324>
20003c76:	f443 6300 	orr.w	r3, r3, #2048	@ 0x800
20003c7a:	f043 0320 	orr.w	r3, r3, #32
20003c7e:	e6fd      	b.n	20003a7c <_vsnprintf+0x370>
20003c80:	460f      	mov	r7, r1
20003c82:	940b      	str	r4, [sp, #44]	@ 0x2c
20003c84:	e9dd 5409 	ldrd	r5, r4, [sp, #36]	@ 0x24
20003c88:	464a      	mov	r2, r9
20003c8a:	462b      	mov	r3, r5
20003c8c:	4621      	mov	r1, r4
20003c8e:	47d8      	blx	fp
20003c90:	f818 0f01 	ldrb.w	r0, [r8, #1]!
20003c94:	f109 0901 	add.w	r9, r9, #1
20003c98:	2800      	cmp	r0, #0
20003c9a:	d1f5      	bne.n	20003c88 <_vsnprintf+0x57c>
20003c9c:	4639      	mov	r1, r7
20003c9e:	9c0b      	ldr	r4, [sp, #44]	@ 0x2c
20003ca0:	e6c3      	b.n	20003a2a <_vsnprintf+0x31e>
20003ca2:	f89a 0002 	ldrb.w	r0, [sl, #2]
20003ca6:	f043 03c0 	orr.w	r3, r3, #192	@ 0xc0
20003caa:	f10a 0203 	add.w	r2, sl, #3
20003cae:	e5a8      	b.n	20003802 <_vsnprintf+0xf6>
20003cb0:	4604      	mov	r4, r0
20003cb2:	4681      	mov	r9, r0
20003cb4:	e61d      	b.n	200038f2 <_vsnprintf+0x1e6>
20003cb6:	f023 030d 	bic.w	r3, r3, #13
20003cba:	e790      	b.n	20003bde <_vsnprintf+0x4d2>
20003cbc:	f04f 0810 	mov.w	r8, #16
20003cc0:	f043 0320 	orr.w	r3, r3, #32
20003cc4:	46c4      	mov	ip, r8
20003cc6:	e785      	b.n	20003bd4 <_vsnprintf+0x4c8>
20003cc8:	9b0c      	ldr	r3, [sp, #48]	@ 0x30
20003cca:	2b01      	cmp	r3, #1
20003ccc:	d945      	bls.n	20003d5a <_vsnprintf+0x64e>
20003cce:	e9dd 5409 	ldrd	r5, r4, [sp, #36]	@ 0x24
20003cd2:	464e      	mov	r6, r9
20003cd4:	f109 38ff 	add.w	r8, r9, #4294967295	@ 0xffffffff
20003cd8:	4498      	add	r8, r3
20003cda:	4632      	mov	r2, r6
20003cdc:	462b      	mov	r3, r5
20003cde:	4621      	mov	r1, r4
20003ce0:	2020      	movs	r0, #32
20003ce2:	3601      	adds	r6, #1
20003ce4:	47d8      	blx	fp
20003ce6:	4546      	cmp	r6, r8
20003ce8:	d1f7      	bne.n	20003cda <_vsnprintf+0x5ce>
20003cea:	9b0c      	ldr	r3, [sp, #48]	@ 0x30
20003cec:	4632      	mov	r2, r6
20003cee:	4499      	add	r9, r3
20003cf0:	9b0b      	ldr	r3, [sp, #44]	@ 0x2c
20003cf2:	7818      	ldrb	r0, [r3, #0]
20003cf4:	e9dd 3109 	ldrd	r3, r1, [sp, #36]	@ 0x24
20003cf8:	47d8      	blx	fp
20003cfa:	970b      	str	r7, [sp, #44]	@ 0x2c
20003cfc:	e525      	b.n	2000374a <_vsnprintf+0x3e>
20003cfe:	9b0c      	ldr	r3, [sp, #48]	@ 0x30
20003d00:	42b3      	cmp	r3, r6
20003d02:	f240 81ee 	bls.w	200040e2 <_vsnprintf+0x9d6>
20003d06:	e9cd 480d 	strd	r4, r8, [sp, #52]	@ 0x34
20003d0a:	e9dd 5409 	ldrd	r5, r4, [sp, #36]	@ 0x24
20003d0e:	4688      	mov	r8, r1
20003d10:	444b      	add	r3, r9
20003d12:	1b9e      	subs	r6, r3, r6
20003d14:	f8cd c02c 	str.w	ip, [sp, #44]	@ 0x2c
20003d18:	464a      	mov	r2, r9
20003d1a:	462b      	mov	r3, r5
20003d1c:	4621      	mov	r1, r4
20003d1e:	2020      	movs	r0, #32
20003d20:	f109 0901 	add.w	r9, r9, #1
20003d24:	47d8      	blx	fp
20003d26:	45b1      	cmp	r9, r6
20003d28:	d1f6      	bne.n	20003d18 <_vsnprintf+0x60c>
20003d2a:	4641      	mov	r1, r8
20003d2c:	f8dd 8038 	ldr.w	r8, [sp, #56]	@ 0x38
20003d30:	9b0c      	ldr	r3, [sp, #48]	@ 0x30
20003d32:	f8dd c02c 	ldr.w	ip, [sp, #44]	@ 0x2c
20003d36:	9c0d      	ldr	r4, [sp, #52]	@ 0x34
20003d38:	f898 2000 	ldrb.w	r2, [r8]
20003d3c:	1c5e      	adds	r6, r3, #1
20003d3e:	4610      	mov	r0, r2
20003d40:	2a00      	cmp	r2, #0
20003d42:	f47f ae58 	bne.w	200039f6 <_vsnprintf+0x2ea>
20003d46:	e673      	b.n	20003a30 <_vsnprintf+0x324>
20003d48:	f04f 0810 	mov.w	r8, #16
20003d4c:	46c4      	mov	ip, r8
20003d4e:	e741      	b.n	20003bd4 <_vsnprintf+0x4c8>
20003d50:	061d      	lsls	r5, r3, #24
20003d52:	bf4c      	ite	mi
20003d54:	8812      	ldrhmi	r2, [r2, #0]
20003d56:	6812      	ldrpl	r2, [r2, #0]
20003d58:	e751      	b.n	20003bfe <_vsnprintf+0x4f2>
20003d5a:	4613      	mov	r3, r2
20003d5c:	464a      	mov	r2, r9
20003d5e:	7818      	ldrb	r0, [r3, #0]
20003d60:	e9dd 3109 	ldrd	r3, r1, [sp, #36]	@ 0x24
20003d64:	47d8      	blx	fp
20003d66:	46b1      	mov	r9, r6
20003d68:	e6dc      	b.n	20003b24 <_vsnprintf+0x418>
20003d6a:	9c0b      	ldr	r4, [sp, #44]	@ 0x2c
20003d6c:	3407      	adds	r4, #7
20003d6e:	f024 0407 	bic.w	r4, r4, #7
20003d72:	4622      	mov	r2, r4
20003d74:	6865      	ldr	r5, [r4, #4]
20003d76:	f852 4b08 	ldr.w	r4, [r2], #8
20003d7a:	920b      	str	r2, [sp, #44]	@ 0x2c
20003d7c:	ea54 0205 	orrs.w	r2, r4, r5
20003d80:	f040 812c 	bne.w	20003fdc <_vsnprintf+0x8d0>
20003d84:	f023 0310 	bic.w	r3, r3, #16
20003d88:	2800      	cmp	r0, #0
20003d8a:	f000 8127 	beq.w	20003fdc <_vsnprintf+0x8d0>
20003d8e:	2600      	movs	r6, #0
20003d90:	f10d 0e48 	add.w	lr, sp, #72	@ 0x48
20003d94:	9306      	str	r3, [sp, #24]
20003d96:	9b0c      	ldr	r3, [sp, #48]	@ 0x30
20003d98:	464a      	mov	r2, r9
20003d9a:	e9cd 7304 	strd	r7, r3, [sp, #16]
20003d9e:	2300      	movs	r3, #0
20003da0:	e9cd e600 	strd	lr, r6, [sp]
20003da4:	f8cd c00c 	str.w	ip, [sp, #12]
20003da8:	9302      	str	r3, [sp, #8]
20003daa:	4658      	mov	r0, fp
20003dac:	e9dd 3109 	ldrd	r3, r1, [sp, #36]	@ 0x24
20003db0:	f7fe ff26 	bl	20002c00 <_ntoa_format>
20003db4:	4681      	mov	r9, r0
20003db6:	e4c8      	b.n	2000374a <_vsnprintf+0x3e>
20003db8:	f013 0f20 	tst.w	r3, #32
20003dbc:	bf14      	ite	ne
20003dbe:	2041      	movne	r0, #65	@ 0x41
20003dc0:	2061      	moveq	r0, #97	@ 0x61
20003dc2:	f10d 0e48 	add.w	lr, sp, #72	@ 0x48
20003dc6:	4676      	mov	r6, lr
20003dc8:	f1a0 080a 	sub.w	r8, r0, #10
20003dcc:	e003      	b.n	20003dd6 <_vsnprintf+0x6ca>
20003dce:	2920      	cmp	r1, #32
20003dd0:	f43f af20 	beq.w	20003c14 <_vsnprintf+0x508>
20003dd4:	4622      	mov	r2, r4
20003dd6:	fbb2 f4fc 	udiv	r4, r2, ip
20003dda:	fb0c 2514 	mls	r5, ip, r4, r2
20003dde:	b2e8      	uxtb	r0, r5
20003de0:	2d09      	cmp	r5, #9
20003de2:	f100 0530 	add.w	r5, r0, #48	@ 0x30
20003de6:	bf8a      	itet	hi
20003de8:	4440      	addhi	r0, r8
20003dea:	b2e8      	uxtbls	r0, r5
20003dec:	b2c0      	uxtbhi	r0, r0
20003dee:	4562      	cmp	r2, ip
20003df0:	f806 0b01 	strb.w	r0, [r6], #1
20003df4:	f101 0101 	add.w	r1, r1, #1
20003df8:	d2e9      	bcs.n	20003dce <_vsnprintf+0x6c2>
20003dfa:	e70b      	b.n	20003c14 <_vsnprintf+0x508>
20003dfc:	f023 0210 	bic.w	r2, r3, #16
20003e00:	2869      	cmp	r0, #105	@ 0x69
20003e02:	920d      	str	r2, [sp, #52]	@ 0x34
20003e04:	f040 816f 	bne.w	200040e6 <_vsnprintf+0x9da>
20003e08:	f413 6280 	ands.w	r2, r3, #1024	@ 0x400
20003e0c:	d004      	beq.n	20003e18 <_vsnprintf+0x70c>
20003e0e:	f44f 6280 	mov.w	r2, #1024	@ 0x400
20003e12:	f023 0311 	bic.w	r3, r3, #17
20003e16:	930d      	str	r3, [sp, #52]	@ 0x34
20003e18:	9b0d      	ldr	r3, [sp, #52]	@ 0x34
20003e1a:	f413 7600 	ands.w	r6, r3, #512	@ 0x200
20003e1e:	d140      	bne.n	20003ea2 <_vsnprintf+0x796>
20003e20:	9b0b      	ldr	r3, [sp, #44]	@ 0x2c
20003e22:	f103 0804 	add.w	r8, r3, #4
20003e26:	9b0d      	ldr	r3, [sp, #52]	@ 0x34
20003e28:	f413 7080 	ands.w	r0, r3, #256	@ 0x100
20003e2c:	f040 8098 	bne.w	20003f60 <_vsnprintf+0x854>
20003e30:	0659      	lsls	r1, r3, #25
20003e32:	f140 80c6 	bpl.w	20003fc2 <_vsnprintf+0x8b6>
20003e36:	9b0b      	ldr	r3, [sp, #44]	@ 0x2c
20003e38:	7819      	ldrb	r1, [r3, #0]
20003e3a:	460c      	mov	r4, r1
20003e3c:	0fcb      	lsrs	r3, r1, #31
20003e3e:	2900      	cmp	r1, #0
20003e40:	f000 80b9 	beq.w	20003fb6 <_vsnprintf+0x8aa>
20003e44:	4622      	mov	r2, r4
20003e46:	f10d 0e48 	add.w	lr, sp, #72	@ 0x48
20003e4a:	4674      	mov	r4, lr
20003e4c:	4616      	mov	r6, r2
20003e4e:	f8df c2a0 	ldr.w	ip, [pc, #672]	@ 200040f0 <_vsnprintf+0x9e4>
20003e52:	e001      	b.n	20003e58 <_vsnprintf+0x74c>
20003e54:	2820      	cmp	r0, #32
20003e56:	d00f      	beq.n	20003e78 <_vsnprintf+0x76c>
20003e58:	4635      	mov	r5, r6
20003e5a:	fbac 2106 	umull	r2, r1, ip, r6
20003e5e:	08c9      	lsrs	r1, r1, #3
20003e60:	eb01 0281 	add.w	r2, r1, r1, lsl #2
20003e64:	eba6 0242 	sub.w	r2, r6, r2, lsl #1
20003e68:	3230      	adds	r2, #48	@ 0x30
20003e6a:	2d09      	cmp	r5, #9
20003e6c:	460e      	mov	r6, r1
20003e6e:	f100 0001 	add.w	r0, r0, #1
20003e72:	f804 2b01 	strb.w	r2, [r4], #1
20003e76:	d8ed      	bhi.n	20003e54 <_vsnprintf+0x748>
20003e78:	9a0d      	ldr	r2, [sp, #52]	@ 0x34
20003e7a:	e9cd 0301 	strd	r0, r3, [sp, #4]
20003e7e:	9206      	str	r2, [sp, #24]
20003e80:	9a0c      	ldr	r2, [sp, #48]	@ 0x30
20003e82:	e9cd 7204 	strd	r7, r2, [sp, #16]
20003e86:	230a      	movs	r3, #10
20003e88:	464a      	mov	r2, r9
20003e8a:	9303      	str	r3, [sp, #12]
20003e8c:	4658      	mov	r0, fp
20003e8e:	e9dd 3109 	ldrd	r3, r1, [sp, #36]	@ 0x24
20003e92:	f8cd e000 	str.w	lr, [sp]
20003e96:	f7fe feb3 	bl	20002c00 <_ntoa_format>
20003e9a:	f8cd 802c 	str.w	r8, [sp, #44]	@ 0x2c
20003e9e:	4681      	mov	r9, r0
20003ea0:	e453      	b.n	2000374a <_vsnprintf+0x3e>
20003ea2:	9c0b      	ldr	r4, [sp, #44]	@ 0x2c
20003ea4:	3407      	adds	r4, #7
20003ea6:	f024 0407 	bic.w	r4, r4, #7
20003eaa:	4621      	mov	r1, r4
20003eac:	4608      	mov	r0, r1
20003eae:	6863      	ldr	r3, [r4, #4]
20003eb0:	f850 1b08 	ldr.w	r1, [r0], #8
20003eb4:	0fdc      	lsrs	r4, r3, #31
20003eb6:	900b      	str	r0, [sp, #44]	@ 0x2c
20003eb8:	ea51 0003 	orrs.w	r0, r1, r3
20003ebc:	f000 80c3 	beq.w	20004046 <_vsnprintf+0x93a>
20003ec0:	460a      	mov	r2, r1
20003ec2:	1e19      	subs	r1, r3, #0
20003ec4:	db48      	blt.n	20003f58 <_vsnprintf+0x84c>
20003ec6:	4613      	mov	r3, r2
20003ec8:	f10d 0e48 	add.w	lr, sp, #72	@ 0x48
20003ecc:	46f4      	mov	ip, lr
20003ece:	2600      	movs	r6, #0
20003ed0:	e9cd 940e 	strd	r9, r4, [sp, #56]	@ 0x38
20003ed4:	f8df 8218 	ldr.w	r8, [pc, #536]	@ 200040f0 <_vsnprintf+0x9e4>
20003ed8:	e001      	b.n	20003ede <_vsnprintf+0x7d2>
20003eda:	2e20      	cmp	r6, #32
20003edc:	d02d      	beq.n	20003f3a <_vsnprintf+0x82e>
20003ede:	185a      	adds	r2, r3, r1
20003ee0:	f142 0200 	adc.w	r2, r2, #0
20003ee4:	fba8 5902 	umull	r5, r9, r8, r2
20003ee8:	f029 0503 	bic.w	r5, r9, #3
20003eec:	eb05 0599 	add.w	r5, r5, r9, lsr #2
20003ef0:	1b52      	subs	r2, r2, r5
20003ef2:	461c      	mov	r4, r3
20003ef4:	1a9b      	subs	r3, r3, r2
20003ef6:	f161 0500 	sbc.w	r5, r1, #0
20003efa:	4608      	mov	r0, r1
20003efc:	f04f 31cc 	mov.w	r1, #3435973836	@ 0xcccccccc
20003f00:	fb01 f103 	mul.w	r1, r1, r3
20003f04:	fb08 1105 	mla	r1, r8, r5, r1
20003f08:	fba3 5308 	umull	r5, r3, r3, r8
20003f0c:	4419      	add	r1, r3
20003f0e:	2305      	movs	r3, #5
20003f10:	f005 0901 	and.w	r9, r5, #1
20003f14:	fba9 3903 	umull	r3, r9, r9, r3
20003f18:	189b      	adds	r3, r3, r2
20003f1a:	2c0a      	cmp	r4, #10
20003f1c:	f103 0330 	add.w	r3, r3, #48	@ 0x30
20003f20:	ea4f 0555 	mov.w	r5, r5, lsr #1
20003f24:	f170 0000 	sbcs.w	r0, r0, #0
20003f28:	f80c 3b01 	strb.w	r3, [ip], #1
20003f2c:	f106 0601 	add.w	r6, r6, #1
20003f30:	ea45 73c1 	orr.w	r3, r5, r1, lsl #31
20003f34:	ea4f 0151 	mov.w	r1, r1, lsr #1
20003f38:	d2cf      	bcs.n	20003eda <_vsnprintf+0x7ce>
20003f3a:	e9dd 940e 	ldrd	r9, r4, [sp, #56]	@ 0x38
20003f3e:	9b0d      	ldr	r3, [sp, #52]	@ 0x34
20003f40:	464a      	mov	r2, r9
20003f42:	9306      	str	r3, [sp, #24]
20003f44:	9b0c      	ldr	r3, [sp, #48]	@ 0x30
20003f46:	e9cd 6401 	strd	r6, r4, [sp, #4]
20003f4a:	e9cd 7304 	strd	r7, r3, [sp, #16]
20003f4e:	230a      	movs	r3, #10
20003f50:	f8cd e000 	str.w	lr, [sp]
20003f54:	9303      	str	r3, [sp, #12]
20003f56:	e728      	b.n	20003daa <_vsnprintf+0x69e>
20003f58:	4252      	negs	r2, r2
20003f5a:	eb61 0141 	sbc.w	r1, r1, r1, lsl #1
20003f5e:	e7b2      	b.n	20003ec6 <_vsnprintf+0x7ba>
20003f60:	9b0b      	ldr	r3, [sp, #44]	@ 0x2c
20003f62:	6819      	ldr	r1, [r3, #0]
20003f64:	0fcb      	lsrs	r3, r1, #31
20003f66:	2900      	cmp	r1, #0
20003f68:	f000 80ab 	beq.w	200040c2 <_vsnprintf+0x9b6>
20003f6c:	ea81 72e1 	eor.w	r2, r1, r1, asr #31
20003f70:	eba2 72e1 	sub.w	r2, r2, r1, asr #31
20003f74:	f10d 0e48 	add.w	lr, sp, #72	@ 0x48
20003f78:	4670      	mov	r0, lr
20003f7a:	f8df c174 	ldr.w	ip, [pc, #372]	@ 200040f0 <_vsnprintf+0x9e4>
20003f7e:	e001      	b.n	20003f84 <_vsnprintf+0x878>
20003f80:	2e20      	cmp	r6, #32
20003f82:	d010      	beq.n	20003fa6 <_vsnprintf+0x89a>
20003f84:	4615      	mov	r5, r2
20003f86:	fbac 4102 	umull	r4, r1, ip, r2
20003f8a:	08c9      	lsrs	r1, r1, #3
20003f8c:	eb01 0481 	add.w	r4, r1, r1, lsl #2
20003f90:	eba2 0444 	sub.w	r4, r2, r4, lsl #1
20003f94:	f104 0230 	add.w	r2, r4, #48	@ 0x30
20003f98:	2d09      	cmp	r5, #9
20003f9a:	f800 2b01 	strb.w	r2, [r0], #1
20003f9e:	f106 0601 	add.w	r6, r6, #1
20003fa2:	460a      	mov	r2, r1
20003fa4:	d8ec      	bhi.n	20003f80 <_vsnprintf+0x874>
20003fa6:	9a0d      	ldr	r2, [sp, #52]	@ 0x34
20003fa8:	e9cd 6301 	strd	r6, r3, [sp, #4]
20003fac:	9206      	str	r2, [sp, #24]
20003fae:	9a0c      	ldr	r2, [sp, #48]	@ 0x30
20003fb0:	e9cd 7204 	strd	r7, r2, [sp, #16]
20003fb4:	e767      	b.n	20003e86 <_vsnprintf+0x77a>
20003fb6:	2a00      	cmp	r2, #0
20003fb8:	f43f af45 	beq.w	20003e46 <_vsnprintf+0x73a>
20003fbc:	f10d 0e48 	add.w	lr, sp, #72	@ 0x48
20003fc0:	e75a      	b.n	20003e78 <_vsnprintf+0x76c>
20003fc2:	f013 0f80 	tst.w	r3, #128	@ 0x80
20003fc6:	9b0b      	ldr	r3, [sp, #44]	@ 0x2c
20003fc8:	f000 8081 	beq.w	200040ce <_vsnprintf+0x9c2>
20003fcc:	f9b3 1000 	ldrsh.w	r1, [r3]
20003fd0:	ea81 74e1 	eor.w	r4, r1, r1, asr #31
20003fd4:	eba4 74e1 	sub.w	r4, r4, r1, asr #31
20003fd8:	b2a4      	uxth	r4, r4
20003fda:	e72f      	b.n	20003e3c <_vsnprintf+0x730>
20003fdc:	f013 0f20 	tst.w	r3, #32
20003fe0:	bf14      	ite	ne
20003fe2:	2241      	movne	r2, #65	@ 0x41
20003fe4:	2261      	moveq	r2, #97	@ 0x61
20003fe6:	f10d 0e48 	add.w	lr, sp, #72	@ 0x48
20003fea:	3a0a      	subs	r2, #10
20003fec:	e9cd 970d 	strd	r9, r7, [sp, #52]	@ 0x34
20003ff0:	f8cd b044 	str.w	fp, [sp, #68]	@ 0x44
20003ff4:	2600      	movs	r6, #0
20003ff6:	4677      	mov	r7, lr
20003ff8:	46f3      	mov	fp, lr
20003ffa:	4691      	mov	r9, r2
20003ffc:	e9cd 3c0f 	strd	r3, ip, [sp, #60]	@ 0x3c
20004000:	e003      	b.n	2000400a <_vsnprintf+0x8fe>
20004002:	2e20      	cmp	r6, #32
20004004:	d017      	beq.n	20004036 <_vsnprintf+0x92a>
20004006:	4604      	mov	r4, r0
20004008:	460d      	mov	r5, r1
2000400a:	4629      	mov	r1, r5
2000400c:	4642      	mov	r2, r8
2000400e:	2300      	movs	r3, #0
20004010:	4620      	mov	r0, r4
20004012:	f003 fc75 	bl	20007900 <__aeabi_uldivmod>
20004016:	b2d2      	uxtb	r2, r2
20004018:	2a09      	cmp	r2, #9
2000401a:	f102 0330 	add.w	r3, r2, #48	@ 0x30
2000401e:	bf88      	it	hi
20004020:	eb02 0309 	addhi.w	r3, r2, r9
20004024:	4544      	cmp	r4, r8
20004026:	b2db      	uxtb	r3, r3
20004028:	f175 0500 	sbcs.w	r5, r5, #0
2000402c:	f807 3b01 	strb.w	r3, [r7], #1
20004030:	f106 0601 	add.w	r6, r6, #1
20004034:	d2e5      	bcs.n	20004002 <_vsnprintf+0x8f6>
20004036:	46de      	mov	lr, fp
20004038:	e9dd 970d 	ldrd	r9, r7, [sp, #52]	@ 0x34
2000403c:	e9dd 3c0f 	ldrd	r3, ip, [sp, #60]	@ 0x3c
20004040:	f8dd b044 	ldr.w	fp, [sp, #68]	@ 0x44
20004044:	e6a6      	b.n	20003d94 <_vsnprintf+0x688>
20004046:	2a00      	cmp	r2, #0
20004048:	d147      	bne.n	200040da <_vsnprintf+0x9ce>
2000404a:	4613      	mov	r3, r2
2000404c:	4611      	mov	r1, r2
2000404e:	e73b      	b.n	20003ec8 <_vsnprintf+0x7bc>
20004050:	990b      	ldr	r1, [sp, #44]	@ 0x2c
20004052:	6809      	ldr	r1, [r1, #0]
20004054:	b9a1      	cbnz	r1, 20004080 <_vsnprintf+0x974>
20004056:	f023 0310 	bic.w	r3, r3, #16
2000405a:	b188      	cbz	r0, 20004080 <_vsnprintf+0x974>
2000405c:	f10d 0e48 	add.w	lr, sp, #72	@ 0x48
20004060:	9306      	str	r3, [sp, #24]
20004062:	9b0c      	ldr	r3, [sp, #48]	@ 0x30
20004064:	f8cd c00c 	str.w	ip, [sp, #12]
20004068:	e9cd 7304 	strd	r7, r3, [sp, #16]
2000406c:	9201      	str	r2, [sp, #4]
2000406e:	e5d8      	b.n	20003c22 <_vsnprintf+0x516>
20004070:	f413 6280 	ands.w	r2, r3, #1024	@ 0x400
20004074:	f47f aecb 	bne.w	20003e0e <_vsnprintf+0x702>
20004078:	f023 0310 	bic.w	r3, r3, #16
2000407c:	930d      	str	r3, [sp, #52]	@ 0x34
2000407e:	e6cb      	b.n	20003e18 <_vsnprintf+0x70c>
20004080:	f013 0f20 	tst.w	r3, #32
20004084:	bf14      	ite	ne
20004086:	2041      	movne	r0, #65	@ 0x41
20004088:	2061      	moveq	r0, #97	@ 0x61
2000408a:	f10d 0e48 	add.w	lr, sp, #72	@ 0x48
2000408e:	4676      	mov	r6, lr
20004090:	f1a0 080a 	sub.w	r8, r0, #10
20004094:	e002      	b.n	2000409c <_vsnprintf+0x990>
20004096:	2a20      	cmp	r2, #32
20004098:	d0e2      	beq.n	20004060 <_vsnprintf+0x954>
2000409a:	4621      	mov	r1, r4
2000409c:	fbb1 f4fc 	udiv	r4, r1, ip
200040a0:	fb0c 1514 	mls	r5, ip, r4, r1
200040a4:	b2e8      	uxtb	r0, r5
200040a6:	2d09      	cmp	r5, #9
200040a8:	f100 0530 	add.w	r5, r0, #48	@ 0x30
200040ac:	bf8a      	itet	hi
200040ae:	4440      	addhi	r0, r8
200040b0:	b2e8      	uxtbls	r0, r5
200040b2:	b2c0      	uxtbhi	r0, r0
200040b4:	4561      	cmp	r1, ip
200040b6:	f806 0b01 	strb.w	r0, [r6], #1
200040ba:	f102 0201 	add.w	r2, r2, #1
200040be:	d2ea      	bcs.n	20004096 <_vsnprintf+0x98a>
200040c0:	e7ce      	b.n	20004060 <_vsnprintf+0x954>
200040c2:	2a00      	cmp	r2, #0
200040c4:	f43f af56 	beq.w	20003f74 <_vsnprintf+0x868>
200040c8:	f10d 0e48 	add.w	lr, sp, #72	@ 0x48
200040cc:	e76b      	b.n	20003fa6 <_vsnprintf+0x89a>
200040ce:	6819      	ldr	r1, [r3, #0]
200040d0:	ea81 74e1 	eor.w	r4, r1, r1, asr #31
200040d4:	eba4 74e1 	sub.w	r4, r4, r1, asr #31
200040d8:	e6b0      	b.n	20003e3c <_vsnprintf+0x730>
200040da:	2600      	movs	r6, #0
200040dc:	f10d 0e48 	add.w	lr, sp, #72	@ 0x48
200040e0:	e72d      	b.n	20003f3e <_vsnprintf+0x832>
200040e2:	3601      	adds	r6, #1
200040e4:	e62b      	b.n	20003d3e <_vsnprintf+0x632>
200040e6:	f04f 080a 	mov.w	r8, #10
200040ea:	4613      	mov	r3, r2
200040ec:	46c4      	mov	ip, r8
200040ee:	e571      	b.n	20003bd4 <_vsnprintf+0x4c8>
200040f0:	cccccccd 	.word	0xcccccccd

200040f4 <vfctprintf>:
200040f4:	b570      	push	{r4, r5, r6, lr}
200040f6:	4694      	mov	ip, r2
200040f8:	461e      	mov	r6, r3
200040fa:	4605      	mov	r5, r0
200040fc:	460c      	mov	r4, r1
200040fe:	b084      	sub	sp, #16
20004100:	f04f 32ff 	mov.w	r2, #4294967295	@ 0xffffffff
20004104:	4663      	mov	r3, ip
20004106:	a902      	add	r1, sp, #8
20004108:	9600      	str	r6, [sp, #0]
2000410a:	4803      	ldr	r0, [pc, #12]	@ (20004118 <vfctprintf+0x24>)
2000410c:	e9cd 5402 	strd	r5, r4, [sp, #8]
20004110:	f7ff fafc 	bl	2000370c <_vsnprintf>
20004114:	b004      	add	sp, #16
20004116:	bd70      	pop	{r4, r5, r6, pc}
20004118:	20002ead 	.word	0x20002ead

2000411c <weak_raw_vprintf>:
2000411c:	b510      	push	{r4, lr}
2000411e:	4b09      	ldr	r3, [pc, #36]	@ (20004144 <weak_raw_vprintf+0x28>)
20004120:	b084      	sub	sp, #16
20004122:	681c      	ldr	r4, [r3, #0]
20004124:	b14c      	cbz	r4, 2000413a <weak_raw_vprintf+0x1e>
20004126:	4603      	mov	r3, r0
20004128:	9100      	str	r1, [sp, #0]
2000412a:	f04f 32ff 	mov.w	r2, #4294967295	@ 0xffffffff
2000412e:	a903      	add	r1, sp, #12
20004130:	4805      	ldr	r0, [pc, #20]	@ (20004148 <weak_raw_vprintf+0x2c>)
20004132:	47a0      	blx	r4
20004134:	2001      	movs	r0, #1
20004136:	b004      	add	sp, #16
20004138:	bd10      	pop	{r4, pc}
2000413a:	f000 f977 	bl	2000442c <__wrap_puts>
2000413e:	4620      	mov	r0, r4
20004140:	b004      	add	sp, #16
20004142:	bd10      	pop	{r4, pc}
20004144:	20009950 	.word	0x20009950
20004148:	20002ea5 	.word	0x20002ea5

2000414c <_exit>:
2000414c:	be00      	bkpt	0x0000
2000414e:	e7fd      	b.n	2000414c <_exit>

20004150 <_fini>:
20004150:	4770      	bx	lr
20004152:	bf00      	nop

20004154 <exit>:
20004154:	b508      	push	{r3, lr}
20004156:	f7ff fff9 	bl	2000414c <_exit>
2000415a:	bf00      	nop

2000415c <runtime_init>:
2000415c:	b538      	push	{r3, r4, r5, lr}
2000415e:	4c06      	ldr	r4, [pc, #24]	@ (20004178 <runtime_init+0x1c>)
20004160:	4d06      	ldr	r5, [pc, #24]	@ (2000417c <runtime_init+0x20>)
20004162:	f7fe fa93 	bl	2000268c <runtime_run_initializers>
20004166:	42ac      	cmp	r4, r5
20004168:	d204      	bcs.n	20004174 <runtime_init+0x18>
2000416a:	f854 3b04 	ldr.w	r3, [r4], #4
2000416e:	4798      	blx	r3
20004170:	42ac      	cmp	r4, r5
20004172:	d3fa      	bcc.n	2000416a <runtime_init+0xe>
20004174:	bd38      	pop	{r3, r4, r5, pc}
20004176:	bf00      	nop
20004178:	20008d70 	.word	0x20008d70
2000417c:	20008d74 	.word	0x20008d74

20004180 <stdio_out_chars_no_crlf>:
20004180:	6803      	ldr	r3, [r0, #0]
20004182:	4608      	mov	r0, r1
20004184:	4611      	mov	r1, r2
20004186:	4718      	bx	r3

20004188 <stdio_out_chars_crlf>:
20004188:	7d43      	ldrb	r3, [r0, #21]
2000418a:	e92d 47f0 	stmdb	sp!, {r4, r5, r6, r7, r8, r9, sl, lr}
2000418e:	4681      	mov	r9, r0
20004190:	460f      	mov	r7, r1
20004192:	4616      	mov	r6, r2
20004194:	2b00      	cmp	r3, #0
20004196:	d043      	beq.n	20004220 <stdio_out_chars_crlf+0x98>
20004198:	2a00      	cmp	r2, #0
2000419a:	dd3b      	ble.n	20004214 <stdio_out_chars_crlf+0x8c>
2000419c:	7d03      	ldrb	r3, [r0, #20]
2000419e:	2000      	movs	r0, #0
200041a0:	1e4d      	subs	r5, r1, #1
200041a2:	4601      	mov	r1, r0
200041a4:	f815 2f01 	ldrb.w	r2, [r5, #1]!
200041a8:	f8df 8084 	ldr.w	r8, [pc, #132]	@ 20004230 <stdio_out_chars_crlf+0xa8>
200041ac:	2a0a      	cmp	r2, #10
200041ae:	f101 0401 	add.w	r4, r1, #1
200041b2:	d00e      	beq.n	200041d2 <stdio_out_chars_crlf+0x4a>
200041b4:	42a6      	cmp	r6, r4
200041b6:	d01c      	beq.n	200041f2 <stdio_out_chars_crlf+0x6a>
200041b8:	782b      	ldrb	r3, [r5, #0]
200041ba:	4621      	mov	r1, r4
200041bc:	f1a3 030d 	sub.w	r3, r3, #13
200041c0:	fab3 f383 	clz	r3, r3
200041c4:	f815 2f01 	ldrb.w	r2, [r5, #1]!
200041c8:	095b      	lsrs	r3, r3, #5
200041ca:	2a0a      	cmp	r2, #10
200041cc:	f101 0401 	add.w	r4, r1, #1
200041d0:	d1f0      	bne.n	200041b4 <stdio_out_chars_crlf+0x2c>
200041d2:	2b00      	cmp	r3, #0
200041d4:	d1ee      	bne.n	200041b4 <stdio_out_chars_crlf+0x2c>
200041d6:	4281      	cmp	r1, r0
200041d8:	eba1 0100 	sub.w	r1, r1, r0
200041dc:	4438      	add	r0, r7
200041de:	dc1b      	bgt.n	20004218 <stdio_out_chars_crlf+0x90>
200041e0:	2102      	movs	r1, #2
200041e2:	4640      	mov	r0, r8
200041e4:	f8d9 3000 	ldr.w	r3, [r9]
200041e8:	4798      	blx	r3
200041ea:	42a6      	cmp	r6, r4
200041ec:	d008      	beq.n	20004200 <stdio_out_chars_crlf+0x78>
200041ee:	4620      	mov	r0, r4
200041f0:	e7e2      	b.n	200041b8 <stdio_out_chars_crlf+0x30>
200041f2:	4286      	cmp	r6, r0
200041f4:	dd04      	ble.n	20004200 <stdio_out_chars_crlf+0x78>
200041f6:	1a31      	subs	r1, r6, r0
200041f8:	f8d9 3000 	ldr.w	r3, [r9]
200041fc:	4438      	add	r0, r7
200041fe:	4798      	blx	r3
20004200:	4437      	add	r7, r6
20004202:	f817 3c01 	ldrb.w	r3, [r7, #-1]
20004206:	f1a3 030d 	sub.w	r3, r3, #13
2000420a:	fab3 f383 	clz	r3, r3
2000420e:	095b      	lsrs	r3, r3, #5
20004210:	f889 3014 	strb.w	r3, [r9, #20]
20004214:	e8bd 87f0 	ldmia.w	sp!, {r4, r5, r6, r7, r8, r9, sl, pc}
20004218:	f8d9 3000 	ldr.w	r3, [r9]
2000421c:	4798      	blx	r3
2000421e:	e7df      	b.n	200041e0 <stdio_out_chars_crlf+0x58>
20004220:	4638      	mov	r0, r7
20004222:	f8d9 3000 	ldr.w	r3, [r9]
20004226:	4611      	mov	r1, r2
20004228:	e8bd 47f0 	ldmia.w	sp!, {r4, r5, r6, r7, r8, r9, sl, lr}
2000422c:	4718      	bx	r3
2000422e:	bf00      	nop
20004230:	20008ab8 	.word	0x20008ab8

20004234 <stdio_buffered_printer>:
20004234:	b5f8      	push	{r3, r4, r5, r6, r7, lr}
20004236:	680b      	ldr	r3, [r1, #0]
20004238:	1c5a      	adds	r2, r3, #1
2000423a:	2a80      	cmp	r2, #128	@ 0x80
2000423c:	440b      	add	r3, r1
2000423e:	600a      	str	r2, [r1, #0]
20004240:	7118      	strb	r0, [r3, #4]
20004242:	d000      	beq.n	20004246 <stdio_buffered_printer+0x12>
20004244:	bdf8      	pop	{r3, r4, r5, r6, r7, pc}
20004246:	4b0d      	ldr	r3, [pc, #52]	@ (2000427c <stdio_buffered_printer+0x48>)
20004248:	460d      	mov	r5, r1
2000424a:	681c      	ldr	r4, [r3, #0]
2000424c:	b19c      	cbz	r4, 20004276 <stdio_buffered_printer+0x42>
2000424e:	4e0c      	ldr	r6, [pc, #48]	@ (20004280 <stdio_buffered_printer+0x4c>)
20004250:	1d0f      	adds	r7, r1, #4
20004252:	e001      	b.n	20004258 <stdio_buffered_printer+0x24>
20004254:	6924      	ldr	r4, [r4, #16]
20004256:	b174      	cbz	r4, 20004276 <stdio_buffered_printer+0x42>
20004258:	6823      	ldr	r3, [r4, #0]
2000425a:	2b00      	cmp	r3, #0
2000425c:	d0fa      	beq.n	20004254 <stdio_buffered_printer+0x20>
2000425e:	6833      	ldr	r3, [r6, #0]
20004260:	b10b      	cbz	r3, 20004266 <stdio_buffered_printer+0x32>
20004262:	42a3      	cmp	r3, r4
20004264:	d1f6      	bne.n	20004254 <stdio_buffered_printer+0x20>
20004266:	4620      	mov	r0, r4
20004268:	4639      	mov	r1, r7
2000426a:	682a      	ldr	r2, [r5, #0]
2000426c:	f7ff ff8c 	bl	20004188 <stdio_out_chars_crlf>
20004270:	6924      	ldr	r4, [r4, #16]
20004272:	2c00      	cmp	r4, #0
20004274:	d1f0      	bne.n	20004258 <stdio_buffered_printer+0x24>
20004276:	2300      	movs	r3, #0
20004278:	602b      	str	r3, [r5, #0]
2000427a:	bdf8      	pop	{r3, r4, r5, r6, r7, pc}
2000427c:	20009284 	.word	0x20009284
20004280:	20009288 	.word	0x20009288

20004284 <stdio_put_string>:
20004284:	e92d 47f0 	stmdb	sp!, {r4, r5, r6, r7, r8, r9, sl, lr}
20004288:	b082      	sub	sp, #8
2000428a:	460d      	mov	r5, r1
2000428c:	4692      	mov	sl, r2
2000428e:	4699      	mov	r9, r3
20004290:	4607      	mov	r7, r0
20004292:	f7fd feb5 	bl	20002000 <time_us_64>
20004296:	f04f 36ff 	mov.w	r6, #4294967295	@ 0xffffffff
2000429a:	f06f 4400 	mvn.w	r4, #2147483648	@ 0x80000000
2000429e:	4a2f      	ldr	r2, [pc, #188]	@ (2000435c <stdio_put_string+0xd8>)
200042a0:	1882      	adds	r2, r0, r2
200042a2:	f141 0300 	adc.w	r3, r1, #0
200042a6:	4296      	cmp	r6, r2
200042a8:	eb74 0103 	sbcs.w	r1, r4, r3
200042ac:	bf3c      	itt	cc
200042ae:	4632      	movcc	r2, r6
200042b0:	4623      	movcc	r3, r4
200042b2:	482b      	ldr	r0, [pc, #172]	@ (20004360 <stdio_put_string+0xdc>)
200042b4:	f003 ff08 	bl	200080c8 <mutex_try_enter_block_until>
200042b8:	1c6b      	adds	r3, r5, #1
200042ba:	4680      	mov	r8, r0
200042bc:	d103      	bne.n	200042c6 <stdio_put_string+0x42>
200042be:	4638      	mov	r0, r7
200042c0:	f003 fd80 	bl	20007dc4 <strlen>
200042c4:	4605      	mov	r5, r0
200042c6:	4b27      	ldr	r3, [pc, #156]	@ (20004364 <stdio_put_string+0xe0>)
200042c8:	4e27      	ldr	r6, [pc, #156]	@ (20004368 <stdio_put_string+0xe4>)
200042ca:	681c      	ldr	r4, [r3, #0]
200042cc:	4b27      	ldr	r3, [pc, #156]	@ (2000436c <stdio_put_string+0xe8>)
200042ce:	f1b9 0f00 	cmp.w	r9, #0
200042d2:	bf18      	it	ne
200042d4:	461e      	movne	r6, r3
200042d6:	b1b4      	cbz	r4, 20004306 <stdio_put_string+0x82>
200042d8:	f1ba 0f00 	cmp.w	sl, #0
200042dc:	d11a      	bne.n	20004314 <stdio_put_string+0x90>
200042de:	f8df 9090 	ldr.w	r9, [pc, #144]	@ 20004370 <stdio_put_string+0xec>
200042e2:	e001      	b.n	200042e8 <stdio_put_string+0x64>
200042e4:	6924      	ldr	r4, [r4, #16]
200042e6:	b174      	cbz	r4, 20004306 <stdio_put_string+0x82>
200042e8:	6823      	ldr	r3, [r4, #0]
200042ea:	2b00      	cmp	r3, #0
200042ec:	d0fa      	beq.n	200042e4 <stdio_put_string+0x60>
200042ee:	f8d9 3000 	ldr.w	r3, [r9]
200042f2:	b10b      	cbz	r3, 200042f8 <stdio_put_string+0x74>
200042f4:	429c      	cmp	r4, r3
200042f6:	d1f5      	bne.n	200042e4 <stdio_put_string+0x60>
200042f8:	4620      	mov	r0, r4
200042fa:	462a      	mov	r2, r5
200042fc:	4639      	mov	r1, r7
200042fe:	47b0      	blx	r6
20004300:	6924      	ldr	r4, [r4, #16]
20004302:	2c00      	cmp	r4, #0
20004304:	d1f0      	bne.n	200042e8 <stdio_put_string+0x64>
20004306:	f1b8 0f00 	cmp.w	r8, #0
2000430a:	d11f      	bne.n	2000434c <stdio_put_string+0xc8>
2000430c:	4628      	mov	r0, r5
2000430e:	b002      	add	sp, #8
20004310:	e8bd 87f0 	ldmia.w	sp!, {r4, r5, r6, r7, r8, r9, sl, pc}
20004314:	f04f 0a0a 	mov.w	sl, #10
20004318:	f8df 9054 	ldr.w	r9, [pc, #84]	@ 20004370 <stdio_put_string+0xec>
2000431c:	e002      	b.n	20004324 <stdio_put_string+0xa0>
2000431e:	6924      	ldr	r4, [r4, #16]
20004320:	2c00      	cmp	r4, #0
20004322:	d0f0      	beq.n	20004306 <stdio_put_string+0x82>
20004324:	6823      	ldr	r3, [r4, #0]
20004326:	2b00      	cmp	r3, #0
20004328:	d0f9      	beq.n	2000431e <stdio_put_string+0x9a>
2000432a:	f8d9 3000 	ldr.w	r3, [r9]
2000432e:	b10b      	cbz	r3, 20004334 <stdio_put_string+0xb0>
20004330:	42a3      	cmp	r3, r4
20004332:	d1f4      	bne.n	2000431e <stdio_put_string+0x9a>
20004334:	462a      	mov	r2, r5
20004336:	4639      	mov	r1, r7
20004338:	4620      	mov	r0, r4
2000433a:	47b0      	blx	r6
2000433c:	2201      	movs	r2, #1
2000433e:	4620      	mov	r0, r4
20004340:	f10d 0107 	add.w	r1, sp, #7
20004344:	f88d a007 	strb.w	sl, [sp, #7]
20004348:	47b0      	blx	r6
2000434a:	e7e8      	b.n	2000431e <stdio_put_string+0x9a>
2000434c:	4804      	ldr	r0, [pc, #16]	@ (20004360 <stdio_put_string+0xdc>)
2000434e:	f003 fef3 	bl	20008138 <mutex_exit>
20004352:	4628      	mov	r0, r5
20004354:	b002      	add	sp, #8
20004356:	e8bd 87f0 	ldmia.w	sp!, {r4, r5, r6, r7, r8, r9, sl, pc}
2000435a:	bf00      	nop
2000435c:	000f4240 	.word	0x000f4240
20004360:	20008d24 	.word	0x20008d24
20004364:	20009284 	.word	0x20009284
20004368:	20004181 	.word	0x20004181
2000436c:	20004189 	.word	0x20004189
20004370:	20009288 	.word	0x20009288

20004374 <stdio_set_driver_enabled>:
20004374:	4a0a      	ldr	r2, [pc, #40]	@ (200043a0 <stdio_set_driver_enabled+0x2c>)
20004376:	6813      	ldr	r3, [r2, #0]
20004378:	b14b      	cbz	r3, 2000438e <stdio_set_driver_enabled+0x1a>
2000437a:	4283      	cmp	r3, r0
2000437c:	d102      	bne.n	20004384 <stdio_set_driver_enabled+0x10>
2000437e:	e009      	b.n	20004394 <stdio_set_driver_enabled+0x20>
20004380:	4298      	cmp	r0, r3
20004382:	d007      	beq.n	20004394 <stdio_set_driver_enabled+0x20>
20004384:	f103 0210 	add.w	r2, r3, #16
20004388:	691b      	ldr	r3, [r3, #16]
2000438a:	2b00      	cmp	r3, #0
2000438c:	d1f8      	bne.n	20004380 <stdio_set_driver_enabled+0xc>
2000438e:	b101      	cbz	r1, 20004392 <stdio_set_driver_enabled+0x1e>
20004390:	6010      	str	r0, [r2, #0]
20004392:	4770      	bx	lr
20004394:	2900      	cmp	r1, #0
20004396:	d1fc      	bne.n	20004392 <stdio_set_driver_enabled+0x1e>
20004398:	6903      	ldr	r3, [r0, #16]
2000439a:	6013      	str	r3, [r2, #0]
2000439c:	6101      	str	r1, [r0, #16]
2000439e:	4770      	bx	lr
200043a0:	20009284 	.word	0x20009284

200043a4 <stdio_init_all>:
200043a4:	f000 ba6e 	b.w	20004884 <stdio_usb_init>

200043a8 <__wrap_putchar>:
200043a8:	b5f0      	push	{r4, r5, r6, r7, lr}
200043aa:	b083      	sub	sp, #12
200043ac:	4606      	mov	r6, r0
200043ae:	f88d 0007 	strb.w	r0, [sp, #7]
200043b2:	f7fd fe25 	bl	20002000 <time_us_64>
200043b6:	f04f 35ff 	mov.w	r5, #4294967295	@ 0xffffffff
200043ba:	f06f 4400 	mvn.w	r4, #2147483648	@ 0x80000000
200043be:	4a17      	ldr	r2, [pc, #92]	@ (2000441c <__wrap_putchar+0x74>)
200043c0:	1882      	adds	r2, r0, r2
200043c2:	f141 0300 	adc.w	r3, r1, #0
200043c6:	4295      	cmp	r5, r2
200043c8:	eb74 0103 	sbcs.w	r1, r4, r3
200043cc:	bf3c      	itt	cc
200043ce:	4623      	movcc	r3, r4
200043d0:	462a      	movcc	r2, r5
200043d2:	4813      	ldr	r0, [pc, #76]	@ (20004420 <__wrap_putchar+0x78>)
200043d4:	f003 fe78 	bl	200080c8 <mutex_try_enter_block_until>
200043d8:	4b12      	ldr	r3, [pc, #72]	@ (20004424 <__wrap_putchar+0x7c>)
200043da:	4607      	mov	r7, r0
200043dc:	681c      	ldr	r4, [r3, #0]
200043de:	b19c      	cbz	r4, 20004408 <__wrap_putchar+0x60>
200043e0:	4d11      	ldr	r5, [pc, #68]	@ (20004428 <__wrap_putchar+0x80>)
200043e2:	e001      	b.n	200043e8 <__wrap_putchar+0x40>
200043e4:	6924      	ldr	r4, [r4, #16]
200043e6:	b17c      	cbz	r4, 20004408 <__wrap_putchar+0x60>
200043e8:	6823      	ldr	r3, [r4, #0]
200043ea:	2b00      	cmp	r3, #0
200043ec:	d0fa      	beq.n	200043e4 <__wrap_putchar+0x3c>
200043ee:	682b      	ldr	r3, [r5, #0]
200043f0:	b10b      	cbz	r3, 200043f6 <__wrap_putchar+0x4e>
200043f2:	429c      	cmp	r4, r3
200043f4:	d1f6      	bne.n	200043e4 <__wrap_putchar+0x3c>
200043f6:	4620      	mov	r0, r4
200043f8:	2201      	movs	r2, #1
200043fa:	f10d 0107 	add.w	r1, sp, #7
200043fe:	f7ff fec3 	bl	20004188 <stdio_out_chars_crlf>
20004402:	6924      	ldr	r4, [r4, #16]
20004404:	2c00      	cmp	r4, #0
20004406:	d1ef      	bne.n	200043e8 <__wrap_putchar+0x40>
20004408:	b917      	cbnz	r7, 20004410 <__wrap_putchar+0x68>
2000440a:	4630      	mov	r0, r6
2000440c:	b003      	add	sp, #12
2000440e:	bdf0      	pop	{r4, r5, r6, r7, pc}
20004410:	4803      	ldr	r0, [pc, #12]	@ (20004420 <__wrap_putchar+0x78>)
20004412:	f003 fe91 	bl	20008138 <mutex_exit>
20004416:	4630      	mov	r0, r6
20004418:	b003      	add	sp, #12
2000441a:	bdf0      	pop	{r4, r5, r6, r7, pc}
2000441c:	000f4240 	.word	0x000f4240
20004420:	20008d24 	.word	0x20008d24
20004424:	20009284 	.word	0x20009284
20004428:	20009288 	.word	0x20009288

2000442c <__wrap_puts>:
2000442c:	b538      	push	{r3, r4, r5, lr}
2000442e:	4604      	mov	r4, r0
20004430:	f003 fcc8 	bl	20007dc4 <strlen>
20004434:	2301      	movs	r3, #1
20004436:	4605      	mov	r5, r0
20004438:	461a      	mov	r2, r3
2000443a:	4620      	mov	r0, r4
2000443c:	4629      	mov	r1, r5
2000443e:	f7ff ff21 	bl	20004284 <stdio_put_string>
20004442:	4b08      	ldr	r3, [pc, #32]	@ (20004464 <__wrap_puts+0x38>)
20004444:	681c      	ldr	r4, [r3, #0]
20004446:	b12c      	cbz	r4, 20004454 <__wrap_puts+0x28>
20004448:	6863      	ldr	r3, [r4, #4]
2000444a:	b12b      	cbz	r3, 20004458 <__wrap_puts+0x2c>
2000444c:	4798      	blx	r3
2000444e:	6924      	ldr	r4, [r4, #16]
20004450:	2c00      	cmp	r4, #0
20004452:	d1f9      	bne.n	20004448 <__wrap_puts+0x1c>
20004454:	4628      	mov	r0, r5
20004456:	bd38      	pop	{r3, r4, r5, pc}
20004458:	6924      	ldr	r4, [r4, #16]
2000445a:	2c00      	cmp	r4, #0
2000445c:	d1f4      	bne.n	20004448 <__wrap_puts+0x1c>
2000445e:	4628      	mov	r0, r5
20004460:	bd38      	pop	{r3, r4, r5, pc}
20004462:	bf00      	nop
20004464:	20009284 	.word	0x20009284

20004468 <__wrap_vprintf>:
20004468:	e92d 41f0 	stmdb	sp!, {r4, r5, r6, r7, r8, lr}
2000446c:	b0a2      	sub	sp, #136	@ 0x88
2000446e:	4604      	mov	r4, r0
20004470:	460d      	mov	r5, r1
20004472:	f7fd fdc5 	bl	20002000 <time_us_64>
20004476:	f04f 37ff 	mov.w	r7, #4294967295	@ 0xffffffff
2000447a:	f06f 4600 	mvn.w	r6, #2147483648	@ 0x80000000
2000447e:	4a27      	ldr	r2, [pc, #156]	@ (2000451c <__wrap_vprintf+0xb4>)
20004480:	1882      	adds	r2, r0, r2
20004482:	f141 0300 	adc.w	r3, r1, #0
20004486:	4297      	cmp	r7, r2
20004488:	eb76 0103 	sbcs.w	r1, r6, r3
2000448c:	bf3c      	itt	cc
2000448e:	463a      	movcc	r2, r7
20004490:	4633      	movcc	r3, r6
20004492:	4823      	ldr	r0, [pc, #140]	@ (20004520 <__wrap_vprintf+0xb8>)
20004494:	f003 fe18 	bl	200080c8 <mutex_try_enter_block_until>
20004498:	2600      	movs	r6, #0
2000449a:	462b      	mov	r3, r5
2000449c:	4607      	mov	r7, r0
2000449e:	4622      	mov	r2, r4
200044a0:	4820      	ldr	r0, [pc, #128]	@ (20004524 <__wrap_vprintf+0xbc>)
200044a2:	a901      	add	r1, sp, #4
200044a4:	9601      	str	r6, [sp, #4]
200044a6:	f7ff fe25 	bl	200040f4 <vfctprintf>
200044aa:	9b01      	ldr	r3, [sp, #4]
200044ac:	4606      	mov	r6, r0
200044ae:	b97b      	cbnz	r3, 200044d0 <__wrap_vprintf+0x68>
200044b0:	4b1d      	ldr	r3, [pc, #116]	@ (20004528 <__wrap_vprintf+0xc0>)
200044b2:	681c      	ldr	r4, [r3, #0]
200044b4:	b12c      	cbz	r4, 200044c2 <__wrap_vprintf+0x5a>
200044b6:	6863      	ldr	r3, [r4, #4]
200044b8:	b143      	cbz	r3, 200044cc <__wrap_vprintf+0x64>
200044ba:	4798      	blx	r3
200044bc:	6924      	ldr	r4, [r4, #16]
200044be:	2c00      	cmp	r4, #0
200044c0:	d1f9      	bne.n	200044b6 <__wrap_vprintf+0x4e>
200044c2:	bb0f      	cbnz	r7, 20004508 <__wrap_vprintf+0xa0>
200044c4:	4630      	mov	r0, r6
200044c6:	b022      	add	sp, #136	@ 0x88
200044c8:	e8bd 81f0 	ldmia.w	sp!, {r4, r5, r6, r7, r8, pc}
200044cc:	6924      	ldr	r4, [r4, #16]
200044ce:	e7f1      	b.n	200044b4 <__wrap_vprintf+0x4c>
200044d0:	f8df 8054 	ldr.w	r8, [pc, #84]	@ 20004528 <__wrap_vprintf+0xc0>
200044d4:	f8d8 5000 	ldr.w	r5, [r8]
200044d8:	b1ed      	cbz	r5, 20004516 <__wrap_vprintf+0xae>
200044da:	4c14      	ldr	r4, [pc, #80]	@ (2000452c <__wrap_vprintf+0xc4>)
200044dc:	e001      	b.n	200044e2 <__wrap_vprintf+0x7a>
200044de:	692d      	ldr	r5, [r5, #16]
200044e0:	b175      	cbz	r5, 20004500 <__wrap_vprintf+0x98>
200044e2:	682b      	ldr	r3, [r5, #0]
200044e4:	2b00      	cmp	r3, #0
200044e6:	d0fa      	beq.n	200044de <__wrap_vprintf+0x76>
200044e8:	6823      	ldr	r3, [r4, #0]
200044ea:	b10b      	cbz	r3, 200044f0 <__wrap_vprintf+0x88>
200044ec:	42ab      	cmp	r3, r5
200044ee:	d1f6      	bne.n	200044de <__wrap_vprintf+0x76>
200044f0:	4628      	mov	r0, r5
200044f2:	9a01      	ldr	r2, [sp, #4]
200044f4:	a902      	add	r1, sp, #8
200044f6:	f7ff fe47 	bl	20004188 <stdio_out_chars_crlf>
200044fa:	692d      	ldr	r5, [r5, #16]
200044fc:	2d00      	cmp	r5, #0
200044fe:	d1f0      	bne.n	200044e2 <__wrap_vprintf+0x7a>
20004500:	f8d8 4000 	ldr.w	r4, [r8]
20004504:	9501      	str	r5, [sp, #4]
20004506:	e7d5      	b.n	200044b4 <__wrap_vprintf+0x4c>
20004508:	4805      	ldr	r0, [pc, #20]	@ (20004520 <__wrap_vprintf+0xb8>)
2000450a:	f003 fe15 	bl	20008138 <mutex_exit>
2000450e:	4630      	mov	r0, r6
20004510:	b022      	add	sp, #136	@ 0x88
20004512:	e8bd 81f0 	ldmia.w	sp!, {r4, r5, r6, r7, r8, pc}
20004516:	9501      	str	r5, [sp, #4]
20004518:	e7d3      	b.n	200044c2 <__wrap_vprintf+0x5a>
2000451a:	bf00      	nop
2000451c:	000f4240 	.word	0x000f4240
20004520:	20008d24 	.word	0x20008d24
20004524:	20004235 	.word	0x20004235
20004528:	20009284 	.word	0x20009284
2000452c:	20009288 	.word	0x20009288

20004530 <__wrap_printf>:
20004530:	b40f      	push	{r0, r1, r2, r3}
20004532:	b500      	push	{lr}
20004534:	b083      	sub	sp, #12
20004536:	a904      	add	r1, sp, #16
20004538:	f851 0b04 	ldr.w	r0, [r1], #4
2000453c:	9101      	str	r1, [sp, #4]
2000453e:	f7ff ff93 	bl	20004468 <__wrap_vprintf>
20004542:	b003      	add	sp, #12
20004544:	f85d eb04 	ldr.w	lr, [sp], #4
20004548:	b004      	add	sp, #16
2000454a:	4770      	bx	lr

2000454c <stdio_usb_set_chars_available_callback>:
2000454c:	4a02      	ldr	r2, [pc, #8]	@ (20004558 <stdio_usb_set_chars_available_callback+0xc>)
2000454e:	4b03      	ldr	r3, [pc, #12]	@ (2000455c <stdio_usb_set_chars_available_callback+0x10>)
20004550:	6010      	str	r0, [r2, #0]
20004552:	6019      	str	r1, [r3, #0]
20004554:	4770      	bx	lr
20004556:	bf00      	nop
20004558:	2000921c 	.word	0x2000921c
2000455c:	20009220 	.word	0x20009220

20004560 <timer_task>:
20004560:	4b18      	ldr	r3, [pc, #96]	@ (200045c4 <timer_task+0x64>)
20004562:	b570      	push	{r4, r5, r6, lr}
20004564:	681a      	ldr	r2, [r3, #0]
20004566:	2a00      	cmp	r2, #0
20004568:	d028      	beq.n	200045bc <timer_task+0x5c>
2000456a:	f3ef 8110 	mrs	r1, PRIMASK
2000456e:	b672      	cpsid	i
20004570:	e8d2 4fcf 	ldaexb	r4, [r2]
20004574:	2001      	movs	r0, #1
20004576:	2c00      	cmp	r4, #0
20004578:	d1fa      	bne.n	20004570 <timer_task+0x10>
2000457a:	e8c2 0f44 	strexb	r4, r0, [r2]
2000457e:	2c00      	cmp	r4, #0
20004580:	d1f6      	bne.n	20004570 <timer_task+0x10>
20004582:	f3bf 8f5f 	dmb	sy
20004586:	2200      	movs	r2, #0
20004588:	4c0f      	ldr	r4, [pc, #60]	@ (200045c8 <timer_task+0x68>)
2000458a:	6818      	ldr	r0, [r3, #0]
2000458c:	6059      	str	r1, [r3, #4]
2000458e:	7022      	strb	r2, [r4, #0]
20004590:	e8c0 2f8f 	stlb	r2, [r0]
20004594:	f381 8810 	msr	PRIMASK, r1
20004598:	2400      	movs	r4, #0
2000459a:	2500      	movs	r5, #0
2000459c:	4e0b      	ldr	r6, [pc, #44]	@ (200045cc <timer_task+0x6c>)
2000459e:	7830      	ldrb	r0, [r6, #0]
200045a0:	f7fc feea 	bl	20001378 <irq_is_enabled>
200045a4:	b920      	cbnz	r0, 200045b0 <timer_task+0x50>
200045a6:	2400      	movs	r4, #0
200045a8:	2500      	movs	r5, #0
200045aa:	4620      	mov	r0, r4
200045ac:	4629      	mov	r1, r5
200045ae:	bd70      	pop	{r4, r5, r6, pc}
200045b0:	7830      	ldrb	r0, [r6, #0]
200045b2:	f7fc fef1 	bl	20001398 <irq_set_pending>
200045b6:	4620      	mov	r0, r4
200045b8:	4629      	mov	r1, r5
200045ba:	bd70      	pop	{r4, r5, r6, pc}
200045bc:	f44f 747a 	mov.w	r4, #1000	@ 0x3e8
200045c0:	2500      	movs	r5, #0
200045c2:	e7eb      	b.n	2000459c <timer_task+0x3c>
200045c4:	20009958 	.word	0x20009958
200045c8:	200099c4 	.word	0x200099c4
200045cc:	200099c3 	.word	0x200099c3

200045d0 <usb_irq>:
200045d0:	4b01      	ldr	r3, [pc, #4]	@ (200045d8 <usb_irq+0x8>)
200045d2:	7818      	ldrb	r0, [r3, #0]
200045d4:	f7fc bee0 	b.w	20001398 <irq_set_pending>
200045d8:	200099c3 	.word	0x200099c3

200045dc <stdio_usb_in_chars>:
200045dc:	b538      	push	{r3, r4, r5, lr}
200045de:	4604      	mov	r4, r0
200045e0:	2000      	movs	r0, #0
200045e2:	460d      	mov	r5, r1
200045e4:	f001 ffba 	bl	2000655c <tud_cdc_n_connected>
200045e8:	b3a8      	cbz	r0, 20004656 <stdio_usb_in_chars+0x7a>
200045ea:	2000      	movs	r0, #0
200045ec:	f001 ffca 	bl	20006584 <tud_cdc_n_available>
200045f0:	b388      	cbz	r0, 20004656 <stdio_usb_in_chars+0x7a>
200045f2:	f7fd fd05 	bl	20002000 <time_us_64>
200045f6:	f04f 3eff 	mov.w	lr, #4294967295	@ 0xffffffff
200045fa:	f06f 4c00 	mvn.w	ip, #2147483648	@ 0x80000000
200045fe:	4a17      	ldr	r2, [pc, #92]	@ (2000465c <stdio_usb_in_chars+0x80>)
20004600:	1882      	adds	r2, r0, r2
20004602:	f141 0300 	adc.w	r3, r1, #0
20004606:	4596      	cmp	lr, r2
20004608:	eb7c 0103 	sbcs.w	r1, ip, r3
2000460c:	bf3c      	itt	cc
2000460e:	4672      	movcc	r2, lr
20004610:	4663      	movcc	r3, ip
20004612:	4813      	ldr	r0, [pc, #76]	@ (20004660 <stdio_usb_in_chars+0x84>)
20004614:	f003 fd58 	bl	200080c8 <mutex_try_enter_block_until>
20004618:	b1e8      	cbz	r0, 20004656 <stdio_usb_in_chars+0x7a>
2000461a:	2000      	movs	r0, #0
2000461c:	f001 ff9e 	bl	2000655c <tud_cdc_n_connected>
20004620:	b958      	cbnz	r0, 2000463a <stdio_usb_in_chars+0x5e>
20004622:	2100      	movs	r1, #0
20004624:	f04f 30ff 	mov.w	r0, #4294967295	@ 0xffffffff
20004628:	f001 fb20 	bl	20005c6c <tud_task_ext>
2000462c:	f06f 0402 	mvn.w	r4, #2
20004630:	480b      	ldr	r0, [pc, #44]	@ (20004660 <stdio_usb_in_chars+0x84>)
20004632:	f003 fd81 	bl	20008138 <mutex_exit>
20004636:	4620      	mov	r0, r4
20004638:	bd38      	pop	{r3, r4, r5, pc}
2000463a:	2000      	movs	r0, #0
2000463c:	f001 ffa2 	bl	20006584 <tud_cdc_n_available>
20004640:	2800      	cmp	r0, #0
20004642:	d0ee      	beq.n	20004622 <stdio_usb_in_chars+0x46>
20004644:	4621      	mov	r1, r4
20004646:	462a      	mov	r2, r5
20004648:	2000      	movs	r0, #0
2000464a:	f001 ffb5 	bl	200065b8 <tud_cdc_n_read>
2000464e:	4604      	mov	r4, r0
20004650:	2800      	cmp	r0, #0
20004652:	d1ed      	bne.n	20004630 <stdio_usb_in_chars+0x54>
20004654:	e7ea      	b.n	2000462c <stdio_usb_in_chars+0x50>
20004656:	f06f 0402 	mvn.w	r4, #2
2000465a:	e7ec      	b.n	20004636 <stdio_usb_in_chars+0x5a>
2000465c:	000f4240 	.word	0x000f4240
20004660:	20009994 	.word	0x20009994

20004664 <stdio_usb_out_flush>:
20004664:	b508      	push	{r3, lr}
20004666:	f7fd fccb 	bl	20002000 <time_us_64>
2000466a:	f04f 3eff 	mov.w	lr, #4294967295	@ 0xffffffff
2000466e:	f06f 4c00 	mvn.w	ip, #2147483648	@ 0x80000000
20004672:	4a0f      	ldr	r2, [pc, #60]	@ (200046b0 <stdio_usb_out_flush+0x4c>)
20004674:	1882      	adds	r2, r0, r2
20004676:	f141 0300 	adc.w	r3, r1, #0
2000467a:	4596      	cmp	lr, r2
2000467c:	eb7c 0103 	sbcs.w	r1, ip, r3
20004680:	bf3c      	itt	cc
20004682:	4672      	movcc	r2, lr
20004684:	4663      	movcc	r3, ip
20004686:	480b      	ldr	r0, [pc, #44]	@ (200046b4 <stdio_usb_out_flush+0x50>)
20004688:	f003 fd1e 	bl	200080c8 <mutex_try_enter_block_until>
2000468c:	b170      	cbz	r0, 200046ac <stdio_usb_out_flush+0x48>
2000468e:	f04f 30ff 	mov.w	r0, #4294967295	@ 0xffffffff
20004692:	2100      	movs	r1, #0
20004694:	f001 faea 	bl	20005c6c <tud_task_ext>
20004698:	2000      	movs	r0, #0
2000469a:	f001 ff9d 	bl	200065d8 <tud_cdc_n_write_flush>
2000469e:	2800      	cmp	r0, #0
200046a0:	d1f5      	bne.n	2000468e <stdio_usb_out_flush+0x2a>
200046a2:	e8bd 4008 	ldmia.w	sp!, {r3, lr}
200046a6:	4803      	ldr	r0, [pc, #12]	@ (200046b4 <stdio_usb_out_flush+0x50>)
200046a8:	f003 bd46 	b.w	20008138 <mutex_exit>
200046ac:	bd08      	pop	{r3, pc}
200046ae:	bf00      	nop
200046b0:	000f4240 	.word	0x000f4240
200046b4:	20009994 	.word	0x20009994

200046b8 <stdio_usb_out_chars>:
200046b8:	e92d 43f8 	stmdb	sp!, {r3, r4, r5, r6, r7, r8, r9, lr}
200046bc:	4607      	mov	r7, r0
200046be:	460e      	mov	r6, r1
200046c0:	f7fd fc9e 	bl	20002000 <time_us_64>
200046c4:	f04f 35ff 	mov.w	r5, #4294967295	@ 0xffffffff
200046c8:	f06f 4400 	mvn.w	r4, #2147483648	@ 0x80000000
200046cc:	4a33      	ldr	r2, [pc, #204]	@ (2000479c <stdio_usb_out_chars+0xe4>)
200046ce:	1882      	adds	r2, r0, r2
200046d0:	f141 0300 	adc.w	r3, r1, #0
200046d4:	4295      	cmp	r5, r2
200046d6:	eb74 0103 	sbcs.w	r1, r4, r3
200046da:	bf3c      	itt	cc
200046dc:	462a      	movcc	r2, r5
200046de:	4623      	movcc	r3, r4
200046e0:	482f      	ldr	r0, [pc, #188]	@ (200047a0 <stdio_usb_out_chars+0xe8>)
200046e2:	f003 fcf1 	bl	200080c8 <mutex_try_enter_block_until>
200046e6:	b908      	cbnz	r0, 200046ec <stdio_usb_out_chars+0x34>
200046e8:	e8bd 83f8 	ldmia.w	sp!, {r3, r4, r5, r6, r7, r8, r9, pc}
200046ec:	2000      	movs	r0, #0
200046ee:	f001 ff35 	bl	2000655c <tud_cdc_n_connected>
200046f2:	2800      	cmp	r0, #0
200046f4:	d048      	beq.n	20004788 <stdio_usb_out_chars+0xd0>
200046f6:	2e00      	cmp	r6, #0
200046f8:	dd41      	ble.n	2000477e <stdio_usb_out_chars+0xc6>
200046fa:	2500      	movs	r5, #0
200046fc:	f8df 80a4 	ldr.w	r8, [pc, #164]	@ 200047a4 <stdio_usb_out_chars+0xec>
20004700:	f8df 90a4 	ldr.w	r9, [pc, #164]	@ 200047a8 <stdio_usb_out_chars+0xf0>
20004704:	e013      	b.n	2000472e <stdio_usb_out_chars+0x76>
20004706:	4622      	mov	r2, r4
20004708:	2000      	movs	r0, #0
2000470a:	f001 ff5d 	bl	200065c8 <tud_cdc_n_write>
2000470e:	2100      	movs	r1, #0
20004710:	4604      	mov	r4, r0
20004712:	f04f 30ff 	mov.w	r0, #4294967295	@ 0xffffffff
20004716:	f001 faa9 	bl	20005c6c <tud_task_ext>
2000471a:	2000      	movs	r0, #0
2000471c:	f001 ff5c 	bl	200065d8 <tud_cdc_n_write_flush>
20004720:	f7fd fc6e 	bl	20002000 <time_us_64>
20004724:	e9c8 0100 	strd	r0, r1, [r8]
20004728:	4425      	add	r5, r4
2000472a:	42ae      	cmp	r6, r5
2000472c:	dd27      	ble.n	2000477e <stdio_usb_out_chars+0xc6>
2000472e:	2000      	movs	r0, #0
20004730:	f001 ff5a 	bl	200065e8 <tud_cdc_n_write_available>
20004734:	1b74      	subs	r4, r6, r5
20004736:	4284      	cmp	r4, r0
20004738:	bfa8      	it	ge
2000473a:	4604      	movge	r4, r0
2000473c:	1979      	adds	r1, r7, r5
2000473e:	2c00      	cmp	r4, #0
20004740:	d1e1      	bne.n	20004706 <stdio_usb_out_chars+0x4e>
20004742:	4621      	mov	r1, r4
20004744:	f04f 30ff 	mov.w	r0, #4294967295	@ 0xffffffff
20004748:	f001 fa90 	bl	20005c6c <tud_task_ext>
2000474c:	4620      	mov	r0, r4
2000474e:	f001 ff43 	bl	200065d8 <tud_cdc_n_write_flush>
20004752:	4620      	mov	r0, r4
20004754:	f001 ff02 	bl	2000655c <tud_cdc_n_connected>
20004758:	b188      	cbz	r0, 2000477e <stdio_usb_out_chars+0xc6>
2000475a:	4620      	mov	r0, r4
2000475c:	f001 ff44 	bl	200065e8 <tud_cdc_n_write_available>
20004760:	2800      	cmp	r0, #0
20004762:	d1e2      	bne.n	2000472a <stdio_usb_out_chars+0x72>
20004764:	f7fd fc4c 	bl	20002000 <time_us_64>
20004768:	f8d8 3000 	ldr.w	r3, [r8]
2000476c:	f8d8 2004 	ldr.w	r2, [r8, #4]
20004770:	eb13 0309 	adds.w	r3, r3, r9
20004774:	f142 0200 	adc.w	r2, r2, #0
20004778:	4283      	cmp	r3, r0
2000477a:	418a      	sbcs	r2, r1
2000477c:	d2d5      	bcs.n	2000472a <stdio_usb_out_chars+0x72>
2000477e:	4808      	ldr	r0, [pc, #32]	@ (200047a0 <stdio_usb_out_chars+0xe8>)
20004780:	e8bd 43f8 	ldmia.w	sp!, {r3, r4, r5, r6, r7, r8, r9, lr}
20004784:	f003 bcd8 	b.w	20008138 <mutex_exit>
20004788:	2000      	movs	r0, #0
2000478a:	2100      	movs	r1, #0
2000478c:	4b05      	ldr	r3, [pc, #20]	@ (200047a4 <stdio_usb_out_chars+0xec>)
2000478e:	e9c3 0100 	strd	r0, r1, [r3]
20004792:	e8bd 43f8 	ldmia.w	sp!, {r3, r4, r5, r6, r7, r8, r9, lr}
20004796:	4802      	ldr	r0, [pc, #8]	@ (200047a0 <stdio_usb_out_chars+0xe8>)
20004798:	f003 bcce 	b.w	20008138 <mutex_exit>
2000479c:	000f4240 	.word	0x000f4240
200047a0:	20009994 	.word	0x20009994
200047a4:	20008ef8 	.word	0x20008ef8
200047a8:	0007a120 	.word	0x0007a120

200047ac <low_priority_worker_irq>:
200047ac:	b530      	push	{r4, r5, lr}
200047ae:	2100      	movs	r1, #0
200047b0:	b085      	sub	sp, #20
200047b2:	482e      	ldr	r0, [pc, #184]	@ (2000486c <low_priority_worker_irq+0xc0>)
200047b4:	f003 fc16 	bl	20007fe4 <mutex_try_enter>
200047b8:	b9f0      	cbnz	r0, 200047f8 <low_priority_worker_irq+0x4c>
200047ba:	4b2d      	ldr	r3, [pc, #180]	@ (20004870 <low_priority_worker_irq+0xc4>)
200047bc:	681a      	ldr	r2, [r3, #0]
200047be:	b1ca      	cbz	r2, 200047f4 <low_priority_worker_irq+0x48>
200047c0:	f3ef 8110 	mrs	r1, PRIMASK
200047c4:	b672      	cpsid	i
200047c6:	e8d2 5fcf 	ldaexb	r5, [r2]
200047ca:	2401      	movs	r4, #1
200047cc:	2d00      	cmp	r5, #0
200047ce:	d1fa      	bne.n	200047c6 <low_priority_worker_irq+0x1a>
200047d0:	e8c2 4f45 	strexb	r5, r4, [r2]
200047d4:	2d00      	cmp	r5, #0
200047d6:	d1f6      	bne.n	200047c6 <low_priority_worker_irq+0x1a>
200047d8:	f3bf 8f5f 	dmb	sy
200047dc:	4c25      	ldr	r4, [pc, #148]	@ (20004874 <low_priority_worker_irq+0xc8>)
200047de:	681d      	ldr	r5, [r3, #0]
200047e0:	7822      	ldrb	r2, [r4, #0]
200047e2:	6059      	str	r1, [r3, #4]
200047e4:	b2d3      	uxtb	r3, r2
200047e6:	2201      	movs	r2, #1
200047e8:	7022      	strb	r2, [r4, #0]
200047ea:	e8c5 0f8f 	stlb	r0, [r5]
200047ee:	f381 8810 	msr	PRIMASK, r1
200047f2:	b1cb      	cbz	r3, 20004828 <low_priority_worker_irq+0x7c>
200047f4:	b005      	add	sp, #20
200047f6:	bd30      	pop	{r4, r5, pc}
200047f8:	2100      	movs	r1, #0
200047fa:	f04f 30ff 	mov.w	r0, #4294967295	@ 0xffffffff
200047fe:	f001 fa35 	bl	20005c6c <tud_task_ext>
20004802:	2000      	movs	r0, #0
20004804:	f001 febe 	bl	20006584 <tud_cdc_n_available>
20004808:	4604      	mov	r4, r0
2000480a:	4818      	ldr	r0, [pc, #96]	@ (2000486c <low_priority_worker_irq+0xc0>)
2000480c:	f003 fc94 	bl	20008138 <mutex_exit>
20004810:	2c00      	cmp	r4, #0
20004812:	d0ef      	beq.n	200047f4 <low_priority_worker_irq+0x48>
20004814:	4b18      	ldr	r3, [pc, #96]	@ (20004878 <low_priority_worker_irq+0xcc>)
20004816:	681b      	ldr	r3, [r3, #0]
20004818:	2b00      	cmp	r3, #0
2000481a:	d0eb      	beq.n	200047f4 <low_priority_worker_irq+0x48>
2000481c:	4a17      	ldr	r2, [pc, #92]	@ (2000487c <low_priority_worker_irq+0xd0>)
2000481e:	6810      	ldr	r0, [r2, #0]
20004820:	b005      	add	sp, #20
20004822:	e8bd 4030 	ldmia.w	sp!, {r4, r5, lr}
20004826:	4718      	bx	r3
20004828:	f7fd f9ce 	bl	20001bc8 <alarm_pool_get_default>
2000482c:	4604      	mov	r4, r0
2000482e:	f7fd fbe7 	bl	20002000 <time_us_64>
20004832:	f04f 3cff 	mov.w	ip, #4294967295	@ 0xffffffff
20004836:	f06f 4500 	mvn.w	r5, #2147483648	@ 0x80000000
2000483a:	f510 727a 	adds.w	r2, r0, #1000	@ 0x3e8
2000483e:	f141 0300 	adc.w	r3, r1, #0
20004842:	4594      	cmp	ip, r2
20004844:	eb75 0103 	sbcs.w	r1, r5, r3
20004848:	bf38      	it	cc
2000484a:	462b      	movcc	r3, r5
2000484c:	f04f 0100 	mov.w	r1, #0
20004850:	f04f 0501 	mov.w	r5, #1
20004854:	4620      	mov	r0, r4
20004856:	4c0a      	ldr	r4, [pc, #40]	@ (20004880 <low_priority_worker_irq+0xd4>)
20004858:	bf38      	it	cc
2000485a:	4662      	movcc	r2, ip
2000485c:	e9cd 1501 	strd	r1, r5, [sp, #4]
20004860:	9400      	str	r4, [sp, #0]
20004862:	f7fd f9b5 	bl	20001bd0 <alarm_pool_add_alarm_at>
20004866:	b005      	add	sp, #20
20004868:	bd30      	pop	{r4, r5, pc}
2000486a:	bf00      	nop
2000486c:	20009994 	.word	0x20009994
20004870:	20009958 	.word	0x20009958
20004874:	200099c4 	.word	0x200099c4
20004878:	2000921c 	.word	0x2000921c
2000487c:	20009220 	.word	0x20009220
20004880:	20004561 	.word	0x20004561

20004884 <stdio_usb_init>:
20004884:	f04f 4350 	mov.w	r3, #3489660928	@ 0xd0000000
20004888:	b530      	push	{r4, r5, lr}
2000488a:	b085      	sub	sp, #20
2000488c:	681c      	ldr	r4, [r3, #0]
2000488e:	f7fd f99b 	bl	20001bc8 <alarm_pool_get_default>
20004892:	f7fd faaf 	bl	20001df4 <alarm_pool_core_num>
20004896:	42a0      	cmp	r0, r4
20004898:	d002      	beq.n	200048a0 <stdio_usb_init+0x1c>
2000489a:	2000      	movs	r0, #0
2000489c:	b005      	add	sp, #20
2000489e:	bd30      	pop	{r4, r5, pc}
200048a0:	2100      	movs	r1, #0
200048a2:	4b2a      	ldr	r3, [pc, #168]	@ (2000494c <stdio_usb_init+0xc8>)
200048a4:	4608      	mov	r0, r1
200048a6:	781b      	ldrb	r3, [r3, #0]
200048a8:	f002 f87e 	bl	200069a8 <tusb_rhport_init>
200048ac:	4828      	ldr	r0, [pc, #160]	@ (20004950 <stdio_usb_init+0xcc>)
200048ae:	6803      	ldr	r3, [r0, #0]
200048b0:	2b00      	cmp	r3, #0
200048b2:	d047      	beq.n	20004944 <stdio_usb_init+0xc0>
200048b4:	2001      	movs	r0, #1
200048b6:	f7fc ff03 	bl	200016c0 <user_irq_claim_unused>
200048ba:	4603      	mov	r3, r0
200048bc:	4c25      	ldr	r4, [pc, #148]	@ (20004954 <stdio_usb_init+0xd0>)
200048be:	4926      	ldr	r1, [pc, #152]	@ (20004958 <stdio_usb_init+0xd4>)
200048c0:	b2c0      	uxtb	r0, r0
200048c2:	7023      	strb	r3, [r4, #0]
200048c4:	f7fc fd84 	bl	200013d0 <irq_set_exclusive_handler>
200048c8:	7820      	ldrb	r0, [r4, #0]
200048ca:	2101      	movs	r1, #1
200048cc:	f7fc fd3e 	bl	2000134c <irq_set_enabled>
200048d0:	200e      	movs	r0, #14
200048d2:	f7fc fd6d 	bl	200013b0 <irq_has_shared_handler>
200048d6:	bb40      	cbnz	r0, 2000492a <stdio_usb_init+0xa6>
200048d8:	4b20      	ldr	r3, [pc, #128]	@ (2000495c <stdio_usb_init+0xd8>)
200048da:	2501      	movs	r5, #1
200048dc:	e9c3 0000 	strd	r0, r0, [r3]
200048e0:	f7fd f972 	bl	20001bc8 <alarm_pool_get_default>
200048e4:	4604      	mov	r4, r0
200048e6:	f7fd fb8b 	bl	20002000 <time_us_64>
200048ea:	f04f 3eff 	mov.w	lr, #4294967295	@ 0xffffffff
200048ee:	f06f 4c00 	mvn.w	ip, #2147483648	@ 0x80000000
200048f2:	f510 727a 	adds.w	r2, r0, #1000	@ 0x3e8
200048f6:	f141 0300 	adc.w	r3, r1, #0
200048fa:	4596      	cmp	lr, r2
200048fc:	eb7c 0103 	sbcs.w	r1, ip, r3
20004900:	f04f 0100 	mov.w	r1, #0
20004904:	4620      	mov	r0, r4
20004906:	4c16      	ldr	r4, [pc, #88]	@ (20004960 <stdio_usb_init+0xdc>)
20004908:	bf3c      	itt	cc
2000490a:	4672      	movcc	r2, lr
2000490c:	4663      	movcc	r3, ip
2000490e:	e9cd 1501 	strd	r1, r5, [sp, #4]
20004912:	9400      	str	r4, [sp, #0]
20004914:	f7fd f95c 	bl	20001bd0 <alarm_pool_add_alarm_at>
20004918:	2800      	cmp	r0, #0
2000491a:	dbbe      	blt.n	2000489a <stdio_usb_init+0x16>
2000491c:	2101      	movs	r1, #1
2000491e:	4811      	ldr	r0, [pc, #68]	@ (20004964 <stdio_usb_init+0xe0>)
20004920:	f7ff fd28 	bl	20004374 <stdio_set_driver_enabled>
20004924:	2001      	movs	r0, #1
20004926:	b005      	add	sp, #20
20004928:	bd30      	pop	{r4, r5, pc}
2000492a:	2001      	movs	r0, #1
2000492c:	f7fc fcca 	bl	200012c4 <spin_lock_claim_unused>
20004930:	4601      	mov	r1, r0
20004932:	480a      	ldr	r0, [pc, #40]	@ (2000495c <stdio_usb_init+0xd8>)
20004934:	f7fc ff20 	bl	20001778 <critical_section_init_with_lock_num>
20004938:	2200      	movs	r2, #0
2000493a:	200e      	movs	r0, #14
2000493c:	490a      	ldr	r1, [pc, #40]	@ (20004968 <stdio_usb_init+0xe4>)
2000493e:	f7fc fd75 	bl	2000142c <irq_add_shared_handler>
20004942:	e7eb      	b.n	2000491c <stdio_usb_init+0x98>
20004944:	f7fc fefc 	bl	20001740 <mutex_init>
20004948:	e7b4      	b.n	200048b4 <stdio_usb_init+0x30>
2000494a:	bf00      	nop
2000494c:	10000210 	.word	0x10000210
20004950:	20009994 	.word	0x20009994
20004954:	200099c3 	.word	0x200099c3
20004958:	200047ad 	.word	0x200047ad
2000495c:	20009958 	.word	0x20009958
20004960:	20004561 	.word	0x20004561
20004964:	20008ce0 	.word	0x20008ce0
20004968:	200045d1 	.word	0x200045d1

2000496c <stdio_usb_connected>:
2000496c:	2000      	movs	r0, #0
2000496e:	f001 bdf5 	b.w	2000655c <tud_cdc_n_connected>
20004972:	bf00      	nop

20004974 <tud_descriptor_device_cb>:
20004974:	4800      	ldr	r0, [pc, #0]	@ (20004978 <tud_descriptor_device_cb+0x4>)
20004976:	4770      	bx	lr
20004978:	20008b34 	.word	0x20008b34

2000497c <tud_descriptor_configuration_cb>:
2000497c:	4800      	ldr	r0, [pc, #0]	@ (20004980 <tud_descriptor_configuration_cb+0x4>)
2000497e:	4770      	bx	lr
20004980:	20008ae0 	.word	0x20008ae0

20004984 <tud_descriptor_string_cb>:
20004984:	b538      	push	{r3, r4, r5, lr}
20004986:	4b18      	ldr	r3, [pc, #96]	@ (200049e8 <tud_descriptor_string_cb+0x64>)
20004988:	4604      	mov	r4, r0
2000498a:	781a      	ldrb	r2, [r3, #0]
2000498c:	b30a      	cbz	r2, 200049d2 <tud_descriptor_string_cb+0x4e>
2000498e:	b944      	cbnz	r4, 200049a2 <tud_descriptor_string_cb+0x1e>
20004990:	f240 4209 	movw	r2, #1033	@ 0x409
20004994:	f44f 7341 	mov.w	r3, #772	@ 0x304
20004998:	4d14      	ldr	r5, [pc, #80]	@ (200049ec <tud_descriptor_string_cb+0x68>)
2000499a:	806a      	strh	r2, [r5, #2]
2000499c:	4813      	ldr	r0, [pc, #76]	@ (200049ec <tud_descriptor_string_cb+0x68>)
2000499e:	802b      	strh	r3, [r5, #0]
200049a0:	bd38      	pop	{r3, r4, r5, pc}
200049a2:	2c05      	cmp	r4, #5
200049a4:	d81a      	bhi.n	200049dc <tud_descriptor_string_cb+0x58>
200049a6:	4b12      	ldr	r3, [pc, #72]	@ (200049f0 <tud_descriptor_string_cb+0x6c>)
200049a8:	4d10      	ldr	r5, [pc, #64]	@ (200049ec <tud_descriptor_string_cb+0x68>)
200049aa:	f853 1024 	ldr.w	r1, [r3, r4, lsl #2]
200049ae:	4628      	mov	r0, r5
200049b0:	2300      	movs	r3, #0
200049b2:	3901      	subs	r1, #1
200049b4:	e003      	b.n	200049be <tud_descriptor_string_cb+0x3a>
200049b6:	2b13      	cmp	r3, #19
200049b8:	f820 2f02 	strh.w	r2, [r0, #2]!
200049bc:	d010      	beq.n	200049e0 <tud_descriptor_string_cb+0x5c>
200049be:	f811 2f01 	ldrb.w	r2, [r1, #1]!
200049c2:	3301      	adds	r3, #1
200049c4:	b2db      	uxtb	r3, r3
200049c6:	2a00      	cmp	r2, #0
200049c8:	d1f5      	bne.n	200049b6 <tud_descriptor_string_cb+0x32>
200049ca:	005b      	lsls	r3, r3, #1
200049cc:	f443 7340 	orr.w	r3, r3, #768	@ 0x300
200049d0:	e7e4      	b.n	2000499c <tud_descriptor_string_cb+0x18>
200049d2:	2111      	movs	r1, #17
200049d4:	4618      	mov	r0, r3
200049d6:	f000 f825 	bl	20004a24 <pico_get_unique_board_id_string>
200049da:	e7d8      	b.n	2000498e <tud_descriptor_string_cb+0xa>
200049dc:	2000      	movs	r0, #0
200049de:	bd38      	pop	{r3, r4, r5, pc}
200049e0:	f44f 734a 	mov.w	r3, #808	@ 0x328
200049e4:	e7da      	b.n	2000499c <tud_descriptor_string_cb+0x18>
200049e6:	bf00      	nop
200049e8:	2000999c 	.word	0x2000999c
200049ec:	2000925c 	.word	0x2000925c
200049f0:	20008ac8 	.word	0x20008ac8

200049f4 <_retrieve_unique_id_on_boot>:
200049f4:	b500      	push	{lr}
200049f6:	f245 3047 	movw	r0, #21319	@ 0x5347
200049fa:	b08b      	sub	sp, #44	@ 0x2c
200049fc:	f7fd fdf4 	bl	200025e8 <rom_func_lookup>
20004a00:	2201      	movs	r2, #1
20004a02:	4603      	mov	r3, r0
20004a04:	2109      	movs	r1, #9
20004a06:	a801      	add	r0, sp, #4
20004a08:	4798      	blx	r3
20004a0a:	e9dd 3203 	ldrd	r3, r2, [sp, #12]
20004a0e:	4904      	ldr	r1, [pc, #16]	@ (20004a20 <_retrieve_unique_id_on_boot+0x2c>)
20004a10:	ba12      	rev	r2, r2
20004a12:	ba1b      	rev	r3, r3
20004a14:	e9c1 2300 	strd	r2, r3, [r1]
20004a18:	b00b      	add	sp, #44	@ 0x2c
20004a1a:	f85d fb04 	ldr.w	pc, [sp], #4
20004a1e:	bf00      	nop
20004a20:	20009980 	.word	0x20009980

20004a24 <pico_get_unique_board_id_string>:
20004a24:	2901      	cmp	r1, #1
20004a26:	f101 33ff 	add.w	r3, r1, #4294967295	@ 0xffffffff
20004a2a:	f000 80b3 	beq.w	20004b94 <pico_get_unique_board_id_string+0x170>
20004a2e:	495d      	ldr	r1, [pc, #372]	@ (20004ba4 <pico_get_unique_board_id_string+0x180>)
20004a30:	780a      	ldrb	r2, [r1, #0]
20004a32:	ea4f 1c12 	mov.w	ip, r2, lsr #4
20004a36:	2a9f      	cmp	r2, #159	@ 0x9f
20004a38:	bf8c      	ite	hi
20004a3a:	f10c 0c37 	addhi.w	ip, ip, #55	@ 0x37
20004a3e:	f10c 0c30 	addls.w	ip, ip, #48	@ 0x30
20004a42:	2b01      	cmp	r3, #1
20004a44:	f880 c000 	strb.w	ip, [r0]
20004a48:	f000 80a7 	beq.w	20004b9a <pico_get_unique_board_id_string+0x176>
20004a4c:	f002 020f 	and.w	r2, r2, #15
20004a50:	2a09      	cmp	r2, #9
20004a52:	bf8c      	ite	hi
20004a54:	3237      	addhi	r2, #55	@ 0x37
20004a56:	3230      	addls	r2, #48	@ 0x30
20004a58:	2b02      	cmp	r3, #2
20004a5a:	7042      	strb	r2, [r0, #1]
20004a5c:	f000 809d 	beq.w	20004b9a <pico_get_unique_board_id_string+0x176>
20004a60:	784a      	ldrb	r2, [r1, #1]
20004a62:	ea4f 1c12 	mov.w	ip, r2, lsr #4
20004a66:	2a9f      	cmp	r2, #159	@ 0x9f
20004a68:	bf8c      	ite	hi
20004a6a:	f10c 0c37 	addhi.w	ip, ip, #55	@ 0x37
20004a6e:	f10c 0c30 	addls.w	ip, ip, #48	@ 0x30
20004a72:	2b03      	cmp	r3, #3
20004a74:	f880 c002 	strb.w	ip, [r0, #2]
20004a78:	f000 808f 	beq.w	20004b9a <pico_get_unique_board_id_string+0x176>
20004a7c:	f002 020f 	and.w	r2, r2, #15
20004a80:	2a09      	cmp	r2, #9
20004a82:	bf8c      	ite	hi
20004a84:	3237      	addhi	r2, #55	@ 0x37
20004a86:	3230      	addls	r2, #48	@ 0x30
20004a88:	2b04      	cmp	r3, #4
20004a8a:	70c2      	strb	r2, [r0, #3]
20004a8c:	f000 8085 	beq.w	20004b9a <pico_get_unique_board_id_string+0x176>
20004a90:	788a      	ldrb	r2, [r1, #2]
20004a92:	ea4f 1c12 	mov.w	ip, r2, lsr #4
20004a96:	2a9f      	cmp	r2, #159	@ 0x9f
20004a98:	bf8c      	ite	hi
20004a9a:	f10c 0c37 	addhi.w	ip, ip, #55	@ 0x37
20004a9e:	f10c 0c30 	addls.w	ip, ip, #48	@ 0x30
20004aa2:	2b05      	cmp	r3, #5
20004aa4:	f880 c004 	strb.w	ip, [r0, #4]
20004aa8:	d077      	beq.n	20004b9a <pico_get_unique_board_id_string+0x176>
20004aaa:	f002 020f 	and.w	r2, r2, #15
20004aae:	2a09      	cmp	r2, #9
20004ab0:	bf8c      	ite	hi
20004ab2:	3237      	addhi	r2, #55	@ 0x37
20004ab4:	3230      	addls	r2, #48	@ 0x30
20004ab6:	2b06      	cmp	r3, #6
20004ab8:	7142      	strb	r2, [r0, #5]
20004aba:	d06e      	beq.n	20004b9a <pico_get_unique_board_id_string+0x176>
20004abc:	78ca      	ldrb	r2, [r1, #3]
20004abe:	ea4f 1c12 	mov.w	ip, r2, lsr #4
20004ac2:	2a9f      	cmp	r2, #159	@ 0x9f
20004ac4:	bf8c      	ite	hi
20004ac6:	f10c 0c37 	addhi.w	ip, ip, #55	@ 0x37
20004aca:	f10c 0c30 	addls.w	ip, ip, #48	@ 0x30
20004ace:	2b07      	cmp	r3, #7
20004ad0:	f880 c006 	strb.w	ip, [r0, #6]
20004ad4:	d061      	beq.n	20004b9a <pico_get_unique_board_id_string+0x176>
20004ad6:	f002 020f 	and.w	r2, r2, #15
20004ada:	2a09      	cmp	r2, #9
20004adc:	bf8c      	ite	hi
20004ade:	3237      	addhi	r2, #55	@ 0x37
20004ae0:	3230      	addls	r2, #48	@ 0x30
20004ae2:	2b08      	cmp	r3, #8
20004ae4:	71c2      	strb	r2, [r0, #7]
20004ae6:	d058      	beq.n	20004b9a <pico_get_unique_board_id_string+0x176>
20004ae8:	790a      	ldrb	r2, [r1, #4]
20004aea:	ea4f 1c12 	mov.w	ip, r2, lsr #4
20004aee:	2a9f      	cmp	r2, #159	@ 0x9f
20004af0:	bf8c      	ite	hi
20004af2:	f10c 0c37 	addhi.w	ip, ip, #55	@ 0x37
20004af6:	f10c 0c30 	addls.w	ip, ip, #48	@ 0x30
20004afa:	2b09      	cmp	r3, #9
20004afc:	f880 c008 	strb.w	ip, [r0, #8]
20004b00:	d04b      	beq.n	20004b9a <pico_get_unique_board_id_string+0x176>
20004b02:	f002 020f 	and.w	r2, r2, #15
20004b06:	2a09      	cmp	r2, #9
20004b08:	bf8c      	ite	hi
20004b0a:	3237      	addhi	r2, #55	@ 0x37
20004b0c:	3230      	addls	r2, #48	@ 0x30
20004b0e:	2b0a      	cmp	r3, #10
20004b10:	7242      	strb	r2, [r0, #9]
20004b12:	d042      	beq.n	20004b9a <pico_get_unique_board_id_string+0x176>
20004b14:	794a      	ldrb	r2, [r1, #5]
20004b16:	ea4f 1c12 	mov.w	ip, r2, lsr #4
20004b1a:	2a9f      	cmp	r2, #159	@ 0x9f
20004b1c:	bf8c      	ite	hi
20004b1e:	f10c 0c37 	addhi.w	ip, ip, #55	@ 0x37
20004b22:	f10c 0c30 	addls.w	ip, ip, #48	@ 0x30
20004b26:	2b0b      	cmp	r3, #11
20004b28:	f880 c00a 	strb.w	ip, [r0, #10]
20004b2c:	d035      	beq.n	20004b9a <pico_get_unique_board_id_string+0x176>
20004b2e:	f002 020f 	and.w	r2, r2, #15
20004b32:	2a09      	cmp	r2, #9
20004b34:	bf8c      	ite	hi
20004b36:	3237      	addhi	r2, #55	@ 0x37
20004b38:	3230      	addls	r2, #48	@ 0x30
20004b3a:	2b0c      	cmp	r3, #12
20004b3c:	72c2      	strb	r2, [r0, #11]
20004b3e:	d02c      	beq.n	20004b9a <pico_get_unique_board_id_string+0x176>
20004b40:	798a      	ldrb	r2, [r1, #6]
20004b42:	ea4f 1c12 	mov.w	ip, r2, lsr #4
20004b46:	2a9f      	cmp	r2, #159	@ 0x9f
20004b48:	bf8c      	ite	hi
20004b4a:	f10c 0c37 	addhi.w	ip, ip, #55	@ 0x37
20004b4e:	f10c 0c30 	addls.w	ip, ip, #48	@ 0x30
20004b52:	2b0d      	cmp	r3, #13
20004b54:	f880 c00c 	strb.w	ip, [r0, #12]
20004b58:	d01f      	beq.n	20004b9a <pico_get_unique_board_id_string+0x176>
20004b5a:	f002 020f 	and.w	r2, r2, #15
20004b5e:	2a09      	cmp	r2, #9
20004b60:	bf8c      	ite	hi
20004b62:	3237      	addhi	r2, #55	@ 0x37
20004b64:	3230      	addls	r2, #48	@ 0x30
20004b66:	2b0e      	cmp	r3, #14
20004b68:	7342      	strb	r2, [r0, #13]
20004b6a:	d016      	beq.n	20004b9a <pico_get_unique_board_id_string+0x176>
20004b6c:	79ca      	ldrb	r2, [r1, #7]
20004b6e:	0911      	lsrs	r1, r2, #4
20004b70:	2a9f      	cmp	r2, #159	@ 0x9f
20004b72:	bf8c      	ite	hi
20004b74:	3137      	addhi	r1, #55	@ 0x37
20004b76:	3130      	addls	r1, #48	@ 0x30
20004b78:	2b0f      	cmp	r3, #15
20004b7a:	7381      	strb	r1, [r0, #14]
20004b7c:	d00d      	beq.n	20004b9a <pico_get_unique_board_id_string+0x176>
20004b7e:	f002 020f 	and.w	r2, r2, #15
20004b82:	2a09      	cmp	r2, #9
20004b84:	bf94      	ite	ls
20004b86:	3230      	addls	r2, #48	@ 0x30
20004b88:	3237      	addhi	r2, #55	@ 0x37
20004b8a:	2b10      	cmp	r3, #16
20004b8c:	73c2      	strb	r2, [r0, #15]
20004b8e:	bf18      	it	ne
20004b90:	3010      	addne	r0, #16
20004b92:	d002      	beq.n	20004b9a <pico_get_unique_board_id_string+0x176>
20004b94:	2300      	movs	r3, #0
20004b96:	7003      	strb	r3, [r0, #0]
20004b98:	4770      	bx	lr
20004b9a:	4418      	add	r0, r3
20004b9c:	2300      	movs	r3, #0
20004b9e:	7003      	strb	r3, [r0, #0]
20004ba0:	4770      	bx	lr
20004ba2:	bf00      	nop
20004ba4:	20009980 	.word	0x20009980

20004ba8 <usb_reset_interface_init>:
20004ba8:	4770      	bx	lr
20004baa:	bf00      	nop

20004bac <usb_reset_interface_reset>:
20004bac:	2200      	movs	r2, #0
20004bae:	4b01      	ldr	r3, [pc, #4]	@ (20004bb4 <usb_reset_interface_reset+0x8>)
20004bb0:	701a      	strb	r2, [r3, #0]
20004bb2:	4770      	bx	lr
20004bb4:	200099c1 	.word	0x200099c1

20004bb8 <usb_reset_interface_open>:
20004bb8:	794b      	ldrb	r3, [r1, #5]
20004bba:	2bff      	cmp	r3, #255	@ 0xff
20004bbc:	d10b      	bne.n	20004bd6 <usb_reset_interface_open+0x1e>
20004bbe:	7988      	ldrb	r0, [r1, #6]
20004bc0:	b948      	cbnz	r0, 20004bd6 <usb_reset_interface_open+0x1e>
20004bc2:	79cb      	ldrb	r3, [r1, #7]
20004bc4:	2b01      	cmp	r3, #1
20004bc6:	d107      	bne.n	20004bd8 <usb_reset_interface_open+0x20>
20004bc8:	2a08      	cmp	r2, #8
20004bca:	d905      	bls.n	20004bd8 <usb_reset_interface_open+0x20>
20004bcc:	4b03      	ldr	r3, [pc, #12]	@ (20004bdc <usb_reset_interface_open+0x24>)
20004bce:	788a      	ldrb	r2, [r1, #2]
20004bd0:	2009      	movs	r0, #9
20004bd2:	701a      	strb	r2, [r3, #0]
20004bd4:	4770      	bx	lr
20004bd6:	2000      	movs	r0, #0
20004bd8:	4770      	bx	lr
20004bda:	bf00      	nop
20004bdc:	200099c1 	.word	0x200099c1

20004be0 <usb_reset_interface_xfer_cb>:
20004be0:	2001      	movs	r0, #1
20004be2:	4770      	bx	lr

20004be4 <usb_reset_interface_control_xfer_cb>:
20004be4:	2901      	cmp	r1, #1
20004be6:	d001      	beq.n	20004bec <usb_reset_interface_control_xfer_cb+0x8>
20004be8:	2001      	movs	r0, #1
20004bea:	4770      	bx	lr
20004bec:	b508      	push	{r3, lr}
20004bee:	4b10      	ldr	r3, [pc, #64]	@ (20004c30 <usb_reset_interface_control_xfer_cb+0x4c>)
20004bf0:	8891      	ldrh	r1, [r2, #4]
20004bf2:	781b      	ldrb	r3, [r3, #0]
20004bf4:	4299      	cmp	r1, r3
20004bf6:	d001      	beq.n	20004bfc <usb_reset_interface_control_xfer_cb+0x18>
20004bf8:	2000      	movs	r0, #0
20004bfa:	bd08      	pop	{r3, pc}
20004bfc:	7853      	ldrb	r3, [r2, #1]
20004bfe:	2b01      	cmp	r3, #1
20004c00:	d008      	beq.n	20004c14 <usb_reset_interface_control_xfer_cb+0x30>
20004c02:	2b02      	cmp	r3, #2
20004c04:	d1f8      	bne.n	20004bf8 <usb_reset_interface_control_xfer_cb+0x14>
20004c06:	2100      	movs	r1, #0
20004c08:	2264      	movs	r2, #100	@ 0x64
20004c0a:	4608      	mov	r0, r1
20004c0c:	f7fd fc7a 	bl	20002504 <watchdog_reboot>
20004c10:	2001      	movs	r0, #1
20004c12:	bd08      	pop	{r3, pc}
20004c14:	8851      	ldrh	r1, [r2, #2]
20004c16:	f411 7280 	ands.w	r2, r1, #256	@ 0x100
20004c1a:	bf1a      	itte	ne
20004c1c:	f3c1 12c0 	ubfxne	r2, r1, #7, #1
20004c20:	0a48      	lsrne	r0, r1, #9
20004c22:	f04f 30ff 	moveq.w	r0, #4294967295	@ 0xffffffff
20004c26:	f001 0103 	and.w	r1, r1, #3
20004c2a:	f7fd fce9 	bl	20002600 <rom_reset_usb_boot_extra>
20004c2e:	bf00      	nop
20004c30:	200099c1 	.word	0x200099c1

20004c34 <tud_descriptor_bos_cb>:
20004c34:	4800      	ldr	r0, [pc, #0]	@ (20004c38 <tud_descriptor_bos_cb+0x4>)
20004c36:	4770      	bx	lr
20004c38:	20008bf0 	.word	0x20008bf0

20004c3c <tud_vendor_control_xfer_cb>:
20004c3c:	2901      	cmp	r1, #1
20004c3e:	d107      	bne.n	20004c50 <tud_vendor_control_xfer_cb+0x14>
20004c40:	7853      	ldrb	r3, [r2, #1]
20004c42:	2b01      	cmp	r3, #1
20004c44:	d102      	bne.n	20004c4c <tud_vendor_control_xfer_cb+0x10>
20004c46:	8893      	ldrh	r3, [r2, #4]
20004c48:	2b07      	cmp	r3, #7
20004c4a:	d003      	beq.n	20004c54 <tud_vendor_control_xfer_cb+0x18>
20004c4c:	2000      	movs	r0, #0
20004c4e:	4770      	bx	lr
20004c50:	2001      	movs	r0, #1
20004c52:	4770      	bx	lr
20004c54:	4611      	mov	r1, r2
20004c56:	23a6      	movs	r3, #166	@ 0xa6
20004c58:	4a01      	ldr	r2, [pc, #4]	@ (20004c60 <tud_vendor_control_xfer_cb+0x24>)
20004c5a:	f000 bef3 	b.w	20005a44 <tud_control_xfer>
20004c5e:	bf00      	nop
20004c60:	20008b48 	.word	0x20008b48

20004c64 <usbd_app_driver_get_cb>:
20004c64:	4603      	mov	r3, r0
20004c66:	2201      	movs	r2, #1
20004c68:	4801      	ldr	r0, [pc, #4]	@ (20004c70 <usbd_app_driver_get_cb+0xc>)
20004c6a:	701a      	strb	r2, [r3, #0]
20004c6c:	4770      	bx	lr
20004c6e:	bf00      	nop
20004c70:	20008c14 	.word	0x20008c14

20004c74 <tud_cdc_line_coding_cb>:
20004c74:	b508      	push	{r3, lr}
20004c76:	680b      	ldr	r3, [r1, #0]
20004c78:	f5b3 6f96 	cmp.w	r3, #1200	@ 0x4b0
20004c7c:	d000      	beq.n	20004c80 <tud_cdc_line_coding_cb+0xc>
20004c7e:	bd08      	pop	{r3, pc}
20004c80:	2200      	movs	r2, #0
20004c82:	f04f 30ff 	mov.w	r0, #4294967295	@ 0xffffffff
20004c86:	4611      	mov	r1, r2
20004c88:	f7fd fcba 	bl	20002600 <rom_reset_usb_boot_extra>

20004c8c <dcd_rp2040_irq>:
20004c8c:	e92d 4ff0 	stmdb	sp!, {r4, r5, r6, r7, r8, r9, sl, fp, lr}
20004c90:	4e9c      	ldr	r6, [pc, #624]	@ (20004f04 <dcd_rp2040_irq+0x278>)
20004c92:	b08f      	sub	sp, #60	@ 0x3c
20004c94:	f8d6 4098 	ldr.w	r4, [r6, #152]	@ 0x98
20004c98:	f414 3500 	ands.w	r5, r4, #131072	@ 0x20000
20004c9c:	f040 80c7 	bne.w	20004e2e <dcd_rp2040_irq+0x1a2>
20004ca0:	06e7      	lsls	r7, r4, #27
20004ca2:	d438      	bmi.n	20004d16 <dcd_rp2040_irq+0x8a>
20004ca4:	03e6      	lsls	r6, r4, #15
20004ca6:	d52a      	bpl.n	20004cfe <dcd_rp2040_irq+0x72>
20004ca8:	f10d 0b2c 	add.w	fp, sp, #44	@ 0x2c
20004cac:	f04f 0901 	mov.w	r9, #1
20004cb0:	4e95      	ldr	r6, [pc, #596]	@ (20004f08 <dcd_rp2040_irq+0x27c>)
20004cb2:	f106 0a28 	add.w	sl, r6, #40	@ 0x28
20004cb6:	78b7      	ldrb	r7, [r6, #2]
20004cb8:	f886 9001 	strb.w	r9, [r6, #1]
20004cbc:	2f01      	cmp	r7, #1
20004cbe:	f000 8133 	beq.w	20004f28 <dcd_rp2040_irq+0x29c>
20004cc2:	3614      	adds	r6, #20
20004cc4:	45b2      	cmp	sl, r6
20004cc6:	d1f6      	bne.n	20004cb6 <dcd_rp2040_irq+0x2a>
20004cc8:	f44f 62e0 	mov.w	r2, #1792	@ 0x700
20004ccc:	4b8f      	ldr	r3, [pc, #572]	@ (20004f0c <dcd_rp2040_irq+0x280>)
20004cce:	f8ad 202c 	strh.w	r2, [sp, #44]	@ 0x2c
20004cd2:	e893 0003 	ldmia.w	r3, {r0, r1}
20004cd6:	ab0e      	add	r3, sp, #56	@ 0x38
20004cd8:	e903 0003 	stmdb	r3, {r0, r1}
20004cdc:	2101      	movs	r1, #1
20004cde:	4658      	mov	r0, fp
20004ce0:	f003 fa66 	bl	200081b0 <dcd_event_handler>
20004ce4:	f44f 3200 	mov.w	r2, #131072	@ 0x20000
20004ce8:	4b89      	ldr	r3, [pc, #548]	@ (20004f10 <dcd_rp2040_irq+0x284>)
20004cea:	651a      	str	r2, [r3, #80]	@ 0x50
20004cec:	b13d      	cbz	r5, 20004cfe <dcd_rp2040_irq+0x72>
20004cee:	4b89      	ldr	r3, [pc, #548]	@ (20004f14 <dcd_rp2040_irq+0x288>)
20004cf0:	781b      	ldrb	r3, [r3, #0]
20004cf2:	b923      	cbnz	r3, 20004cfe <dcd_rp2040_irq+0x72>
20004cf4:	f44f 3200 	mov.w	r2, #131072	@ 0x20000
20004cf8:	4b85      	ldr	r3, [pc, #532]	@ (20004f10 <dcd_rp2040_irq+0x284>)
20004cfa:	f8c3 2090 	str.w	r2, [r3, #144]	@ 0x90
20004cfe:	04e1      	lsls	r1, r4, #19
20004d00:	f100 80c5 	bmi.w	20004e8e <dcd_rp2040_irq+0x202>
20004d04:	0462      	lsls	r2, r4, #17
20004d06:	f100 80b6 	bmi.w	20004e76 <dcd_rp2040_irq+0x1ea>
20004d0a:	0423      	lsls	r3, r4, #16
20004d0c:	f100 80a4 	bmi.w	20004e58 <dcd_rp2040_irq+0x1cc>
20004d10:	b00f      	add	sp, #60	@ 0x3c
20004d12:	e8bd 8ff0 	ldmia.w	sp!, {r4, r5, r6, r7, r8, r9, sl, fp, pc}
20004d16:	f8d6 8058 	ldr.w	r8, [r6, #88]	@ 0x58
20004d1a:	f1b8 0f00 	cmp.w	r8, #0
20004d1e:	d0c1      	beq.n	20004ca4 <dcd_rp2040_irq+0x18>
20004d20:	fa98 f3a8 	rbit	r3, r8
20004d24:	fab3 f383 	clz	r3, r3
20004d28:	e9cd 5408 	strd	r5, r4, [sp, #32]
20004d2c:	f8df b1e0 	ldr.w	fp, [pc, #480]	@ 20004f10 <dcd_rp2040_irq+0x284>
20004d30:	2401      	movs	r4, #1
20004d32:	ea03 0204 	and.w	r2, r3, r4
20004d36:	ea82 0104 	eor.w	r1, r2, r4
20004d3a:	fa23 f704 	lsr.w	r7, r3, r4
20004d3e:	1e56      	subs	r6, r2, #1
20004d40:	9105      	str	r1, [sp, #20]
20004d42:	f006 0614 	and.w	r6, r6, #20
20004d46:	eb07 0187 	add.w	r1, r7, r7, lsl #2
20004d4a:	eb06 06c1 	add.w	r6, r6, r1, lsl #3
20004d4e:	496e      	ldr	r1, [pc, #440]	@ (20004f08 <dcd_rp2040_irq+0x27c>)
20004d50:	409c      	lsls	r4, r3
20004d52:	440e      	add	r6, r1
20004d54:	0859      	lsrs	r1, r3, #1
20004d56:	9106      	str	r1, [sp, #24]
20004d58:	d063      	beq.n	20004e22 <dcd_rp2040_irq+0x196>
20004d5a:	486f      	ldr	r0, [pc, #444]	@ (20004f18 <dcd_rp2040_irq+0x28c>)
20004d5c:	3901      	subs	r1, #1
20004d5e:	eb00 07c7 	add.w	r7, r0, r7, lsl #3
20004d62:	3878      	subs	r0, #120	@ 0x78
20004d64:	eb00 01c1 	add.w	r1, r0, r1, lsl #3
20004d68:	2a00      	cmp	r2, #0
20004d6a:	d058      	beq.n	20004e1e <dcd_rp2040_irq+0x192>
20004d6c:	f101 0904 	add.w	r9, r1, #4
20004d70:	3704      	adds	r7, #4
20004d72:	4d64      	ldr	r5, [pc, #400]	@ (20004f04 <dcd_rp2040_irq+0x278>)
20004d74:	6da9      	ldr	r1, [r5, #88]	@ 0x58
20004d76:	4221      	tst	r1, r4
20004d78:	d0da      	beq.n	20004d30 <dcd_rp2040_irq+0xa4>
20004d7a:	ea6f 0a04 	mvn.w	sl, r4
20004d7e:	b2d3      	uxtb	r3, r2
20004d80:	9302      	str	r3, [sp, #8]
20004d82:	9b05      	ldr	r3, [sp, #20]
20004d84:	009b      	lsls	r3, r3, #2
20004d86:	9307      	str	r3, [sp, #28]
20004d88:	6deb      	ldr	r3, [r5, #92]	@ 0x5c
20004d8a:	9a02      	ldr	r2, [sp, #8]
20004d8c:	421c      	tst	r4, r3
20004d8e:	bf14      	ite	ne
20004d90:	2301      	movne	r3, #1
20004d92:	2300      	moveq	r3, #0
20004d94:	f8cb 4058 	str.w	r4, [fp, #88]	@ 0x58
20004d98:	4649      	mov	r1, r9
20004d9a:	9200      	str	r2, [sp, #0]
20004d9c:	4630      	mov	r0, r6
20004d9e:	463a      	mov	r2, r7
20004da0:	ea08 080a 	and.w	r8, r8, sl
20004da4:	f000 fc52 	bl	2000564c <rp2usb_xfer_continue>
20004da8:	b950      	cbnz	r0, 20004dc0 <dcd_rp2040_irq+0x134>
20004daa:	6dab      	ldr	r3, [r5, #88]	@ 0x58
20004dac:	421c      	tst	r4, r3
20004dae:	d1eb      	bne.n	20004d88 <dcd_rp2040_irq+0xfc>
20004db0:	f1b8 0f00 	cmp.w	r8, #0
20004db4:	d02d      	beq.n	20004e12 <dcd_rp2040_irq+0x186>
20004db6:	fa98 f3a8 	rbit	r3, r8
20004dba:	fab3 f383 	clz	r3, r3
20004dbe:	e7b7      	b.n	20004d30 <dcd_rp2040_irq+0xa4>
20004dc0:	9b06      	ldr	r3, [sp, #24]
20004dc2:	9905      	ldr	r1, [sp, #20]
20004dc4:	9a07      	ldr	r2, [sp, #28]
20004dc6:	eb03 0383 	add.w	r3, r3, r3, lsl #2
20004dca:	440a      	add	r2, r1
20004dcc:	00db      	lsls	r3, r3, #3
20004dce:	eb03 0382 	add.w	r3, r3, r2, lsl #2
20004dd2:	4a4d      	ldr	r2, [pc, #308]	@ (20004f08 <dcd_rp2040_irq+0x27c>)
20004dd4:	4630      	mov	r0, r6
20004dd6:	441a      	add	r2, r3
20004dd8:	8a52      	ldrh	r2, [r2, #18]
20004dda:	9304      	str	r3, [sp, #16]
20004ddc:	9203      	str	r2, [sp, #12]
20004dde:	f000 fb4f 	bl	20005480 <rp2usb_reset_transfer>
20004de2:	9a03      	ldr	r2, [sp, #12]
20004de4:	9b04      	ldr	r3, [sp, #16]
20004de6:	920d      	str	r2, [sp, #52]	@ 0x34
20004de8:	4a47      	ldr	r2, [pc, #284]	@ (20004f08 <dcd_rp2040_irq+0x27c>)
20004dea:	2101      	movs	r1, #1
20004dec:	5cd3      	ldrb	r3, [r2, r3]
20004dee:	a80b      	add	r0, sp, #44	@ 0x2c
20004df0:	f88d 3030 	strb.w	r3, [sp, #48]	@ 0x30
20004df4:	f44f 6300 	mov.w	r3, #2048	@ 0x800
20004df8:	f8ad 302c 	strh.w	r3, [sp, #44]	@ 0x2c
20004dfc:	2300      	movs	r3, #0
20004dfe:	f88d 3031 	strb.w	r3, [sp, #49]	@ 0x31
20004e02:	f003 f9d5 	bl	200081b0 <dcd_event_handler>
20004e06:	6dab      	ldr	r3, [r5, #88]	@ 0x58
20004e08:	4223      	tst	r3, r4
20004e0a:	d1bd      	bne.n	20004d88 <dcd_rp2040_irq+0xfc>
20004e0c:	f1b8 0f00 	cmp.w	r8, #0
20004e10:	d1d1      	bne.n	20004db6 <dcd_rp2040_irq+0x12a>
20004e12:	e9dd 5408 	ldrd	r5, r4, [sp, #32]
20004e16:	03e0      	lsls	r0, r4, #15
20004e18:	f57f af68 	bpl.w	20004cec <dcd_rp2040_irq+0x60>
20004e1c:	e744      	b.n	20004ca8 <dcd_rp2040_irq+0x1c>
20004e1e:	4689      	mov	r9, r1
20004e20:	e7a7      	b.n	20004d72 <dcd_rp2040_irq+0xe6>
20004e22:	2a00      	cmp	r2, #0
20004e24:	f000 809f 	beq.w	20004f66 <dcd_rp2040_irq+0x2da>
20004e28:	4689      	mov	r9, r1
20004e2a:	4f3b      	ldr	r7, [pc, #236]	@ (20004f18 <dcd_rp2040_irq+0x28c>)
20004e2c:	e7a0      	b.n	20004d70 <dcd_rp2040_irq+0xe4>
20004e2e:	f44f 6280 	mov.w	r2, #1024	@ 0x400
20004e32:	6cb3      	ldr	r3, [r6, #72]	@ 0x48
20004e34:	f10d 0b2c 	add.w	fp, sp, #44	@ 0x2c
20004e38:	f3c3 030a 	ubfx	r3, r3, #0, #11
20004e3c:	2101      	movs	r1, #1
20004e3e:	4658      	mov	r0, fp
20004e40:	f8ad 202c 	strh.w	r2, [sp, #44]	@ 0x2c
20004e44:	930c      	str	r3, [sp, #48]	@ 0x30
20004e46:	f003 f9b3 	bl	200081b0 <dcd_event_handler>
20004e4a:	06e2      	lsls	r2, r4, #27
20004e4c:	f100 808e 	bmi.w	20004f6c <dcd_rp2040_irq+0x2e0>
20004e50:	03e3      	lsls	r3, r4, #15
20004e52:	f53f af2b 	bmi.w	20004cac <dcd_rp2040_irq+0x20>
20004e56:	e74a      	b.n	20004cee <dcd_rp2040_irq+0x62>
20004e58:	f44f 63c0 	mov.w	r3, #1536	@ 0x600
20004e5c:	2101      	movs	r1, #1
20004e5e:	a80b      	add	r0, sp, #44	@ 0x2c
20004e60:	f8ad 302c 	strh.w	r3, [sp, #44]	@ 0x2c
20004e64:	f003 f9a4 	bl	200081b0 <dcd_event_handler>
20004e68:	f44f 6200 	mov.w	r2, #2048	@ 0x800
20004e6c:	4b28      	ldr	r3, [pc, #160]	@ (20004f10 <dcd_rp2040_irq+0x284>)
20004e6e:	651a      	str	r2, [r3, #80]	@ 0x50
20004e70:	b00f      	add	sp, #60	@ 0x3c
20004e72:	e8bd 8ff0 	ldmia.w	sp!, {r4, r5, r6, r7, r8, r9, sl, fp, pc}
20004e76:	f44f 63a0 	mov.w	r3, #1280	@ 0x500
20004e7a:	2101      	movs	r1, #1
20004e7c:	a80b      	add	r0, sp, #44	@ 0x2c
20004e7e:	f8ad 302c 	strh.w	r3, [sp, #44]	@ 0x2c
20004e82:	f003 f995 	bl	200081b0 <dcd_event_handler>
20004e86:	2210      	movs	r2, #16
20004e88:	4b21      	ldr	r3, [pc, #132]	@ (20004f10 <dcd_rp2040_irq+0x284>)
20004e8a:	651a      	str	r2, [r3, #80]	@ 0x50
20004e8c:	e73d      	b.n	20004d0a <dcd_rp2040_irq+0x7e>
20004e8e:	2500      	movs	r5, #0
20004e90:	4b1e      	ldr	r3, [pc, #120]	@ (20004f0c <dcd_rp2040_irq+0x280>)
20004e92:	491c      	ldr	r1, [pc, #112]	@ (20004f04 <dcd_rp2040_irq+0x278>)
20004e94:	f44f 7216 	mov.w	r2, #600	@ 0x258
20004e98:	600d      	str	r5, [r1, #0]
20004e9a:	4820      	ldr	r0, [pc, #128]	@ (20004f1c <dcd_rp2040_irq+0x290>)
20004e9c:	609d      	str	r5, [r3, #8]
20004e9e:	4629      	mov	r1, r5
20004ea0:	60dd      	str	r5, [r3, #12]
20004ea2:	611d      	str	r5, [r3, #16]
20004ea4:	615d      	str	r5, [r3, #20]
20004ea6:	619d      	str	r5, [r3, #24]
20004ea8:	61dd      	str	r5, [r3, #28]
20004eaa:	621d      	str	r5, [r3, #32]
20004eac:	625d      	str	r5, [r3, #36]	@ 0x24
20004eae:	629d      	str	r5, [r3, #40]	@ 0x28
20004eb0:	62dd      	str	r5, [r3, #44]	@ 0x2c
20004eb2:	631d      	str	r5, [r3, #48]	@ 0x30
20004eb4:	635d      	str	r5, [r3, #52]	@ 0x34
20004eb6:	639d      	str	r5, [r3, #56]	@ 0x38
20004eb8:	63dd      	str	r5, [r3, #60]	@ 0x3c
20004eba:	641d      	str	r5, [r3, #64]	@ 0x40
20004ebc:	645d      	str	r5, [r3, #68]	@ 0x44
20004ebe:	649d      	str	r5, [r3, #72]	@ 0x48
20004ec0:	64dd      	str	r5, [r3, #76]	@ 0x4c
20004ec2:	651d      	str	r5, [r3, #80]	@ 0x50
20004ec4:	655d      	str	r5, [r3, #84]	@ 0x54
20004ec6:	659d      	str	r5, [r3, #88]	@ 0x58
20004ec8:	65dd      	str	r5, [r3, #92]	@ 0x5c
20004eca:	661d      	str	r5, [r3, #96]	@ 0x60
20004ecc:	665d      	str	r5, [r3, #100]	@ 0x64
20004ece:	669d      	str	r5, [r3, #104]	@ 0x68
20004ed0:	66dd      	str	r5, [r3, #108]	@ 0x6c
20004ed2:	671d      	str	r5, [r3, #112]	@ 0x70
20004ed4:	675d      	str	r5, [r3, #116]	@ 0x74
20004ed6:	679d      	str	r5, [r3, #120]	@ 0x78
20004ed8:	67dd      	str	r5, [r3, #124]	@ 0x7c
20004eda:	f002 feab 	bl	20007c34 <memset>
20004ede:	f44f 7300 	mov.w	r3, #512	@ 0x200
20004ee2:	4a0f      	ldr	r2, [pc, #60]	@ (20004f20 <dcd_rp2040_irq+0x294>)
20004ee4:	490f      	ldr	r1, [pc, #60]	@ (20004f24 <dcd_rp2040_irq+0x298>)
20004ee6:	a80b      	add	r0, sp, #44	@ 0x2c
20004ee8:	6011      	str	r1, [r2, #0]
20004eea:	2101      	movs	r1, #1
20004eec:	f8ad 302c 	strh.w	r3, [sp, #44]	@ 0x2c
20004ef0:	f88d 5030 	strb.w	r5, [sp, #48]	@ 0x30
20004ef4:	f003 f95c 	bl	200081b0 <dcd_event_handler>
20004ef8:	f44f 2200 	mov.w	r2, #524288	@ 0x80000
20004efc:	4b04      	ldr	r3, [pc, #16]	@ (20004f10 <dcd_rp2040_irq+0x284>)
20004efe:	651a      	str	r2, [r3, #80]	@ 0x50
20004f00:	e700      	b.n	20004d04 <dcd_rp2040_irq+0x78>
20004f02:	bf00      	nop
20004f04:	50110000 	.word	0x50110000
20004f08:	200096d0 	.word	0x200096d0
20004f0c:	50100000 	.word	0x50100000
20004f10:	50113000 	.word	0x50113000
20004f14:	200099b3 	.word	0x200099b3
20004f18:	50100080 	.word	0x50100080
20004f1c:	200096f8 	.word	0x200096f8
20004f20:	200096cc 	.word	0x200096cc
20004f24:	50100180 	.word	0x50100180
20004f28:	7831      	ldrb	r1, [r6, #0]
20004f2a:	4a14      	ldr	r2, [pc, #80]	@ (20004f7c <dcd_rp2040_irq+0x2f0>)
20004f2c:	09c8      	lsrs	r0, r1, #7
20004f2e:	f080 0301 	eor.w	r3, r0, #1
20004f32:	f001 010f 	and.w	r1, r1, #15
20004f36:	ea43 0341 	orr.w	r3, r3, r1, lsl #1
20004f3a:	409f      	lsls	r7, r3
20004f3c:	6617      	str	r7, [r2, #96]	@ 0x60
20004f3e:	f5a2 5200 	sub.w	r2, r2, #8192	@ 0x2000
20004f42:	6e53      	ldr	r3, [r2, #100]	@ 0x64
20004f44:	ea37 0303 	bics.w	r3, r7, r3
20004f48:	d1fb      	bne.n	20004f42 <dcd_rp2040_irq+0x2b6>
20004f4a:	4b0d      	ldr	r3, [pc, #52]	@ (20004f80 <dcd_rp2040_irq+0x2f4>)
20004f4c:	eb03 03c1 	add.w	r3, r3, r1, lsl #3
20004f50:	b900      	cbnz	r0, 20004f54 <dcd_rp2040_irq+0x2c8>
20004f52:	3304      	adds	r3, #4
20004f54:	2200      	movs	r2, #0
20004f56:	4630      	mov	r0, r6
20004f58:	601a      	str	r2, [r3, #0]
20004f5a:	f000 fa91 	bl	20005480 <rp2usb_reset_transfer>
20004f5e:	4b09      	ldr	r3, [pc, #36]	@ (20004f84 <dcd_rp2040_irq+0x2f8>)
20004f60:	665f      	str	r7, [r3, #100]	@ 0x64
20004f62:	661f      	str	r7, [r3, #96]	@ 0x60
20004f64:	e6ad      	b.n	20004cc2 <dcd_rp2040_irq+0x36>
20004f66:	4691      	mov	r9, r2
20004f68:	4f05      	ldr	r7, [pc, #20]	@ (20004f80 <dcd_rp2040_irq+0x2f4>)
20004f6a:	e702      	b.n	20004d72 <dcd_rp2040_irq+0xe6>
20004f6c:	f8d6 8058 	ldr.w	r8, [r6, #88]	@ 0x58
20004f70:	f1b8 0f00 	cmp.w	r8, #0
20004f74:	f47f aed4 	bne.w	20004d20 <dcd_rp2040_irq+0x94>
20004f78:	e76a      	b.n	20004e50 <dcd_rp2040_irq+0x1c4>
20004f7a:	bf00      	nop
20004f7c:	50112000 	.word	0x50112000
20004f80:	50100080 	.word	0x50100080
20004f84:	50113000 	.word	0x50113000

20004f88 <dcd_init>:
20004f88:	b538      	push	{r3, r4, r5, lr}
20004f8a:	f000 fa53 	bl	20005434 <rp2usb_init>
20004f8e:	230c      	movs	r3, #12
20004f90:	4d27      	ldr	r5, [pc, #156]	@ (20005030 <dcd_init+0xa8>)
20004f92:	4c28      	ldr	r4, [pc, #160]	@ (20005034 <dcd_init+0xac>)
20004f94:	67ab      	str	r3, [r5, #120]	@ 0x78
20004f96:	22ff      	movs	r2, #255	@ 0xff
20004f98:	200e      	movs	r0, #14
20004f9a:	4927      	ldr	r1, [pc, #156]	@ (20005038 <dcd_init+0xb0>)
20004f9c:	f7fc fa46 	bl	2000142c <irq_add_shared_handler>
20004fa0:	2228      	movs	r2, #40	@ 0x28
20004fa2:	2100      	movs	r1, #0
20004fa4:	4620      	mov	r0, r4
20004fa6:	f002 fe45 	bl	20007c34 <memset>
20004faa:	2080      	movs	r0, #128	@ 0x80
20004fac:	2100      	movs	r1, #0
20004fae:	2240      	movs	r2, #64	@ 0x40
20004fb0:	4b22      	ldr	r3, [pc, #136]	@ (2000503c <dcd_init+0xb4>)
20004fb2:	82a0      	strh	r0, [r4, #20]
20004fb4:	4822      	ldr	r0, [pc, #136]	@ (20005040 <dcd_init+0xb8>)
20004fb6:	f8c3 1084 	str.w	r1, [r3, #132]	@ 0x84
20004fba:	80e2      	strh	r2, [r4, #6]
20004fbc:	f8c3 1080 	str.w	r1, [r3, #128]	@ 0x80
20004fc0:	8362      	strh	r2, [r4, #26]
20004fc2:	6099      	str	r1, [r3, #8]
20004fc4:	f44f 7216 	mov.w	r2, #600	@ 0x258
20004fc8:	60d9      	str	r1, [r3, #12]
20004fca:	6119      	str	r1, [r3, #16]
20004fcc:	6159      	str	r1, [r3, #20]
20004fce:	6199      	str	r1, [r3, #24]
20004fd0:	61d9      	str	r1, [r3, #28]
20004fd2:	6219      	str	r1, [r3, #32]
20004fd4:	6259      	str	r1, [r3, #36]	@ 0x24
20004fd6:	6299      	str	r1, [r3, #40]	@ 0x28
20004fd8:	62d9      	str	r1, [r3, #44]	@ 0x2c
20004fda:	6319      	str	r1, [r3, #48]	@ 0x30
20004fdc:	6359      	str	r1, [r3, #52]	@ 0x34
20004fde:	6399      	str	r1, [r3, #56]	@ 0x38
20004fe0:	63d9      	str	r1, [r3, #60]	@ 0x3c
20004fe2:	6419      	str	r1, [r3, #64]	@ 0x40
20004fe4:	6459      	str	r1, [r3, #68]	@ 0x44
20004fe6:	6499      	str	r1, [r3, #72]	@ 0x48
20004fe8:	64d9      	str	r1, [r3, #76]	@ 0x4c
20004fea:	6519      	str	r1, [r3, #80]	@ 0x50
20004fec:	6559      	str	r1, [r3, #84]	@ 0x54
20004fee:	6599      	str	r1, [r3, #88]	@ 0x58
20004ff0:	65d9      	str	r1, [r3, #92]	@ 0x5c
20004ff2:	6619      	str	r1, [r3, #96]	@ 0x60
20004ff4:	6659      	str	r1, [r3, #100]	@ 0x64
20004ff6:	6699      	str	r1, [r3, #104]	@ 0x68
20004ff8:	60a0      	str	r0, [r4, #8]
20004ffa:	61e0      	str	r0, [r4, #28]
20004ffc:	66d9      	str	r1, [r3, #108]	@ 0x6c
20004ffe:	f104 0028 	add.w	r0, r4, #40	@ 0x28
20005002:	6719      	str	r1, [r3, #112]	@ 0x70
20005004:	6759      	str	r1, [r3, #116]	@ 0x74
20005006:	6799      	str	r1, [r3, #120]	@ 0x78
20005008:	67d9      	str	r1, [r3, #124]	@ 0x7c
2000500a:	f002 fe13 	bl	20007c34 <memset>
2000500e:	f04f 5400 	mov.w	r4, #536870912	@ 0x20000000
20005012:	2001      	movs	r0, #1
20005014:	f44f 3280 	mov.w	r2, #65536	@ 0x10000
20005018:	4b0a      	ldr	r3, [pc, #40]	@ (20005044 <dcd_init+0xbc>)
2000501a:	490b      	ldr	r1, [pc, #44]	@ (20005048 <dcd_init+0xc0>)
2000501c:	6019      	str	r1, [r3, #0]
2000501e:	490b      	ldr	r1, [pc, #44]	@ (2000504c <dcd_init+0xc4>)
20005020:	4b0b      	ldr	r3, [pc, #44]	@ (20005050 <dcd_init+0xc8>)
20005022:	6428      	str	r0, [r5, #64]	@ 0x40
20005024:	64ec      	str	r4, [r5, #76]	@ 0x4c
20005026:	f8c5 1090 	str.w	r1, [r5, #144]	@ 0x90
2000502a:	64da      	str	r2, [r3, #76]	@ 0x4c
2000502c:	bd38      	pop	{r3, r4, r5, pc}
2000502e:	bf00      	nop
20005030:	50110000 	.word	0x50110000
20005034:	200096d0 	.word	0x200096d0
20005038:	20004c8d 	.word	0x20004c8d
2000503c:	50100000 	.word	0x50100000
20005040:	50100100 	.word	0x50100100
20005044:	200096cc 	.word	0x200096cc
20005048:	50100180 	.word	0x50100180
2000504c:	0001d010 	.word	0x0001d010
20005050:	50112000 	.word	0x50112000

20005054 <dcd_int_enable>:
20005054:	2101      	movs	r1, #1
20005056:	200e      	movs	r0, #14
20005058:	f7fc b978 	b.w	2000134c <irq_set_enabled>

2000505c <dcd_set_address>:
2000505c:	2300      	movs	r3, #0
2000505e:	b500      	push	{lr}
20005060:	b083      	sub	sp, #12
20005062:	4619      	mov	r1, r3
20005064:	e9cd 3300 	strd	r3, r3, [sp]
20005068:	4a03      	ldr	r2, [pc, #12]	@ (20005078 <dcd_set_address+0x1c>)
2000506a:	4804      	ldr	r0, [pc, #16]	@ (2000507c <dcd_set_address+0x20>)
2000506c:	f000 fa0e 	bl	2000548c <rp2usb_xfer_start>
20005070:	b003      	add	sp, #12
20005072:	f85d fb04 	ldr.w	pc, [sp], #4
20005076:	bf00      	nop
20005078:	50100080 	.word	0x50100080
2000507c:	200096e4 	.word	0x200096e4

20005080 <dcd_sof_enable>:
20005080:	4b06      	ldr	r3, [pc, #24]	@ (2000509c <dcd_sof_enable+0x1c>)
20005082:	f44f 3200 	mov.w	r2, #131072	@ 0x20000
20005086:	7019      	strb	r1, [r3, #0]
20005088:	b119      	cbz	r1, 20005092 <dcd_sof_enable+0x12>
2000508a:	4b05      	ldr	r3, [pc, #20]	@ (200050a0 <dcd_sof_enable+0x20>)
2000508c:	f8c3 2090 	str.w	r2, [r3, #144]	@ 0x90
20005090:	4770      	bx	lr
20005092:	4b04      	ldr	r3, [pc, #16]	@ (200050a4 <dcd_sof_enable+0x24>)
20005094:	f8c3 2090 	str.w	r2, [r3, #144]	@ 0x90
20005098:	4770      	bx	lr
2000509a:	bf00      	nop
2000509c:	200099b3 	.word	0x200099b3
200050a0:	50112000 	.word	0x50112000
200050a4:	50113000 	.word	0x50113000

200050a8 <dcd_edpt0_status_complete>:
200050a8:	780b      	ldrb	r3, [r1, #0]
200050aa:	065b      	lsls	r3, r3, #25
200050ac:	d102      	bne.n	200050b4 <dcd_edpt0_status_complete+0xc>
200050ae:	784b      	ldrb	r3, [r1, #1]
200050b0:	2b05      	cmp	r3, #5
200050b2:	d000      	beq.n	200050b6 <dcd_edpt0_status_complete+0xe>
200050b4:	4770      	bx	lr
200050b6:	884b      	ldrh	r3, [r1, #2]
200050b8:	4a01      	ldr	r2, [pc, #4]	@ (200050c0 <dcd_edpt0_status_complete+0x18>)
200050ba:	b2db      	uxtb	r3, r3
200050bc:	6013      	str	r3, [r2, #0]
200050be:	4770      	bx	lr
200050c0:	50110000 	.word	0x50110000

200050c4 <dcd_edpt_open>:
200050c4:	b5f8      	push	{r3, r4, r5, r6, r7, lr}
200050c6:	f04f 0e00 	mov.w	lr, #0
200050ca:	f891 c002 	ldrb.w	ip, [r1, #2]
200050ce:	78cd      	ldrb	r5, [r1, #3]
200050d0:	f00c 030f 	and.w	r3, ip, #15
200050d4:	888e      	ldrh	r6, [r1, #4]
200050d6:	eb03 0283 	add.w	r2, r3, r3, lsl #2
200050da:	ea4f 11dc 	mov.w	r1, ip, lsr #7
200050de:	4827      	ldr	r0, [pc, #156]	@ (2000517c <dcd_edpt_open+0xb8>)
200050e0:	00d2      	lsls	r2, r2, #3
200050e2:	eb01 0781 	add.w	r7, r1, r1, lsl #2
200050e6:	eb02 0287 	add.w	r2, r2, r7, lsl #2
200050ea:	4c25      	ldr	r4, [pc, #148]	@ (20005180 <dcd_edpt_open+0xbc>)
200050ec:	f800 c002 	strb.w	ip, [r0, r2]
200050f0:	f3c6 060a 	ubfx	r6, r6, #0, #11
200050f4:	4402      	add	r2, r0
200050f6:	f882 e001 	strb.w	lr, [r2, #1]
200050fa:	f005 0503 	and.w	r5, r5, #3
200050fe:	eb04 04c3 	add.w	r4, r4, r3, lsl #3
20005102:	80d6      	strh	r6, [r2, #6]
20005104:	ea4f 0c81 	mov.w	ip, r1, lsl #2
20005108:	ea4f 0e83 	mov.w	lr, r3, lsl #2
2000510c:	b901      	cbnz	r1, 20005110 <dcd_edpt_open+0x4c>
2000510e:	3404      	adds	r4, #4
20005110:	2200      	movs	r2, #0
20005112:	6022      	str	r2, [r4, #0]
20005114:	b93b      	cbnz	r3, 20005126 <dcd_edpt_open+0x62>
20005116:	4b1b      	ldr	r3, [pc, #108]	@ (20005184 <dcd_edpt_open+0xc0>)
20005118:	448c      	add	ip, r1
2000511a:	eb00 0c8c 	add.w	ip, r0, ip, lsl #2
2000511e:	f8cc 3008 	str.w	r3, [ip, #8]
20005122:	2001      	movs	r0, #1
20005124:	bdf8      	pop	{r3, r4, r5, r6, r7, pc}
20005126:	449e      	add	lr, r3
20005128:	06ac      	lsls	r4, r5, #26
2000512a:	2d02      	cmp	r5, #2
2000512c:	448c      	add	ip, r1
2000512e:	4d16      	ldr	r5, [pc, #88]	@ (20005188 <dcd_edpt_open+0xc4>)
20005130:	ea4f 0ece 	mov.w	lr, lr, lsl #3
20005134:	f106 023f 	add.w	r2, r6, #63	@ 0x3f
20005138:	eb0e 0e8c 	add.w	lr, lr, ip, lsl #2
2000513c:	f022 023f 	bic.w	r2, r2, #63	@ 0x3f
20005140:	eb00 0c0e 	add.w	ip, r0, lr
20005144:	6828      	ldr	r0, [r5, #0]
20005146:	bf08      	it	eq
20005148:	0052      	lsleq	r2, r2, #1
2000514a:	4402      	add	r2, r0
2000514c:	f8cc 0008 	str.w	r0, [ip, #8]
20005150:	f080 40a0 	eor.w	r0, r0, #1342177280	@ 0x50000000
20005154:	00db      	lsls	r3, r3, #3
20005156:	f480 1080 	eor.w	r0, r0, #1048576	@ 0x100000
2000515a:	f103 43a0 	add.w	r3, r3, #1342177280	@ 0x50000000
2000515e:	4320      	orrs	r0, r4
20005160:	f503 1380 	add.w	r3, r3, #1048576	@ 0x100000
20005164:	602a      	str	r2, [r5, #0]
20005166:	f040 4020 	orr.w	r0, r0, #2684354560	@ 0xa0000000
2000516a:	b901      	cbnz	r1, 2000516e <dcd_edpt_open+0xaa>
2000516c:	3304      	adds	r3, #4
2000516e:	4907      	ldr	r1, [pc, #28]	@ (2000518c <dcd_edpt_open+0xc8>)
20005170:	6018      	str	r0, [r3, #0]
20005172:	428a      	cmp	r2, r1
20005174:	d9d5      	bls.n	20005122 <dcd_edpt_open+0x5e>
20005176:	f7fd fa83 	bl	20002680 <hard_assertion_failure>
2000517a:	bf00      	nop
2000517c:	200096d0 	.word	0x200096d0
20005180:	50100080 	.word	0x50100080
20005184:	50100100 	.word	0x50100100
20005188:	200096cc 	.word	0x200096cc
2000518c:	50100fff 	.word	0x50100fff

20005190 <dcd_edpt_close_all>:
20005190:	2100      	movs	r1, #0
20005192:	b508      	push	{r3, lr}
20005194:	4b13      	ldr	r3, [pc, #76]	@ (200051e4 <dcd_edpt_close_all+0x54>)
20005196:	f44f 7216 	mov.w	r2, #600	@ 0x258
2000519a:	6099      	str	r1, [r3, #8]
2000519c:	4812      	ldr	r0, [pc, #72]	@ (200051e8 <dcd_edpt_close_all+0x58>)
2000519e:	60d9      	str	r1, [r3, #12]
200051a0:	6119      	str	r1, [r3, #16]
200051a2:	6159      	str	r1, [r3, #20]
200051a4:	6199      	str	r1, [r3, #24]
200051a6:	61d9      	str	r1, [r3, #28]
200051a8:	6219      	str	r1, [r3, #32]
200051aa:	6259      	str	r1, [r3, #36]	@ 0x24
200051ac:	6299      	str	r1, [r3, #40]	@ 0x28
200051ae:	62d9      	str	r1, [r3, #44]	@ 0x2c
200051b0:	6319      	str	r1, [r3, #48]	@ 0x30
200051b2:	6359      	str	r1, [r3, #52]	@ 0x34
200051b4:	6399      	str	r1, [r3, #56]	@ 0x38
200051b6:	63d9      	str	r1, [r3, #60]	@ 0x3c
200051b8:	6419      	str	r1, [r3, #64]	@ 0x40
200051ba:	6459      	str	r1, [r3, #68]	@ 0x44
200051bc:	6499      	str	r1, [r3, #72]	@ 0x48
200051be:	64d9      	str	r1, [r3, #76]	@ 0x4c
200051c0:	6519      	str	r1, [r3, #80]	@ 0x50
200051c2:	6559      	str	r1, [r3, #84]	@ 0x54
200051c4:	6599      	str	r1, [r3, #88]	@ 0x58
200051c6:	65d9      	str	r1, [r3, #92]	@ 0x5c
200051c8:	6619      	str	r1, [r3, #96]	@ 0x60
200051ca:	6659      	str	r1, [r3, #100]	@ 0x64
200051cc:	6699      	str	r1, [r3, #104]	@ 0x68
200051ce:	66d9      	str	r1, [r3, #108]	@ 0x6c
200051d0:	6719      	str	r1, [r3, #112]	@ 0x70
200051d2:	6759      	str	r1, [r3, #116]	@ 0x74
200051d4:	6799      	str	r1, [r3, #120]	@ 0x78
200051d6:	67d9      	str	r1, [r3, #124]	@ 0x7c
200051d8:	f002 fd2c 	bl	20007c34 <memset>
200051dc:	4b03      	ldr	r3, [pc, #12]	@ (200051ec <dcd_edpt_close_all+0x5c>)
200051de:	4a04      	ldr	r2, [pc, #16]	@ (200051f0 <dcd_edpt_close_all+0x60>)
200051e0:	601a      	str	r2, [r3, #0]
200051e2:	bd08      	pop	{r3, pc}
200051e4:	50100000 	.word	0x50100000
200051e8:	200096f8 	.word	0x200096f8
200051ec:	200096cc 	.word	0x200096cc
200051f0:	50100180 	.word	0x50100180

200051f4 <dcd_edpt_xfer>:
200051f4:	2028      	movs	r0, #40	@ 0x28
200051f6:	b570      	push	{r4, r5, r6, lr}
200051f8:	461d      	mov	r5, r3
200051fa:	4613      	mov	r3, r2
200051fc:	f341 12c0 	sbfx	r2, r1, #7, #1
20005200:	f001 040f 	and.w	r4, r1, #15
20005204:	f002 0214 	and.w	r2, r2, #20
20005208:	fb10 2004 	smlabb	r0, r0, r4, r2
2000520c:	4e10      	ldr	r6, [pc, #64]	@ (20005250 <dcd_edpt_xfer+0x5c>)
2000520e:	b082      	sub	sp, #8
20005210:	4430      	add	r0, r6
20005212:	09c9      	lsrs	r1, r1, #7
20005214:	b1a4      	cbz	r4, 20005240 <dcd_edpt_xfer+0x4c>
20005216:	4a0f      	ldr	r2, [pc, #60]	@ (20005254 <dcd_edpt_xfer+0x60>)
20005218:	eb02 02c4 	add.w	r2, r2, r4, lsl #3
2000521c:	00e4      	lsls	r4, r4, #3
2000521e:	f104 44a0 	add.w	r4, r4, #1342177280	@ 0x50000000
20005222:	f504 1480 	add.w	r4, r4, #1048576	@ 0x100000
20005226:	b949      	cbnz	r1, 2000523c <dcd_edpt_xfer+0x48>
20005228:	1d21      	adds	r1, r4, #4
2000522a:	3204      	adds	r2, #4
2000522c:	2400      	movs	r4, #0
2000522e:	9501      	str	r5, [sp, #4]
20005230:	9400      	str	r4, [sp, #0]
20005232:	f000 f92b 	bl	2000548c <rp2usb_xfer_start>
20005236:	2001      	movs	r0, #1
20005238:	b002      	add	sp, #8
2000523a:	bd70      	pop	{r4, r5, r6, pc}
2000523c:	4621      	mov	r1, r4
2000523e:	e7f5      	b.n	2000522c <dcd_edpt_xfer+0x38>
20005240:	b911      	cbnz	r1, 20005248 <dcd_edpt_xfer+0x54>
20005242:	4621      	mov	r1, r4
20005244:	4a03      	ldr	r2, [pc, #12]	@ (20005254 <dcd_edpt_xfer+0x60>)
20005246:	e7f0      	b.n	2000522a <dcd_edpt_xfer+0x36>
20005248:	4621      	mov	r1, r4
2000524a:	4a02      	ldr	r2, [pc, #8]	@ (20005254 <dcd_edpt_xfer+0x60>)
2000524c:	e7ee      	b.n	2000522c <dcd_edpt_xfer+0x38>
2000524e:	bf00      	nop
20005250:	200096d0 	.word	0x200096d0
20005254:	50100080 	.word	0x50100080

20005258 <dcd_edpt_stall>:
20005258:	b5f8      	push	{r3, r4, r5, r6, r7, lr}
2000525a:	f341 10c0 	sbfx	r0, r1, #7, #1
2000525e:	f001 060f 	and.w	r6, r1, #15
20005262:	4b1f      	ldr	r3, [pc, #124]	@ (200052e0 <dcd_edpt_stall+0x88>)
20005264:	f000 0014 	and.w	r0, r0, #20
20005268:	eb06 0286 	add.w	r2, r6, r6, lsl #2
2000526c:	eb00 00c2 	add.w	r0, r0, r2, lsl #3
20005270:	09cd      	lsrs	r5, r1, #7
20005272:	f011 010f 	ands.w	r1, r1, #15
20005276:	4418      	add	r0, r3
20005278:	d103      	bne.n	20005282 <dcd_edpt_stall+0x2a>
2000527a:	4a1a      	ldr	r2, [pc, #104]	@ (200052e4 <dcd_edpt_stall+0x8c>)
2000527c:	f1c5 0402 	rsb	r4, r5, #2
20005280:	6694      	str	r4, [r2, #104]	@ 0x68
20005282:	2401      	movs	r4, #1
20005284:	eb01 0181 	add.w	r1, r1, r1, lsl #2
20005288:	eb05 0285 	add.w	r2, r5, r5, lsl #2
2000528c:	00c9      	lsls	r1, r1, #3
2000528e:	eb01 0182 	add.w	r1, r1, r2, lsl #2
20005292:	5c59      	ldrb	r1, [r3, r1]
20005294:	4a13      	ldr	r2, [pc, #76]	@ (200052e4 <dcd_edpt_stall+0x8c>)
20005296:	09cf      	lsrs	r7, r1, #7
20005298:	ea87 0304 	eor.w	r3, r7, r4
2000529c:	f001 010f 	and.w	r1, r1, #15
200052a0:	ea43 0341 	orr.w	r3, r3, r1, lsl #1
200052a4:	409c      	lsls	r4, r3
200052a6:	6614      	str	r4, [r2, #96]	@ 0x60
200052a8:	f5a2 5200 	sub.w	r2, r2, #8192	@ 0x2000
200052ac:	6e53      	ldr	r3, [r2, #100]	@ 0x64
200052ae:	ea34 0303 	bics.w	r3, r4, r3
200052b2:	d1fb      	bne.n	200052ac <dcd_edpt_stall+0x54>
200052b4:	4b0c      	ldr	r3, [pc, #48]	@ (200052e8 <dcd_edpt_stall+0x90>)
200052b6:	eb03 03c1 	add.w	r3, r3, r1, lsl #3
200052ba:	b907      	cbnz	r7, 200052be <dcd_edpt_stall+0x66>
200052bc:	3304      	adds	r3, #4
200052be:	2200      	movs	r2, #0
200052c0:	601a      	str	r2, [r3, #0]
200052c2:	f000 f8dd 	bl	20005480 <rp2usb_reset_transfer>
200052c6:	4a09      	ldr	r2, [pc, #36]	@ (200052ec <dcd_edpt_stall+0x94>)
200052c8:	4b07      	ldr	r3, [pc, #28]	@ (200052e8 <dcd_edpt_stall+0x90>)
200052ca:	6654      	str	r4, [r2, #100]	@ 0x64
200052cc:	eb03 03c6 	add.w	r3, r3, r6, lsl #3
200052d0:	6614      	str	r4, [r2, #96]	@ 0x60
200052d2:	b905      	cbnz	r5, 200052d6 <dcd_edpt_stall+0x7e>
200052d4:	3304      	adds	r3, #4
200052d6:	f44f 6200 	mov.w	r2, #2048	@ 0x800
200052da:	601a      	str	r2, [r3, #0]
200052dc:	bdf8      	pop	{r3, r4, r5, r6, r7, pc}
200052de:	bf00      	nop
200052e0:	200096d0 	.word	0x200096d0
200052e4:	50112000 	.word	0x50112000
200052e8:	50100080 	.word	0x50100080
200052ec:	50113000 	.word	0x50113000

200052f0 <dcd_edpt_clear_stall>:
200052f0:	e92d 4ff0 	stmdb	sp!, {r4, r5, r6, r7, r8, r9, sl, fp, lr}
200052f4:	f011 050f 	ands.w	r5, r1, #15
200052f8:	b087      	sub	sp, #28
200052fa:	d019      	beq.n	20005330 <dcd_edpt_clear_stall+0x40>
200052fc:	09cc      	lsrs	r4, r1, #7
200052fe:	eb05 0085 	add.w	r0, r5, r5, lsl #2
20005302:	eb04 0384 	add.w	r3, r4, r4, lsl #2
20005306:	4a47      	ldr	r2, [pc, #284]	@ (20005424 <dcd_edpt_clear_stall+0x134>)
20005308:	00c0      	lsls	r0, r0, #3
2000530a:	eb00 0083 	add.w	r0, r0, r3, lsl #2
2000530e:	4410      	add	r0, r2
20005310:	7883      	ldrb	r3, [r0, #2]
20005312:	4e45      	ldr	r6, [pc, #276]	@ (20005428 <dcd_edpt_clear_stall+0x138>)
20005314:	2b01      	cmp	r3, #1
20005316:	eb06 06c5 	add.w	r6, r6, r5, lsl #3
2000531a:	ea4f 0184 	mov.w	r1, r4, lsl #2
2000531e:	ea4f 0885 	mov.w	r8, r5, lsl #2
20005322:	d008      	beq.n	20005336 <dcd_edpt_clear_stall+0x46>
20005324:	2300      	movs	r3, #0
20005326:	7043      	strb	r3, [r0, #1]
20005328:	b904      	cbnz	r4, 2000532c <dcd_edpt_clear_stall+0x3c>
2000532a:	3604      	adds	r6, #4
2000532c:	2300      	movs	r3, #0
2000532e:	6033      	str	r3, [r6, #0]
20005330:	b007      	add	sp, #28
20005332:	e8bd 8ff0 	ldmia.w	sp!, {r4, r5, r6, r7, r8, r9, sl, fp, pc}
20005336:	00ef      	lsls	r7, r5, #3
20005338:	f107 47a0 	add.w	r7, r7, #1342177280	@ 0x50000000
2000533c:	68c3      	ldr	r3, [r0, #12]
2000533e:	f8b0 9010 	ldrh.w	r9, [r0, #16]
20005342:	f8b0 a012 	ldrh.w	sl, [r0, #18]
20005346:	f507 1780 	add.w	r7, r7, #1048576	@ 0x100000
2000534a:	2c00      	cmp	r4, #0
2000534c:	d167      	bne.n	2000541e <dcd_edpt_clear_stall+0x12e>
2000534e:	1d38      	adds	r0, r7, #4
20005350:	9005      	str	r0, [sp, #20]
20005352:	3604      	adds	r6, #4
20005354:	6830      	ldr	r0, [r6, #0]
20005356:	f410 6780 	ands.w	r7, r0, #1024	@ 0x400
2000535a:	bf18      	it	ne
2000535c:	f3c0 0709 	ubfxne	r7, r0, #0, #10
20005360:	f010 6f80 	tst.w	r0, #67108864	@ 0x4000000
20005364:	d003      	beq.n	2000536e <dcd_edpt_clear_stall+0x7e>
20005366:	f3c0 4009 	ubfx	r0, r0, #16, #10
2000536a:	4438      	add	r0, r7
2000536c:	b287      	uxth	r7, r0
2000536e:	44b9      	add	r9, r7
20005370:	fa1f f989 	uxth.w	r9, r9
20005374:	b104      	cbz	r4, 20005378 <dcd_edpt_clear_stall+0x88>
20005376:	1bdb      	subs	r3, r3, r7
20005378:	2701      	movs	r7, #1
2000537a:	eb08 0005 	add.w	r0, r8, r5
2000537e:	eb01 0c04 	add.w	ip, r1, r4
20005382:	00c0      	lsls	r0, r0, #3
20005384:	eb00 008c 	add.w	r0, r0, ip, lsl #2
20005388:	f812 e000 	ldrb.w	lr, [r2, r0]
2000538c:	f8df c0a0 	ldr.w	ip, [pc, #160]	@ 20005430 <dcd_edpt_clear_stall+0x140>
20005390:	ea4f 1bde 	mov.w	fp, lr, lsr #7
20005394:	ea8b 0007 	eor.w	r0, fp, r7
20005398:	f00e 0e0f 	and.w	lr, lr, #15
2000539c:	ea40 004e 	orr.w	r0, r0, lr, lsl #1
200053a0:	4087      	lsls	r7, r0
200053a2:	f8cc 7060 	str.w	r7, [ip, #96]	@ 0x60
200053a6:	f5ac 5c00 	sub.w	ip, ip, #8192	@ 0x2000
200053aa:	f8dc 0064 	ldr.w	r0, [ip, #100]	@ 0x64
200053ae:	ea37 0000 	bics.w	r0, r7, r0
200053b2:	d1fa      	bne.n	200053aa <dcd_edpt_clear_stall+0xba>
200053b4:	481c      	ldr	r0, [pc, #112]	@ (20005428 <dcd_edpt_clear_stall+0x138>)
200053b6:	eb00 00ce 	add.w	r0, r0, lr, lsl #3
200053ba:	f1bb 0f00 	cmp.w	fp, #0
200053be:	d100      	bne.n	200053c2 <dcd_edpt_clear_stall+0xd2>
200053c0:	3004      	adds	r0, #4
200053c2:	f04f 0b00 	mov.w	fp, #0
200053c6:	f04f 0c28 	mov.w	ip, #40	@ 0x28
200053ca:	f8c0 b000 	str.w	fp, [r0]
200053ce:	4260      	negs	r0, r4
200053d0:	f000 0014 	and.w	r0, r0, #20
200053d4:	fb1c 0005 	smlabb	r0, ip, r5, r0
200053d8:	4410      	add	r0, r2
200053da:	e9cd 3103 	strd	r3, r1, [sp, #12]
200053de:	9002      	str	r0, [sp, #8]
200053e0:	f000 f84e 	bl	20005480 <rp2usb_reset_transfer>
200053e4:	9904      	ldr	r1, [sp, #16]
200053e6:	44a8      	add	r8, r5
200053e8:	4421      	add	r1, r4
200053ea:	4a0e      	ldr	r2, [pc, #56]	@ (20005424 <dcd_edpt_clear_stall+0x134>)
200053ec:	ea4f 04c8 	mov.w	r4, r8, lsl #3
200053f0:	4d0e      	ldr	r5, [pc, #56]	@ (2000542c <dcd_edpt_clear_stall+0x13c>)
200053f2:	eb04 0481 	add.w	r4, r4, r1, lsl #2
200053f6:	4414      	add	r4, r2
200053f8:	9b03      	ldr	r3, [sp, #12]
200053fa:	9905      	ldr	r1, [sp, #20]
200053fc:	9802      	ldr	r0, [sp, #8]
200053fe:	4632      	mov	r2, r6
20005400:	666f      	str	r7, [r5, #100]	@ 0x64
20005402:	662f      	str	r7, [r5, #96]	@ 0x60
20005404:	e9cd b900 	strd	fp, r9, [sp]
20005408:	f884 b001 	strb.w	fp, [r4, #1]
2000540c:	f000 f83e 	bl	2000548c <rp2usb_xfer_start>
20005410:	8a63      	ldrh	r3, [r4, #18]
20005412:	449a      	add	sl, r3
20005414:	f8a4 a012 	strh.w	sl, [r4, #18]
20005418:	b007      	add	sp, #28
2000541a:	e8bd 8ff0 	ldmia.w	sp!, {r4, r5, r6, r7, r8, r9, sl, fp, pc}
2000541e:	9705      	str	r7, [sp, #20]
20005420:	e798      	b.n	20005354 <dcd_edpt_clear_stall+0x64>
20005422:	bf00      	nop
20005424:	200096d0 	.word	0x200096d0
20005428:	50100080 	.word	0x50100080
2000542c:	50113000 	.word	0x50113000
20005430:	50112000 	.word	0x50112000

20005434 <rp2usb_init>:
20005434:	f04f 5280 	mov.w	r2, #268435456	@ 0x10000000
20005438:	480b      	ldr	r0, [pc, #44]	@ (20005468 <rp2usb_init+0x34>)
2000543a:	490c      	ldr	r1, [pc, #48]	@ (2000546c <rp2usb_init+0x38>)
2000543c:	b508      	push	{r3, lr}
2000543e:	4b0c      	ldr	r3, [pc, #48]	@ (20005470 <rp2usb_init+0x3c>)
20005440:	6002      	str	r2, [r0, #0]
20005442:	600a      	str	r2, [r1, #0]
20005444:	6899      	ldr	r1, [r3, #8]
20005446:	43c9      	mvns	r1, r1
20005448:	f011 5180 	ands.w	r1, r1, #268435456	@ 0x10000000
2000544c:	d1fa      	bne.n	20005444 <rp2usb_init+0x10>
2000544e:	f44f 5280 	mov.w	r2, #4096	@ 0x1000
20005452:	4808      	ldr	r0, [pc, #32]	@ (20005474 <rp2usb_init+0x40>)
20005454:	f002 fbee 	bl	20007c34 <memset>
20005458:	2209      	movs	r2, #9
2000545a:	4b07      	ldr	r3, [pc, #28]	@ (20005478 <rp2usb_init+0x44>)
2000545c:	4807      	ldr	r0, [pc, #28]	@ (2000547c <rp2usb_init+0x48>)
2000545e:	675a      	str	r2, [r3, #116]	@ 0x74
20005460:	e8bd 4008 	ldmia.w	sp!, {r3, lr}
20005464:	f7fc b97a 	b.w	2000175c <critical_section_init>
20005468:	40022000 	.word	0x40022000
2000546c:	40023000 	.word	0x40023000
20005470:	40020000 	.word	0x40020000
20005474:	50100000 	.word	0x50100000
20005478:	50110000 	.word	0x50110000
2000547c:	20009988 	.word	0x20009988

20005480 <rp2usb_reset_transfer>:
20005480:	2300      	movs	r3, #0
20005482:	e9c0 3303 	strd	r3, r3, [r0, #12]
20005486:	7083      	strb	r3, [r0, #2]
20005488:	4770      	bx	lr
2000548a:	bf00      	nop

2000548c <rp2usb_xfer_start>:
2000548c:	e92d 4ff0 	stmdb	sp!, {r4, r5, r6, r7, r8, r9, sl, fp, lr}
20005490:	4604      	mov	r4, r0
20005492:	f04f 0801 	mov.w	r8, #1
20005496:	f04f 0e00 	mov.w	lr, #0
2000549a:	4618      	mov	r0, r3
2000549c:	f8df c1a4 	ldr.w	ip, [pc, #420]	@ 20005644 <rp2usb_xfer_start+0x1b8>
200054a0:	f884 8002 	strb.w	r8, [r4, #2]
200054a4:	f8dc 3040 	ldr.w	r3, [ip, #64]	@ 0x40
200054a8:	b085      	sub	sp, #20
200054aa:	f8bd 503c 	ldrh.w	r5, [sp, #60]	@ 0x3c
200054ae:	f894 8000 	ldrb.w	r8, [r4]
200054b2:	f003 0a02 	and.w	sl, r3, #2
200054b6:	45f2      	cmp	sl, lr
200054b8:	460f      	mov	r7, r1
200054ba:	4616      	mov	r6, r2
200054bc:	bf14      	ite	ne
200054be:	f04f 0901 	movne.w	r9, #1
200054c2:	46f1      	moveq	r9, lr
200054c4:	68a1      	ldr	r1, [r4, #8]
200054c6:	f8a4 e012 	strh.w	lr, [r4, #18]
200054ca:	8225      	strh	r5, [r4, #16]
200054cc:	60e0      	str	r0, [r4, #12]
200054ce:	ea4f 18d8 	mov.w	r8, r8, lsr #7
200054d2:	d104      	bne.n	200054de <rp2usb_xfer_start+0x52>
200054d4:	f894 b004 	ldrb.w	fp, [r4, #4]
200054d8:	f1bb 0f00 	cmp.w	fp, #0
200054dc:	d147      	bne.n	2000556e <rp2usb_xfer_start+0xe2>
200054de:	88e0      	ldrh	r0, [r4, #6]
200054e0:	7863      	ldrb	r3, [r4, #1]
200054e2:	42a8      	cmp	r0, r5
200054e4:	bf28      	it	cs
200054e6:	4628      	movcs	r0, r5
200054e8:	1a2d      	subs	r5, r5, r0
200054ea:	b2ad      	uxth	r5, r5
200054ec:	8225      	strh	r5, [r4, #16]
200054ee:	2b00      	cmp	r3, #0
200054f0:	d13a      	bne.n	20005568 <rp2usb_xfer_start+0xdc>
200054f2:	f440 6c80 	orr.w	ip, r0, #1024	@ 0x400
200054f6:	f083 0301 	eor.w	r3, r3, #1
200054fa:	45c8      	cmp	r8, r9
200054fc:	7063      	strb	r3, [r4, #1]
200054fe:	d012      	beq.n	20005526 <rp2usb_xfer_start+0x9a>
20005500:	b178      	cbz	r0, 20005522 <rp2usb_xfer_start+0x96>
20005502:	68e5      	ldr	r5, [r4, #12]
20005504:	eb05 0e00 	add.w	lr, r5, r0
20005508:	462a      	mov	r2, r5
2000550a:	7812      	ldrb	r2, [r2, #0]
2000550c:	3501      	adds	r5, #1
2000550e:	b2d2      	uxtb	r2, r2
20005510:	4575      	cmp	r5, lr
20005512:	700a      	strb	r2, [r1, #0]
20005514:	f101 0101 	add.w	r1, r1, #1
20005518:	d1f6      	bne.n	20005508 <rp2usb_xfer_start+0x7c>
2000551a:	68e3      	ldr	r3, [r4, #12]
2000551c:	8a25      	ldrh	r5, [r4, #16]
2000551e:	4403      	add	r3, r0
20005520:	60e3      	str	r3, [r4, #12]
20005522:	f44c 4c00 	orr.w	ip, ip, #32768	@ 0x8000
20005526:	2d00      	cmp	r5, #0
20005528:	d039      	beq.n	2000559e <rp2usb_xfer_start+0x112>
2000552a:	f44c 5380 	orr.w	r3, ip, #4096	@ 0x1000
2000552e:	b147      	cbz	r7, 20005542 <rp2usb_xfer_start+0xb6>
20005530:	683a      	ldr	r2, [r7, #0]
20005532:	f002 6140 	and.w	r1, r2, #201326592	@ 0xc000000
20005536:	f1b1 6f80 	cmp.w	r1, #67108864	@ 0x4000000
2000553a:	d136      	bne.n	200055aa <rp2usb_xfer_start+0x11e>
2000553c:	f022 4280 	bic.w	r2, r2, #1073741824	@ 0x40000000
20005540:	603a      	str	r2, [r7, #0]
20005542:	6832      	ldr	r2, [r6, #0]
20005544:	401a      	ands	r2, r3
20005546:	f012 2f04 	tst.w	r2, #67109888	@ 0x4000400
2000554a:	d176      	bne.n	2000563a <rp2usb_xfer_start+0x1ae>
2000554c:	4a3d      	ldr	r2, [pc, #244]	@ (20005644 <rp2usb_xfer_start+0x1b8>)
2000554e:	f023 2104 	bic.w	r1, r3, #67109888	@ 0x4000400
20005552:	6031      	str	r1, [r6, #0]
20005554:	6c12      	ldr	r2, [r2, #64]	@ 0x40
20005556:	0792      	lsls	r2, r2, #30
20005558:	d402      	bmi.n	20005560 <rp2usb_xfer_start+0xd4>
2000555a:	220c      	movs	r2, #12
2000555c:	3a03      	subs	r2, #3
2000555e:	d2fd      	bcs.n	2000555c <rp2usb_xfer_start+0xd0>
20005560:	6033      	str	r3, [r6, #0]
20005562:	b005      	add	sp, #20
20005564:	e8bd 8ff0 	ldmia.w	sp!, {r4, r5, r6, r7, r8, r9, sl, fp, pc}
20005568:	f440 5c10 	orr.w	ip, r0, #9216	@ 0x2400
2000556c:	e7c3      	b.n	200054f6 <rp2usb_xfer_start+0x6a>
2000556e:	78e3      	ldrb	r3, [r4, #3]
20005570:	465a      	mov	r2, fp
20005572:	eb01 1183 	add.w	r1, r1, r3, lsl #6
20005576:	f002 fbaf 	bl	20007cd8 <memcpy>
2000557a:	8a62      	ldrh	r2, [r4, #18]
2000557c:	8a25      	ldrh	r5, [r4, #16]
2000557e:	68e3      	ldr	r3, [r4, #12]
20005580:	445a      	add	r2, fp
20005582:	eba5 050b 	sub.w	r5, r5, fp
20005586:	b292      	uxth	r2, r2
20005588:	b2ad      	uxth	r5, r5
2000558a:	445b      	add	r3, fp
2000558c:	f8a4 a003 	strh.w	sl, [r4, #3]
20005590:	8262      	strh	r2, [r4, #18]
20005592:	8225      	strh	r5, [r4, #16]
20005594:	60e3      	str	r3, [r4, #12]
20005596:	2d00      	cmp	r5, #0
20005598:	d03d      	beq.n	20005616 <rp2usb_xfer_start+0x18a>
2000559a:	68a1      	ldr	r1, [r4, #8]
2000559c:	e79f      	b.n	200054de <rp2usb_xfer_start+0x52>
2000559e:	f44c 43a0 	orr.w	r3, ip, #20480	@ 0x5000
200055a2:	2f00      	cmp	r7, #0
200055a4:	d0cd      	beq.n	20005542 <rp2usb_xfer_start+0xb6>
200055a6:	683a      	ldr	r2, [r7, #0]
200055a8:	e7c8      	b.n	2000553c <rp2usb_xfer_start+0xb0>
200055aa:	f8b4 c006 	ldrh.w	ip, [r4, #6]
200055ae:	7860      	ldrb	r0, [r4, #1]
200055b0:	45ac      	cmp	ip, r5
200055b2:	bf28      	it	cs
200055b4:	46ac      	movcs	ip, r5
200055b6:	eba5 050c 	sub.w	r5, r5, ip
200055ba:	b2ad      	uxth	r5, r5
200055bc:	68a1      	ldr	r1, [r4, #8]
200055be:	8225      	strh	r5, [r4, #16]
200055c0:	bb30      	cbnz	r0, 20005610 <rp2usb_xfer_start+0x184>
200055c2:	f44c 6e80 	orr.w	lr, ip, #1024	@ 0x400
200055c6:	f080 0001 	eor.w	r0, r0, #1
200055ca:	45c8      	cmp	r8, r9
200055cc:	7060      	strb	r0, [r4, #1]
200055ce:	d017      	beq.n	20005600 <rp2usb_xfer_start+0x174>
200055d0:	f1bc 0f00 	cmp.w	ip, #0
200055d4:	d012      	beq.n	200055fc <rp2usb_xfer_start+0x170>
200055d6:	f101 0840 	add.w	r8, r1, #64	@ 0x40
200055da:	68e1      	ldr	r1, [r4, #12]
200055dc:	eb01 090c 	add.w	r9, r1, ip
200055e0:	460d      	mov	r5, r1
200055e2:	782d      	ldrb	r5, [r5, #0]
200055e4:	3101      	adds	r1, #1
200055e6:	b2ed      	uxtb	r5, r5
200055e8:	4549      	cmp	r1, r9
200055ea:	f888 5000 	strb.w	r5, [r8]
200055ee:	f108 0801 	add.w	r8, r8, #1
200055f2:	d1f5      	bne.n	200055e0 <rp2usb_xfer_start+0x154>
200055f4:	68e1      	ldr	r1, [r4, #12]
200055f6:	8a25      	ldrh	r5, [r4, #16]
200055f8:	4461      	add	r1, ip
200055fa:	60e1      	str	r1, [r4, #12]
200055fc:	f44e 4e00 	orr.w	lr, lr, #32768	@ 0x8000
20005600:	b90d      	cbnz	r5, 20005606 <rp2usb_xfer_start+0x17a>
20005602:	f44e 4e80 	orr.w	lr, lr, #16384	@ 0x4000
20005606:	ea43 430e 	orr.w	r3, r3, lr, lsl #16
2000560a:	f042 4280 	orr.w	r2, r2, #1073741824	@ 0x40000000
2000560e:	e797      	b.n	20005540 <rp2usb_xfer_start+0xb4>
20005610:	f44c 5e10 	orr.w	lr, ip, #9216	@ 0x2400
20005614:	e7d7      	b.n	200055c6 <rp2usb_xfer_start+0x13a>
20005616:	f44f 6300 	mov.w	r3, #2048	@ 0x800
2000561a:	7820      	ldrb	r0, [r4, #0]
2000561c:	4629      	mov	r1, r5
2000561e:	f88d 0008 	strb.w	r0, [sp, #8]
20005622:	e9c4 5503 	strd	r5, r5, [r4, #12]
20005626:	70a5      	strb	r5, [r4, #2]
20005628:	a801      	add	r0, sp, #4
2000562a:	9203      	str	r2, [sp, #12]
2000562c:	f88d 5009 	strb.w	r5, [sp, #9]
20005630:	f8ad 3004 	strh.w	r3, [sp, #4]
20005634:	f002 fdbc 	bl	200081b0 <dcd_event_handler>
20005638:	e793      	b.n	20005562 <rp2usb_xfer_start+0xd6>
2000563a:	4631      	mov	r1, r6
2000563c:	4802      	ldr	r0, [pc, #8]	@ (20005648 <rp2usb_xfer_start+0x1bc>)
2000563e:	f7fb fd87 	bl	20001150 <panic>
20005642:	bf00      	nop
20005644:	50110000 	.word	0x50110000
20005648:	20008964 	.word	0x20008964

2000564c <rp2usb_xfer_continue>:
2000564c:	e92d 4ff0 	stmdb	sp!, {r4, r5, r6, r7, r8, r9, sl, fp, lr}
20005650:	7884      	ldrb	r4, [r0, #2]
20005652:	b083      	sub	sp, #12
20005654:	f89d 9030 	ldrb.w	r9, [sp, #48]	@ 0x30
20005658:	2c00      	cmp	r4, #0
2000565a:	d05d      	beq.n	20005718 <rp2usb_xfer_continue+0xcc>
2000565c:	4c62      	ldr	r4, [pc, #392]	@ (200057e8 <rp2usb_xfer_continue+0x19c>)
2000565e:	f8d4 b040 	ldr.w	fp, [r4, #64]	@ 0x40
20005662:	b111      	cbz	r1, 2000566a <rp2usb_xfer_continue+0x1e>
20005664:	6809      	ldr	r1, [r1, #0]
20005666:	f3c1 7180 	ubfx	r1, r1, #30, #1
2000566a:	f8d0 8008 	ldr.w	r8, [r0, #8]
2000566e:	b10b      	cbz	r3, 20005674 <rp2usb_xfer_continue+0x28>
20005670:	f108 0840 	add.w	r8, r8, #64	@ 0x40
20005674:	fa0f fa83 	sxth.w	sl, r3
20005678:	f832 501a 	ldrh.w	r5, [r2, sl, lsl #1]
2000567c:	eb02 0c43 	add.w	ip, r2, r3, lsl #1
20005680:	b2af      	uxth	r7, r5
20005682:	f3c5 0509 	ubfx	r5, r5, #0, #10
20005686:	f1b9 0f00 	cmp.w	r9, #0
2000568a:	d016      	beq.n	200056ba <rp2usb_xfer_continue+0x6e>
2000568c:	68c4      	ldr	r4, [r0, #12]
2000568e:	b195      	cbz	r5, 200056b6 <rp2usb_xfer_continue+0x6a>
20005690:	46c6      	mov	lr, r8
20005692:	e9cd c800 	strd	ip, r8, [sp]
20005696:	1966      	adds	r6, r4, r5
20005698:	46a0      	mov	r8, r4
2000569a:	f89e c000 	ldrb.w	ip, [lr]
2000569e:	3401      	adds	r4, #1
200056a0:	fa5f fc8c 	uxtb.w	ip, ip
200056a4:	42b4      	cmp	r4, r6
200056a6:	f10e 0e01 	add.w	lr, lr, #1
200056aa:	f888 c000 	strb.w	ip, [r8]
200056ae:	d1f3      	bne.n	20005698 <rp2usb_xfer_continue+0x4c>
200056b0:	e9dd c800 	ldrd	ip, r8, [sp]
200056b4:	68c4      	ldr	r4, [r0, #12]
200056b6:	442c      	add	r4, r5
200056b8:	60c4      	str	r4, [r0, #12]
200056ba:	8a44      	ldrh	r4, [r0, #18]
200056bc:	f407 4780 	and.w	r7, r7, #16384	@ 0x4000
200056c0:	442c      	add	r4, r5
200056c2:	8244      	strh	r4, [r0, #18]
200056c4:	88c4      	ldrh	r4, [r0, #6]
200056c6:	42a5      	cmp	r5, r4
200056c8:	d222      	bcs.n	20005710 <rp2usb_xfer_continue+0xc4>
200056ca:	2400      	movs	r4, #0
200056cc:	8204      	strh	r4, [r0, #16]
200056ce:	b1e9      	cbz	r1, 2000570c <rp2usb_xfer_continue+0xc0>
200056d0:	f1b9 0f00 	cmp.w	r9, #0
200056d4:	d01a      	beq.n	2000570c <rp2usb_xfer_continue+0xc0>
200056d6:	b9cf      	cbnz	r7, 2000570c <rp2usb_xfer_continue+0xc0>
200056d8:	f01b 0f02 	tst.w	fp, #2
200056dc:	7801      	ldrb	r1, [r0, #0]
200056de:	d05d      	beq.n	2000579c <rp2usb_xfer_continue+0x150>
200056e0:	4c41      	ldr	r4, [pc, #260]	@ (200057e8 <rp2usb_xfer_continue+0x19c>)
200056e2:	4942      	ldr	r1, [pc, #264]	@ (200057ec <rp2usb_xfer_continue+0x1a0>)
200056e4:	6ce5      	ldr	r5, [r4, #76]	@ 0x4c
200056e6:	4029      	ands	r1, r5
200056e8:	f041 0110 	orr.w	r1, r1, #16
200056ec:	64e1      	str	r1, [r4, #76]	@ 0x4c
200056ee:	6ce1      	ldr	r1, [r4, #76]	@ 0x4c
200056f0:	f011 0110 	ands.w	r1, r1, #16
200056f4:	d1fb      	bne.n	200056ee <rp2usb_xfer_continue+0xa2>
200056f6:	f083 0301 	eor.w	r3, r3, #1
200056fa:	f832 3013 	ldrh.w	r3, [r2, r3, lsl #1]
200056fe:	041b      	lsls	r3, r3, #16
20005700:	d403      	bmi.n	2000570a <rp2usb_xfer_continue+0xbe>
20005702:	7843      	ldrb	r3, [r0, #1]
20005704:	f083 0301 	eor.w	r3, r3, #1
20005708:	7043      	strb	r3, [r0, #1]
2000570a:	6011      	str	r1, [r2, #0]
2000570c:	2001      	movs	r0, #1
2000570e:	e004      	b.n	2000571a <rp2usb_xfer_continue+0xce>
20005710:	2f00      	cmp	r7, #0
20005712:	d1fb      	bne.n	2000570c <rp2usb_xfer_continue+0xc0>
20005714:	8a03      	ldrh	r3, [r0, #16]
20005716:	b91b      	cbnz	r3, 20005720 <rp2usb_xfer_continue+0xd4>
20005718:	2000      	movs	r0, #0
2000571a:	b003      	add	sp, #12
2000571c:	e8bd 8ff0 	ldmia.w	sp!, {r4, r5, r6, r7, r8, r9, sl, fp, pc}
20005720:	429c      	cmp	r4, r3
20005722:	bf28      	it	cs
20005724:	461c      	movcs	r4, r3
20005726:	7841      	ldrb	r1, [r0, #1]
20005728:	1b1b      	subs	r3, r3, r4
2000572a:	b29b      	uxth	r3, r3
2000572c:	8203      	strh	r3, [r0, #16]
2000572e:	2900      	cmp	r1, #0
20005730:	d131      	bne.n	20005796 <rp2usb_xfer_continue+0x14a>
20005732:	f444 6580 	orr.w	r5, r4, #1024	@ 0x400
20005736:	f081 0101 	eor.w	r1, r1, #1
2000573a:	7041      	strb	r1, [r0, #1]
2000573c:	f1b9 0f00 	cmp.w	r9, #0
20005740:	d112      	bne.n	20005768 <rp2usb_xfer_continue+0x11c>
20005742:	b17c      	cbz	r4, 20005764 <rp2usb_xfer_continue+0x118>
20005744:	68c3      	ldr	r3, [r0, #12]
20005746:	191f      	adds	r7, r3, r4
20005748:	461e      	mov	r6, r3
2000574a:	7836      	ldrb	r6, [r6, #0]
2000574c:	3301      	adds	r3, #1
2000574e:	b2f6      	uxtb	r6, r6
20005750:	42bb      	cmp	r3, r7
20005752:	f888 6000 	strb.w	r6, [r8]
20005756:	f108 0801 	add.w	r8, r8, #1
2000575a:	d1f5      	bne.n	20005748 <rp2usb_xfer_continue+0xfc>
2000575c:	68c3      	ldr	r3, [r0, #12]
2000575e:	4423      	add	r3, r4
20005760:	60c3      	str	r3, [r0, #12]
20005762:	8a03      	ldrh	r3, [r0, #16]
20005764:	f445 4500 	orr.w	r5, r5, #32768	@ 0x8000
20005768:	b90b      	cbnz	r3, 2000576e <rp2usb_xfer_continue+0x122>
2000576a:	f445 4580 	orr.w	r5, r5, #16384	@ 0x4000
2000576e:	f832 301a 	ldrh.w	r3, [r2, sl, lsl #1]
20005772:	402b      	ands	r3, r5
20005774:	055b      	lsls	r3, r3, #21
20005776:	d433      	bmi.n	200057e0 <rp2usb_xfer_continue+0x194>
20005778:	f425 6380 	bic.w	r3, r5, #1024	@ 0x400
2000577c:	b29b      	uxth	r3, r3
2000577e:	491a      	ldr	r1, [pc, #104]	@ (200057e8 <rp2usb_xfer_continue+0x19c>)
20005780:	f822 301a 	strh.w	r3, [r2, sl, lsl #1]
20005784:	6c0b      	ldr	r3, [r1, #64]	@ 0x40
20005786:	079f      	lsls	r7, r3, #30
20005788:	d402      	bmi.n	20005790 <rp2usb_xfer_continue+0x144>
2000578a:	230c      	movs	r3, #12
2000578c:	3b03      	subs	r3, #3
2000578e:	d2fd      	bcs.n	2000578c <rp2usb_xfer_continue+0x140>
20005790:	f822 501a 	strh.w	r5, [r2, sl, lsl #1]
20005794:	e7c0      	b.n	20005718 <rp2usb_xfer_continue+0xcc>
20005796:	f444 5510 	orr.w	r5, r4, #9216	@ 0x2400
2000579a:	e7cc      	b.n	20005736 <rp2usb_xfer_continue+0xea>
2000579c:	2401      	movs	r4, #1
2000579e:	f001 010f 	and.w	r1, r1, #15
200057a2:	4e13      	ldr	r6, [pc, #76]	@ (200057f0 <rp2usb_xfer_continue+0x1a4>)
200057a4:	40a1      	lsls	r1, r4
200057a6:	408c      	lsls	r4, r1
200057a8:	4d0f      	ldr	r5, [pc, #60]	@ (200057e8 <rp2usb_xfer_continue+0x19c>)
200057aa:	6634      	str	r4, [r6, #96]	@ 0x60
200057ac:	6e69      	ldr	r1, [r5, #100]	@ 0x64
200057ae:	ea34 0101 	bics.w	r1, r4, r1
200057b2:	d1fb      	bne.n	200057ac <rp2usb_xfer_continue+0x160>
200057b4:	f083 0101 	eor.w	r1, r3, #1
200057b8:	f832 3011 	ldrh.w	r3, [r2, r1, lsl #1]
200057bc:	041e      	lsls	r6, r3, #16
200057be:	b29d      	uxth	r5, r3
200057c0:	d409      	bmi.n	200057d6 <rp2usb_xfer_continue+0x18a>
200057c2:	2100      	movs	r1, #0
200057c4:	7843      	ldrb	r3, [r0, #1]
200057c6:	f083 0301 	eor.w	r3, r3, #1
200057ca:	7043      	strb	r3, [r0, #1]
200057cc:	6011      	str	r1, [r2, #0]
200057ce:	4b09      	ldr	r3, [pc, #36]	@ (200057f4 <rp2usb_xfer_continue+0x1a8>)
200057d0:	665c      	str	r4, [r3, #100]	@ 0x64
200057d2:	661c      	str	r4, [r3, #96]	@ 0x60
200057d4:	e79a      	b.n	2000570c <rp2usb_xfer_continue+0xc0>
200057d6:	2300      	movs	r3, #0
200057d8:	7105      	strb	r5, [r0, #4]
200057da:	70c1      	strb	r1, [r0, #3]
200057dc:	6013      	str	r3, [r2, #0]
200057de:	e7f6      	b.n	200057ce <rp2usb_xfer_continue+0x182>
200057e0:	4661      	mov	r1, ip
200057e2:	4805      	ldr	r0, [pc, #20]	@ (200057f8 <rp2usb_xfer_continue+0x1ac>)
200057e4:	f7fb fcb4 	bl	20001150 <panic>
200057e8:	50110000 	.word	0x50110000
200057ec:	20008600 	.word	0x20008600
200057f0:	50112000 	.word	0x50112000
200057f4:	50113000 	.word	0x50113000
200057f8:	20008964 	.word	0x20008964

200057fc <configuration_reset>:
200057fc:	e92d 41f0 	stmdb	sp!, {r4, r5, r6, r7, r8, lr}
20005800:	4e20      	ldr	r6, [pc, #128]	@ (20005884 <configuration_reset+0x88>)
20005802:	7832      	ldrb	r2, [r6, #0]
20005804:	2aff      	cmp	r2, #255	@ 0xff
20005806:	d024      	beq.n	20005852 <configuration_reset+0x56>
20005808:	2400      	movs	r4, #0
2000580a:	4605      	mov	r5, r0
2000580c:	4621      	mov	r1, r4
2000580e:	f8df 8080 	ldr.w	r8, [pc, #128]	@ 20005890 <configuration_reset+0x94>
20005812:	4f1d      	ldr	r7, [pc, #116]	@ (20005888 <configuration_reset+0x8c>)
20005814:	e00d      	b.n	20005832 <configuration_reset+0x36>
20005816:	683b      	ldr	r3, [r7, #0]
20005818:	eb13 0380 	adds.w	r3, r3, r0, lsl #2
2000581c:	d010      	beq.n	20005840 <configuration_reset+0x44>
2000581e:	68db      	ldr	r3, [r3, #12]
20005820:	4628      	mov	r0, r5
20005822:	4798      	blx	r3
20005824:	7832      	ldrb	r2, [r6, #0]
20005826:	3401      	adds	r4, #1
20005828:	1c53      	adds	r3, r2, #1
2000582a:	b2e1      	uxtb	r1, r4
2000582c:	b2db      	uxtb	r3, r3
2000582e:	4299      	cmp	r1, r3
20005830:	d20f      	bcs.n	20005852 <configuration_reset+0x56>
20005832:	4291      	cmp	r1, r2
20005834:	eb04 00c4 	add.w	r0, r4, r4, lsl #3
20005838:	d3ed      	bcc.n	20005816 <configuration_reset+0x1a>
2000583a:	d101      	bne.n	20005840 <configuration_reset+0x44>
2000583c:	4643      	mov	r3, r8
2000583e:	e7ef      	b.n	20005820 <configuration_reset+0x24>
20005840:	f04f 23e0 	mov.w	r3, #3758153728	@ 0xe000e000
20005844:	f8d3 3df0 	ldr.w	r3, [r3, #3568]	@ 0xdf0
20005848:	07db      	lsls	r3, r3, #31
2000584a:	d500      	bpl.n	2000584e <configuration_reset+0x52>
2000584c:	be00      	bkpt	0x0000
2000584e:	e8bd 81f0 	ldmia.w	sp!, {r4, r5, r6, r7, r8, pc}
20005852:	4b0e      	ldr	r3, [pc, #56]	@ (2000588c <configuration_reset+0x90>)
20005854:	226c      	movs	r2, #108	@ 0x6c
20005856:	2100      	movs	r1, #0
20005858:	4618      	mov	r0, r3
2000585a:	f002 f9eb 	bl	20007c34 <memset>
2000585e:	f04f 34ff 	mov.w	r4, #4294967295	@ 0xffffffff
20005862:	4603      	mov	r3, r0
20005864:	f8c3 401b 	str.w	r4, [r3, #27]
20005868:	f8c3 401f 	str.w	r4, [r3, #31]
2000586c:	f8c3 4023 	str.w	r4, [r3, #35]	@ 0x23
20005870:	f8c3 4027 	str.w	r4, [r3, #39]	@ 0x27
20005874:	2220      	movs	r2, #32
20005876:	e8bd 41f0 	ldmia.w	sp!, {r4, r5, r6, r7, r8, lr}
2000587a:	21ff      	movs	r1, #255	@ 0xff
2000587c:	302b      	adds	r0, #43	@ 0x2b
2000587e:	f002 b9d9 	b.w	20007c34 <memset>
20005882:	bf00      	nop
20005884:	200099b2 	.word	0x200099b2
20005888:	20008f08 	.word	0x20008f08
2000588c:	200090d4 	.word	0x200090d4
20005890:	2000665d 	.word	0x2000665d

20005894 <tud_event_hook_cb>:
20005894:	4770      	bx	lr
20005896:	bf00      	nop

20005898 <tud_sof_cb>:
20005898:	4770      	bx	lr
2000589a:	bf00      	nop

2000589c <tud_descriptor_device_qualifier_cb>:
2000589c:	2000      	movs	r0, #0
2000589e:	4770      	bx	lr

200058a0 <tud_descriptor_other_speed_configuration_cb>:
200058a0:	2000      	movs	r0, #0
200058a2:	4770      	bx	lr

200058a4 <tud_mount_cb>:
200058a4:	4770      	bx	lr
200058a6:	bf00      	nop

200058a8 <tud_umount_cb>:
200058a8:	4770      	bx	lr
200058aa:	bf00      	nop

200058ac <tud_suspend_cb>:
200058ac:	4770      	bx	lr
200058ae:	bf00      	nop

200058b0 <tud_resume_cb>:
200058b0:	4770      	bx	lr
200058b2:	bf00      	nop

200058b4 <tud_mounted>:
200058b4:	4b02      	ldr	r3, [pc, #8]	@ (200058c0 <tud_mounted+0xc>)
200058b6:	7e18      	ldrb	r0, [r3, #24]
200058b8:	3800      	subs	r0, #0
200058ba:	bf18      	it	ne
200058bc:	2001      	movne	r0, #1
200058be:	4770      	bx	lr
200058c0:	200090d4 	.word	0x200090d4

200058c4 <tud_suspended>:
200058c4:	4b02      	ldr	r3, [pc, #8]	@ (200058d0 <tud_suspended+0xc>)
200058c6:	7d98      	ldrb	r0, [r3, #22]
200058c8:	3800      	subs	r0, #0
200058ca:	bf18      	it	ne
200058cc:	2001      	movne	r0, #1
200058ce:	4770      	bx	lr
200058d0:	200090d4 	.word	0x200090d4

200058d4 <tud_rhport_init>:
200058d4:	e92d 4ff8 	stmdb	sp!, {r3, r4, r5, r6, r7, r8, r9, sl, fp, lr}
200058d8:	f8df 80e8 	ldr.w	r8, [pc, #232]	@ 200059c4 <tud_rhport_init+0xf0>
200058dc:	f898 3000 	ldrb.w	r3, [r8]
200058e0:	2bff      	cmp	r3, #255	@ 0xff
200058e2:	d002      	beq.n	200058ea <tud_rhport_init+0x16>
200058e4:	2001      	movs	r0, #1
200058e6:	e8bd 8ff8 	ldmia.w	sp!, {r3, r4, r5, r6, r7, r8, r9, sl, fp, pc}
200058ea:	460d      	mov	r5, r1
200058ec:	2900      	cmp	r1, #0
200058ee:	d04b      	beq.n	20005988 <tud_rhport_init+0xb4>
200058f0:	2400      	movs	r4, #0
200058f2:	226c      	movs	r2, #108	@ 0x6c
200058f4:	2100      	movs	r1, #0
200058f6:	4606      	mov	r6, r0
200058f8:	4828      	ldr	r0, [pc, #160]	@ (2000599c <tud_rhport_init+0xc8>)
200058fa:	f002 f99b 	bl	20007c34 <memset>
200058fe:	4f28      	ldr	r7, [pc, #160]	@ (200059a0 <tud_rhport_init+0xcc>)
20005900:	4b28      	ldr	r3, [pc, #160]	@ (200059a4 <tud_rhport_init+0xd0>)
20005902:	4829      	ldr	r0, [pc, #164]	@ (200059a8 <tud_rhport_init+0xd4>)
20005904:	701c      	strb	r4, [r3, #0]
20005906:	f7fb ff29 	bl	2000175c <critical_section_init>
2000590a:	4638      	mov	r0, r7
2000590c:	f7fb ff18 	bl	20001740 <mutex_init>
20005910:	4b26      	ldr	r3, [pc, #152]	@ (200059ac <tud_rhport_init+0xd8>)
20005912:	4827      	ldr	r0, [pc, #156]	@ (200059b0 <tud_rhport_init+0xdc>)
20005914:	601f      	str	r7, [r3, #0]
20005916:	f7fb ff21 	bl	2000175c <critical_section_init>
2000591a:	4f26      	ldr	r7, [pc, #152]	@ (200059b4 <tud_rhport_init+0xe0>)
2000591c:	4826      	ldr	r0, [pc, #152]	@ (200059b8 <tud_rhport_init+0xe4>)
2000591e:	f001 fb2d 	bl	20006f7c <tu_fifo_clear>
20005922:	4a26      	ldr	r2, [pc, #152]	@ (200059bc <tud_rhport_init+0xe8>)
20005924:	4b26      	ldr	r3, [pc, #152]	@ (200059c0 <tud_rhport_init+0xec>)
20005926:	4638      	mov	r0, r7
20005928:	601a      	str	r2, [r3, #0]
2000592a:	f7ff f99b 	bl	20004c64 <usbd_app_driver_get_cb>
2000592e:	783a      	ldrb	r2, [r7, #0]
20005930:	f8df 9094 	ldr.w	r9, [pc, #148]	@ 200059c8 <tud_rhport_init+0xf4>
20005934:	2aff      	cmp	r2, #255	@ 0xff
20005936:	f8c9 0000 	str.w	r0, [r9]
2000593a:	d025      	beq.n	20005988 <tud_rhport_init+0xb4>
2000593c:	46a3      	mov	fp, r4
2000593e:	4621      	mov	r1, r4
20005940:	f8df a088 	ldr.w	sl, [pc, #136]	@ 200059cc <tud_rhport_init+0xf8>
20005944:	428a      	cmp	r2, r1
20005946:	d91c      	bls.n	20005982 <tud_rhport_init+0xae>
20005948:	f8d9 3000 	ldr.w	r3, [r9]
2000594c:	191b      	adds	r3, r3, r4
2000594e:	d01b      	beq.n	20005988 <tud_rhport_init+0xb4>
20005950:	685b      	ldr	r3, [r3, #4]
20005952:	b1cb      	cbz	r3, 20005988 <tud_rhport_init+0xb4>
20005954:	4798      	blx	r3
20005956:	783a      	ldrb	r2, [r7, #0]
20005958:	f10b 0b01 	add.w	fp, fp, #1
2000595c:	1c53      	adds	r3, r2, #1
2000595e:	b2db      	uxtb	r3, r3
20005960:	fa5f f18b 	uxtb.w	r1, fp
20005964:	428b      	cmp	r3, r1
20005966:	f104 0424 	add.w	r4, r4, #36	@ 0x24
2000596a:	d8eb      	bhi.n	20005944 <tud_rhport_init+0x70>
2000596c:	4629      	mov	r1, r5
2000596e:	4630      	mov	r0, r6
20005970:	f888 6000 	strb.w	r6, [r8]
20005974:	f7ff fb08 	bl	20004f88 <dcd_init>
20005978:	b130      	cbz	r0, 20005988 <tud_rhport_init+0xb4>
2000597a:	4630      	mov	r0, r6
2000597c:	f7ff fb6a 	bl	20005054 <dcd_int_enable>
20005980:	e7b0      	b.n	200058e4 <tud_rhport_init+0x10>
20005982:	d101      	bne.n	20005988 <tud_rhport_init+0xb4>
20005984:	4653      	mov	r3, sl
20005986:	e7e5      	b.n	20005954 <tud_rhport_init+0x80>
20005988:	f04f 23e0 	mov.w	r3, #3758153728	@ 0xe000e000
2000598c:	f8d3 3df0 	ldr.w	r3, [r3, #3568]	@ 0xdf0
20005990:	07db      	lsls	r3, r3, #31
20005992:	d500      	bpl.n	20005996 <tud_rhport_init+0xc2>
20005994:	be00      	bkpt	0x0000
20005996:	2000      	movs	r0, #0
20005998:	e7a5      	b.n	200058e6 <tud_rhport_init+0x12>
2000599a:	bf00      	nop
2000599c:	200090d4 	.word	0x200090d4
200059a0:	200090cc 	.word	0x200090cc
200059a4:	200099b4 	.word	0x200099b4
200059a8:	20009208 	.word	0x20009208
200059ac:	20009140 	.word	0x20009140
200059b0:	20008d10 	.word	0x20008d10
200059b4:	200099b2 	.word	0x200099b2
200059b8:	20008cfc 	.word	0x20008cfc
200059bc:	20008cf8 	.word	0x20008cf8
200059c0:	20009144 	.word	0x20009144
200059c4:	20008d18 	.word	0x20008d18
200059c8:	20008f08 	.word	0x20008f08
200059cc:	200065f9 	.word	0x200065f9

200059d0 <tud_control_status>:
200059d0:	b510      	push	{r4, lr}
200059d2:	4c1a      	ldr	r4, [pc, #104]	@ (20005a3c <tud_control_status+0x6c>)
200059d4:	b082      	sub	sp, #8
200059d6:	88e3      	ldrh	r3, [r4, #6]
200059d8:	b363      	cbz	r3, 20005a34 <tud_control_status+0x64>
200059da:	7823      	ldrb	r3, [r4, #0]
200059dc:	43db      	mvns	r3, r3
200059de:	f003 0180 	and.w	r1, r3, #128	@ 0x80
200059e2:	f3c3 13c0 	ubfx	r3, r3, #7, #1
200059e6:	441c      	add	r4, r3
200059e8:	f894 304b 	ldrb.w	r3, [r4, #75]	@ 0x4b
200059ec:	4a14      	ldr	r2, [pc, #80]	@ (20005a40 <tud_control_status+0x70>)
200059ee:	f013 0301 	ands.w	r3, r3, #1
200059f2:	7810      	ldrb	r0, [r2, #0]
200059f4:	d009      	beq.n	20005a0a <tud_control_status+0x3a>
200059f6:	f04f 23e0 	mov.w	r3, #3758153728	@ 0xe000e000
200059fa:	f8d3 3df0 	ldr.w	r3, [r3, #3568]	@ 0xdf0
200059fe:	07db      	lsls	r3, r3, #31
20005a00:	d500      	bpl.n	20005a04 <tud_control_status+0x34>
20005a02:	be00      	bkpt	0x0000
20005a04:	2000      	movs	r0, #0
20005a06:	b002      	add	sp, #8
20005a08:	bd10      	pop	{r4, pc}
20005a0a:	f894 204b 	ldrb.w	r2, [r4, #75]	@ 0x4b
20005a0e:	9300      	str	r3, [sp, #0]
20005a10:	f002 02f6 	and.w	r2, r2, #246	@ 0xf6
20005a14:	f042 0201 	orr.w	r2, r2, #1
20005a18:	f884 204b 	strb.w	r2, [r4, #75]	@ 0x4b
20005a1c:	461a      	mov	r2, r3
20005a1e:	f7ff fbe9 	bl	200051f4 <dcd_edpt_xfer>
20005a22:	2800      	cmp	r0, #0
20005a24:	d1ef      	bne.n	20005a06 <tud_control_status+0x36>
20005a26:	f894 304b 	ldrb.w	r3, [r4, #75]	@ 0x4b
20005a2a:	f003 03fa 	and.w	r3, r3, #250	@ 0xfa
20005a2e:	f884 304b 	strb.w	r3, [r4, #75]	@ 0x4b
20005a32:	e7e7      	b.n	20005a04 <tud_control_status+0x34>
20005a34:	2301      	movs	r3, #1
20005a36:	2180      	movs	r1, #128	@ 0x80
20005a38:	e7d5      	b.n	200059e6 <tud_control_status+0x16>
20005a3a:	bf00      	nop
20005a3c:	200090d4 	.word	0x200090d4
20005a40:	20008d18 	.word	0x20008d18

20005a44 <tud_control_xfer>:
20005a44:	b530      	push	{r4, r5, lr}
20005a46:	4c3d      	ldr	r4, [pc, #244]	@ (20005b3c <tud_control_xfer+0xf8>)
20005a48:	b085      	sub	sp, #20
20005a4a:	88e5      	ldrh	r5, [r4, #6]
20005a4c:	60a2      	str	r2, [r4, #8]
20005a4e:	42ab      	cmp	r3, r5
20005a50:	bf28      	it	cs
20005a52:	462b      	movcs	r3, r5
20005a54:	81a3      	strh	r3, [r4, #12]
20005a56:	2d00      	cmp	r5, #0
20005a58:	d03b      	beq.n	20005ad2 <tud_control_xfer+0x8e>
20005a5a:	4611      	mov	r1, r2
20005a5c:	4618      	mov	r0, r3
20005a5e:	b10b      	cbz	r3, 20005a64 <tud_control_xfer+0x20>
20005a60:	2a00      	cmp	r2, #0
20005a62:	d03d      	beq.n	20005ae0 <tud_control_xfer+0x9c>
20005a64:	89e5      	ldrh	r5, [r4, #14]
20005a66:	f994 2000 	ldrsb.w	r2, [r4]
20005a6a:	1b43      	subs	r3, r0, r5
20005a6c:	b29b      	uxth	r3, r3
20005a6e:	2b40      	cmp	r3, #64	@ 0x40
20005a70:	bf28      	it	cs
20005a72:	2340      	movcs	r3, #64	@ 0x40
20005a74:	2a00      	cmp	r2, #0
20005a76:	db1d      	blt.n	20005ab4 <tud_control_xfer+0x70>
20005a78:	42a8      	cmp	r0, r5
20005a7a:	f04f 0000 	mov.w	r0, #0
20005a7e:	d059      	beq.n	20005b34 <tud_control_xfer+0xf0>
20005a80:	4601      	mov	r1, r0
20005a82:	4a2f      	ldr	r2, [pc, #188]	@ (20005b40 <tud_control_xfer+0xfc>)
20005a84:	4404      	add	r4, r0
20005a86:	f894 504b 	ldrb.w	r5, [r4, #75]	@ 0x4b
20005a8a:	482e      	ldr	r0, [pc, #184]	@ (20005b44 <tud_control_xfer+0x100>)
20005a8c:	f015 0501 	ands.w	r5, r5, #1
20005a90:	7800      	ldrb	r0, [r0, #0]
20005a92:	d125      	bne.n	20005ae0 <tud_control_xfer+0x9c>
20005a94:	9500      	str	r5, [sp, #0]
20005a96:	f894 504b 	ldrb.w	r5, [r4, #75]	@ 0x4b
20005a9a:	f005 05f6 	and.w	r5, r5, #246	@ 0xf6
20005a9e:	f045 0501 	orr.w	r5, r5, #1
20005aa2:	f884 504b 	strb.w	r5, [r4, #75]	@ 0x4b
20005aa6:	f7ff fba5 	bl	200051f4 <dcd_edpt_xfer>
20005aaa:	2800      	cmp	r0, #0
20005aac:	d037      	beq.n	20005b1e <tud_control_xfer+0xda>
20005aae:	2001      	movs	r0, #1
20005ab0:	b005      	add	sp, #20
20005ab2:	bd30      	pop	{r4, r5, pc}
20005ab4:	42a8      	cmp	r0, r5
20005ab6:	d039      	beq.n	20005b2c <tud_control_xfer+0xe8>
20005ab8:	4821      	ldr	r0, [pc, #132]	@ (20005b40 <tud_control_xfer+0xfc>)
20005aba:	4281      	cmp	r1, r0
20005abc:	d005      	beq.n	20005aca <tud_control_xfer+0x86>
20005abe:	b1b1      	cbz	r1, 20005aee <tud_control_xfer+0xaa>
20005ac0:	461a      	mov	r2, r3
20005ac2:	9303      	str	r3, [sp, #12]
20005ac4:	f002 f908 	bl	20007cd8 <memcpy>
20005ac8:	9b03      	ldr	r3, [sp, #12]
20005aca:	2001      	movs	r0, #1
20005acc:	2180      	movs	r1, #128	@ 0x80
20005ace:	4a1c      	ldr	r2, [pc, #112]	@ (20005b40 <tud_control_xfer+0xfc>)
20005ad0:	e7d8      	b.n	20005a84 <tud_control_xfer+0x40>
20005ad2:	f894 304c 	ldrb.w	r3, [r4, #76]	@ 0x4c
20005ad6:	4a1b      	ldr	r2, [pc, #108]	@ (20005b44 <tud_control_xfer+0x100>)
20005ad8:	f013 0301 	ands.w	r3, r3, #1
20005adc:	7810      	ldrb	r0, [r2, #0]
20005ade:	d008      	beq.n	20005af2 <tud_control_xfer+0xae>
20005ae0:	f04f 23e0 	mov.w	r3, #3758153728	@ 0xe000e000
20005ae4:	f8d3 3df0 	ldr.w	r3, [r3, #3568]	@ 0xdf0
20005ae8:	07db      	lsls	r3, r3, #31
20005aea:	d500      	bpl.n	20005aee <tud_control_xfer+0xaa>
20005aec:	be00      	bkpt	0x0000
20005aee:	2000      	movs	r0, #0
20005af0:	e7de      	b.n	20005ab0 <tud_control_xfer+0x6c>
20005af2:	f894 104c 	ldrb.w	r1, [r4, #76]	@ 0x4c
20005af6:	461a      	mov	r2, r3
20005af8:	f001 01f6 	and.w	r1, r1, #246	@ 0xf6
20005afc:	f041 0101 	orr.w	r1, r1, #1
20005b00:	9300      	str	r3, [sp, #0]
20005b02:	f884 104c 	strb.w	r1, [r4, #76]	@ 0x4c
20005b06:	2180      	movs	r1, #128	@ 0x80
20005b08:	f7ff fb74 	bl	200051f4 <dcd_edpt_xfer>
20005b0c:	2800      	cmp	r0, #0
20005b0e:	d1ce      	bne.n	20005aae <tud_control_xfer+0x6a>
20005b10:	f894 304c 	ldrb.w	r3, [r4, #76]	@ 0x4c
20005b14:	f003 03fa 	and.w	r3, r3, #250	@ 0xfa
20005b18:	f884 304c 	strb.w	r3, [r4, #76]	@ 0x4c
20005b1c:	e7e7      	b.n	20005aee <tud_control_xfer+0xaa>
20005b1e:	f894 304b 	ldrb.w	r3, [r4, #75]	@ 0x4b
20005b22:	f003 03fa 	and.w	r3, r3, #250	@ 0xfa
20005b26:	f884 304b 	strb.w	r3, [r4, #75]	@ 0x4b
20005b2a:	e7e0      	b.n	20005aee <tud_control_xfer+0xaa>
20005b2c:	2001      	movs	r0, #1
20005b2e:	2180      	movs	r1, #128	@ 0x80
20005b30:	2200      	movs	r2, #0
20005b32:	e7a7      	b.n	20005a84 <tud_control_xfer+0x40>
20005b34:	4601      	mov	r1, r0
20005b36:	4602      	mov	r2, r0
20005b38:	e7a4      	b.n	20005a84 <tud_control_xfer+0x40>
20005b3a:	bf00      	nop
20005b3c:	200090d4 	.word	0x200090d4
20005b40:	20009068 	.word	0x20009068
20005b44:	20008d18 	.word	0x20008d18

20005b48 <usbd_edpt_open>:
20005b48:	4b08      	ldr	r3, [pc, #32]	@ (20005b6c <usbd_edpt_open+0x24>)
20005b4a:	7818      	ldrb	r0, [r3, #0]
20005b4c:	888b      	ldrh	r3, [r1, #4]
20005b4e:	f3c3 030a 	ubfx	r3, r3, #0, #11
20005b52:	b943      	cbnz	r3, 20005b66 <usbd_edpt_open+0x1e>
20005b54:	f04f 23e0 	mov.w	r3, #3758153728	@ 0xe000e000
20005b58:	f8d3 3df0 	ldr.w	r3, [r3, #3568]	@ 0xdf0
20005b5c:	07db      	lsls	r3, r3, #31
20005b5e:	d500      	bpl.n	20005b62 <usbd_edpt_open+0x1a>
20005b60:	be00      	bkpt	0x0000
20005b62:	2000      	movs	r0, #0
20005b64:	4770      	bx	lr
20005b66:	f7ff baad 	b.w	200050c4 <dcd_edpt_open>
20005b6a:	bf00      	nop
20005b6c:	20008d18 	.word	0x20008d18

20005b70 <usbd_edpt_claim>:
20005b70:	460b      	mov	r3, r1
20005b72:	4a06      	ldr	r2, [pc, #24]	@ (20005b8c <usbd_edpt_claim+0x1c>)
20005b74:	4806      	ldr	r0, [pc, #24]	@ (20005b90 <usbd_edpt_claim+0x20>)
20005b76:	6811      	ldr	r1, [r2, #0]
20005b78:	09da      	lsrs	r2, r3, #7
20005b7a:	324b      	adds	r2, #75	@ 0x4b
20005b7c:	f003 030f 	and.w	r3, r3, #15
20005b80:	eb02 0343 	add.w	r3, r2, r3, lsl #1
20005b84:	4418      	add	r0, r3
20005b86:	f000 bf3f 	b.w	20006a08 <tu_edpt_claim>
20005b8a:	bf00      	nop
20005b8c:	20009140 	.word	0x20009140
20005b90:	200090d4 	.word	0x200090d4

20005b94 <usbd_edpt_release>:
20005b94:	460b      	mov	r3, r1
20005b96:	4a06      	ldr	r2, [pc, #24]	@ (20005bb0 <usbd_edpt_release+0x1c>)
20005b98:	4806      	ldr	r0, [pc, #24]	@ (20005bb4 <usbd_edpt_release+0x20>)
20005b9a:	6811      	ldr	r1, [r2, #0]
20005b9c:	09da      	lsrs	r2, r3, #7
20005b9e:	324b      	adds	r2, #75	@ 0x4b
20005ba0:	f003 030f 	and.w	r3, r3, #15
20005ba4:	eb02 0343 	add.w	r3, r2, r3, lsl #1
20005ba8:	4418      	add	r0, r3
20005baa:	f000 bf4d 	b.w	20006a48 <tu_edpt_release>
20005bae:	bf00      	nop
20005bb0:	20009140 	.word	0x20009140
20005bb4:	200090d4 	.word	0x200090d4

20005bb8 <usbd_edpt_rx_consume>:
20005bb8:	b538      	push	{r3, r4, r5, lr}
20005bba:	4c10      	ldr	r4, [pc, #64]	@ (20005bfc <usbd_edpt_rx_consume+0x44>)
20005bbc:	f001 030f 	and.w	r3, r1, #15
20005bc0:	eb04 0443 	add.w	r4, r4, r3, lsl #1
20005bc4:	eb04 14d1 	add.w	r4, r4, r1, lsr #7
20005bc8:	f894 304b 	ldrb.w	r3, [r4, #75]	@ 0x4b
20005bcc:	071a      	lsls	r2, r3, #28
20005bce:	d400      	bmi.n	20005bd2 <usbd_edpt_rx_consume+0x1a>
20005bd0:	bd38      	pop	{r3, r4, r5, pc}
20005bd2:	4d0b      	ldr	r5, [pc, #44]	@ (20005c00 <usbd_edpt_rx_consume+0x48>)
20005bd4:	f04f 31ff 	mov.w	r1, #4294967295	@ 0xffffffff
20005bd8:	6828      	ldr	r0, [r5, #0]
20005bda:	f002 fa91 	bl	20008100 <mutex_enter_timeout_ms>
20005bde:	f894 304b 	ldrb.w	r3, [r4, #75]	@ 0x4b
20005be2:	071b      	lsls	r3, r3, #28
20005be4:	d505      	bpl.n	20005bf2 <usbd_edpt_rx_consume+0x3a>
20005be6:	f894 304b 	ldrb.w	r3, [r4, #75]	@ 0x4b
20005bea:	f003 03f7 	and.w	r3, r3, #247	@ 0xf7
20005bee:	f884 304b 	strb.w	r3, [r4, #75]	@ 0x4b
20005bf2:	6828      	ldr	r0, [r5, #0]
20005bf4:	e8bd 4038 	ldmia.w	sp!, {r3, r4, r5, lr}
20005bf8:	f002 ba9e 	b.w	20008138 <mutex_exit>
20005bfc:	200090d4 	.word	0x200090d4
20005c00:	20009140 	.word	0x20009140

20005c04 <usbd_edpt_xfer>:
20005c04:	b530      	push	{r4, r5, lr}
20005c06:	4c17      	ldr	r4, [pc, #92]	@ (20005c64 <usbd_edpt_xfer+0x60>)
20005c08:	f001 0e0f 	and.w	lr, r1, #15
20005c0c:	eb04 044e 	add.w	r4, r4, lr, lsl #1
20005c10:	eb04 14d1 	add.w	r4, r4, r1, lsr #7
20005c14:	f894 c04b 	ldrb.w	ip, [r4, #75]	@ 0x4b
20005c18:	4813      	ldr	r0, [pc, #76]	@ (20005c68 <usbd_edpt_xfer+0x64>)
20005c1a:	b083      	sub	sp, #12
20005c1c:	f01c 0f01 	tst.w	ip, #1
20005c20:	f89d 5018 	ldrb.w	r5, [sp, #24]
20005c24:	7800      	ldrb	r0, [r0, #0]
20005c26:	d009      	beq.n	20005c3c <usbd_edpt_xfer+0x38>
20005c28:	f04f 23e0 	mov.w	r3, #3758153728	@ 0xe000e000
20005c2c:	f8d3 3df0 	ldr.w	r3, [r3, #3568]	@ 0xdf0
20005c30:	07db      	lsls	r3, r3, #31
20005c32:	d500      	bpl.n	20005c36 <usbd_edpt_xfer+0x32>
20005c34:	be00      	bkpt	0x0000
20005c36:	2000      	movs	r0, #0
20005c38:	b003      	add	sp, #12
20005c3a:	bd30      	pop	{r4, r5, pc}
20005c3c:	9500      	str	r5, [sp, #0]
20005c3e:	f894 c04b 	ldrb.w	ip, [r4, #75]	@ 0x4b
20005c42:	f00c 0cf6 	and.w	ip, ip, #246	@ 0xf6
20005c46:	f04c 0c01 	orr.w	ip, ip, #1
20005c4a:	f884 c04b 	strb.w	ip, [r4, #75]	@ 0x4b
20005c4e:	f7ff fad1 	bl	200051f4 <dcd_edpt_xfer>
20005c52:	2800      	cmp	r0, #0
20005c54:	d1f0      	bne.n	20005c38 <usbd_edpt_xfer+0x34>
20005c56:	f894 304b 	ldrb.w	r3, [r4, #75]	@ 0x4b
20005c5a:	f003 03fa 	and.w	r3, r3, #250	@ 0xfa
20005c5e:	f884 304b 	strb.w	r3, [r4, #75]	@ 0x4b
20005c62:	e7e8      	b.n	20005c36 <usbd_edpt_xfer+0x32>
20005c64:	200090d4 	.word	0x200090d4
20005c68:	20008d18 	.word	0x20008d18

20005c6c <tud_task_ext>:
20005c6c:	e92d 4ff0 	stmdb	sp!, {r4, r5, r6, r7, r8, r9, sl, fp, lr}
20005c70:	f8df b2b0 	ldr.w	fp, [pc, #688]	@ 20005f24 <tud_task_ext+0x2b8>
20005c74:	b08d      	sub	sp, #52	@ 0x34
20005c76:	f89b 3000 	ldrb.w	r3, [fp]
20005c7a:	2bff      	cmp	r3, #255	@ 0xff
20005c7c:	d039      	beq.n	20005cf2 <tud_task_ext+0x86>
20005c7e:	2410      	movs	r4, #16
20005c80:	2600      	movs	r6, #0
20005c82:	4da3      	ldr	r5, [pc, #652]	@ (20005f10 <tud_task_ext+0x2a4>)
20005c84:	682f      	ldr	r7, [r5, #0]
20005c86:	69bb      	ldr	r3, [r7, #24]
20005c88:	f3ef 8210 	mrs	r2, PRIMASK
20005c8c:	b672      	cpsid	i
20005c8e:	e8d3 0fcf 	ldaexb	r0, [r3]
20005c92:	2101      	movs	r1, #1
20005c94:	2800      	cmp	r0, #0
20005c96:	d1fa      	bne.n	20005c8e <tud_task_ext+0x22>
20005c98:	e8c3 1f40 	strexb	r0, r1, [r3]
20005c9c:	2800      	cmp	r0, #0
20005c9e:	d1f6      	bne.n	20005c8e <tud_task_ext+0x22>
20005ca0:	f3bf 8f5f 	dmb	sy
20005ca4:	4638      	mov	r0, r7
20005ca6:	61fa      	str	r2, [r7, #28]
20005ca8:	2300      	movs	r3, #0
20005caa:	f830 2b04 	ldrh.w	r2, [r0], #4
20005cae:	a909      	add	r1, sp, #36	@ 0x24
20005cb0:	f001 f99e 	bl	20006ff0 <tu_fifo_read_n_access_mode>
20005cb4:	69bb      	ldr	r3, [r7, #24]
20005cb6:	e8c3 6f8f 	stlb	r6, [r3]
20005cba:	69fb      	ldr	r3, [r7, #28]
20005cbc:	f383 8810 	msr	PRIMASK, r3
20005cc0:	b1b8      	cbz	r0, 20005cf2 <tud_task_ext+0x86>
20005cc2:	f89d 8025 	ldrb.w	r8, [sp, #37]	@ 0x25
20005cc6:	f108 33ff 	add.w	r3, r8, #4294967295	@ 0xffffffff
20005cca:	2b08      	cmp	r3, #8
20005ccc:	f200 8215 	bhi.w	200060fa <tud_task_ext+0x48e>
20005cd0:	e8df f013 	tbh	[pc, r3, lsl #1]
20005cd4:	00e000ec 	.word	0x00e000ec
20005cd8:	00cd00d6 	.word	0x00cd00d6
20005cdc:	00ba00c2 	.word	0x00ba00c2
20005ce0:	0012006e 	.word	0x0012006e
20005ce4:	0009      	.short	0x0009
20005ce6:	9b0a      	ldr	r3, [sp, #40]	@ 0x28
20005ce8:	b10b      	cbz	r3, 20005cee <tud_task_ext+0x82>
20005cea:	980b      	ldr	r0, [sp, #44]	@ 0x2c
20005cec:	4798      	blx	r3
20005cee:	3c01      	subs	r4, #1
20005cf0:	d1c8      	bne.n	20005c84 <tud_task_ext+0x18>
20005cf2:	b00d      	add	sp, #52	@ 0x34
20005cf4:	e8bd 8ff0 	ldmia.w	sp!, {r4, r5, r6, r7, r8, r9, sl, fp, pc}
20005cf8:	f89d 1028 	ldrb.w	r1, [sp, #40]	@ 0x28
20005cfc:	f011 080f 	ands.w	r8, r1, #15
20005d00:	ea4f 13d1 	mov.w	r3, r1, lsr #7
20005d04:	f040 80da 	bne.w	20005ebc <tud_task_ext+0x250>
20005d08:	4882      	ldr	r0, [pc, #520]	@ (20005f14 <tud_task_ext+0x2a8>)
20005d0a:	4403      	add	r3, r0
20005d0c:	f893 204b 	ldrb.w	r2, [r3, #75]	@ 0x4b
20005d10:	9004      	str	r0, [sp, #16]
20005d12:	f002 02fa 	and.w	r2, r2, #250	@ 0xfa
20005d16:	f883 204b 	strb.w	r2, [r3, #75]	@ 0x4b
20005d1a:	88c3      	ldrh	r3, [r0, #6]
20005d1c:	2b00      	cmp	r3, #0
20005d1e:	f000 8118 	beq.w	20005f52 <tud_task_ext+0x2e6>
20005d22:	f890 9000 	ldrb.w	r9, [r0]
20005d26:	ea6f 0909 	mvn.w	r9, r9
20005d2a:	f009 0980 	and.w	r9, r9, #128	@ 0x80
20005d2e:	4549      	cmp	r1, r9
20005d30:	f89d a024 	ldrb.w	sl, [sp, #36]	@ 0x24
20005d34:	9a0b      	ldr	r2, [sp, #44]	@ 0x2c
20005d36:	f000 81dd 	beq.w	200060f4 <tud_task_ext+0x488>
20005d3a:	9f04      	ldr	r7, [sp, #16]
20005d3c:	f997 1000 	ldrsb.w	r1, [r7]
20005d40:	68b8      	ldr	r0, [r7, #8]
20005d42:	2900      	cmp	r1, #0
20005d44:	f2c0 8124 	blt.w	20005f90 <tud_task_ext+0x324>
20005d48:	2800      	cmp	r0, #0
20005d4a:	d0d0      	beq.n	20005cee <tud_task_ext+0x82>
20005d4c:	f8b7 c00e 	ldrh.w	ip, [r7, #14]
20005d50:	89b9      	ldrh	r1, [r7, #12]
20005d52:	eba1 010c 	sub.w	r1, r1, ip
20005d56:	428a      	cmp	r2, r1
20005d58:	bf28      	it	cs
20005d5a:	460a      	movcs	r2, r1
20005d5c:	496e      	ldr	r1, [pc, #440]	@ (20005f18 <tud_task_ext+0x2ac>)
20005d5e:	4288      	cmp	r0, r1
20005d60:	d007      	beq.n	20005d72 <tud_task_ext+0x106>
20005d62:	9205      	str	r2, [sp, #20]
20005d64:	f001 ffb8 	bl	20007cd8 <memcpy>
20005d68:	f8b7 c00e 	ldrh.w	ip, [r7, #14]
20005d6c:	68b8      	ldr	r0, [r7, #8]
20005d6e:	88fb      	ldrh	r3, [r7, #6]
20005d70:	9a05      	ldr	r2, [sp, #20]
20005d72:	4494      	add	ip, r2
20005d74:	fa1f fc8c 	uxth.w	ip, ip
20005d78:	1881      	adds	r1, r0, r2
20005d7a:	9804      	ldr	r0, [sp, #16]
20005d7c:	459c      	cmp	ip, r3
20005d7e:	f8a0 c00e 	strh.w	ip, [r0, #14]
20005d82:	6081      	str	r1, [r0, #8]
20005d84:	d002      	beq.n	20005d8c <tud_task_ext+0x120>
20005d86:	2a3f      	cmp	r2, #63	@ 0x3f
20005d88:	f200 81ff 	bhi.w	2000618a <tud_task_ext+0x51e>
20005d8c:	9b04      	ldr	r3, [sp, #16]
20005d8e:	691b      	ldr	r3, [r3, #16]
20005d90:	b133      	cbz	r3, 20005da0 <tud_task_ext+0x134>
20005d92:	2102      	movs	r1, #2
20005d94:	4650      	mov	r0, sl
20005d96:	4a5f      	ldr	r2, [pc, #380]	@ (20005f14 <tud_task_ext+0x2a8>)
20005d98:	4798      	blx	r3
20005d9a:	2800      	cmp	r0, #0
20005d9c:	f000 822a 	beq.w	200061f4 <tud_task_ext+0x588>
20005da0:	2300      	movs	r3, #0
20005da2:	4649      	mov	r1, r9
20005da4:	4650      	mov	r0, sl
20005da6:	461a      	mov	r2, r3
20005da8:	9300      	str	r3, [sp, #0]
20005daa:	f7ff ff2b 	bl	20005c04 <usbd_edpt_xfer>
20005dae:	e79e      	b.n	20005cee <tud_task_ext+0x82>
20005db0:	4b5a      	ldr	r3, [pc, #360]	@ (20005f1c <tud_task_ext+0x2b0>)
20005db2:	781a      	ldrb	r2, [r3, #0]
20005db4:	2a00      	cmp	r2, #0
20005db6:	d09a      	beq.n	20005cee <tud_task_ext+0x82>
20005db8:	781a      	ldrb	r2, [r3, #0]
20005dba:	3a01      	subs	r2, #1
20005dbc:	b2d2      	uxtb	r2, r2
20005dbe:	701a      	strb	r2, [r3, #0]
20005dc0:	781b      	ldrb	r3, [r3, #0]
20005dc2:	f003 02ff 	and.w	r2, r3, #255	@ 0xff
20005dc6:	2b00      	cmp	r3, #0
20005dc8:	d191      	bne.n	20005cee <tud_task_ext+0x82>
20005dca:	f04f 0c01 	mov.w	ip, #1
20005dce:	4b51      	ldr	r3, [pc, #324]	@ (20005f14 <tud_task_ext+0x2a8>)
20005dd0:	f89d a024 	ldrb.w	sl, [sp, #36]	@ 0x24
20005dd4:	f883 c014 	strb.w	ip, [r3, #20]
20005dd8:	e9c3 2202 	strd	r2, r2, [r3, #8]
20005ddc:	f883 204b 	strb.w	r2, [r3, #75]	@ 0x4b
20005de0:	611a      	str	r2, [r3, #16]
20005de2:	f883 204c 	strb.w	r2, [r3, #76]	@ 0x4c
20005de6:	aa0c      	add	r2, sp, #48	@ 0x30
20005de8:	e912 0003 	ldmdb	r2, {r0, r1}
20005dec:	e883 0003 	stmia.w	r3, {r0, r1}
20005df0:	781a      	ldrb	r2, [r3, #0]
20005df2:	9304      	str	r3, [sp, #16]
20005df4:	f002 0360 	and.w	r3, r2, #96	@ 0x60
20005df8:	2b60      	cmp	r3, #96	@ 0x60
20005dfa:	f000 80b6 	beq.w	20005f6a <tud_task_ext+0x2fe>
20005dfe:	2b40      	cmp	r3, #64	@ 0x40
20005e00:	f000 820f 	beq.w	20006222 <tud_task_ext+0x5b6>
20005e04:	f002 011f 	and.w	r1, r2, #31
20005e08:	2901      	cmp	r1, #1
20005e0a:	f000 817f 	beq.w	2000610c <tud_task_ext+0x4a0>
20005e0e:	2902      	cmp	r1, #2
20005e10:	f000 80c1 	beq.w	20005f96 <tud_task_ext+0x32a>
20005e14:	2900      	cmp	r1, #0
20005e16:	f040 80a8 	bne.w	20005f6a <tud_task_ext+0x2fe>
20005e1a:	2b20      	cmp	r3, #32
20005e1c:	f000 823a 	beq.w	20006294 <tud_task_ext+0x628>
20005e20:	2b00      	cmp	r3, #0
20005e22:	f040 80a2 	bne.w	20005f6a <tud_task_ext+0x2fe>
20005e26:	9b04      	ldr	r3, [sp, #16]
20005e28:	785b      	ldrb	r3, [r3, #1]
20005e2a:	2b09      	cmp	r3, #9
20005e2c:	f200 809d 	bhi.w	20005f6a <tud_task_ext+0x2fe>
20005e30:	e8df f013 	tbh	[pc, r3, lsl #1]
20005e34:	0110011e 	.word	0x0110011e
20005e38:	0102009b 	.word	0x0102009b
20005e3c:	0158009b 	.word	0x0158009b
20005e40:	009b012d 	.word	0x009b012d
20005e44:	00df00f6 	.word	0x00df00f6
20005e48:	4b32      	ldr	r3, [pc, #200]	@ (20005f14 <tud_task_ext+0x2a8>)
20005e4a:	7d1b      	ldrb	r3, [r3, #20]
20005e4c:	2b00      	cmp	r3, #0
20005e4e:	f43f af4e 	beq.w	20005cee <tud_task_ext+0x82>
20005e52:	f7ff fd2d 	bl	200058b0 <tud_resume_cb>
20005e56:	e74a      	b.n	20005cee <tud_task_ext+0x82>
20005e58:	4b2e      	ldr	r3, [pc, #184]	@ (20005f14 <tud_task_ext+0x2a8>)
20005e5a:	7d1a      	ldrb	r2, [r3, #20]
20005e5c:	2a00      	cmp	r2, #0
20005e5e:	f43f af46 	beq.w	20005cee <tud_task_ext+0x82>
20005e62:	7dd8      	ldrb	r0, [r3, #23]
20005e64:	f3c0 0040 	ubfx	r0, r0, #1, #1
20005e68:	f7ff fd20 	bl	200058ac <tud_suspend_cb>
20005e6c:	e73f      	b.n	20005cee <tud_task_ext+0x82>
20005e6e:	4b29      	ldr	r3, [pc, #164]	@ (20005f14 <tud_task_ext+0x2a8>)
20005e70:	7e9b      	ldrb	r3, [r3, #26]
20005e72:	07da      	lsls	r2, r3, #31
20005e74:	f57f af3b 	bpl.w	20005cee <tud_task_ext+0x82>
20005e78:	980a      	ldr	r0, [sp, #40]	@ 0x28
20005e7a:	f7ff fd0d 	bl	20005898 <tud_sof_cb>
20005e7e:	e736      	b.n	20005cee <tud_task_ext+0x82>
20005e80:	f89d 0024 	ldrb.w	r0, [sp, #36]	@ 0x24
20005e84:	f7ff fcba 	bl	200057fc <configuration_reset>
20005e88:	2200      	movs	r2, #0
20005e8a:	4b24      	ldr	r3, [pc, #144]	@ (20005f1c <tud_task_ext+0x2b0>)
20005e8c:	701a      	strb	r2, [r3, #0]
20005e8e:	f7ff fd0b 	bl	200058a8 <tud_umount_cb>
20005e92:	e72c      	b.n	20005cee <tud_task_ext+0x82>
20005e94:	f89d 0024 	ldrb.w	r0, [sp, #36]	@ 0x24
20005e98:	f7ff fcb0 	bl	200057fc <configuration_reset>
20005e9c:	2200      	movs	r2, #0
20005e9e:	4b1f      	ldr	r3, [pc, #124]	@ (20005f1c <tud_task_ext+0x2b0>)
20005ea0:	701a      	strb	r2, [r3, #0]
20005ea2:	4b1c      	ldr	r3, [pc, #112]	@ (20005f14 <tud_task_ext+0x2a8>)
20005ea4:	f89d 2028 	ldrb.w	r2, [sp, #40]	@ 0x28
20005ea8:	765a      	strb	r2, [r3, #25]
20005eaa:	e720      	b.n	20005cee <tud_task_ext+0x82>
20005eac:	f89d 0024 	ldrb.w	r0, [sp, #36]	@ 0x24
20005eb0:	f7ff fca4 	bl	200057fc <configuration_reset>
20005eb4:	2200      	movs	r2, #0
20005eb6:	4b19      	ldr	r3, [pc, #100]	@ (20005f1c <tud_task_ext+0x2b0>)
20005eb8:	701a      	strb	r2, [r3, #0]
20005eba:	e718      	b.n	20005cee <tud_task_ext+0x82>
20005ebc:	4a15      	ldr	r2, [pc, #84]	@ (20005f14 <tud_task_ext+0x2a8>)
20005ebe:	4818      	ldr	r0, [pc, #96]	@ (20005f20 <tud_task_ext+0x2b4>)
20005ec0:	9204      	str	r2, [sp, #16]
20005ec2:	eb02 0248 	add.w	r2, r2, r8, lsl #1
20005ec6:	441a      	add	r2, r3
20005ec8:	f890 c000 	ldrb.w	ip, [r0]
20005ecc:	f892 202b 	ldrb.w	r2, [r2, #43]	@ 0x2b
20005ed0:	ea4f 0048 	mov.w	r0, r8, lsl #1
20005ed4:	4562      	cmp	r2, ip
20005ed6:	d229      	bcs.n	20005f2c <tud_task_ext+0x2c0>
20005ed8:	f8df c04c 	ldr.w	ip, [pc, #76]	@ 20005f28 <tud_task_ext+0x2bc>
20005edc:	eb02 02c2 	add.w	r2, r2, r2, lsl #3
20005ee0:	f8dc c000 	ldr.w	ip, [ip]
20005ee4:	eb1c 0c82 	adds.w	ip, ip, r2, lsl #2
20005ee8:	d036      	beq.n	20005f58 <tud_task_ext+0x2ec>
20005eea:	f8dc 9018 	ldr.w	r9, [ip, #24]
20005eee:	b313      	cbz	r3, 20005f36 <tud_task_ext+0x2ca>
20005ef0:	9b04      	ldr	r3, [sp, #16]
20005ef2:	4403      	add	r3, r0
20005ef4:	4618      	mov	r0, r3
20005ef6:	f893 304c 	ldrb.w	r3, [r3, #76]	@ 0x4c
20005efa:	f003 03fa 	and.w	r3, r3, #250	@ 0xfa
20005efe:	f880 304c 	strb.w	r3, [r0, #76]	@ 0x4c
20005f02:	9b0b      	ldr	r3, [sp, #44]	@ 0x2c
20005f04:	f89d 2029 	ldrb.w	r2, [sp, #41]	@ 0x29
20005f08:	f89d 0024 	ldrb.w	r0, [sp, #36]	@ 0x24
20005f0c:	47c8      	blx	r9
20005f0e:	e6ee      	b.n	20005cee <tud_task_ext+0x82>
20005f10:	20009144 	.word	0x20009144
20005f14:	200090d4 	.word	0x200090d4
20005f18:	20009068 	.word	0x20009068
20005f1c:	200099b4 	.word	0x200099b4
20005f20:	200099b2 	.word	0x200099b2
20005f24:	20008d18 	.word	0x20008d18
20005f28:	20008f08 	.word	0x20008f08
20005f2c:	d114      	bne.n	20005f58 <tud_task_ext+0x2ec>
20005f2e:	f8df 9360 	ldr.w	r9, [pc, #864]	@ 20006290 <tud_task_ext+0x624>
20005f32:	2b00      	cmp	r3, #0
20005f34:	d1dc      	bne.n	20005ef0 <tud_task_ext+0x284>
20005f36:	9b04      	ldr	r3, [sp, #16]
20005f38:	f108 0824 	add.w	r8, r8, #36	@ 0x24
20005f3c:	eb03 0848 	add.w	r8, r3, r8, lsl #1
20005f40:	f898 3003 	ldrb.w	r3, [r8, #3]
20005f44:	f003 03fa 	and.w	r3, r3, #250	@ 0xfa
20005f48:	f043 0308 	orr.w	r3, r3, #8
20005f4c:	f888 3003 	strb.w	r3, [r8, #3]
20005f50:	e7d7      	b.n	20005f02 <tud_task_ext+0x296>
20005f52:	f04f 0980 	mov.w	r9, #128	@ 0x80
20005f56:	e6ea      	b.n	20005d2e <tud_task_ext+0xc2>
20005f58:	f04f 23e0 	mov.w	r3, #3758153728	@ 0xe000e000
20005f5c:	f8d3 3df0 	ldr.w	r3, [r3, #3568]	@ 0xdf0
20005f60:	07d9      	lsls	r1, r3, #31
20005f62:	f57f aec6 	bpl.w	20005cf2 <tud_task_ext+0x86>
20005f66:	be00      	bkpt	0x0000
20005f68:	e6c3      	b.n	20005cf2 <tud_task_ext+0x86>
20005f6a:	f04f 23e0 	mov.w	r3, #3758153728	@ 0xe000e000
20005f6e:	f8d3 3df0 	ldr.w	r3, [r3, #3568]	@ 0xdf0
20005f72:	07d8      	lsls	r0, r3, #31
20005f74:	d502      	bpl.n	20005f7c <tud_task_ext+0x310>
20005f76:	be00      	bkpt	0x0000
20005f78:	f89d a024 	ldrb.w	sl, [sp, #36]	@ 0x24
20005f7c:	4650      	mov	r0, sl
20005f7e:	2100      	movs	r1, #0
20005f80:	f7ff f96a 	bl	20005258 <dcd_edpt_stall>
20005f84:	2180      	movs	r1, #128	@ 0x80
20005f86:	f89d 0024 	ldrb.w	r0, [sp, #36]	@ 0x24
20005f8a:	f7ff f965 	bl	20005258 <dcd_edpt_stall>
20005f8e:	e6ae      	b.n	20005cee <tud_task_ext+0x82>
20005f90:	f8b7 c00e 	ldrh.w	ip, [r7, #14]
20005f94:	e6ed      	b.n	20005d72 <tud_task_ext+0x106>
20005f96:	9f04      	ldr	r7, [sp, #16]
20005f98:	48b6      	ldr	r0, [pc, #728]	@ (20006274 <tud_task_ext+0x608>)
20005f9a:	7939      	ldrb	r1, [r7, #4]
20005f9c:	f890 e000 	ldrb.w	lr, [r0]
20005fa0:	f001 000f 	and.w	r0, r1, #15
20005fa4:	eb07 0c40 	add.w	ip, r7, r0, lsl #1
20005fa8:	eb0c 1cd1 	add.w	ip, ip, r1, lsr #7
20005fac:	f89c c02b 	ldrb.w	ip, [ip, #43]	@ 0x2b
20005fb0:	09cf      	lsrs	r7, r1, #7
20005fb2:	45f4      	cmp	ip, lr
20005fb4:	9705      	str	r7, [sp, #20]
20005fb6:	ea4f 0940 	mov.w	r9, r0, lsl #1
20005fba:	f080 813a 	bcs.w	20006232 <tud_task_ext+0x5c6>
20005fbe:	eb0c 0ecc 	add.w	lr, ip, ip, lsl #3
20005fc2:	f8df c2b8 	ldr.w	ip, [pc, #696]	@ 2000627c <tud_task_ext+0x610>
20005fc6:	f8dc 7000 	ldr.w	r7, [ip]
20005fca:	eb07 078e 	add.w	r7, r7, lr, lsl #2
20005fce:	2b00      	cmp	r3, #0
20005fd0:	f000 8133 	beq.w	2000623a <tud_task_ext+0x5ce>
20005fd4:	2f00      	cmp	r7, #0
20005fd6:	d0d1      	beq.n	20005f7c <tud_task_ext+0x310>
20005fd8:	697b      	ldr	r3, [r7, #20]
20005fda:	9a04      	ldr	r2, [sp, #16]
20005fdc:	4650      	mov	r0, sl
20005fde:	6113      	str	r3, [r2, #16]
20005fe0:	2101      	movs	r1, #1
20005fe2:	4aa5      	ldr	r2, [pc, #660]	@ (20006278 <tud_task_ext+0x60c>)
20005fe4:	4798      	blx	r3
20005fe6:	2800      	cmp	r0, #0
20005fe8:	f47f ae81 	bne.w	20005cee <tud_task_ext+0x82>
20005fec:	f89d a024 	ldrb.w	sl, [sp, #36]	@ 0x24
20005ff0:	e7c4      	b.n	20005f7c <tud_task_ext+0x310>
20005ff2:	9b04      	ldr	r3, [sp, #16]
20005ff4:	f893 8002 	ldrb.w	r8, [r3, #2]
20005ff8:	7e1b      	ldrb	r3, [r3, #24]
20005ffa:	4598      	cmp	r8, r3
20005ffc:	d00b      	beq.n	20006016 <tud_task_ext+0x3aa>
20005ffe:	2b00      	cmp	r3, #0
20006000:	f040 8242 	bne.w	20006488 <tud_task_ext+0x81c>
20006004:	9b04      	ldr	r3, [sp, #16]
20006006:	f883 8018 	strb.w	r8, [r3, #24]
2000600a:	f1b8 0f00 	cmp.w	r8, #0
2000600e:	f040 81c9 	bne.w	200063a4 <tud_task_ext+0x738>
20006012:	f7ff fc49 	bl	200058a8 <tud_umount_cb>
20006016:	4650      	mov	r0, sl
20006018:	4997      	ldr	r1, [pc, #604]	@ (20006278 <tud_task_ext+0x60c>)
2000601a:	f7ff fcd9 	bl	200059d0 <tud_control_status>
2000601e:	e666      	b.n	20005cee <tud_task_ext+0x82>
20006020:	9b04      	ldr	r3, [sp, #16]
20006022:	7e1b      	ldrb	r3, [r3, #24]
20006024:	f88d 3022 	strb.w	r3, [sp, #34]	@ 0x22
20006028:	4650      	mov	r0, sl
2000602a:	2301      	movs	r3, #1
2000602c:	4992      	ldr	r1, [pc, #584]	@ (20006278 <tud_task_ext+0x60c>)
2000602e:	f10d 0222 	add.w	r2, sp, #34	@ 0x22
20006032:	f7ff fd07 	bl	20005a44 <tud_control_xfer>
20006036:	e65a      	b.n	20005cee <tud_task_ext+0x82>
20006038:	9b04      	ldr	r3, [sp, #16]
2000603a:	885b      	ldrh	r3, [r3, #2]
2000603c:	2b01      	cmp	r3, #1
2000603e:	d19d      	bne.n	20005f7c <tud_task_ext+0x310>
20006040:	9a04      	ldr	r2, [sp, #16]
20006042:	4650      	mov	r0, sl
20006044:	7dd3      	ldrb	r3, [r2, #23]
20006046:	498c      	ldr	r1, [pc, #560]	@ (20006278 <tud_task_ext+0x60c>)
20006048:	f043 0302 	orr.w	r3, r3, #2
2000604c:	75d3      	strb	r3, [r2, #23]
2000604e:	f7ff fcbf 	bl	200059d0 <tud_control_status>
20006052:	e64c      	b.n	20005cee <tud_task_ext+0x82>
20006054:	9b04      	ldr	r3, [sp, #16]
20006056:	885b      	ldrh	r3, [r3, #2]
20006058:	2b01      	cmp	r3, #1
2000605a:	d18f      	bne.n	20005f7c <tud_task_ext+0x310>
2000605c:	9a04      	ldr	r2, [sp, #16]
2000605e:	4650      	mov	r0, sl
20006060:	7dd3      	ldrb	r3, [r2, #23]
20006062:	4985      	ldr	r1, [pc, #532]	@ (20006278 <tud_task_ext+0x60c>)
20006064:	f023 0302 	bic.w	r3, r3, #2
20006068:	75d3      	strb	r3, [r2, #23]
2000606a:	f7ff fcb1 	bl	200059d0 <tud_control_status>
2000606e:	e63e      	b.n	20005cee <tud_task_ext+0x82>
20006070:	9b04      	ldr	r3, [sp, #16]
20006072:	0611      	lsls	r1, r2, #24
20006074:	7ddb      	ldrb	r3, [r3, #23]
20006076:	f8ad 3022 	strh.w	r3, [sp, #34]	@ 0x22
2000607a:	f57f af7f 	bpl.w	20005f7c <tud_task_ext+0x310>
2000607e:	4650      	mov	r0, sl
20006080:	2302      	movs	r3, #2
20006082:	497d      	ldr	r1, [pc, #500]	@ (20006278 <tud_task_ext+0x60c>)
20006084:	f10d 0222 	add.w	r2, sp, #34	@ 0x22
20006088:	f7ff fcdc 	bl	20005a44 <tud_control_xfer>
2000608c:	e7ab      	b.n	20005fe6 <tud_task_ext+0x37a>
2000608e:	9b04      	ldr	r3, [sp, #16]
20006090:	8858      	ldrh	r0, [r3, #2]
20006092:	0a03      	lsrs	r3, r0, #8
20006094:	3b01      	subs	r3, #1
20006096:	0a02      	lsrs	r2, r0, #8
20006098:	b2c0      	uxtb	r0, r0
2000609a:	2b0e      	cmp	r3, #14
2000609c:	f63f af6e 	bhi.w	20005f7c <tud_task_ext+0x310>
200060a0:	a101      	add	r1, pc, #4	@ (adr r1, 200060a8 <tud_task_ext+0x43c>)
200060a2:	f851 f023 	ldr.w	pc, [r1, r3, lsl #2]
200060a6:	bf00      	nop
200060a8:	200064f5 	.word	0x200064f5
200060ac:	200064e3 	.word	0x200064e3
200060b0:	200064d3 	.word	0x200064d3
200060b4:	20005f7d 	.word	0x20005f7d
200060b8:	20005f7d 	.word	0x20005f7d
200060bc:	200064bb 	.word	0x200064bb
200060c0:	200064e3 	.word	0x200064e3
200060c4:	20005f7d 	.word	0x20005f7d
200060c8:	20005f7d 	.word	0x20005f7d
200060cc:	20005f7d 	.word	0x20005f7d
200060d0:	20005f7d 	.word	0x20005f7d
200060d4:	20005f7d 	.word	0x20005f7d
200060d8:	20005f7d 	.word	0x20005f7d
200060dc:	20005f7d 	.word	0x20005f7d
200060e0:	2000638d 	.word	0x2000638d
200060e4:	9f04      	ldr	r7, [sp, #16]
200060e6:	4650      	mov	r0, sl
200060e8:	78b9      	ldrb	r1, [r7, #2]
200060ea:	f7fe ffb7 	bl	2000505c <dcd_set_address>
200060ee:	2301      	movs	r3, #1
200060f0:	757b      	strb	r3, [r7, #21]
200060f2:	e5fc      	b.n	20005cee <tud_task_ext+0x82>
200060f4:	2a00      	cmp	r2, #0
200060f6:	f000 8086 	beq.w	20006206 <tud_task_ext+0x59a>
200060fa:	f04f 23e0 	mov.w	r3, #3758153728	@ 0xe000e000
200060fe:	f8d3 3df0 	ldr.w	r3, [r3, #3568]	@ 0xdf0
20006102:	07db      	lsls	r3, r3, #31
20006104:	f57f adf3 	bpl.w	20005cee <tud_task_ext+0x82>
20006108:	be00      	bkpt	0x0000
2000610a:	e5f0      	b.n	20005cee <tud_task_ext+0x82>
2000610c:	9a04      	ldr	r2, [sp, #16]
2000610e:	7913      	ldrb	r3, [r2, #4]
20006110:	2b0f      	cmp	r3, #15
20006112:	f63f af33 	bhi.w	20005f7c <tud_task_ext+0x310>
20006116:	4857      	ldr	r0, [pc, #348]	@ (20006274 <tud_task_ext+0x608>)
20006118:	4413      	add	r3, r2
2000611a:	7edb      	ldrb	r3, [r3, #27]
2000611c:	7802      	ldrb	r2, [r0, #0]
2000611e:	4293      	cmp	r3, r2
20006120:	f080 80a3 	bcs.w	2000626a <tud_task_ext+0x5fe>
20006124:	4a55      	ldr	r2, [pc, #340]	@ (2000627c <tud_task_ext+0x610>)
20006126:	eb03 03c3 	add.w	r3, r3, r3, lsl #3
2000612a:	6812      	ldr	r2, [r2, #0]
2000612c:	eb12 0283 	adds.w	r2, r2, r3, lsl #2
20006130:	f43f af24 	beq.w	20005f7c <tud_task_ext+0x310>
20006134:	6953      	ldr	r3, [r2, #20]
20006136:	9f04      	ldr	r7, [sp, #16]
20006138:	2101      	movs	r1, #1
2000613a:	4650      	mov	r0, sl
2000613c:	4a4e      	ldr	r2, [pc, #312]	@ (20006278 <tud_task_ext+0x60c>)
2000613e:	613b      	str	r3, [r7, #16]
20006140:	4798      	blx	r3
20006142:	2800      	cmp	r0, #0
20006144:	f47f add3 	bne.w	20005cee <tud_task_ext+0x82>
20006148:	783a      	ldrb	r2, [r7, #0]
2000614a:	f012 0160 	ands.w	r1, r2, #96	@ 0x60
2000614e:	f47f af4d 	bne.w	20005fec <tud_task_ext+0x380>
20006152:	9b04      	ldr	r3, [sp, #16]
20006154:	6119      	str	r1, [r3, #16]
20006156:	785b      	ldrb	r3, [r3, #1]
20006158:	2b0a      	cmp	r3, #10
2000615a:	f000 8114 	beq.w	20006386 <tud_task_ext+0x71a>
2000615e:	2b0b      	cmp	r3, #11
20006160:	f000 80f4 	beq.w	2000634c <tud_task_ext+0x6e0>
20006164:	2b00      	cmp	r3, #0
20006166:	f47f af41 	bne.w	20005fec <tud_task_ext+0x380>
2000616a:	0612      	lsls	r2, r2, #24
2000616c:	f8ad 3022 	strh.w	r3, [sp, #34]	@ 0x22
20006170:	f57f af3c 	bpl.w	20005fec <tud_task_ext+0x380>
20006174:	4650      	mov	r0, sl
20006176:	2302      	movs	r3, #2
20006178:	493f      	ldr	r1, [pc, #252]	@ (20006278 <tud_task_ext+0x60c>)
2000617a:	f10d 0222 	add.w	r2, sp, #34	@ 0x22
2000617e:	f7ff fc61 	bl	20005a44 <tud_control_xfer>
20006182:	2800      	cmp	r0, #0
20006184:	f47f adb3 	bne.w	20005cee <tud_task_ext+0x82>
20006188:	e730      	b.n	20005fec <tud_task_ext+0x380>
2000618a:	8983      	ldrh	r3, [r0, #12]
2000618c:	f990 2000 	ldrsb.w	r2, [r0]
20006190:	eba3 090c 	sub.w	r9, r3, ip
20006194:	fa1f f989 	uxth.w	r9, r9
20006198:	f1b9 0f40 	cmp.w	r9, #64	@ 0x40
2000619c:	bf28      	it	cs
2000619e:	f04f 0940 	movcs.w	r9, #64	@ 0x40
200061a2:	2a00      	cmp	r2, #0
200061a4:	f2c0 808b 	blt.w	200062be <tud_task_ext+0x652>
200061a8:	459c      	cmp	ip, r3
200061aa:	f04f 0300 	mov.w	r3, #0
200061ae:	f000 80c6 	beq.w	2000633e <tud_task_ext+0x6d2>
200061b2:	4a33      	ldr	r2, [pc, #204]	@ (20006280 <tud_task_ext+0x614>)
200061b4:	9f04      	ldr	r7, [sp, #16]
200061b6:	f89b 0000 	ldrb.w	r0, [fp]
200061ba:	441f      	add	r7, r3
200061bc:	f897 304b 	ldrb.w	r3, [r7, #75]	@ 0x4b
200061c0:	f013 0301 	ands.w	r3, r3, #1
200061c4:	d199      	bne.n	200060fa <tud_task_ext+0x48e>
200061c6:	9300      	str	r3, [sp, #0]
200061c8:	f897 c04b 	ldrb.w	ip, [r7, #75]	@ 0x4b
200061cc:	464b      	mov	r3, r9
200061ce:	f00c 0cf6 	and.w	ip, ip, #246	@ 0xf6
200061d2:	f04c 0c01 	orr.w	ip, ip, #1
200061d6:	4641      	mov	r1, r8
200061d8:	f887 c04b 	strb.w	ip, [r7, #75]	@ 0x4b
200061dc:	f7ff f80a 	bl	200051f4 <dcd_edpt_xfer>
200061e0:	2800      	cmp	r0, #0
200061e2:	f47f ad84 	bne.w	20005cee <tud_task_ext+0x82>
200061e6:	f897 304b 	ldrb.w	r3, [r7, #75]	@ 0x4b
200061ea:	f003 03fa 	and.w	r3, r3, #250	@ 0xfa
200061ee:	f887 304b 	strb.w	r3, [r7, #75]	@ 0x4b
200061f2:	e57c      	b.n	20005cee <tud_task_ext+0x82>
200061f4:	4601      	mov	r1, r0
200061f6:	4650      	mov	r0, sl
200061f8:	f7ff f82e 	bl	20005258 <dcd_edpt_stall>
200061fc:	2180      	movs	r1, #128	@ 0x80
200061fe:	4650      	mov	r0, sl
20006200:	f7ff f82a 	bl	20005258 <dcd_edpt_stall>
20006204:	e573      	b.n	20005cee <tud_task_ext+0x82>
20006206:	4650      	mov	r0, sl
20006208:	491b      	ldr	r1, [pc, #108]	@ (20006278 <tud_task_ext+0x60c>)
2000620a:	f7fe ff4d 	bl	200050a8 <dcd_edpt0_status_complete>
2000620e:	9b04      	ldr	r3, [sp, #16]
20006210:	691b      	ldr	r3, [r3, #16]
20006212:	2b00      	cmp	r3, #0
20006214:	f43f ad6b 	beq.w	20005cee <tud_task_ext+0x82>
20006218:	4650      	mov	r0, sl
2000621a:	2103      	movs	r1, #3
2000621c:	4a16      	ldr	r2, [pc, #88]	@ (20006278 <tud_task_ext+0x60c>)
2000621e:	4798      	blx	r3
20006220:	e565      	b.n	20005cee <tud_task_ext+0x82>
20006222:	4b18      	ldr	r3, [pc, #96]	@ (20006284 <tud_task_ext+0x618>)
20006224:	9a04      	ldr	r2, [sp, #16]
20006226:	4661      	mov	r1, ip
20006228:	4650      	mov	r0, sl
2000622a:	6113      	str	r3, [r2, #16]
2000622c:	f7fe fd06 	bl	20004c3c <tud_vendor_control_xfer_cb>
20006230:	e6d9      	b.n	20005fe6 <tud_task_ext+0x37a>
20006232:	d17f      	bne.n	20006334 <tud_task_ext+0x6c8>
20006234:	2b00      	cmp	r3, #0
20006236:	d151      	bne.n	200062dc <tud_task_ext+0x670>
20006238:	4f13      	ldr	r7, [pc, #76]	@ (20006288 <tud_task_ext+0x61c>)
2000623a:	9b04      	ldr	r3, [sp, #16]
2000623c:	785b      	ldrb	r3, [r3, #1]
2000623e:	f003 0cfd 	and.w	ip, r3, #253	@ 0xfd
20006242:	f1bc 0f01 	cmp.w	ip, #1
20006246:	d04b      	beq.n	200062e0 <tud_task_ext+0x674>
20006248:	2b00      	cmp	r3, #0
2000624a:	f47f ae8e 	bne.w	20005f6a <tud_task_ext+0x2fe>
2000624e:	9b04      	ldr	r3, [sp, #16]
20006250:	9905      	ldr	r1, [sp, #20]
20006252:	444b      	add	r3, r9
20006254:	440b      	add	r3, r1
20006256:	f893 304b 	ldrb.w	r3, [r3, #75]	@ 0x4b
2000625a:	f3c3 0340 	ubfx	r3, r3, #1, #1
2000625e:	f8ad 3022 	strh.w	r3, [sp, #34]	@ 0x22
20006262:	0613      	lsls	r3, r2, #24
20006264:	f57f ae8a 	bpl.w	20005f7c <tud_task_ext+0x310>
20006268:	e784      	b.n	20006174 <tud_task_ext+0x508>
2000626a:	f47f ae87 	bne.w	20005f7c <tud_task_ext+0x310>
2000626e:	4b07      	ldr	r3, [pc, #28]	@ (2000628c <tud_task_ext+0x620>)
20006270:	e761      	b.n	20006136 <tud_task_ext+0x4ca>
20006272:	bf00      	nop
20006274:	200099b2 	.word	0x200099b2
20006278:	200090d4 	.word	0x200090d4
2000627c:	20008f08 	.word	0x20008f08
20006280:	20009068 	.word	0x20009068
20006284:	20004c3d 	.word	0x20004c3d
20006288:	20008c38 	.word	0x20008c38
2000628c:	200067cd 	.word	0x200067cd
20006290:	20006871 	.word	0x20006871
20006294:	9a04      	ldr	r2, [sp, #16]
20006296:	7913      	ldrb	r3, [r2, #4]
20006298:	2b0f      	cmp	r3, #15
2000629a:	f63f ae6f 	bhi.w	20005f7c <tud_task_ext+0x310>
2000629e:	48a1      	ldr	r0, [pc, #644]	@ (20006524 <tud_task_ext+0x8b8>)
200062a0:	4413      	add	r3, r2
200062a2:	7edb      	ldrb	r3, [r3, #27]
200062a4:	7802      	ldrb	r2, [r0, #0]
200062a6:	4293      	cmp	r3, r2
200062a8:	d216      	bcs.n	200062d8 <tud_task_ext+0x66c>
200062aa:	4a9f      	ldr	r2, [pc, #636]	@ (20006528 <tud_task_ext+0x8bc>)
200062ac:	eb03 03c3 	add.w	r3, r3, r3, lsl #3
200062b0:	6812      	ldr	r2, [r2, #0]
200062b2:	eb12 0283 	adds.w	r2, r2, r3, lsl #2
200062b6:	f43f ae61 	beq.w	20005f7c <tud_task_ext+0x310>
200062ba:	6953      	ldr	r3, [r2, #20]
200062bc:	e68d      	b.n	20005fda <tud_task_ext+0x36e>
200062be:	459c      	cmp	ip, r3
200062c0:	d03f      	beq.n	20006342 <tud_task_ext+0x6d6>
200062c2:	489a      	ldr	r0, [pc, #616]	@ (2000652c <tud_task_ext+0x8c0>)
200062c4:	4281      	cmp	r1, r0
200062c6:	d002      	beq.n	200062ce <tud_task_ext+0x662>
200062c8:	464a      	mov	r2, r9
200062ca:	f001 fd05 	bl	20007cd8 <memcpy>
200062ce:	2301      	movs	r3, #1
200062d0:	f04f 0880 	mov.w	r8, #128	@ 0x80
200062d4:	4a95      	ldr	r2, [pc, #596]	@ (2000652c <tud_task_ext+0x8c0>)
200062d6:	e76d      	b.n	200061b4 <tud_task_ext+0x548>
200062d8:	f47f ae50 	bne.w	20005f7c <tud_task_ext+0x310>
200062dc:	4b94      	ldr	r3, [pc, #592]	@ (20006530 <tud_task_ext+0x8c4>)
200062de:	e67c      	b.n	20005fda <tud_task_ext+0x36e>
200062e0:	9a04      	ldr	r2, [sp, #16]
200062e2:	8852      	ldrh	r2, [r2, #2]
200062e4:	2a00      	cmp	r2, #0
200062e6:	f47f ae49 	bne.w	20005f7c <tud_task_ext+0x310>
200062ea:	2800      	cmp	r0, #0
200062ec:	f43f ae46 	beq.w	20005f7c <tud_task_ext+0x310>
200062f0:	2f00      	cmp	r7, #0
200062f2:	f43f ae43 	beq.w	20005f7c <tud_task_ext+0x310>
200062f6:	2b01      	cmp	r3, #1
200062f8:	f89b 0000 	ldrb.w	r0, [fp]
200062fc:	d02c      	beq.n	20006358 <tud_task_ext+0x6ec>
200062fe:	f7fe ffab 	bl	20005258 <dcd_edpt_stall>
20006302:	9b04      	ldr	r3, [sp, #16]
20006304:	9a05      	ldr	r2, [sp, #20]
20006306:	444b      	add	r3, r9
20006308:	4413      	add	r3, r2
2000630a:	f893 204b 	ldrb.w	r2, [r3, #75]	@ 0x4b
2000630e:	f042 0203 	orr.w	r2, r2, #3
20006312:	f883 204b 	strb.w	r2, [r3, #75]	@ 0x4b
20006316:	697b      	ldr	r3, [r7, #20]
20006318:	9f04      	ldr	r7, [sp, #16]
2000631a:	2101      	movs	r1, #1
2000631c:	613b      	str	r3, [r7, #16]
2000631e:	4650      	mov	r0, sl
20006320:	4a84      	ldr	r2, [pc, #528]	@ (20006534 <tud_task_ext+0x8c8>)
20006322:	4798      	blx	r3
20006324:	2300      	movs	r3, #0
20006326:	613b      	str	r3, [r7, #16]
20006328:	f897 304c 	ldrb.w	r3, [r7, #76]	@ 0x4c
2000632c:	07df      	lsls	r7, r3, #31
2000632e:	f53f acde 	bmi.w	20005cee <tud_task_ext+0x82>
20006332:	e670      	b.n	20006016 <tud_task_ext+0x3aa>
20006334:	2b00      	cmp	r3, #0
20006336:	f47f ae21 	bne.w	20005f7c <tud_task_ext+0x310>
2000633a:	461f      	mov	r7, r3
2000633c:	e77d      	b.n	2000623a <tud_task_ext+0x5ce>
2000633e:	461a      	mov	r2, r3
20006340:	e738      	b.n	200061b4 <tud_task_ext+0x548>
20006342:	2301      	movs	r3, #1
20006344:	f04f 0880 	mov.w	r8, #128	@ 0x80
20006348:	2200      	movs	r2, #0
2000634a:	e733      	b.n	200061b4 <tud_task_ext+0x548>
2000634c:	9b04      	ldr	r3, [sp, #16]
2000634e:	789b      	ldrb	r3, [r3, #2]
20006350:	2b00      	cmp	r3, #0
20006352:	f47f ae4b 	bne.w	20005fec <tud_task_ext+0x380>
20006356:	e65e      	b.n	20006016 <tud_task_ext+0x3aa>
20006358:	9b04      	ldr	r3, [sp, #16]
2000635a:	4499      	add	r9, r3
2000635c:	09cb      	lsrs	r3, r1, #7
2000635e:	4499      	add	r9, r3
20006360:	f899 304b 	ldrb.w	r3, [r9, #75]	@ 0x4b
20006364:	b2db      	uxtb	r3, r3
20006366:	9305      	str	r3, [sp, #20]
20006368:	f7fe ffc2 	bl	200052f0 <dcd_edpt_clear_stall>
2000636c:	9b05      	ldr	r3, [sp, #20]
2000636e:	f013 0f02 	tst.w	r3, #2
20006372:	bf08      	it	eq
20006374:	f04f 0803 	moveq.w	r8, #3
20006378:	f899 304b 	ldrb.w	r3, [r9, #75]	@ 0x4b
2000637c:	ea23 0308 	bic.w	r3, r3, r8
20006380:	f889 304b 	strb.w	r3, [r9, #75]	@ 0x4b
20006384:	e7c7      	b.n	20006316 <tud_task_ext+0x6aa>
20006386:	f88d 1022 	strb.w	r1, [sp, #34]	@ 0x22
2000638a:	e64d      	b.n	20006028 <tud_task_ext+0x3bc>
2000638c:	f7fe fc52 	bl	20004c34 <tud_descriptor_bos_cb>
20006390:	4602      	mov	r2, r0
20006392:	2800      	cmp	r0, #0
20006394:	f43f ae2a 	beq.w	20005fec <tud_task_ext+0x380>
20006398:	4650      	mov	r0, sl
2000639a:	8853      	ldrh	r3, [r2, #2]
2000639c:	4965      	ldr	r1, [pc, #404]	@ (20006534 <tud_task_ext+0x8c8>)
2000639e:	f7ff fb51 	bl	20005a44 <tud_control_xfer>
200063a2:	e620      	b.n	20005fe6 <tud_task_ext+0x37a>
200063a4:	f108 30ff 	add.w	r0, r8, #4294967295	@ 0xffffffff
200063a8:	b2c0      	uxtb	r0, r0
200063aa:	f7fe fae7 	bl	2000497c <tud_descriptor_configuration_cb>
200063ae:	4603      	mov	r3, r0
200063b0:	2800      	cmp	r0, #0
200063b2:	d057      	beq.n	20006464 <tud_task_ext+0x7f8>
200063b4:	7842      	ldrb	r2, [r0, #1]
200063b6:	2a02      	cmp	r2, #2
200063b8:	d154      	bne.n	20006464 <tud_task_ext+0x7f8>
200063ba:	79c2      	ldrb	r2, [r0, #7]
200063bc:	9804      	ldr	r0, [sp, #16]
200063be:	1192      	asrs	r2, r2, #6
200063c0:	7dc1      	ldrb	r1, [r0, #23]
200063c2:	f103 0909 	add.w	r9, r3, #9
200063c6:	f362 0100 	bfi	r1, r2, #0, #1
200063ca:	75c1      	strb	r1, [r0, #23]
200063cc:	885a      	ldrh	r2, [r3, #2]
200063ce:	9405      	str	r4, [sp, #20]
200063d0:	189a      	adds	r2, r3, r2
200063d2:	9206      	str	r2, [sp, #24]
200063d4:	9a06      	ldr	r2, [sp, #24]
200063d6:	454a      	cmp	r2, r9
200063d8:	d969      	bls.n	200064ae <tud_task_ext+0x842>
200063da:	f899 3000 	ldrb.w	r3, [r9]
200063de:	444b      	add	r3, r9
200063e0:	429a      	cmp	r2, r3
200063e2:	d364      	bcc.n	200064ae <tud_task_ext+0x842>
200063e4:	f899 2001 	ldrb.w	r2, [r9, #1]
200063e8:	2a0b      	cmp	r2, #11
200063ea:	d064      	beq.n	200064b6 <tud_task_ext+0x84a>
200063ec:	2a04      	cmp	r2, #4
200063ee:	d138      	bne.n	20006462 <tud_task_ext+0x7f6>
200063f0:	9b06      	ldr	r3, [sp, #24]
200063f2:	4c4c      	ldr	r4, [pc, #304]	@ (20006524 <tud_task_ext+0x8b8>)
200063f4:	eba3 0209 	sub.w	r2, r3, r9
200063f8:	2300      	movs	r3, #0
200063fa:	b292      	uxth	r2, r2
200063fc:	4649      	mov	r1, r9
200063fe:	4617      	mov	r7, r2
20006400:	46a1      	mov	r9, r4
20006402:	461c      	mov	r4, r3
20006404:	f899 2000 	ldrb.w	r2, [r9]
20006408:	fa5f f884 	uxtb.w	r8, r4
2000640c:	1c53      	adds	r3, r2, #1
2000640e:	b2db      	uxtb	r3, r3
20006410:	4543      	cmp	r3, r8
20006412:	d926      	bls.n	20006462 <tud_task_ext+0x7f6>
20006414:	4542      	cmp	r2, r8
20006416:	d947      	bls.n	200064a8 <tud_task_ext+0x83c>
20006418:	2224      	movs	r2, #36	@ 0x24
2000641a:	4b43      	ldr	r3, [pc, #268]	@ (20006528 <tud_task_ext+0x8bc>)
2000641c:	681b      	ldr	r3, [r3, #0]
2000641e:	fb02 3308 	mla	r3, r2, r8, r3
20006422:	b1f3      	cbz	r3, 20006462 <tud_task_ext+0x7f6>
20006424:	463a      	mov	r2, r7
20006426:	4650      	mov	r0, sl
20006428:	691b      	ldr	r3, [r3, #16]
2000642a:	9107      	str	r1, [sp, #28]
2000642c:	4798      	blx	r3
2000642e:	2808      	cmp	r0, #8
20006430:	9907      	ldr	r1, [sp, #28]
20006432:	f104 0401 	add.w	r4, r4, #1
20006436:	d9e5      	bls.n	20006404 <tud_task_ext+0x798>
20006438:	4287      	cmp	r7, r0
2000643a:	d3e3      	bcc.n	20006404 <tud_task_ext+0x798>
2000643c:	2310      	movs	r3, #16
2000643e:	4a3e      	ldr	r2, [pc, #248]	@ (20006538 <tud_task_ext+0x8cc>)
20006440:	e9cd 1001 	strd	r1, r0, [sp, #4]
20006444:	4607      	mov	r7, r0
20006446:	464c      	mov	r4, r9
20006448:	4640      	mov	r0, r8
2000644a:	4689      	mov	r9, r1
2000644c:	9300      	str	r3, [sp, #0]
2000644e:	18d1      	adds	r1, r2, r3
20006450:	f000 fb14 	bl	20006a7c <tu_bind_driver_to_ep_itf>
20006454:	b128      	cbz	r0, 20006462 <tud_task_ext+0x7f6>
20006456:	7823      	ldrb	r3, [r4, #0]
20006458:	44b9      	add	r9, r7
2000645a:	3301      	adds	r3, #1
2000645c:	b2db      	uxtb	r3, r3
2000645e:	4543      	cmp	r3, r8
20006460:	d8b8      	bhi.n	200063d4 <tud_task_ext+0x768>
20006462:	9c05      	ldr	r4, [sp, #20]
20006464:	f04f 23e0 	mov.w	r3, #3758153728	@ 0xe000e000
20006468:	f8d3 3df0 	ldr.w	r3, [r3, #3568]	@ 0xdf0
2000646c:	07db      	lsls	r3, r3, #31
2000646e:	d500      	bpl.n	20006472 <tud_task_ext+0x806>
20006470:	be00      	bkpt	0x0000
20006472:	2300      	movs	r3, #0
20006474:	9a04      	ldr	r2, [sp, #16]
20006476:	7613      	strb	r3, [r2, #24]
20006478:	f04f 23e0 	mov.w	r3, #3758153728	@ 0xe000e000
2000647c:	f8d3 3df0 	ldr.w	r3, [r3, #3568]	@ 0xdf0
20006480:	07df      	lsls	r7, r3, #31
20006482:	f53f ad78 	bmi.w	20005f76 <tud_task_ext+0x30a>
20006486:	e5b1      	b.n	20005fec <tud_task_ext+0x380>
20006488:	2100      	movs	r1, #0
2000648a:	4650      	mov	r0, sl
2000648c:	f7fe fdf8 	bl	20005080 <dcd_sof_enable>
20006490:	4650      	mov	r0, sl
20006492:	f7fe fe7d 	bl	20005190 <dcd_edpt_close_all>
20006496:	9f04      	ldr	r7, [sp, #16]
20006498:	4650      	mov	r0, sl
2000649a:	f897 9019 	ldrb.w	r9, [r7, #25]
2000649e:	f7ff f9ad 	bl	200057fc <configuration_reset>
200064a2:	f887 9019 	strb.w	r9, [r7, #25]
200064a6:	e5ad      	b.n	20006004 <tud_task_ext+0x398>
200064a8:	d1db      	bne.n	20006462 <tud_task_ext+0x7f6>
200064aa:	4b24      	ldr	r3, [pc, #144]	@ (2000653c <tud_task_ext+0x8d0>)
200064ac:	e7ba      	b.n	20006424 <tud_task_ext+0x7b8>
200064ae:	9c05      	ldr	r4, [sp, #20]
200064b0:	f7ff f9f8 	bl	200058a4 <tud_mount_cb>
200064b4:	e5af      	b.n	20006016 <tud_task_ext+0x3aa>
200064b6:	4699      	mov	r9, r3
200064b8:	e78c      	b.n	200063d4 <tud_task_ext+0x768>
200064ba:	f7ff f9ef 	bl	2000589c <tud_descriptor_device_qualifier_cb>
200064be:	4602      	mov	r2, r0
200064c0:	2800      	cmp	r0, #0
200064c2:	f43f ad93 	beq.w	20005fec <tud_task_ext+0x380>
200064c6:	4650      	mov	r0, sl
200064c8:	7813      	ldrb	r3, [r2, #0]
200064ca:	491a      	ldr	r1, [pc, #104]	@ (20006534 <tud_task_ext+0x8c8>)
200064cc:	f7ff faba 	bl	20005a44 <tud_control_xfer>
200064d0:	e589      	b.n	20005fe6 <tud_task_ext+0x37a>
200064d2:	9b04      	ldr	r3, [sp, #16]
200064d4:	8899      	ldrh	r1, [r3, #4]
200064d6:	f7fe fa55 	bl	20004984 <tud_descriptor_string_cb>
200064da:	4602      	mov	r2, r0
200064dc:	2800      	cmp	r0, #0
200064de:	d1f2      	bne.n	200064c6 <tud_task_ext+0x85a>
200064e0:	e584      	b.n	20005fec <tud_task_ext+0x380>
200064e2:	2a02      	cmp	r2, #2
200064e4:	d010      	beq.n	20006508 <tud_task_ext+0x89c>
200064e6:	f7ff f9db 	bl	200058a0 <tud_descriptor_other_speed_configuration_cb>
200064ea:	4602      	mov	r2, r0
200064ec:	2800      	cmp	r0, #0
200064ee:	f47f af53 	bne.w	20006398 <tud_task_ext+0x72c>
200064f2:	e57b      	b.n	20005fec <tud_task_ext+0x380>
200064f4:	f7fe fa3e 	bl	20004974 <tud_descriptor_device_cb>
200064f8:	4602      	mov	r2, r0
200064fa:	b158      	cbz	r0, 20006514 <tud_task_ext+0x8a8>
200064fc:	4650      	mov	r0, sl
200064fe:	2312      	movs	r3, #18
20006500:	490c      	ldr	r1, [pc, #48]	@ (20006534 <tud_task_ext+0x8c8>)
20006502:	f7ff fa9f 	bl	20005a44 <tud_control_xfer>
20006506:	e56e      	b.n	20005fe6 <tud_task_ext+0x37a>
20006508:	f7fe fa38 	bl	2000497c <tud_descriptor_configuration_cb>
2000650c:	4602      	mov	r2, r0
2000650e:	2800      	cmp	r0, #0
20006510:	f47f af42 	bne.w	20006398 <tud_task_ext+0x72c>
20006514:	f04f 23e0 	mov.w	r3, #3758153728	@ 0xe000e000
20006518:	f8d3 3df0 	ldr.w	r3, [r3, #3568]	@ 0xdf0
2000651c:	07d8      	lsls	r0, r3, #31
2000651e:	f53f ad2a 	bmi.w	20005f76 <tud_task_ext+0x30a>
20006522:	e563      	b.n	20005fec <tud_task_ext+0x380>
20006524:	200099b2 	.word	0x200099b2
20006528:	20008f08 	.word	0x20008f08
2000652c:	20009068 	.word	0x20009068
20006530:	200067cd 	.word	0x200067cd
20006534:	200090d4 	.word	0x200090d4
20006538:	200090ef 	.word	0x200090ef
2000653c:	20008c38 	.word	0x20008c38

20006540 <usbd_edpt_xfer_fifo>:
20006540:	2000      	movs	r0, #0
20006542:	4770      	bx	lr

20006544 <tud_cdc_rx_cb>:
20006544:	4770      	bx	lr
20006546:	bf00      	nop

20006548 <tud_cdc_rx_wanted_cb>:
20006548:	4770      	bx	lr
2000654a:	bf00      	nop

2000654c <tud_cdc_tx_complete_cb>:
2000654c:	4770      	bx	lr
2000654e:	bf00      	nop

20006550 <tud_cdc_notify_complete_cb>:
20006550:	4770      	bx	lr
20006552:	bf00      	nop

20006554 <tud_cdc_line_state_cb>:
20006554:	4770      	bx	lr
20006556:	bf00      	nop

20006558 <tud_cdc_send_break_cb>:
20006558:	4770      	bx	lr
2000655a:	bf00      	nop

2000655c <tud_cdc_n_connected>:
2000655c:	b108      	cbz	r0, 20006562 <tud_cdc_n_connected+0x6>
2000655e:	2000      	movs	r0, #0
20006560:	4770      	bx	lr
20006562:	b510      	push	{r4, lr}
20006564:	f7ff f9a6 	bl	200058b4 <tud_mounted>
20006568:	4604      	mov	r4, r0
2000656a:	f7ff f9ab 	bl	200058c4 <tud_suspended>
2000656e:	b12c      	cbz	r4, 2000657c <tud_cdc_n_connected+0x20>
20006570:	b920      	cbnz	r0, 2000657c <tud_cdc_n_connected+0x20>
20006572:	4b03      	ldr	r3, [pc, #12]	@ (20006580 <tud_cdc_n_connected+0x24>)
20006574:	78d8      	ldrb	r0, [r3, #3]
20006576:	f000 0001 	and.w	r0, r0, #1
2000657a:	bd10      	pop	{r4, pc}
2000657c:	2000      	movs	r0, #0
2000657e:	bd10      	pop	{r4, pc}
20006580:	20008f8c 	.word	0x20008f8c

20006584 <tud_cdc_n_available>:
20006584:	b998      	cbnz	r0, 200065ae <tud_cdc_n_available+0x2a>
20006586:	490b      	ldr	r1, [pc, #44]	@ (200065b4 <tud_cdc_n_available+0x30>)
20006588:	f8b1 3048 	ldrh.w	r3, [r1, #72]	@ 0x48
2000658c:	f8b1 204a 	ldrh.w	r2, [r1, #74]	@ 0x4a
20006590:	f8b1 0044 	ldrh.w	r0, [r1, #68]	@ 0x44
20006594:	b292      	uxth	r2, r2
20006596:	b29b      	uxth	r3, r3
20006598:	4293      	cmp	r3, r2
2000659a:	bfb6      	itet	lt
2000659c:	ebc2 0240 	rsblt	r2, r2, r0, lsl #1
200065a0:	1a9b      	subge	r3, r3, r2
200065a2:	189b      	addlt	r3, r3, r2
200065a4:	b29b      	uxth	r3, r3
200065a6:	4298      	cmp	r0, r3
200065a8:	bf28      	it	cs
200065aa:	4618      	movcs	r0, r3
200065ac:	4770      	bx	lr
200065ae:	2000      	movs	r0, #0
200065b0:	4770      	bx	lr
200065b2:	bf00      	nop
200065b4:	20008f8c 	.word	0x20008f8c

200065b8 <tud_cdc_n_read>:
200065b8:	b108      	cbz	r0, 200065be <tud_cdc_n_read+0x6>
200065ba:	2000      	movs	r0, #0
200065bc:	4770      	bx	lr
200065be:	4801      	ldr	r0, [pc, #4]	@ (200065c4 <tud_cdc_n_read+0xc>)
200065c0:	f000 bc48 	b.w	20006e54 <tu_edpt_stream_read>
200065c4:	20008fc0 	.word	0x20008fc0

200065c8 <tud_cdc_n_write>:
200065c8:	b108      	cbz	r0, 200065ce <tud_cdc_n_write+0x6>
200065ca:	2000      	movs	r0, #0
200065cc:	4770      	bx	lr
200065ce:	4801      	ldr	r0, [pc, #4]	@ (200065d4 <tud_cdc_n_write+0xc>)
200065d0:	f000 bb4c 	b.w	20006c6c <tu_edpt_stream_write>
200065d4:	20008f98 	.word	0x20008f98

200065d8 <tud_cdc_n_write_flush>:
200065d8:	b108      	cbz	r0, 200065de <tud_cdc_n_write_flush+0x6>
200065da:	2000      	movs	r0, #0
200065dc:	4770      	bx	lr
200065de:	4801      	ldr	r0, [pc, #4]	@ (200065e4 <tud_cdc_n_write_flush+0xc>)
200065e0:	f000 bae6 	b.w	20006bb0 <tu_edpt_stream_write_xfer>
200065e4:	20008f98 	.word	0x20008f98

200065e8 <tud_cdc_n_write_available>:
200065e8:	b108      	cbz	r0, 200065ee <tud_cdc_n_write_available+0x6>
200065ea:	2000      	movs	r0, #0
200065ec:	4770      	bx	lr
200065ee:	4801      	ldr	r0, [pc, #4]	@ (200065f4 <tud_cdc_n_write_available+0xc>)
200065f0:	f000 bbb6 	b.w	20006d60 <tu_edpt_stream_write_available>
200065f4:	20008f98 	.word	0x20008f98

200065f8 <cdcd_init>:
200065f8:	b570      	push	{r4, r5, r6, lr}
200065fa:	4c15      	ldr	r4, [pc, #84]	@ (20006650 <cdcd_init+0x58>)
200065fc:	b084      	sub	sp, #16
200065fe:	22dc      	movs	r2, #220	@ 0xdc
20006600:	2100      	movs	r1, #0
20006602:	4620      	mov	r0, r4
20006604:	f001 fb16 	bl	20007c34 <memset>
20006608:	2640      	movs	r6, #64	@ 0x40
2000660a:	f64f 7208 	movw	r2, #65288	@ 0xff08
2000660e:	2300      	movs	r3, #0
20006610:	f44f 31e1 	mov.w	r1, #115200	@ 0x1c200
20006614:	4d0f      	ldr	r5, [pc, #60]	@ (20006654 <cdcd_init+0x5c>)
20006616:	f104 0034 	add.w	r0, r4, #52	@ 0x34
2000661a:	e9cd 6501 	strd	r6, r5, [sp, #4]
2000661e:	8162      	strh	r2, [r4, #10]
20006620:	f104 029c 	add.w	r2, r4, #156	@ 0x9c
20006624:	6061      	str	r1, [r4, #4]
20006626:	4619      	mov	r1, r3
20006628:	9200      	str	r2, [sp, #0]
2000662a:	461a      	mov	r2, r3
2000662c:	f000 fa68 	bl	20006b00 <tu_edpt_stream_init>
20006630:	2301      	movs	r3, #1
20006632:	f104 025c 	add.w	r2, r4, #92	@ 0x5c
20006636:	4435      	add	r5, r6
20006638:	9200      	str	r2, [sp, #0]
2000663a:	2100      	movs	r1, #0
2000663c:	461a      	mov	r2, r3
2000663e:	9502      	str	r5, [sp, #8]
20006640:	9601      	str	r6, [sp, #4]
20006642:	f104 000c 	add.w	r0, r4, #12
20006646:	f000 fa5b 	bl	20006b00 <tu_edpt_stream_init>
2000664a:	b004      	add	sp, #16
2000664c:	bd70      	pop	{r4, r5, r6, pc}
2000664e:	bf00      	nop
20006650:	20008f8c 	.word	0x20008f8c
20006654:	20008f0c 	.word	0x20008f0c

20006658 <cdcd_deinit>:
20006658:	2001      	movs	r0, #1
2000665a:	4770      	bx	lr

2000665c <cdcd_reset>:
2000665c:	b538      	push	{r3, r4, r5, lr}
2000665e:	4c06      	ldr	r4, [pc, #24]	@ (20006678 <cdcd_reset+0x1c>)
20006660:	2500      	movs	r5, #0
20006662:	4620      	mov	r0, r4
20006664:	2101      	movs	r1, #1
20006666:	f840 5b18 	str.w	r5, [r0], #24
2000666a:	f000 fca3 	bl	20006fb4 <tu_fifo_set_overwritable>
2000666e:	f884 5036 	strb.w	r5, [r4, #54]	@ 0x36
20006672:	73a5      	strb	r5, [r4, #14]
20006674:	bd38      	pop	{r3, r4, r5, pc}
20006676:	bf00      	nop
20006678:	20008f8c 	.word	0x20008f8c

2000667c <cdcd_open>:
2000667c:	e92d 4ff8 	stmdb	sp!, {r3, r4, r5, r6, r7, r8, r9, sl, fp, lr}
20006680:	794b      	ldrb	r3, [r1, #5]
20006682:	2b02      	cmp	r3, #2
20006684:	d002      	beq.n	2000668c <cdcd_open+0x10>
20006686:	2000      	movs	r0, #0
20006688:	e8bd 8ff8 	ldmia.w	sp!, {r3, r4, r5, r6, r7, r8, r9, sl, fp, pc}
2000668c:	798b      	ldrb	r3, [r1, #6]
2000668e:	460c      	mov	r4, r1
20006690:	2b02      	cmp	r3, #2
20006692:	d1f8      	bne.n	20006686 <cdcd_open+0xa>
20006694:	f8df 9130 	ldr.w	r9, [pc, #304]	@ 200067c8 <cdcd_open+0x14c>
20006698:	4606      	mov	r6, r0
2000669a:	f899 1036 	ldrb.w	r1, [r9, #54]	@ 0x36
2000669e:	f899 000e 	ldrb.w	r0, [r9, #14]
200066a2:	b141      	cbz	r1, 200066b6 <cdcd_open+0x3a>
200066a4:	b138      	cbz	r0, 200066b6 <cdcd_open+0x3a>
200066a6:	f04f 23e0 	mov.w	r3, #3758153728	@ 0xe000e000
200066aa:	f8d3 3df0 	ldr.w	r3, [r3, #3568]	@ 0xdf0
200066ae:	07db      	lsls	r3, r3, #31
200066b0:	d5e9      	bpl.n	20006686 <cdcd_open+0xa>
200066b2:	be00      	bkpt	0x0000
200066b4:	e7e7      	b.n	20006686 <cdcd_open+0xa>
200066b6:	78a1      	ldrb	r1, [r4, #2]
200066b8:	f889 6000 	strb.w	r6, [r9]
200066bc:	f889 1001 	strb.w	r1, [r9, #1]
200066c0:	7825      	ldrb	r5, [r4, #0]
200066c2:	eb04 0a02 	add.w	sl, r4, r2
200066c6:	4425      	add	r5, r4
200066c8:	4555      	cmp	r5, sl
200066ca:	7869      	ldrb	r1, [r5, #1]
200066cc:	d209      	bcs.n	200066e2 <cdcd_open+0x66>
200066ce:	782b      	ldrb	r3, [r5, #0]
200066d0:	442b      	add	r3, r5
200066d2:	459a      	cmp	sl, r3
200066d4:	d305      	bcc.n	200066e2 <cdcd_open+0x66>
200066d6:	2924      	cmp	r1, #36	@ 0x24
200066d8:	d103      	bne.n	200066e2 <cdcd_open+0x66>
200066da:	461d      	mov	r5, r3
200066dc:	4555      	cmp	r5, sl
200066de:	7869      	ldrb	r1, [r5, #1]
200066e0:	d3f5      	bcc.n	200066ce <cdcd_open+0x52>
200066e2:	2905      	cmp	r1, #5
200066e4:	d05c      	beq.n	200067a0 <cdcd_open+0x124>
200066e6:	2904      	cmp	r1, #4
200066e8:	d003      	beq.n	200066f2 <cdcd_open+0x76>
200066ea:	1b28      	subs	r0, r5, r4
200066ec:	b280      	uxth	r0, r0
200066ee:	e8bd 8ff8 	ldmia.w	sp!, {r3, r4, r5, r6, r7, r8, r9, sl, fp, pc}
200066f2:	7969      	ldrb	r1, [r5, #5]
200066f4:	290a      	cmp	r1, #10
200066f6:	d1f8      	bne.n	200066ea <cdcd_open+0x6e>
200066f8:	f895 c000 	ldrb.w	ip, [r5]
200066fc:	7929      	ldrb	r1, [r5, #4]
200066fe:	44ac      	add	ip, r5
20006700:	2900      	cmp	r1, #0
20006702:	d03e      	beq.n	20006782 <cdcd_open+0x106>
20006704:	4555      	cmp	r5, sl
20006706:	d23c      	bcs.n	20006782 <cdcd_open+0x106>
20006708:	45e2      	cmp	sl, ip
2000670a:	d33a      	bcc.n	20006782 <cdcd_open+0x106>
2000670c:	46e3      	mov	fp, ip
2000670e:	2700      	movs	r7, #0
20006710:	f89b 3001 	ldrb.w	r3, [fp, #1]
20006714:	46d8      	mov	r8, fp
20006716:	2b05      	cmp	r3, #5
20006718:	d1c5      	bne.n	200066a6 <cdcd_open+0x2a>
2000671a:	f89b 3003 	ldrb.w	r3, [fp, #3]
2000671e:	f003 0303 	and.w	r3, r3, #3
20006722:	2b02      	cmp	r3, #2
20006724:	d1bf      	bne.n	200066a6 <cdcd_open+0x2a>
20006726:	4659      	mov	r1, fp
20006728:	4630      	mov	r0, r6
2000672a:	f7ff fa0d 	bl	20005b48 <usbd_edpt_open>
2000672e:	2800      	cmp	r0, #0
20006730:	d0b9      	beq.n	200066a6 <cdcd_open+0x2a>
20006732:	f89b 2002 	ldrb.w	r2, [fp, #2]
20006736:	f8bb 3004 	ldrh.w	r3, [fp, #4]
2000673a:	09d1      	lsrs	r1, r2, #7
2000673c:	f3c3 030a 	ubfx	r3, r3, #0, #11
20006740:	d121      	bne.n	20006786 <cdcd_open+0x10a>
20006742:	f889 2036 	strb.w	r2, [r9, #54]	@ 0x36
20006746:	2200      	movs	r2, #0
20006748:	f363 020f 	bfi	r2, r3, #0, #16
2000674c:	481b      	ldr	r0, [pc, #108]	@ (200067bc <cdcd_open+0x140>)
2000674e:	f363 421f 	bfi	r2, r3, #16, #16
20006752:	f889 6034 	strb.w	r6, [r9, #52]	@ 0x34
20006756:	f8c9 2038 	str.w	r2, [r9, #56]	@ 0x38
2000675a:	f000 fc0f 	bl	20006f7c <tu_fifo_clear>
2000675e:	4818      	ldr	r0, [pc, #96]	@ (200067c0 <cdcd_open+0x144>)
20006760:	f000 fb10 	bl	20006d84 <tu_edpt_stream_read_xfer>
20006764:	2800      	cmp	r0, #0
20006766:	d09e      	beq.n	200066a6 <cdcd_open+0x2a>
20006768:	f89b 3000 	ldrb.w	r3, [fp]
2000676c:	3701      	adds	r7, #1
2000676e:	449b      	add	fp, r3
20006770:	792b      	ldrb	r3, [r5, #4]
20006772:	b2ff      	uxtb	r7, r7
20006774:	42bb      	cmp	r3, r7
20006776:	46dc      	mov	ip, fp
20006778:	d903      	bls.n	20006782 <cdcd_open+0x106>
2000677a:	45c2      	cmp	sl, r8
2000677c:	d901      	bls.n	20006782 <cdcd_open+0x106>
2000677e:	45da      	cmp	sl, fp
20006780:	d2c6      	bcs.n	20006710 <cdcd_open+0x94>
20006782:	4665      	mov	r5, ip
20006784:	e7b1      	b.n	200066ea <cdcd_open+0x6e>
20006786:	f8a9 3010 	strh.w	r3, [r9, #16]
2000678a:	2340      	movs	r3, #64	@ 0x40
2000678c:	480d      	ldr	r0, [pc, #52]	@ (200067c4 <cdcd_open+0x148>)
2000678e:	f889 200e 	strb.w	r2, [r9, #14]
20006792:	f889 600c 	strb.w	r6, [r9, #12]
20006796:	f8a9 3012 	strh.w	r3, [r9, #18]
2000679a:	f000 fbef 	bl	20006f7c <tu_fifo_clear>
2000679e:	e7e3      	b.n	20006768 <cdcd_open+0xec>
200067a0:	4629      	mov	r1, r5
200067a2:	4630      	mov	r0, r6
200067a4:	f7ff f9d0 	bl	20005b48 <usbd_edpt_open>
200067a8:	2800      	cmp	r0, #0
200067aa:	f43f af7c 	beq.w	200066a6 <cdcd_open+0x2a>
200067ae:	78a9      	ldrb	r1, [r5, #2]
200067b0:	f889 1002 	strb.w	r1, [r9, #2]
200067b4:	7829      	ldrb	r1, [r5, #0]
200067b6:	440d      	add	r5, r1
200067b8:	7869      	ldrb	r1, [r5, #1]
200067ba:	e794      	b.n	200066e6 <cdcd_open+0x6a>
200067bc:	20008fcc 	.word	0x20008fcc
200067c0:	20008fc0 	.word	0x20008fc0
200067c4:	20008fa4 	.word	0x20008fa4
200067c8:	20008f8c 	.word	0x20008f8c

200067cc <cdcd_control_xfer_cb>:
200067cc:	7813      	ldrb	r3, [r2, #0]
200067ce:	f003 0360 	and.w	r3, r3, #96	@ 0x60
200067d2:	2b20      	cmp	r3, #32
200067d4:	d108      	bne.n	200067e8 <cdcd_control_xfer_cb+0x1c>
200067d6:	b570      	push	{r4, r5, r6, lr}
200067d8:	4c22      	ldr	r4, [pc, #136]	@ (20006864 <cdcd_control_xfer_cb+0x98>)
200067da:	8893      	ldrh	r3, [r2, #4]
200067dc:	f894 c001 	ldrb.w	ip, [r4, #1]
200067e0:	459c      	cmp	ip, r3
200067e2:	d003      	beq.n	200067ec <cdcd_control_xfer_cb+0x20>
200067e4:	2000      	movs	r0, #0
200067e6:	bd70      	pop	{r4, r5, r6, pc}
200067e8:	2000      	movs	r0, #0
200067ea:	4770      	bx	lr
200067ec:	7853      	ldrb	r3, [r2, #1]
200067ee:	3b20      	subs	r3, #32
200067f0:	2b03      	cmp	r3, #3
200067f2:	d8f7      	bhi.n	200067e4 <cdcd_control_xfer_cb+0x18>
200067f4:	e8df f003 	tbb	[pc, r3]
200067f8:	020b1f23 	.word	0x020b1f23
200067fc:	2901      	cmp	r1, #1
200067fe:	d027      	beq.n	20006850 <cdcd_control_xfer_cb+0x84>
20006800:	2903      	cmp	r1, #3
20006802:	d11a      	bne.n	2000683a <cdcd_control_xfer_cb+0x6e>
20006804:	2000      	movs	r0, #0
20006806:	8851      	ldrh	r1, [r2, #2]
20006808:	f7ff fea6 	bl	20006558 <tud_cdc_send_break_cb>
2000680c:	e015      	b.n	2000683a <cdcd_control_xfer_cb+0x6e>
2000680e:	2901      	cmp	r1, #1
20006810:	d01e      	beq.n	20006850 <cdcd_control_xfer_cb+0x84>
20006812:	2903      	cmp	r1, #3
20006814:	d111      	bne.n	2000683a <cdcd_control_xfer_cb+0x6e>
20006816:	8855      	ldrh	r5, [r2, #2]
20006818:	4813      	ldr	r0, [pc, #76]	@ (20006868 <cdcd_control_xfer_cb+0x9c>)
2000681a:	f005 0601 	and.w	r6, r5, #1
2000681e:	f086 0101 	eor.w	r1, r6, #1
20006822:	70e5      	strb	r5, [r4, #3]
20006824:	f000 fbc6 	bl	20006fb4 <tu_fifo_set_overwritable>
20006828:	2000      	movs	r0, #0
2000682a:	4631      	mov	r1, r6
2000682c:	f3c5 0240 	ubfx	r2, r5, #1, #1
20006830:	f7ff fe90 	bl	20006554 <tud_cdc_line_state_cb>
20006834:	e001      	b.n	2000683a <cdcd_control_xfer_cb+0x6e>
20006836:	2901      	cmp	r1, #1
20006838:	d00e      	beq.n	20006858 <cdcd_control_xfer_cb+0x8c>
2000683a:	2001      	movs	r0, #1
2000683c:	bd70      	pop	{r4, r5, r6, pc}
2000683e:	2901      	cmp	r1, #1
20006840:	d00a      	beq.n	20006858 <cdcd_control_xfer_cb+0x8c>
20006842:	2903      	cmp	r1, #3
20006844:	d1f9      	bne.n	2000683a <cdcd_control_xfer_cb+0x6e>
20006846:	2000      	movs	r0, #0
20006848:	4908      	ldr	r1, [pc, #32]	@ (2000686c <cdcd_control_xfer_cb+0xa0>)
2000684a:	f7fe fa13 	bl	20004c74 <tud_cdc_line_coding_cb>
2000684e:	e7f4      	b.n	2000683a <cdcd_control_xfer_cb+0x6e>
20006850:	4611      	mov	r1, r2
20006852:	f7ff f8bd 	bl	200059d0 <tud_control_status>
20006856:	e7f0      	b.n	2000683a <cdcd_control_xfer_cb+0x6e>
20006858:	4611      	mov	r1, r2
2000685a:	2307      	movs	r3, #7
2000685c:	4a03      	ldr	r2, [pc, #12]	@ (2000686c <cdcd_control_xfer_cb+0xa0>)
2000685e:	f7ff f8f1 	bl	20005a44 <tud_control_xfer>
20006862:	e7ea      	b.n	2000683a <cdcd_control_xfer_cb+0x6e>
20006864:	20008f8c 	.word	0x20008f8c
20006868:	20008fa4 	.word	0x20008fa4
2000686c:	20008f90 	.word	0x20008f90

20006870 <cdcd_xfer_cb>:
20006870:	b5f0      	push	{r4, r5, r6, r7, lr}
20006872:	4d49      	ldr	r5, [pc, #292]	@ (20006998 <cdcd_xfer_cb+0x128>)
20006874:	460c      	mov	r4, r1
20006876:	f895 2036 	ldrb.w	r2, [r5, #54]	@ 0x36
2000687a:	461e      	mov	r6, r3
2000687c:	428a      	cmp	r2, r1
2000687e:	7ba8      	ldrb	r0, [r5, #14]
20006880:	f895 c002 	ldrb.w	ip, [r5, #2]
20006884:	b085      	sub	sp, #20
20006886:	d00e      	beq.n	200068a6 <cdcd_xfer_cb+0x36>
20006888:	4281      	cmp	r1, r0
2000688a:	d060      	beq.n	2000694e <cdcd_xfer_cb+0xde>
2000688c:	4561      	cmp	r1, ip
2000688e:	d100      	bne.n	20006892 <cdcd_xfer_cb+0x22>
20006890:	bb31      	cbnz	r1, 200068e0 <cdcd_xfer_cb+0x70>
20006892:	f04f 23e0 	mov.w	r3, #3758153728	@ 0xe000e000
20006896:	f8d3 3df0 	ldr.w	r3, [r3, #3568]	@ 0xdf0
2000689a:	07db      	lsls	r3, r3, #31
2000689c:	d500      	bpl.n	200068a0 <cdcd_xfer_cb+0x30>
2000689e:	be00      	bkpt	0x0000
200068a0:	2000      	movs	r0, #0
200068a2:	b005      	add	sp, #20
200068a4:	bdf0      	pop	{r4, r5, r6, r7, pc}
200068a6:	6be9      	ldr	r1, [r5, #60]	@ 0x3c
200068a8:	b129      	cbz	r1, 200068b6 <cdcd_xfer_cb+0x46>
200068aa:	2300      	movs	r3, #0
200068ac:	b2b2      	uxth	r2, r6
200068ae:	f105 0040 	add.w	r0, r5, #64	@ 0x40
200068b2:	f000 fbff 	bl	200070b4 <tu_fifo_write_n_access_mode>
200068b6:	f895 3035 	ldrb.w	r3, [r5, #53]	@ 0x35
200068ba:	2b00      	cmp	r3, #0
200068bc:	d054      	beq.n	20006968 <cdcd_xfer_cb+0xf8>
200068be:	7aeb      	ldrb	r3, [r5, #11]
200068c0:	2bff      	cmp	r3, #255	@ 0xff
200068c2:	d11d      	bne.n	20006900 <cdcd_xfer_cb+0x90>
200068c4:	f8b5 2048 	ldrh.w	r2, [r5, #72]	@ 0x48
200068c8:	f8b5 304a 	ldrh.w	r3, [r5, #74]	@ 0x4a
200068cc:	b292      	uxth	r2, r2
200068ce:	b29b      	uxth	r3, r3
200068d0:	429a      	cmp	r2, r3
200068d2:	d10b      	bne.n	200068ec <cdcd_xfer_cb+0x7c>
200068d4:	4831      	ldr	r0, [pc, #196]	@ (2000699c <cdcd_xfer_cb+0x12c>)
200068d6:	f000 fa55 	bl	20006d84 <tu_edpt_stream_read_xfer>
200068da:	7bab      	ldrb	r3, [r5, #14]
200068dc:	42a3      	cmp	r3, r4
200068de:	d036      	beq.n	2000694e <cdcd_xfer_cb+0xde>
200068e0:	78ab      	ldrb	r3, [r5, #2]
200068e2:	42a3      	cmp	r3, r4
200068e4:	d047      	beq.n	20006976 <cdcd_xfer_cb+0x106>
200068e6:	2001      	movs	r0, #1
200068e8:	b005      	add	sp, #20
200068ea:	bdf0      	pop	{r4, r5, r6, r7, pc}
200068ec:	2000      	movs	r0, #0
200068ee:	f7ff fe29 	bl	20006544 <tud_cdc_rx_cb>
200068f2:	482a      	ldr	r0, [pc, #168]	@ (2000699c <cdcd_xfer_cb+0x12c>)
200068f4:	f000 fa46 	bl	20006d84 <tu_edpt_stream_read_xfer>
200068f8:	7bab      	ldrb	r3, [r5, #14]
200068fa:	42a3      	cmp	r3, r4
200068fc:	d1f0      	bne.n	200068e0 <cdcd_xfer_cb+0x70>
200068fe:	e026      	b.n	2000694e <cdcd_xfer_cb+0xde>
20006900:	4669      	mov	r1, sp
20006902:	4827      	ldr	r0, [pc, #156]	@ (200069a0 <cdcd_xfer_cb+0x130>)
20006904:	f000 fc72 	bl	200071ec <tu_fifo_get_read_info>
20006908:	f8bd 3008 	ldrh.w	r3, [sp, #8]
2000690c:	2b00      	cmp	r3, #0
2000690e:	d036      	beq.n	2000697e <cdcd_xfer_cb+0x10e>
20006910:	9a03      	ldr	r2, [sp, #12]
20006912:	3b01      	subs	r3, #1
20006914:	441a      	add	r2, r3
20006916:	2a00      	cmp	r2, #0
20006918:	d0d4      	beq.n	200068c4 <cdcd_xfer_cb+0x54>
2000691a:	2e00      	cmp	r6, #0
2000691c:	d0d2      	beq.n	200068c4 <cdcd_xfer_cb+0x54>
2000691e:	f8bd e000 	ldrh.w	lr, [sp]
20006922:	f8dd c004 	ldr.w	ip, [sp, #4]
20006926:	f10e 3eff 	add.w	lr, lr, #4294967295	@ 0xffffffff
2000692a:	2300      	movs	r3, #0
2000692c:	7ae9      	ldrb	r1, [r5, #11]
2000692e:	9f03      	ldr	r7, [sp, #12]
20006930:	44e6      	add	lr, ip
20006932:	e005      	b.n	20006940 <cdcd_xfer_cb+0xd0>
20006934:	4594      	cmp	ip, r2
20006936:	d0c5      	beq.n	200068c4 <cdcd_xfer_cb+0x54>
20006938:	3a01      	subs	r2, #1
2000693a:	3301      	adds	r3, #1
2000693c:	429e      	cmp	r6, r3
2000693e:	d0c1      	beq.n	200068c4 <cdcd_xfer_cb+0x54>
20006940:	7810      	ldrb	r0, [r2, #0]
20006942:	4288      	cmp	r0, r1
20006944:	d023      	beq.n	2000698e <cdcd_xfer_cb+0x11e>
20006946:	4297      	cmp	r7, r2
20006948:	d1f4      	bne.n	20006934 <cdcd_xfer_cb+0xc4>
2000694a:	4672      	mov	r2, lr
2000694c:	e7f5      	b.n	2000693a <cdcd_xfer_cb+0xca>
2000694e:	2000      	movs	r0, #0
20006950:	f7ff fdfc 	bl	2000654c <tud_cdc_tx_complete_cb>
20006954:	4813      	ldr	r0, [pc, #76]	@ (200069a4 <cdcd_xfer_cb+0x134>)
20006956:	f000 f92b 	bl	20006bb0 <tu_edpt_stream_write_xfer>
2000695a:	2800      	cmp	r0, #0
2000695c:	d1c0      	bne.n	200068e0 <cdcd_xfer_cb+0x70>
2000695e:	4631      	mov	r1, r6
20006960:	4810      	ldr	r0, [pc, #64]	@ (200069a4 <cdcd_xfer_cb+0x134>)
20006962:	f000 f8ed 	bl	20006b40 <tu_edpt_stream_write_zlp_if_needed>
20006966:	e7bb      	b.n	200068e0 <cdcd_xfer_cb+0x70>
20006968:	f895 1036 	ldrb.w	r1, [r5, #54]	@ 0x36
2000696c:	f895 0034 	ldrb.w	r0, [r5, #52]	@ 0x34
20006970:	f7ff f922 	bl	20005bb8 <usbd_edpt_rx_consume>
20006974:	e7a3      	b.n	200068be <cdcd_xfer_cb+0x4e>
20006976:	2000      	movs	r0, #0
20006978:	f7ff fdea 	bl	20006550 <tud_cdc_notify_complete_cb>
2000697c:	e7b3      	b.n	200068e6 <cdcd_xfer_cb+0x76>
2000697e:	f8bd 3000 	ldrh.w	r3, [sp]
20006982:	2b00      	cmp	r3, #0
20006984:	d09e      	beq.n	200068c4 <cdcd_xfer_cb+0x54>
20006986:	9a01      	ldr	r2, [sp, #4]
20006988:	3b01      	subs	r3, #1
2000698a:	441a      	add	r2, r3
2000698c:	e7c3      	b.n	20006916 <cdcd_xfer_cb+0xa6>
2000698e:	2000      	movs	r0, #0
20006990:	f7ff fdda 	bl	20006548 <tud_cdc_rx_wanted_cb>
20006994:	e796      	b.n	200068c4 <cdcd_xfer_cb+0x54>
20006996:	bf00      	nop
20006998:	20008f8c 	.word	0x20008f8c
2000699c:	20008fc0 	.word	0x20008fc0
200069a0:	20008fcc 	.word	0x20008fcc
200069a4:	20008f98 	.word	0x20008f98

200069a8 <tusb_rhport_init>:
200069a8:	b510      	push	{r4, lr}
200069aa:	b082      	sub	sp, #8
200069ac:	b1b9      	cbz	r1, 200069de <tusb_rhport_init+0x36>
200069ae:	2801      	cmp	r0, #1
200069b0:	d80c      	bhi.n	200069cc <tusb_rhport_init+0x24>
200069b2:	780b      	ldrb	r3, [r1, #0]
200069b4:	b153      	cbz	r3, 200069cc <tusb_rhport_init+0x24>
200069b6:	4c13      	ldr	r4, [pc, #76]	@ (20006a04 <tusb_rhport_init+0x5c>)
200069b8:	2b01      	cmp	r3, #1
200069ba:	5423      	strb	r3, [r4, r0]
200069bc:	d002      	beq.n	200069c4 <tusb_rhport_init+0x1c>
200069be:	2001      	movs	r0, #1
200069c0:	b002      	add	sp, #8
200069c2:	bd10      	pop	{r4, pc}
200069c4:	f7fe ff86 	bl	200058d4 <tud_rhport_init>
200069c8:	2800      	cmp	r0, #0
200069ca:	d1f8      	bne.n	200069be <tusb_rhport_init+0x16>
200069cc:	f04f 23e0 	mov.w	r3, #3758153728	@ 0xe000e000
200069d0:	f8d3 3df0 	ldr.w	r3, [r3, #3568]	@ 0xdf0
200069d4:	07db      	lsls	r3, r3, #31
200069d6:	d500      	bpl.n	200069da <tusb_rhport_init+0x32>
200069d8:	be00      	bkpt	0x0000
200069da:	2000      	movs	r0, #0
200069dc:	e7f0      	b.n	200069c0 <tusb_rhport_init+0x18>
200069de:	2401      	movs	r4, #1
200069e0:	4608      	mov	r0, r1
200069e2:	a901      	add	r1, sp, #4
200069e4:	f8ad 4004 	strh.w	r4, [sp, #4]
200069e8:	f7fe ff74 	bl	200058d4 <tud_rhport_init>
200069ec:	b938      	cbnz	r0, 200069fe <tusb_rhport_init+0x56>
200069ee:	f04f 23e0 	mov.w	r3, #3758153728	@ 0xe000e000
200069f2:	f8d3 3df0 	ldr.w	r3, [r3, #3568]	@ 0xdf0
200069f6:	07da      	lsls	r2, r3, #31
200069f8:	d5e2      	bpl.n	200069c0 <tusb_rhport_init+0x18>
200069fa:	be00      	bkpt	0x0000
200069fc:	e7e0      	b.n	200069c0 <tusb_rhport_init+0x18>
200069fe:	4b01      	ldr	r3, [pc, #4]	@ (20006a04 <tusb_rhport_init+0x5c>)
20006a00:	701c      	strb	r4, [r3, #0]
20006a02:	e7dd      	b.n	200069c0 <tusb_rhport_init+0x18>
20006a04:	200090c8 	.word	0x200090c8

20006a08 <tu_edpt_claim>:
20006a08:	b570      	push	{r4, r5, r6, lr}
20006a0a:	7803      	ldrb	r3, [r0, #0]
20006a0c:	f013 0f0d 	tst.w	r3, #13
20006a10:	d002      	beq.n	20006a18 <tu_edpt_claim+0x10>
20006a12:	2600      	movs	r6, #0
20006a14:	4630      	mov	r0, r6
20006a16:	bd70      	pop	{r4, r5, r6, pc}
20006a18:	460d      	mov	r5, r1
20006a1a:	4604      	mov	r4, r0
20006a1c:	f04f 31ff 	mov.w	r1, #4294967295	@ 0xffffffff
20006a20:	4628      	mov	r0, r5
20006a22:	f001 fb6d 	bl	20008100 <mutex_enter_timeout_ms>
20006a26:	7823      	ldrb	r3, [r4, #0]
20006a28:	f003 030d 	and.w	r3, r3, #13
20006a2c:	2b00      	cmp	r3, #0
20006a2e:	bf0c      	ite	eq
20006a30:	2601      	moveq	r6, #1
20006a32:	2600      	movne	r6, #0
20006a34:	d103      	bne.n	20006a3e <tu_edpt_claim+0x36>
20006a36:	7823      	ldrb	r3, [r4, #0]
20006a38:	f043 0304 	orr.w	r3, r3, #4
20006a3c:	7023      	strb	r3, [r4, #0]
20006a3e:	4628      	mov	r0, r5
20006a40:	f001 fb7a 	bl	20008138 <mutex_exit>
20006a44:	4630      	mov	r0, r6
20006a46:	bd70      	pop	{r4, r5, r6, pc}

20006a48 <tu_edpt_release>:
20006a48:	b570      	push	{r4, r5, r6, lr}
20006a4a:	460c      	mov	r4, r1
20006a4c:	4605      	mov	r5, r0
20006a4e:	f04f 31ff 	mov.w	r1, #4294967295	@ 0xffffffff
20006a52:	4620      	mov	r0, r4
20006a54:	f001 fb54 	bl	20008100 <mutex_enter_timeout_ms>
20006a58:	782b      	ldrb	r3, [r5, #0]
20006a5a:	f003 0305 	and.w	r3, r3, #5
20006a5e:	2b04      	cmp	r3, #4
20006a60:	bf0c      	ite	eq
20006a62:	2601      	moveq	r6, #1
20006a64:	2600      	movne	r6, #0
20006a66:	d103      	bne.n	20006a70 <tu_edpt_release+0x28>
20006a68:	782b      	ldrb	r3, [r5, #0]
20006a6a:	f003 03fb 	and.w	r3, r3, #251	@ 0xfb
20006a6e:	702b      	strb	r3, [r5, #0]
20006a70:	4620      	mov	r0, r4
20006a72:	f001 fb61 	bl	20008138 <mutex_exit>
20006a76:	4630      	mov	r0, r6
20006a78:	bd70      	pop	{r4, r5, r6, pc}
20006a7a:	bf00      	nop

20006a7c <tu_bind_driver_to_ep_itf>:
20006a7c:	b570      	push	{r4, r5, r6, lr}
20006a7e:	9c05      	ldr	r4, [sp, #20]
20006a80:	f8bd c018 	ldrh.w	ip, [sp, #24]
20006a84:	f89d 6010 	ldrb.w	r6, [sp, #16]
20006a88:	44a4      	add	ip, r4
20006a8a:	4564      	cmp	r4, ip
20006a8c:	d211      	bcs.n	20006ab2 <tu_bind_driver_to_ep_itf+0x36>
20006a8e:	7825      	ldrb	r5, [r4, #0]
20006a90:	eb04 0e05 	add.w	lr, r4, r5
20006a94:	45f4      	cmp	ip, lr
20006a96:	d30c      	bcc.n	20006ab2 <tu_bind_driver_to_ep_itf+0x36>
20006a98:	7865      	ldrb	r5, [r4, #1]
20006a9a:	2d05      	cmp	r5, #5
20006a9c:	d016      	beq.n	20006acc <tu_bind_driver_to_ep_itf+0x50>
20006a9e:	2d04      	cmp	r5, #4
20006aa0:	d009      	beq.n	20006ab6 <tu_bind_driver_to_ep_itf+0x3a>
20006aa2:	45f4      	cmp	ip, lr
20006aa4:	4674      	mov	r4, lr
20006aa6:	d904      	bls.n	20006ab2 <tu_bind_driver_to_ep_itf+0x36>
20006aa8:	f89e 5000 	ldrb.w	r5, [lr]
20006aac:	44ae      	add	lr, r5
20006aae:	45f4      	cmp	ip, lr
20006ab0:	d2f2      	bcs.n	20006a98 <tu_bind_driver_to_ep_itf+0x1c>
20006ab2:	2001      	movs	r0, #1
20006ab4:	bd70      	pop	{r4, r5, r6, pc}
20006ab6:	78e5      	ldrb	r5, [r4, #3]
20006ab8:	2d00      	cmp	r5, #0
20006aba:	d1f2      	bne.n	20006aa2 <tu_bind_driver_to_ep_itf+0x26>
20006abc:	78a5      	ldrb	r5, [r4, #2]
20006abe:	429d      	cmp	r5, r3
20006ac0:	d215      	bcs.n	20006aee <tu_bind_driver_to_ep_itf+0x72>
20006ac2:	5550      	strb	r0, [r2, r5]
20006ac4:	7825      	ldrb	r5, [r4, #0]
20006ac6:	eb04 0e05 	add.w	lr, r4, r5
20006aca:	e7ea      	b.n	20006aa2 <tu_bind_driver_to_ep_itf+0x26>
20006acc:	78a5      	ldrb	r5, [r4, #2]
20006ace:	f005 0e0f 	and.w	lr, r5, #15
20006ad2:	45b6      	cmp	lr, r6
20006ad4:	ea4f 15d5 	mov.w	r5, r5, lsr #7
20006ad8:	440d      	add	r5, r1
20006ada:	d208      	bcs.n	20006aee <tu_bind_driver_to_ep_itf+0x72>
20006adc:	f805 001e 	strb.w	r0, [r5, lr, lsl #1]
20006ae0:	7825      	ldrb	r5, [r4, #0]
20006ae2:	eb04 0e05 	add.w	lr, r4, r5
20006ae6:	45f4      	cmp	ip, lr
20006ae8:	4674      	mov	r4, lr
20006aea:	d9e2      	bls.n	20006ab2 <tu_bind_driver_to_ep_itf+0x36>
20006aec:	e7dc      	b.n	20006aa8 <tu_bind_driver_to_ep_itf+0x2c>
20006aee:	f04f 23e0 	mov.w	r3, #3758153728	@ 0xe000e000
20006af2:	f8d3 3df0 	ldr.w	r3, [r3, #3568]	@ 0xdf0
20006af6:	07db      	lsls	r3, r3, #31
20006af8:	d500      	bpl.n	20006afc <tu_bind_driver_to_ep_itf+0x80>
20006afa:	be00      	bkpt	0x0000
20006afc:	2000      	movs	r0, #0
20006afe:	bd70      	pop	{r4, r5, r6, pc}

20006b00 <tu_edpt_stream_init>:
20006b00:	b5f8      	push	{r3, r4, r5, r6, r7, lr}
20006b02:	9f06      	ldr	r7, [sp, #24]
20006b04:	f8bd 501c 	ldrh.w	r5, [sp, #28]
20006b08:	b1c7      	cbz	r7, 20006b3c <tu_edpt_stream_init+0x3c>
20006b0a:	b90d      	cbnz	r5, 20006b10 <tu_edpt_stream_init+0x10>
20006b0c:	4628      	mov	r0, r5
20006b0e:	bdf8      	pop	{r3, r4, r5, r6, r7, pc}
20006b10:	4604      	mov	r4, r0
20006b12:	4616      	mov	r6, r2
20006b14:	7041      	strb	r1, [r0, #1]
20006b16:	462a      	mov	r2, r5
20006b18:	4639      	mov	r1, r7
20006b1a:	300c      	adds	r0, #12
20006b1c:	f104 0520 	add.w	r5, r4, #32
20006b20:	f000 fa06 	bl	20006f30 <tu_fifo_config>
20006b24:	4628      	mov	r0, r5
20006b26:	f7fa fe0b 	bl	20001740 <mutex_init>
20006b2a:	b10e      	cbz	r6, 20006b30 <tu_edpt_stream_init+0x30>
20006b2c:	462e      	mov	r6, r5
20006b2e:	2500      	movs	r5, #0
20006b30:	9b08      	ldr	r3, [sp, #32]
20006b32:	2001      	movs	r0, #1
20006b34:	e9c4 6506 	strd	r6, r5, [r4, #24]
20006b38:	60a3      	str	r3, [r4, #8]
20006b3a:	bdf8      	pop	{r3, r4, r5, r6, r7, pc}
20006b3c:	4638      	mov	r0, r7
20006b3e:	bdf8      	pop	{r3, r4, r5, r6, r7, pc}

20006b40 <tu_edpt_stream_write_zlp_if_needed>:
20006b40:	8a82      	ldrh	r2, [r0, #20]
20006b42:	8ac3      	ldrh	r3, [r0, #22]
20006b44:	b292      	uxth	r2, r2
20006b46:	b29b      	uxth	r3, r3
20006b48:	429a      	cmp	r2, r3
20006b4a:	d001      	beq.n	20006b50 <tu_edpt_stream_write_zlp_if_needed+0x10>
20006b4c:	2000      	movs	r0, #0
20006b4e:	4770      	bx	lr
20006b50:	2900      	cmp	r1, #0
20006b52:	d0fb      	beq.n	20006b4c <tu_edpt_stream_write_zlp_if_needed+0xc>
20006b54:	b510      	push	{r4, lr}
20006b56:	8883      	ldrh	r3, [r0, #4]
20006b58:	4604      	mov	r4, r0
20006b5a:	3b01      	subs	r3, #1
20006b5c:	420b      	tst	r3, r1
20006b5e:	b082      	sub	sp, #8
20006b60:	d103      	bne.n	20006b6a <tu_edpt_stream_write_zlp_if_needed+0x2a>
20006b62:	7881      	ldrb	r1, [r0, #2]
20006b64:	b109      	cbz	r1, 20006b6a <tu_edpt_stream_write_zlp_if_needed+0x2a>
20006b66:	7843      	ldrb	r3, [r0, #1]
20006b68:	b113      	cbz	r3, 20006b70 <tu_edpt_stream_write_zlp_if_needed+0x30>
20006b6a:	2000      	movs	r0, #0
20006b6c:	b002      	add	sp, #8
20006b6e:	bd10      	pop	{r4, pc}
20006b70:	7800      	ldrb	r0, [r0, #0]
20006b72:	f7fe fffd 	bl	20005b70 <usbd_edpt_claim>
20006b76:	2800      	cmp	r0, #0
20006b78:	d0f7      	beq.n	20006b6a <tu_edpt_stream_write_zlp_if_needed+0x2a>
20006b7a:	7863      	ldrb	r3, [r4, #1]
20006b7c:	b94b      	cbnz	r3, 20006b92 <tu_edpt_stream_write_zlp_if_needed+0x52>
20006b7e:	68a2      	ldr	r2, [r4, #8]
20006b80:	7820      	ldrb	r0, [r4, #0]
20006b82:	78a1      	ldrb	r1, [r4, #2]
20006b84:	b16a      	cbz	r2, 20006ba2 <tu_edpt_stream_write_zlp_if_needed+0x62>
20006b86:	461a      	mov	r2, r3
20006b88:	9300      	str	r3, [sp, #0]
20006b8a:	f7ff f83b 	bl	20005c04 <usbd_edpt_xfer>
20006b8e:	2800      	cmp	r0, #0
20006b90:	d1ec      	bne.n	20006b6c <tu_edpt_stream_write_zlp_if_needed+0x2c>
20006b92:	f04f 23e0 	mov.w	r3, #3758153728	@ 0xe000e000
20006b96:	f8d3 3df0 	ldr.w	r3, [r3, #3568]	@ 0xdf0
20006b9a:	07db      	lsls	r3, r3, #31
20006b9c:	d5e5      	bpl.n	20006b6a <tu_edpt_stream_write_zlp_if_needed+0x2a>
20006b9e:	be00      	bkpt	0x0000
20006ba0:	e7e3      	b.n	20006b6a <tu_edpt_stream_write_zlp_if_needed+0x2a>
20006ba2:	4613      	mov	r3, r2
20006ba4:	9200      	str	r2, [sp, #0]
20006ba6:	f104 020c 	add.w	r2, r4, #12
20006baa:	f7ff fcc9 	bl	20006540 <usbd_edpt_xfer_fifo>
20006bae:	e7ee      	b.n	20006b8e <tu_edpt_stream_write_zlp_if_needed+0x4e>

20006bb0 <tu_edpt_stream_write_xfer>:
20006bb0:	8a83      	ldrh	r3, [r0, #20]
20006bb2:	8ac2      	ldrh	r2, [r0, #22]
20006bb4:	b29b      	uxth	r3, r3
20006bb6:	b292      	uxth	r2, r2
20006bb8:	8a01      	ldrh	r1, [r0, #16]
20006bba:	4293      	cmp	r3, r2
20006bbc:	bfb6      	itet	lt
20006bbe:	ebc2 0241 	rsblt	r2, r2, r1, lsl #1
20006bc2:	1a9b      	subge	r3, r3, r2
20006bc4:	189b      	addlt	r3, r3, r2
20006bc6:	b29b      	uxth	r3, r3
20006bc8:	4299      	cmp	r1, r3
20006bca:	bf28      	it	cs
20006bcc:	4619      	movcs	r1, r3
20006bce:	b530      	push	{r4, r5, lr}
20006bd0:	4604      	mov	r4, r0
20006bd2:	b083      	sub	sp, #12
20006bd4:	b119      	cbz	r1, 20006bde <tu_edpt_stream_write_xfer+0x2e>
20006bd6:	7881      	ldrb	r1, [r0, #2]
20006bd8:	b109      	cbz	r1, 20006bde <tu_edpt_stream_write_xfer+0x2e>
20006bda:	7845      	ldrb	r5, [r0, #1]
20006bdc:	b115      	cbz	r5, 20006be4 <tu_edpt_stream_write_xfer+0x34>
20006bde:	2000      	movs	r0, #0
20006be0:	b003      	add	sp, #12
20006be2:	bd30      	pop	{r4, r5, pc}
20006be4:	7800      	ldrb	r0, [r0, #0]
20006be6:	f7fe ffc3 	bl	20005b70 <usbd_edpt_claim>
20006bea:	2800      	cmp	r0, #0
20006bec:	d0f7      	beq.n	20006bde <tu_edpt_stream_write_xfer+0x2e>
20006bee:	68a1      	ldr	r1, [r4, #8]
20006bf0:	b1a1      	cbz	r1, 20006c1c <tu_edpt_stream_write_xfer+0x6c>
20006bf2:	462b      	mov	r3, r5
20006bf4:	88e2      	ldrh	r2, [r4, #6]
20006bf6:	f104 000c 	add.w	r0, r4, #12
20006bfa:	f000 f9f9 	bl	20006ff0 <tu_fifo_read_n_access_mode>
20006bfe:	4605      	mov	r5, r0
20006c00:	7863      	ldrb	r3, [r4, #1]
20006c02:	b1e5      	cbz	r5, 20006c3e <tu_edpt_stream_write_xfer+0x8e>
20006c04:	bb13      	cbnz	r3, 20006c4c <tu_edpt_stream_write_xfer+0x9c>
20006c06:	68a2      	ldr	r2, [r4, #8]
20006c08:	7820      	ldrb	r0, [r4, #0]
20006c0a:	78a1      	ldrb	r1, [r4, #2]
20006c0c:	b332      	cbz	r2, 20006c5c <tu_edpt_stream_write_xfer+0xac>
20006c0e:	9300      	str	r3, [sp, #0]
20006c10:	462b      	mov	r3, r5
20006c12:	f7fe fff7 	bl	20005c04 <usbd_edpt_xfer>
20006c16:	b1c8      	cbz	r0, 20006c4c <tu_edpt_stream_write_xfer+0x9c>
20006c18:	4628      	mov	r0, r5
20006c1a:	e7e1      	b.n	20006be0 <tu_edpt_stream_write_xfer+0x30>
20006c1c:	8aa3      	ldrh	r3, [r4, #20]
20006c1e:	8ae2      	ldrh	r2, [r4, #22]
20006c20:	8a20      	ldrh	r0, [r4, #16]
20006c22:	b29b      	uxth	r3, r3
20006c24:	b292      	uxth	r2, r2
20006c26:	4293      	cmp	r3, r2
20006c28:	bfb6      	itet	lt
20006c2a:	ebc2 0240 	rsblt	r2, r2, r0, lsl #1
20006c2e:	1a9b      	subge	r3, r3, r2
20006c30:	189b      	addlt	r3, r3, r2
20006c32:	b29b      	uxth	r3, r3
20006c34:	4298      	cmp	r0, r3
20006c36:	bf28      	it	cs
20006c38:	4618      	movcs	r0, r3
20006c3a:	4605      	mov	r5, r0
20006c3c:	e7e0      	b.n	20006c00 <tu_edpt_stream_write_xfer+0x50>
20006c3e:	2b00      	cmp	r3, #0
20006c40:	d1cd      	bne.n	20006bde <tu_edpt_stream_write_xfer+0x2e>
20006c42:	78a1      	ldrb	r1, [r4, #2]
20006c44:	7820      	ldrb	r0, [r4, #0]
20006c46:	f7fe ffa5 	bl	20005b94 <usbd_edpt_release>
20006c4a:	e7c8      	b.n	20006bde <tu_edpt_stream_write_xfer+0x2e>
20006c4c:	f04f 23e0 	mov.w	r3, #3758153728	@ 0xe000e000
20006c50:	f8d3 3df0 	ldr.w	r3, [r3, #3568]	@ 0xdf0
20006c54:	07db      	lsls	r3, r3, #31
20006c56:	d5c2      	bpl.n	20006bde <tu_edpt_stream_write_xfer+0x2e>
20006c58:	be00      	bkpt	0x0000
20006c5a:	e7c0      	b.n	20006bde <tu_edpt_stream_write_xfer+0x2e>
20006c5c:	9200      	str	r2, [sp, #0]
20006c5e:	462b      	mov	r3, r5
20006c60:	f104 020c 	add.w	r2, r4, #12
20006c64:	f7ff fc6c 	bl	20006540 <usbd_edpt_xfer_fifo>
20006c68:	e7d5      	b.n	20006c16 <tu_edpt_stream_write_xfer+0x66>
20006c6a:	bf00      	nop

20006c6c <tu_edpt_stream_write>:
20006c6c:	b90a      	cbnz	r2, 20006c72 <tu_edpt_stream_write+0x6>
20006c6e:	4610      	mov	r0, r2
20006c70:	4770      	bx	lr
20006c72:	b5f0      	push	{r4, r5, r6, r7, lr}
20006c74:	f64f 74ff 	movw	r4, #65535	@ 0xffff
20006c78:	42a2      	cmp	r2, r4
20006c7a:	bf28      	it	cs
20006c7c:	4622      	movcs	r2, r4
20006c7e:	4605      	mov	r5, r0
20006c80:	f100 060c 	add.w	r6, r0, #12
20006c84:	2300      	movs	r3, #0
20006c86:	b292      	uxth	r2, r2
20006c88:	4630      	mov	r0, r6
20006c8a:	b083      	sub	sp, #12
20006c8c:	f000 fa12 	bl	200070b4 <tu_fifo_write_n_access_mode>
20006c90:	8aab      	ldrh	r3, [r5, #20]
20006c92:	8ae9      	ldrh	r1, [r5, #22]
20006c94:	b29b      	uxth	r3, r3
20006c96:	b289      	uxth	r1, r1
20006c98:	8a2a      	ldrh	r2, [r5, #16]
20006c9a:	428b      	cmp	r3, r1
20006c9c:	bfb6      	itet	lt
20006c9e:	ebc1 0142 	rsblt	r1, r1, r2, lsl #1
20006ca2:	1a5b      	subge	r3, r3, r1
20006ca4:	185b      	addlt	r3, r3, r1
20006ca6:	b29b      	uxth	r3, r3
20006ca8:	4293      	cmp	r3, r2
20006caa:	bf28      	it	cs
20006cac:	4613      	movcs	r3, r2
20006cae:	88a9      	ldrh	r1, [r5, #4]
20006cb0:	4604      	mov	r4, r0
20006cb2:	4299      	cmp	r1, r3
20006cb4:	d901      	bls.n	20006cba <tu_edpt_stream_write+0x4e>
20006cb6:	4291      	cmp	r1, r2
20006cb8:	d912      	bls.n	20006ce0 <tu_edpt_stream_write+0x74>
20006cba:	8aab      	ldrh	r3, [r5, #20]
20006cbc:	8ae9      	ldrh	r1, [r5, #22]
20006cbe:	b29b      	uxth	r3, r3
20006cc0:	b289      	uxth	r1, r1
20006cc2:	428b      	cmp	r3, r1
20006cc4:	bfb6      	itet	lt
20006cc6:	ebc1 0142 	rsblt	r1, r1, r2, lsl #1
20006cca:	1a5b      	subge	r3, r3, r1
20006ccc:	185b      	addlt	r3, r3, r1
20006cce:	b29b      	uxth	r3, r3
20006cd0:	429a      	cmp	r2, r3
20006cd2:	bf28      	it	cs
20006cd4:	461a      	movcs	r2, r3
20006cd6:	b11a      	cbz	r2, 20006ce0 <tu_edpt_stream_write+0x74>
20006cd8:	78a9      	ldrb	r1, [r5, #2]
20006cda:	b109      	cbz	r1, 20006ce0 <tu_edpt_stream_write+0x74>
20006cdc:	786f      	ldrb	r7, [r5, #1]
20006cde:	b117      	cbz	r7, 20006ce6 <tu_edpt_stream_write+0x7a>
20006ce0:	4620      	mov	r0, r4
20006ce2:	b003      	add	sp, #12
20006ce4:	bdf0      	pop	{r4, r5, r6, r7, pc}
20006ce6:	7828      	ldrb	r0, [r5, #0]
20006ce8:	f7fe ff42 	bl	20005b70 <usbd_edpt_claim>
20006cec:	2800      	cmp	r0, #0
20006cee:	d0f7      	beq.n	20006ce0 <tu_edpt_stream_write+0x74>
20006cf0:	68a9      	ldr	r1, [r5, #8]
20006cf2:	b301      	cbz	r1, 20006d36 <tu_edpt_stream_write+0xca>
20006cf4:	463b      	mov	r3, r7
20006cf6:	4630      	mov	r0, r6
20006cf8:	88ea      	ldrh	r2, [r5, #6]
20006cfa:	f000 f979 	bl	20006ff0 <tu_fifo_read_n_access_mode>
20006cfe:	4603      	mov	r3, r0
20006d00:	786f      	ldrb	r7, [r5, #1]
20006d02:	b18b      	cbz	r3, 20006d28 <tu_edpt_stream_write+0xbc>
20006d04:	b947      	cbnz	r7, 20006d18 <tu_edpt_stream_write+0xac>
20006d06:	68aa      	ldr	r2, [r5, #8]
20006d08:	7828      	ldrb	r0, [r5, #0]
20006d0a:	78a9      	ldrb	r1, [r5, #2]
20006d0c:	b31a      	cbz	r2, 20006d56 <tu_edpt_stream_write+0xea>
20006d0e:	9700      	str	r7, [sp, #0]
20006d10:	f7fe ff78 	bl	20005c04 <usbd_edpt_xfer>
20006d14:	2800      	cmp	r0, #0
20006d16:	d1e3      	bne.n	20006ce0 <tu_edpt_stream_write+0x74>
20006d18:	f04f 23e0 	mov.w	r3, #3758153728	@ 0xe000e000
20006d1c:	f8d3 3df0 	ldr.w	r3, [r3, #3568]	@ 0xdf0
20006d20:	07db      	lsls	r3, r3, #31
20006d22:	d5dd      	bpl.n	20006ce0 <tu_edpt_stream_write+0x74>
20006d24:	be00      	bkpt	0x0000
20006d26:	e7db      	b.n	20006ce0 <tu_edpt_stream_write+0x74>
20006d28:	2f00      	cmp	r7, #0
20006d2a:	d1d9      	bne.n	20006ce0 <tu_edpt_stream_write+0x74>
20006d2c:	78a9      	ldrb	r1, [r5, #2]
20006d2e:	7828      	ldrb	r0, [r5, #0]
20006d30:	f7fe ff30 	bl	20005b94 <usbd_edpt_release>
20006d34:	e7d4      	b.n	20006ce0 <tu_edpt_stream_write+0x74>
20006d36:	8aaa      	ldrh	r2, [r5, #20]
20006d38:	8ae9      	ldrh	r1, [r5, #22]
20006d3a:	b292      	uxth	r2, r2
20006d3c:	b289      	uxth	r1, r1
20006d3e:	8a2b      	ldrh	r3, [r5, #16]
20006d40:	428a      	cmp	r2, r1
20006d42:	bfb6      	itet	lt
20006d44:	ebc1 0143 	rsblt	r1, r1, r3, lsl #1
20006d48:	1a52      	subge	r2, r2, r1
20006d4a:	1852      	addlt	r2, r2, r1
20006d4c:	b292      	uxth	r2, r2
20006d4e:	4293      	cmp	r3, r2
20006d50:	bf28      	it	cs
20006d52:	4613      	movcs	r3, r2
20006d54:	e7d4      	b.n	20006d00 <tu_edpt_stream_write+0x94>
20006d56:	9200      	str	r2, [sp, #0]
20006d58:	4632      	mov	r2, r6
20006d5a:	f7ff fbf1 	bl	20006540 <usbd_edpt_xfer_fifo>
20006d5e:	e7d9      	b.n	20006d14 <tu_edpt_stream_write+0xa8>

20006d60 <tu_edpt_stream_write_available>:
20006d60:	8a83      	ldrh	r3, [r0, #20]
20006d62:	8ac2      	ldrh	r2, [r0, #22]
20006d64:	b29b      	uxth	r3, r3
20006d66:	8a00      	ldrh	r0, [r0, #16]
20006d68:	b292      	uxth	r2, r2
20006d6a:	4293      	cmp	r3, r2
20006d6c:	bfb6      	itet	lt
20006d6e:	ebc2 0240 	rsblt	r2, r2, r0, lsl #1
20006d72:	1a9b      	subge	r3, r3, r2
20006d74:	189b      	addlt	r3, r3, r2
20006d76:	b29b      	uxth	r3, r3
20006d78:	4298      	cmp	r0, r3
20006d7a:	bf86      	itte	hi
20006d7c:	1ac0      	subhi	r0, r0, r3
20006d7e:	b280      	uxthhi	r0, r0
20006d80:	2000      	movls	r0, #0
20006d82:	4770      	bx	lr

20006d84 <tu_edpt_stream_read_xfer>:
20006d84:	8a83      	ldrh	r3, [r0, #20]
20006d86:	8ac1      	ldrh	r1, [r0, #22]
20006d88:	8a02      	ldrh	r2, [r0, #16]
20006d8a:	b29b      	uxth	r3, r3
20006d8c:	b289      	uxth	r1, r1
20006d8e:	428b      	cmp	r3, r1
20006d90:	bfb6      	itet	lt
20006d92:	ebc1 0142 	rsblt	r1, r1, r2, lsl #1
20006d96:	1a5b      	subge	r3, r3, r1
20006d98:	185b      	addlt	r3, r3, r1
20006d9a:	b29b      	uxth	r3, r3
20006d9c:	429a      	cmp	r2, r3
20006d9e:	bf98      	it	ls
20006da0:	2200      	movls	r2, #0
20006da2:	b570      	push	{r4, r5, r6, lr}
20006da4:	bf88      	it	hi
20006da6:	1ad2      	subhi	r2, r2, r3
20006da8:	8883      	ldrh	r3, [r0, #4]
20006daa:	bf88      	it	hi
20006dac:	b292      	uxthhi	r2, r2
20006dae:	4293      	cmp	r3, r2
20006db0:	4604      	mov	r4, r0
20006db2:	b082      	sub	sp, #8
20006db4:	d803      	bhi.n	20006dbe <tu_edpt_stream_read_xfer+0x3a>
20006db6:	7881      	ldrb	r1, [r0, #2]
20006db8:	b109      	cbz	r1, 20006dbe <tu_edpt_stream_read_xfer+0x3a>
20006dba:	7843      	ldrb	r3, [r0, #1]
20006dbc:	b113      	cbz	r3, 20006dc4 <tu_edpt_stream_read_xfer+0x40>
20006dbe:	2000      	movs	r0, #0
20006dc0:	b002      	add	sp, #8
20006dc2:	bd70      	pop	{r4, r5, r6, pc}
20006dc4:	7800      	ldrb	r0, [r0, #0]
20006dc6:	f7fe fed3 	bl	20005b70 <usbd_edpt_claim>
20006dca:	2800      	cmp	r0, #0
20006dcc:	d0f7      	beq.n	20006dbe <tu_edpt_stream_read_xfer+0x3a>
20006dce:	8aa2      	ldrh	r2, [r4, #20]
20006dd0:	8ae1      	ldrh	r1, [r4, #22]
20006dd2:	8a23      	ldrh	r3, [r4, #16]
20006dd4:	b292      	uxth	r2, r2
20006dd6:	b289      	uxth	r1, r1
20006dd8:	428a      	cmp	r2, r1
20006dda:	bfb6      	itet	lt
20006ddc:	ebc1 0143 	rsblt	r1, r1, r3, lsl #1
20006de0:	1a52      	subge	r2, r2, r1
20006de2:	1852      	addlt	r2, r2, r1
20006de4:	b292      	uxth	r2, r2
20006de6:	4293      	cmp	r3, r2
20006de8:	bf92      	itee	ls
20006dea:	2200      	movls	r2, #0
20006dec:	1a9b      	subhi	r3, r3, r2
20006dee:	b29a      	uxthhi	r2, r3
20006df0:	88a3      	ldrh	r3, [r4, #4]
20006df2:	7866      	ldrb	r6, [r4, #1]
20006df4:	4293      	cmp	r3, r2
20006df6:	d906      	bls.n	20006e06 <tu_edpt_stream_read_xfer+0x82>
20006df8:	2e00      	cmp	r6, #0
20006dfa:	d1e0      	bne.n	20006dbe <tu_edpt_stream_read_xfer+0x3a>
20006dfc:	78a1      	ldrb	r1, [r4, #2]
20006dfe:	7820      	ldrb	r0, [r4, #0]
20006e00:	f7fe fec8 	bl	20005b94 <usbd_edpt_release>
20006e04:	e7db      	b.n	20006dbe <tu_edpt_stream_read_xfer+0x3a>
20006e06:	88e1      	ldrh	r1, [r4, #6]
20006e08:	b9a6      	cbnz	r6, 20006e34 <tu_edpt_stream_read_xfer+0xb0>
20006e0a:	425b      	negs	r3, r3
20006e0c:	ea02 0003 	and.w	r0, r2, r3
20006e10:	4288      	cmp	r0, r1
20006e12:	bf28      	it	cs
20006e14:	4608      	movcs	r0, r1
20006e16:	68a2      	ldr	r2, [r4, #8]
20006e18:	4605      	mov	r5, r0
20006e1a:	78a1      	ldrb	r1, [r4, #2]
20006e1c:	7820      	ldrb	r0, [r4, #0]
20006e1e:	b18a      	cbz	r2, 20006e44 <tu_edpt_stream_read_xfer+0xc0>
20006e20:	2d00      	cmp	r5, #0
20006e22:	bf08      	it	eq
20006e24:	2200      	moveq	r2, #0
20006e26:	462b      	mov	r3, r5
20006e28:	9600      	str	r6, [sp, #0]
20006e2a:	f7fe feeb 	bl	20005c04 <usbd_edpt_xfer>
20006e2e:	b108      	cbz	r0, 20006e34 <tu_edpt_stream_read_xfer+0xb0>
20006e30:	4628      	mov	r0, r5
20006e32:	e7c5      	b.n	20006dc0 <tu_edpt_stream_read_xfer+0x3c>
20006e34:	f04f 23e0 	mov.w	r3, #3758153728	@ 0xe000e000
20006e38:	f8d3 3df0 	ldr.w	r3, [r3, #3568]	@ 0xdf0
20006e3c:	07db      	lsls	r3, r3, #31
20006e3e:	d5be      	bpl.n	20006dbe <tu_edpt_stream_read_xfer+0x3a>
20006e40:	be00      	bkpt	0x0000
20006e42:	e7bc      	b.n	20006dbe <tu_edpt_stream_read_xfer+0x3a>
20006e44:	9200      	str	r2, [sp, #0]
20006e46:	462b      	mov	r3, r5
20006e48:	f104 020c 	add.w	r2, r4, #12
20006e4c:	f7ff fb78 	bl	20006540 <usbd_edpt_xfer_fifo>
20006e50:	e7ed      	b.n	20006e2e <tu_edpt_stream_read_xfer+0xaa>
20006e52:	bf00      	nop

20006e54 <tu_edpt_stream_read>:
20006e54:	b5f0      	push	{r4, r5, r6, r7, lr}
20006e56:	f64f 75ff 	movw	r5, #65535	@ 0xffff
20006e5a:	42aa      	cmp	r2, r5
20006e5c:	bf28      	it	cs
20006e5e:	462a      	movcs	r2, r5
20006e60:	4604      	mov	r4, r0
20006e62:	f100 050c 	add.w	r5, r0, #12
20006e66:	2300      	movs	r3, #0
20006e68:	b292      	uxth	r2, r2
20006e6a:	4628      	mov	r0, r5
20006e6c:	b083      	sub	sp, #12
20006e6e:	f000 f8bf 	bl	20006ff0 <tu_fifo_read_n_access_mode>
20006e72:	8aa3      	ldrh	r3, [r4, #20]
20006e74:	8ae1      	ldrh	r1, [r4, #22]
20006e76:	8a22      	ldrh	r2, [r4, #16]
20006e78:	b29b      	uxth	r3, r3
20006e7a:	b289      	uxth	r1, r1
20006e7c:	428b      	cmp	r3, r1
20006e7e:	bfb6      	itet	lt
20006e80:	ebc1 0142 	rsblt	r1, r1, r2, lsl #1
20006e84:	1a5b      	subge	r3, r3, r1
20006e86:	185b      	addlt	r3, r3, r1
20006e88:	b29b      	uxth	r3, r3
20006e8a:	429a      	cmp	r2, r3
20006e8c:	bf94      	ite	ls
20006e8e:	2200      	movls	r2, #0
20006e90:	1ad2      	subhi	r2, r2, r3
20006e92:	88a3      	ldrh	r3, [r4, #4]
20006e94:	bf88      	it	hi
20006e96:	b292      	uxthhi	r2, r2
20006e98:	4293      	cmp	r3, r2
20006e9a:	4606      	mov	r6, r0
20006e9c:	d803      	bhi.n	20006ea6 <tu_edpt_stream_read+0x52>
20006e9e:	78a1      	ldrb	r1, [r4, #2]
20006ea0:	b109      	cbz	r1, 20006ea6 <tu_edpt_stream_read+0x52>
20006ea2:	7863      	ldrb	r3, [r4, #1]
20006ea4:	b113      	cbz	r3, 20006eac <tu_edpt_stream_read+0x58>
20006ea6:	4630      	mov	r0, r6
20006ea8:	b003      	add	sp, #12
20006eaa:	bdf0      	pop	{r4, r5, r6, r7, pc}
20006eac:	7820      	ldrb	r0, [r4, #0]
20006eae:	f7fe fe5f 	bl	20005b70 <usbd_edpt_claim>
20006eb2:	2800      	cmp	r0, #0
20006eb4:	d0f7      	beq.n	20006ea6 <tu_edpt_stream_read+0x52>
20006eb6:	8aa3      	ldrh	r3, [r4, #20]
20006eb8:	8ae1      	ldrh	r1, [r4, #22]
20006eba:	8a22      	ldrh	r2, [r4, #16]
20006ebc:	b29b      	uxth	r3, r3
20006ebe:	b289      	uxth	r1, r1
20006ec0:	428b      	cmp	r3, r1
20006ec2:	bfb6      	itet	lt
20006ec4:	ebc1 0142 	rsblt	r1, r1, r2, lsl #1
20006ec8:	1a5b      	subge	r3, r3, r1
20006eca:	185b      	addlt	r3, r3, r1
20006ecc:	b29b      	uxth	r3, r3
20006ece:	429a      	cmp	r2, r3
20006ed0:	bf94      	ite	ls
20006ed2:	2200      	movls	r2, #0
20006ed4:	1ad2      	subhi	r2, r2, r3
20006ed6:	88a3      	ldrh	r3, [r4, #4]
20006ed8:	bf88      	it	hi
20006eda:	b292      	uxthhi	r2, r2
20006edc:	4293      	cmp	r3, r2
20006ede:	7867      	ldrb	r7, [r4, #1]
20006ee0:	d906      	bls.n	20006ef0 <tu_edpt_stream_read+0x9c>
20006ee2:	2f00      	cmp	r7, #0
20006ee4:	d1df      	bne.n	20006ea6 <tu_edpt_stream_read+0x52>
20006ee6:	78a1      	ldrb	r1, [r4, #2]
20006ee8:	7820      	ldrb	r0, [r4, #0]
20006eea:	f7fe fe53 	bl	20005b94 <usbd_edpt_release>
20006eee:	e7da      	b.n	20006ea6 <tu_edpt_stream_read+0x52>
20006ef0:	88e1      	ldrh	r1, [r4, #6]
20006ef2:	b987      	cbnz	r7, 20006f16 <tu_edpt_stream_read+0xc2>
20006ef4:	425b      	negs	r3, r3
20006ef6:	4013      	ands	r3, r2
20006ef8:	68a2      	ldr	r2, [r4, #8]
20006efa:	428b      	cmp	r3, r1
20006efc:	bf28      	it	cs
20006efe:	460b      	movcs	r3, r1
20006f00:	7820      	ldrb	r0, [r4, #0]
20006f02:	78a1      	ldrb	r1, [r4, #2]
20006f04:	b17a      	cbz	r2, 20006f26 <tu_edpt_stream_read+0xd2>
20006f06:	2b00      	cmp	r3, #0
20006f08:	bf08      	it	eq
20006f0a:	2200      	moveq	r2, #0
20006f0c:	9700      	str	r7, [sp, #0]
20006f0e:	f7fe fe79 	bl	20005c04 <usbd_edpt_xfer>
20006f12:	2800      	cmp	r0, #0
20006f14:	d1c7      	bne.n	20006ea6 <tu_edpt_stream_read+0x52>
20006f16:	f04f 23e0 	mov.w	r3, #3758153728	@ 0xe000e000
20006f1a:	f8d3 3df0 	ldr.w	r3, [r3, #3568]	@ 0xdf0
20006f1e:	07db      	lsls	r3, r3, #31
20006f20:	d5c1      	bpl.n	20006ea6 <tu_edpt_stream_read+0x52>
20006f22:	be00      	bkpt	0x0000
20006f24:	e7bf      	b.n	20006ea6 <tu_edpt_stream_read+0x52>
20006f26:	9200      	str	r2, [sp, #0]
20006f28:	462a      	mov	r2, r5
20006f2a:	f7ff fb09 	bl	20006540 <usbd_edpt_xfer_fifo>
20006f2e:	e7f0      	b.n	20006f12 <tu_edpt_stream_read+0xbe>

20006f30 <tu_fifo_config>:
20006f30:	f5b2 4f00 	cmp.w	r2, #32768	@ 0x8000
20006f34:	d820      	bhi.n	20006f78 <tu_fifo_config+0x48>
20006f36:	b5f8      	push	{r3, r4, r5, r6, r7, lr}
20006f38:	4604      	mov	r4, r0
20006f3a:	68c0      	ldr	r0, [r0, #12]
20006f3c:	4615      	mov	r5, r2
20006f3e:	460f      	mov	r7, r1
20006f40:	461e      	mov	r6, r3
20006f42:	b118      	cbz	r0, 20006f4c <tu_fifo_config+0x1c>
20006f44:	f04f 31ff 	mov.w	r1, #4294967295	@ 0xffffffff
20006f48:	f001 f8da 	bl	20008100 <mutex_enter_timeout_ms>
20006f4c:	6920      	ldr	r0, [r4, #16]
20006f4e:	b118      	cbz	r0, 20006f58 <tu_fifo_config+0x28>
20006f50:	f04f 31ff 	mov.w	r1, #4294967295	@ 0xffffffff
20006f54:	f001 f8d4 	bl	20008100 <mutex_enter_timeout_ms>
20006f58:	2300      	movs	r3, #0
20006f5a:	68e0      	ldr	r0, [r4, #12]
20006f5c:	8163      	strh	r3, [r4, #10]
20006f5e:	6027      	str	r7, [r4, #0]
20006f60:	80a5      	strh	r5, [r4, #4]
20006f62:	71a6      	strb	r6, [r4, #6]
20006f64:	8123      	strh	r3, [r4, #8]
20006f66:	b108      	cbz	r0, 20006f6c <tu_fifo_config+0x3c>
20006f68:	f001 f8e6 	bl	20008138 <mutex_exit>
20006f6c:	6920      	ldr	r0, [r4, #16]
20006f6e:	b108      	cbz	r0, 20006f74 <tu_fifo_config+0x44>
20006f70:	f001 f8e2 	bl	20008138 <mutex_exit>
20006f74:	2001      	movs	r0, #1
20006f76:	bdf8      	pop	{r3, r4, r5, r6, r7, pc}
20006f78:	2000      	movs	r0, #0
20006f7a:	4770      	bx	lr

20006f7c <tu_fifo_clear>:
20006f7c:	b510      	push	{r4, lr}
20006f7e:	4604      	mov	r4, r0
20006f80:	68c0      	ldr	r0, [r0, #12]
20006f82:	b118      	cbz	r0, 20006f8c <tu_fifo_clear+0x10>
20006f84:	f04f 31ff 	mov.w	r1, #4294967295	@ 0xffffffff
20006f88:	f001 f8ba 	bl	20008100 <mutex_enter_timeout_ms>
20006f8c:	6920      	ldr	r0, [r4, #16]
20006f8e:	b118      	cbz	r0, 20006f98 <tu_fifo_clear+0x1c>
20006f90:	f04f 31ff 	mov.w	r1, #4294967295	@ 0xffffffff
20006f94:	f001 f8b4 	bl	20008100 <mutex_enter_timeout_ms>
20006f98:	2300      	movs	r3, #0
20006f9a:	68e0      	ldr	r0, [r4, #12]
20006f9c:	8163      	strh	r3, [r4, #10]
20006f9e:	8123      	strh	r3, [r4, #8]
20006fa0:	b108      	cbz	r0, 20006fa6 <tu_fifo_clear+0x2a>
20006fa2:	f001 f8c9 	bl	20008138 <mutex_exit>
20006fa6:	6920      	ldr	r0, [r4, #16]
20006fa8:	b118      	cbz	r0, 20006fb2 <tu_fifo_clear+0x36>
20006faa:	e8bd 4010 	ldmia.w	sp!, {r4, lr}
20006fae:	f001 b8c3 	b.w	20008138 <mutex_exit>
20006fb2:	bd10      	pop	{r4, pc}

20006fb4 <tu_fifo_set_overwritable>:
20006fb4:	b538      	push	{r3, r4, r5, lr}
20006fb6:	7983      	ldrb	r3, [r0, #6]
20006fb8:	428b      	cmp	r3, r1
20006fba:	d018      	beq.n	20006fee <tu_fifo_set_overwritable+0x3a>
20006fbc:	4604      	mov	r4, r0
20006fbe:	68c0      	ldr	r0, [r0, #12]
20006fc0:	460d      	mov	r5, r1
20006fc2:	b118      	cbz	r0, 20006fcc <tu_fifo_set_overwritable+0x18>
20006fc4:	f04f 31ff 	mov.w	r1, #4294967295	@ 0xffffffff
20006fc8:	f001 f89a 	bl	20008100 <mutex_enter_timeout_ms>
20006fcc:	6920      	ldr	r0, [r4, #16]
20006fce:	b118      	cbz	r0, 20006fd8 <tu_fifo_set_overwritable+0x24>
20006fd0:	f04f 31ff 	mov.w	r1, #4294967295	@ 0xffffffff
20006fd4:	f001 f894 	bl	20008100 <mutex_enter_timeout_ms>
20006fd8:	68e0      	ldr	r0, [r4, #12]
20006fda:	71a5      	strb	r5, [r4, #6]
20006fdc:	b108      	cbz	r0, 20006fe2 <tu_fifo_set_overwritable+0x2e>
20006fde:	f001 f8ab 	bl	20008138 <mutex_exit>
20006fe2:	6920      	ldr	r0, [r4, #16]
20006fe4:	b118      	cbz	r0, 20006fee <tu_fifo_set_overwritable+0x3a>
20006fe6:	e8bd 4038 	ldmia.w	sp!, {r3, r4, r5, lr}
20006fea:	f001 b8a5 	b.w	20008138 <mutex_exit>
20006fee:	bd38      	pop	{r3, r4, r5, pc}

20006ff0 <tu_fifo_read_n_access_mode>:
20006ff0:	e92d 43f8 	stmdb	sp!, {r3, r4, r5, r6, r7, r8, r9, lr}
20006ff4:	4606      	mov	r6, r0
20006ff6:	6900      	ldr	r0, [r0, #16]
20006ff8:	4688      	mov	r8, r1
20006ffa:	4691      	mov	r9, r2
20006ffc:	b118      	cbz	r0, 20007006 <tu_fifo_read_n_access_mode+0x16>
20006ffe:	f04f 31ff 	mov.w	r1, #4294967295	@ 0xffffffff
20007002:	f001 f87d 	bl	20008100 <mutex_enter_timeout_ms>
20007006:	8933      	ldrh	r3, [r6, #8]
20007008:	8974      	ldrh	r4, [r6, #10]
2000700a:	b29b      	uxth	r3, r3
2000700c:	b2a4      	uxth	r4, r4
2000700e:	88b5      	ldrh	r5, [r6, #4]
20007010:	42a3      	cmp	r3, r4
20007012:	bfb6      	itet	lt
20007014:	ebc4 0745 	rsblt	r7, r4, r5, lsl #1
20007018:	1b1f      	subge	r7, r3, r4
2000701a:	18ff      	addlt	r7, r7, r3
2000701c:	b2bf      	uxth	r7, r7
2000701e:	2f00      	cmp	r7, #0
20007020:	d03f      	beq.n	200070a2 <tu_fifo_read_n_access_mode+0xb2>
20007022:	42bd      	cmp	r5, r7
20007024:	d335      	bcc.n	20007092 <tu_fifo_read_n_access_mode+0xa2>
20007026:	45b9      	cmp	r9, r7
20007028:	bf28      	it	cs
2000702a:	46b9      	movcs	r9, r7
2000702c:	42a5      	cmp	r5, r4
2000702e:	fa1f f789 	uxth.w	r7, r9
20007032:	d803      	bhi.n	2000703c <tu_fifo_read_n_access_mode+0x4c>
20007034:	1b64      	subs	r4, r4, r5
20007036:	b2a4      	uxth	r4, r4
20007038:	42a5      	cmp	r5, r4
2000703a:	d9fb      	bls.n	20007034 <tu_fifo_read_n_access_mode+0x44>
2000703c:	eba5 0904 	sub.w	r9, r5, r4
20007040:	6831      	ldr	r1, [r6, #0]
20007042:	fa1f f989 	uxth.w	r9, r9
20007046:	454f      	cmp	r7, r9
20007048:	4421      	add	r1, r4
2000704a:	d91d      	bls.n	20007088 <tu_fifo_read_n_access_mode+0x98>
2000704c:	464a      	mov	r2, r9
2000704e:	4640      	mov	r0, r8
20007050:	1b7d      	subs	r5, r7, r5
20007052:	f000 fe41 	bl	20007cd8 <memcpy>
20007056:	1962      	adds	r2, r4, r5
20007058:	6831      	ldr	r1, [r6, #0]
2000705a:	eb08 0009 	add.w	r0, r8, r9
2000705e:	b292      	uxth	r2, r2
20007060:	f000 fe3a 	bl	20007cd8 <memcpy>
20007064:	8972      	ldrh	r2, [r6, #10]
20007066:	88b5      	ldrh	r5, [r6, #4]
20007068:	b292      	uxth	r2, r2
2000706a:	19d3      	adds	r3, r2, r7
2000706c:	b29b      	uxth	r3, r3
2000706e:	429a      	cmp	r2, r3
20007070:	d919      	bls.n	200070a6 <tu_fifo_read_n_access_mode+0xb6>
20007072:	006a      	lsls	r2, r5, #1
20007074:	1a9b      	subs	r3, r3, r2
20007076:	b29b      	uxth	r3, r3
20007078:	6930      	ldr	r0, [r6, #16]
2000707a:	8173      	strh	r3, [r6, #10]
2000707c:	b108      	cbz	r0, 20007082 <tu_fifo_read_n_access_mode+0x92>
2000707e:	f001 f85b 	bl	20008138 <mutex_exit>
20007082:	4638      	mov	r0, r7
20007084:	e8bd 83f8 	ldmia.w	sp!, {r3, r4, r5, r6, r7, r8, r9, pc}
20007088:	463a      	mov	r2, r7
2000708a:	4640      	mov	r0, r8
2000708c:	f000 fe24 	bl	20007cd8 <memcpy>
20007090:	e7e8      	b.n	20007064 <tu_fifo_read_n_access_mode+0x74>
20007092:	42ab      	cmp	r3, r5
20007094:	bf2c      	ite	cs
20007096:	1b5b      	subcs	r3, r3, r5
20007098:	195b      	addcc	r3, r3, r5
2000709a:	b29c      	uxth	r4, r3
2000709c:	462f      	mov	r7, r5
2000709e:	8174      	strh	r4, [r6, #10]
200070a0:	e7c1      	b.n	20007026 <tu_fifo_read_n_access_mode+0x36>
200070a2:	8973      	ldrh	r3, [r6, #10]
200070a4:	b29b      	uxth	r3, r3
200070a6:	ebb3 0f45 	cmp.w	r3, r5, lsl #1
200070aa:	ea4f 0245 	mov.w	r2, r5, lsl #1
200070ae:	dbe3      	blt.n	20007078 <tu_fifo_read_n_access_mode+0x88>
200070b0:	e7e0      	b.n	20007074 <tu_fifo_read_n_access_mode+0x84>
200070b2:	bf00      	nop

200070b4 <tu_fifo_write_n_access_mode>:
200070b4:	e92d 4ff8 	stmdb	sp!, {r3, r4, r5, r6, r7, r8, r9, sl, fp, lr}
200070b8:	4615      	mov	r5, r2
200070ba:	2a00      	cmp	r2, #0
200070bc:	d048      	beq.n	20007150 <tu_fifo_write_n_access_mode+0x9c>
200070be:	4606      	mov	r6, r0
200070c0:	68c0      	ldr	r0, [r0, #12]
200070c2:	4688      	mov	r8, r1
200070c4:	4699      	mov	r9, r3
200070c6:	b118      	cbz	r0, 200070d0 <tu_fifo_write_n_access_mode+0x1c>
200070c8:	f04f 31ff 	mov.w	r1, #4294967295	@ 0xffffffff
200070cc:	f001 f818 	bl	20008100 <mutex_enter_timeout_ms>
200070d0:	8937      	ldrh	r7, [r6, #8]
200070d2:	79b2      	ldrb	r2, [r6, #6]
200070d4:	8974      	ldrh	r4, [r6, #10]
200070d6:	88b1      	ldrh	r1, [r6, #4]
200070d8:	b2bf      	uxth	r7, r7
200070da:	b2a4      	uxth	r4, r4
200070dc:	2a00      	cmp	r2, #0
200070de:	d13a      	bne.n	20007156 <tu_fifo_write_n_access_mode+0xa2>
200070e0:	42a7      	cmp	r7, r4
200070e2:	bfb6      	itet	lt
200070e4:	ebc4 0441 	rsblt	r4, r4, r1, lsl #1
200070e8:	1b3c      	subge	r4, r7, r4
200070ea:	19e4      	addlt	r4, r4, r7
200070ec:	b2a4      	uxth	r4, r4
200070ee:	428c      	cmp	r4, r1
200070f0:	d252      	bcs.n	20007198 <tu_fifo_write_n_access_mode+0xe4>
200070f2:	1b0c      	subs	r4, r1, r4
200070f4:	b2a4      	uxth	r4, r4
200070f6:	42a5      	cmp	r5, r4
200070f8:	bf28      	it	cs
200070fa:	4625      	movcs	r5, r4
200070fc:	eb07 0905 	add.w	r9, r7, r5
20007100:	eba5 0a01 	sub.w	sl, r5, r1
20007104:	fa1f f989 	uxth.w	r9, r9
20007108:	fa1f fa8a 	uxth.w	sl, sl
2000710c:	428f      	cmp	r7, r1
2000710e:	463c      	mov	r4, r7
20007110:	d303      	bcc.n	2000711a <tu_fifo_write_n_access_mode+0x66>
20007112:	1a64      	subs	r4, r4, r1
20007114:	b2a4      	uxth	r4, r4
20007116:	428c      	cmp	r4, r1
20007118:	d2fb      	bcs.n	20007112 <tu_fifo_write_n_access_mode+0x5e>
2000711a:	1b09      	subs	r1, r1, r4
2000711c:	6830      	ldr	r0, [r6, #0]
2000711e:	fa1f fb81 	uxth.w	fp, r1
20007122:	45ab      	cmp	fp, r5
20007124:	4420      	add	r0, r4
20007126:	d346      	bcc.n	200071b6 <tu_fifo_write_n_access_mode+0x102>
20007128:	4641      	mov	r1, r8
2000712a:	462a      	mov	r2, r5
2000712c:	f000 fdd4 	bl	20007cd8 <memcpy>
20007130:	88b2      	ldrh	r2, [r6, #4]
20007132:	45b9      	cmp	r9, r7
20007134:	ea4f 0342 	mov.w	r3, r2, lsl #1
20007138:	d302      	bcc.n	20007140 <tu_fifo_write_n_access_mode+0x8c>
2000713a:	ebb9 0f42 	cmp.w	r9, r2, lsl #1
2000713e:	db03      	blt.n	20007148 <tu_fifo_write_n_access_mode+0x94>
20007140:	eba9 0303 	sub.w	r3, r9, r3
20007144:	fa1f f983 	uxth.w	r9, r3
20007148:	68f0      	ldr	r0, [r6, #12]
2000714a:	f8a6 9008 	strh.w	r9, [r6, #8]
2000714e:	bb38      	cbnz	r0, 200071a0 <tu_fifo_write_n_access_mode+0xec>
20007150:	4628      	mov	r0, r5
20007152:	e8bd 8ff8 	ldmia.w	sp!, {r3, r4, r5, r6, r7, r8, r9, sl, fp, pc}
20007156:	428d      	cmp	r5, r1
20007158:	d227      	bcs.n	200071aa <tu_fifo_write_n_access_mode+0xf6>
2000715a:	42a7      	cmp	r7, r4
2000715c:	bfb6      	itet	lt
2000715e:	ebc4 0341 	rsblt	r3, r4, r1, lsl #1
20007162:	1b3b      	subge	r3, r7, r4
20007164:	19db      	addlt	r3, r3, r7
20007166:	b29b      	uxth	r3, r3
20007168:	004a      	lsls	r2, r1, #1
2000716a:	442b      	add	r3, r5
2000716c:	eba5 0a01 	sub.w	sl, r5, r1
20007170:	4293      	cmp	r3, r2
20007172:	fa1f fa8a 	uxth.w	sl, sl
20007176:	db0a      	blt.n	2000718e <tu_fifo_write_n_access_mode+0xda>
20007178:	eb04 0901 	add.w	r9, r4, r1
2000717c:	fa1f f989 	uxth.w	r9, r9
20007180:	eba9 0705 	sub.w	r7, r9, r5
20007184:	b2bf      	uxth	r7, r7
20007186:	42bc      	cmp	r4, r7
20007188:	d924      	bls.n	200071d4 <tu_fifo_write_n_access_mode+0x120>
2000718a:	1aba      	subs	r2, r7, r2
2000718c:	b297      	uxth	r7, r2
2000718e:	eb05 0907 	add.w	r9, r5, r7
20007192:	fa1f f989 	uxth.w	r9, r9
20007196:	e7b9      	b.n	2000710c <tu_fifo_write_n_access_mode+0x58>
20007198:	2500      	movs	r5, #0
2000719a:	68f0      	ldr	r0, [r6, #12]
2000719c:	2800      	cmp	r0, #0
2000719e:	d0d7      	beq.n	20007150 <tu_fifo_write_n_access_mode+0x9c>
200071a0:	f000 ffca 	bl	20008138 <mutex_exit>
200071a4:	4628      	mov	r0, r5
200071a6:	e8bd 8ff8 	ldmia.w	sp!, {r3, r4, r5, r6, r7, r8, r9, sl, fp, pc}
200071aa:	f1b9 0f00 	cmp.w	r9, #0
200071ae:	d00e      	beq.n	200071ce <tu_fifo_write_n_access_mode+0x11a>
200071b0:	b999      	cbnz	r1, 200071da <tu_fifo_write_n_access_mode+0x126>
200071b2:	460d      	mov	r5, r1
200071b4:	e7f1      	b.n	2000719a <tu_fifo_write_n_access_mode+0xe6>
200071b6:	465a      	mov	r2, fp
200071b8:	4641      	mov	r1, r8
200071ba:	4454      	add	r4, sl
200071bc:	f000 fd8c 	bl	20007cd8 <memcpy>
200071c0:	6830      	ldr	r0, [r6, #0]
200071c2:	eb08 010b 	add.w	r1, r8, fp
200071c6:	b2a2      	uxth	r2, r4
200071c8:	f000 fd86 	bl	20007cd8 <memcpy>
200071cc:	e7b0      	b.n	20007130 <tu_fifo_write_n_access_mode+0x7c>
200071ce:	1a6d      	subs	r5, r5, r1
200071d0:	44a8      	add	r8, r5
200071d2:	e7ed      	b.n	200071b0 <tu_fifo_write_n_access_mode+0xfc>
200071d4:	42ba      	cmp	r2, r7
200071d6:	dc99      	bgt.n	2000710c <tu_fifo_write_n_access_mode+0x58>
200071d8:	e7d7      	b.n	2000718a <tu_fifo_write_n_access_mode+0xd6>
200071da:	eb04 0901 	add.w	r9, r4, r1
200071de:	4627      	mov	r7, r4
200071e0:	460d      	mov	r5, r1
200071e2:	f04f 0a00 	mov.w	sl, #0
200071e6:	fa1f f989 	uxth.w	r9, r9
200071ea:	e78f      	b.n	2000710c <tu_fifo_write_n_access_mode+0x58>

200071ec <tu_fifo_get_read_info>:
200071ec:	b5f8      	push	{r3, r4, r5, r6, r7, lr}
200071ee:	8905      	ldrh	r5, [r0, #8]
200071f0:	8944      	ldrh	r4, [r0, #10]
200071f2:	b2ad      	uxth	r5, r5
200071f4:	b2a4      	uxth	r4, r4
200071f6:	8883      	ldrh	r3, [r0, #4]
200071f8:	42a5      	cmp	r5, r4
200071fa:	bfb6      	itet	lt
200071fc:	ebc4 0243 	rsblt	r2, r4, r3, lsl #1
20007200:	1b2a      	subge	r2, r5, r4
20007202:	1952      	addlt	r2, r2, r5
20007204:	b292      	uxth	r2, r2
20007206:	4293      	cmp	r3, r2
20007208:	4606      	mov	r6, r0
2000720a:	460f      	mov	r7, r1
2000720c:	d213      	bcs.n	20007236 <tu_fifo_get_read_info+0x4a>
2000720e:	6900      	ldr	r0, [r0, #16]
20007210:	2800      	cmp	r0, #0
20007212:	d035      	beq.n	20007280 <tu_fifo_get_read_info+0x94>
20007214:	f04f 31ff 	mov.w	r1, #4294967295	@ 0xffffffff
20007218:	f000 ff72 	bl	20008100 <mutex_enter_timeout_ms>
2000721c:	88b2      	ldrh	r2, [r6, #4]
2000721e:	6930      	ldr	r0, [r6, #16]
20007220:	4295      	cmp	r5, r2
20007222:	d236      	bcs.n	20007292 <tu_fifo_get_read_info+0xa6>
20007224:	18ac      	adds	r4, r5, r2
20007226:	b2a4      	uxth	r4, r4
20007228:	8174      	strh	r4, [r6, #10]
2000722a:	2800      	cmp	r0, #0
2000722c:	d03d      	beq.n	200072aa <tu_fifo_get_read_info+0xbe>
2000722e:	f000 ff83 	bl	20008138 <mutex_exit>
20007232:	88b2      	ldrh	r2, [r6, #4]
20007234:	4613      	mov	r3, r2
20007236:	b1f2      	cbz	r2, 20007276 <tu_fifo_get_read_info+0x8a>
20007238:	429d      	cmp	r5, r3
2000723a:	d303      	bcc.n	20007244 <tu_fifo_get_read_info+0x58>
2000723c:	1aed      	subs	r5, r5, r3
2000723e:	b2ad      	uxth	r5, r5
20007240:	429d      	cmp	r5, r3
20007242:	d2fb      	bcs.n	2000723c <tu_fifo_get_read_info+0x50>
20007244:	42a3      	cmp	r3, r4
20007246:	d803      	bhi.n	20007250 <tu_fifo_get_read_info+0x64>
20007248:	1ae4      	subs	r4, r4, r3
2000724a:	b2a4      	uxth	r4, r4
2000724c:	429c      	cmp	r4, r3
2000724e:	d2fb      	bcs.n	20007248 <tu_fifo_get_read_info+0x5c>
20007250:	6831      	ldr	r1, [r6, #0]
20007252:	42ac      	cmp	r4, r5
20007254:	eb01 0004 	add.w	r0, r1, r4
20007258:	6078      	str	r0, [r7, #4]
2000725a:	d205      	bcs.n	20007268 <tu_fifo_get_read_info+0x7c>
2000725c:	2300      	movs	r3, #0
2000725e:	803a      	strh	r2, [r7, #0]
20007260:	813b      	strh	r3, [r7, #8]
20007262:	2100      	movs	r1, #0
20007264:	60f9      	str	r1, [r7, #12]
20007266:	bdf8      	pop	{r3, r4, r5, r6, r7, pc}
20007268:	1ad2      	subs	r2, r2, r3
2000726a:	1b1b      	subs	r3, r3, r4
2000726c:	4414      	add	r4, r2
2000726e:	803b      	strh	r3, [r7, #0]
20007270:	813c      	strh	r4, [r7, #8]
20007272:	60f9      	str	r1, [r7, #12]
20007274:	bdf8      	pop	{r3, r4, r5, r6, r7, pc}
20007276:	2300      	movs	r3, #0
20007278:	803b      	strh	r3, [r7, #0]
2000727a:	813b      	strh	r3, [r7, #8]
2000727c:	607b      	str	r3, [r7, #4]
2000727e:	e7f0      	b.n	20007262 <tu_fifo_get_read_info+0x76>
20007280:	42ab      	cmp	r3, r5
20007282:	d80d      	bhi.n	200072a0 <tu_fifo_get_read_info+0xb4>
20007284:	1aed      	subs	r5, r5, r3
20007286:	b2ac      	uxth	r4, r5
20007288:	8174      	strh	r4, [r6, #10]
2000728a:	2b00      	cmp	r3, #0
2000728c:	d0f3      	beq.n	20007276 <tu_fifo_get_read_info+0x8a>
2000728e:	461a      	mov	r2, r3
20007290:	e7d5      	b.n	2000723e <tu_fifo_get_read_info+0x52>
20007292:	1aac      	subs	r4, r5, r2
20007294:	b2a4      	uxth	r4, r4
20007296:	8174      	strh	r4, [r6, #10]
20007298:	2800      	cmp	r0, #0
2000729a:	d1c8      	bne.n	2000722e <tu_fifo_get_read_info+0x42>
2000729c:	4613      	mov	r3, r2
2000729e:	e7ca      	b.n	20007236 <tu_fifo_get_read_info+0x4a>
200072a0:	195c      	adds	r4, r3, r5
200072a2:	b2a4      	uxth	r4, r4
200072a4:	461a      	mov	r2, r3
200072a6:	8174      	strh	r4, [r6, #10]
200072a8:	e7c6      	b.n	20007238 <tu_fifo_get_read_info+0x4c>
200072aa:	4613      	mov	r3, r2
200072ac:	e7ca      	b.n	20007244 <tu_fifo_get_read_info+0x58>
200072ae:	bf00      	nop

200072b0 <runtime_init_per_core_tls_setup>:
200072b0:	2200      	movs	r2, #0
200072b2:	4b01      	ldr	r3, [pc, #4]	@ (200072b8 <runtime_init_per_core_tls_setup+0x8>)
200072b4:	605a      	str	r2, [r3, #4]
200072b6:	4770      	bx	lr
200072b8:	20008f00 	.word	0x20008f00

200072bc <core1_trampoline>:
200072bc:	bd03      	pop	{r0, r1, pc}
200072be:	bf00      	nop

200072c0 <core1_wrapper>:
200072c0:	b510      	push	{r4, lr}
200072c2:	4604      	mov	r4, r0
200072c4:	f7fb f9f2 	bl	200026ac <runtime_run_per_core_initializers>
200072c8:	4623      	mov	r3, r4
200072ca:	e8bd 4010 	ldmia.w	sp!, {r4, lr}
200072ce:	4718      	bx	r3

200072d0 <multicore_launch_core1_raw>:
200072d0:	b5f0      	push	{r4, r5, r6, r7, lr}
200072d2:	4605      	mov	r5, r0
200072d4:	b087      	sub	sp, #28
200072d6:	2019      	movs	r0, #25
200072d8:	4617      	mov	r7, r2
200072da:	460e      	mov	r6, r1
200072dc:	f7fa f84c 	bl	20001378 <irq_is_enabled>
200072e0:	2100      	movs	r1, #0
200072e2:	4604      	mov	r4, r0
200072e4:	2019      	movs	r0, #25
200072e6:	f7fa f831 	bl	2000134c <irq_set_enabled>
200072ea:	2100      	movs	r1, #0
200072ec:	9703      	str	r7, [sp, #12]
200072ee:	9604      	str	r6, [sp, #16]
200072f0:	2700      	movs	r7, #0
200072f2:	2600      	movs	r6, #0
200072f4:	2201      	movs	r2, #1
200072f6:	f04f 4350 	mov.w	r3, #3489660928	@ 0xd0000000
200072fa:	468c      	mov	ip, r1
200072fc:	4817      	ldr	r0, [pc, #92]	@ (2000735c <multicore_launch_core1_raw+0x8c>)
200072fe:	e9cd 6700 	strd	r6, r7, [sp]
20007302:	9505      	str	r5, [sp, #20]
20007304:	9202      	str	r2, [sp, #8]
20007306:	7042      	strb	r2, [r0, #1]
20007308:	b1b9      	cbz	r1, 2000733a <multicore_launch_core1_raw+0x6a>
2000730a:	6d1a      	ldr	r2, [r3, #80]	@ 0x50
2000730c:	0795      	lsls	r5, r2, #30
2000730e:	d5fc      	bpl.n	2000730a <multicore_launch_core1_raw+0x3a>
20007310:	6559      	str	r1, [r3, #84]	@ 0x54
20007312:	bf40      	sev
20007314:	6d1a      	ldr	r2, [r3, #80]	@ 0x50
20007316:	07d0      	lsls	r0, r2, #31
20007318:	d403      	bmi.n	20007322 <multicore_launch_core1_raw+0x52>
2000731a:	bf20      	wfe
2000731c:	6d1a      	ldr	r2, [r3, #80]	@ 0x50
2000731e:	07d2      	lsls	r2, r2, #31
20007320:	d5fb      	bpl.n	2000731a <multicore_launch_core1_raw+0x4a>
20007322:	6d9a      	ldr	r2, [r3, #88]	@ 0x58
20007324:	428a      	cmp	r2, r1
20007326:	d00d      	beq.n	20007344 <multicore_launch_core1_raw+0x74>
20007328:	f04f 0c00 	mov.w	ip, #0
2000732c:	aa06      	add	r2, sp, #24
2000732e:	eb02 028c 	add.w	r2, r2, ip, lsl #2
20007332:	f852 1c18 	ldr.w	r1, [r2, #-24]
20007336:	e7e7      	b.n	20007308 <multicore_launch_core1_raw+0x38>
20007338:	6d9a      	ldr	r2, [r3, #88]	@ 0x58
2000733a:	6d1a      	ldr	r2, [r3, #80]	@ 0x50
2000733c:	07d6      	lsls	r6, r2, #31
2000733e:	d4fb      	bmi.n	20007338 <multicore_launch_core1_raw+0x68>
20007340:	bf40      	sev
20007342:	e7e2      	b.n	2000730a <multicore_launch_core1_raw+0x3a>
20007344:	f10c 0c01 	add.w	ip, ip, #1
20007348:	f1bc 0f06 	cmp.w	ip, #6
2000734c:	d1ee      	bne.n	2000732c <multicore_launch_core1_raw+0x5c>
2000734e:	4621      	mov	r1, r4
20007350:	2019      	movs	r0, #25
20007352:	b007      	add	sp, #28
20007354:	e8bd 40f0 	ldmia.w	sp!, {r4, r5, r6, r7, lr}
20007358:	f7f9 bff8 	b.w	2000134c <irq_set_enabled>
2000735c:	20009258 	.word	0x20009258

20007360 <multicore_launch_core1>:
20007360:	4b0c      	ldr	r3, [pc, #48]	@ (20007394 <multicore_launch_core1+0x34>)
20007362:	4a0d      	ldr	r2, [pc, #52]	@ (20007398 <multicore_launch_core1+0x38>)
20007364:	4293      	cmp	r3, r2
20007366:	d30e      	bcc.n	20007386 <multicore_launch_core1+0x26>
20007368:	469c      	mov	ip, r3
2000736a:	f203 71f4 	addw	r1, r3, #2036	@ 0x7f4
2000736e:	4a0b      	ldr	r2, [pc, #44]	@ (2000739c <multicore_launch_core1+0x3c>)
20007370:	6892      	ldr	r2, [r2, #8]
20007372:	f8cc 07f4 	str.w	r0, [ip, #2036]	@ 0x7f4
20007376:	480a      	ldr	r0, [pc, #40]	@ (200073a0 <multicore_launch_core1+0x40>)
20007378:	f8cc 37f8 	str.w	r3, [ip, #2040]	@ 0x7f8
2000737c:	f8cc 07fc 	str.w	r0, [ip, #2044]	@ 0x7fc
20007380:	4808      	ldr	r0, [pc, #32]	@ (200073a4 <multicore_launch_core1+0x44>)
20007382:	f7ff bfa5 	b.w	200072d0 <multicore_launch_core1_raw>
20007386:	f04f 33ff 	mov.w	r3, #4294967295	@ 0xffffffff
2000738a:	f240 71f3 	movw	r1, #2035	@ 0x7f3
2000738e:	469c      	mov	ip, r3
20007390:	e7ed      	b.n	2000736e <multicore_launch_core1+0xe>
20007392:	bf00      	nop
20007394:	20080800 	.word	0x20080800
20007398:	20080000 	.word	0x20080000
2000739c:	e000ed00 	.word	0xe000ed00
200073a0:	200072c1 	.word	0x200072c1
200073a4:	200072bd 	.word	0x200072bd

200073a8 <add_program_at_offset>:
200073a8:	e92d 43f0 	stmdb	sp!, {r4, r5, r6, r7, r8, r9, lr}
200073ac:	4686      	mov	lr, r0
200073ae:	f8de 5168 	ldr.w	r5, [lr, #360]	@ 0x168
200073b2:	4610      	mov	r0, r2
200073b4:	790c      	ldrb	r4, [r1, #4]
200073b6:	f991 3005 	ldrsb.w	r3, [r1, #5]
200073ba:	79ca      	ldrb	r2, [r1, #7]
200073bc:	b3bd      	cbz	r5, 2000742e <add_program_at_offset+0x86>
200073be:	07d5      	lsls	r5, r2, #31
200073c0:	d437      	bmi.n	20007432 <add_program_at_offset+0x8a>
200073c2:	2b00      	cmp	r3, #0
200073c4:	db01      	blt.n	200073ca <add_program_at_offset+0x22>
200073c6:	4298      	cmp	r0, r3
200073c8:	d133      	bne.n	20007432 <add_program_at_offset+0x8a>
200073ca:	2501      	movs	r5, #1
200073cc:	f10e 462f 	add.w	r6, lr, #2936012800	@ 0xaf000000
200073d0:	f8df 907c 	ldr.w	r9, [pc, #124]	@ 20007450 <add_program_at_offset+0xa8>
200073d4:	f506 0660 	add.w	r6, r6, #14680064	@ 0xe00000
200073d8:	0d36      	lsrs	r6, r6, #20
200073da:	40a5      	lsls	r5, r4
200073dc:	f859 8026 	ldr.w	r8, [r9, r6, lsl #2]
200073e0:	3d01      	subs	r5, #1
200073e2:	4085      	lsls	r5, r0
200073e4:	ea18 0f05 	tst.w	r8, r5
200073e8:	d12d      	bne.n	20007446 <add_program_at_offset+0x9e>
200073ea:	6809      	ldr	r1, [r1, #0]
200073ec:	b32c      	cbz	r4, 2000743a <add_program_at_offset+0x92>
200073ee:	4684      	mov	ip, r0
200073f0:	4f16      	ldr	r7, [pc, #88]	@ (2000744c <add_program_at_offset+0xa4>)
200073f2:	eb01 0444 	add.w	r4, r1, r4, lsl #1
200073f6:	e00b      	b.n	20007410 <add_program_at_offset+0x68>
200073f8:	f5b3 5f00 	cmp.w	r3, #8192	@ 0x2000
200073fc:	bf38      	it	cc
200073fe:	181b      	addcc	r3, r3, r0
20007400:	f10c 0212 	add.w	r2, ip, #18
20007404:	428c      	cmp	r4, r1
20007406:	f84e 3022 	str.w	r3, [lr, r2, lsl #2]
2000740a:	f10c 0c01 	add.w	ip, ip, #1
2000740e:	d014      	beq.n	2000743a <add_program_at_offset+0x92>
20007410:	f831 3b02 	ldrh.w	r3, [r1], #2
20007414:	ea03 0207 	and.w	r2, r3, r7
20007418:	f5b2 5f00 	cmp.w	r2, #8192	@ 0x2000
2000741c:	d1ec      	bne.n	200073f8 <add_program_at_offset+0x50>
2000741e:	f013 0f60 	tst.w	r3, #96	@ 0x60
20007422:	d1ed      	bne.n	20007400 <add_program_at_offset+0x58>
20007424:	f8de 2168 	ldr.w	r2, [lr, #360]	@ 0x168
20007428:	4053      	eors	r3, r2
2000742a:	b29b      	uxth	r3, r3
2000742c:	e7e4      	b.n	200073f8 <add_program_at_offset+0x50>
2000742e:	0752      	lsls	r2, r2, #29
20007430:	d5c7      	bpl.n	200073c2 <add_program_at_offset+0x1a>
20007432:	f06f 000a 	mvn.w	r0, #10
20007436:	e8bd 83f0 	ldmia.w	sp!, {r4, r5, r6, r7, r8, r9, pc}
2000743a:	ea48 0505 	orr.w	r5, r8, r5
2000743e:	f849 5026 	str.w	r5, [r9, r6, lsl #2]
20007442:	e8bd 83f0 	ldmia.w	sp!, {r4, r5, r6, r7, r8, r9, pc}
20007446:	f06f 0008 	mvn.w	r0, #8
2000744a:	e7f4      	b.n	20007436 <add_program_at_offset+0x8e>
2000744c:	ffffe000 	.word	0xffffe000
20007450:	20009210 	.word	0x20009210

20007454 <pio_claim_unused_sm>:
20007454:	b510      	push	{r4, lr}
20007456:	4604      	mov	r4, r0
20007458:	f104 442f 	add.w	r4, r4, #2936012800	@ 0xaf000000
2000745c:	f504 0460 	add.w	r4, r4, #14680064	@ 0xe00000
20007460:	4b08      	ldr	r3, [pc, #32]	@ (20007484 <pio_claim_unused_sm+0x30>)
20007462:	0d24      	lsrs	r4, r4, #20
20007464:	b082      	sub	sp, #8
20007466:	00a4      	lsls	r4, r4, #2
20007468:	9300      	str	r3, [sp, #0]
2000746a:	4622      	mov	r2, r4
2000746c:	1ce3      	adds	r3, r4, #3
2000746e:	4806      	ldr	r0, [pc, #24]	@ (20007488 <pio_claim_unused_sm+0x34>)
20007470:	f7f9 fece 	bl	20001210 <hw_claim_unused_from_range>
20007474:	4284      	cmp	r4, r0
20007476:	bfcc      	ite	gt
20007478:	f04f 30ff 	movgt.w	r0, #4294967295	@ 0xffffffff
2000747c:	1b00      	suble	r0, r0, r4
2000747e:	b002      	add	sp, #8
20007480:	bd10      	pop	{r4, pc}
20007482:	bf00      	nop
20007484:	20008988 	.word	0x20008988
20007488:	2000922c 	.word	0x2000922c

2000748c <pio_add_program>:
2000748c:	b570      	push	{r4, r5, r6, lr}
2000748e:	460e      	mov	r6, r1
20007490:	4604      	mov	r4, r0
20007492:	f7f9 fe75 	bl	20001180 <hw_claim_lock>
20007496:	f04f 0c01 	mov.w	ip, #1
2000749a:	7933      	ldrb	r3, [r6, #4]
2000749c:	4605      	mov	r5, r0
2000749e:	f104 422f 	add.w	r2, r4, #2936012800	@ 0xaf000000
200074a2:	f996 0005 	ldrsb.w	r0, [r6, #5]
200074a6:	491f      	ldr	r1, [pc, #124]	@ (20007524 <pio_add_program+0x98>)
200074a8:	f502 0260 	add.w	r2, r2, #14680064	@ 0xe00000
200074ac:	fa0c fc03 	lsl.w	ip, ip, r3
200074b0:	0d12      	lsrs	r2, r2, #20
200074b2:	2800      	cmp	r0, #0
200074b4:	f851 1022 	ldr.w	r1, [r1, r2, lsl #2]
200074b8:	f10c 3cff 	add.w	ip, ip, #4294967295	@ 0xffffffff
200074bc:	f1c3 0320 	rsb	r3, r3, #32
200074c0:	db17      	blt.n	200074f2 <pio_add_program+0x66>
200074c2:	4298      	cmp	r0, r3
200074c4:	4602      	mov	r2, r0
200074c6:	d80d      	bhi.n	200074e4 <pio_add_program+0x58>
200074c8:	fa0c f000 	lsl.w	r0, ip, r0
200074cc:	4208      	tst	r0, r1
200074ce:	d109      	bne.n	200074e4 <pio_add_program+0x58>
200074d0:	4631      	mov	r1, r6
200074d2:	4620      	mov	r0, r4
200074d4:	f7ff ff68 	bl	200073a8 <add_program_at_offset>
200074d8:	4604      	mov	r4, r0
200074da:	4628      	mov	r0, r5
200074dc:	f7f9 fe62 	bl	200011a4 <hw_claim_unlock>
200074e0:	4620      	mov	r0, r4
200074e2:	bd70      	pop	{r4, r5, r6, pc}
200074e4:	f04f 34ff 	mov.w	r4, #4294967295	@ 0xffffffff
200074e8:	4628      	mov	r0, r5
200074ea:	f7f9 fe5b 	bl	200011a4 <hw_claim_unlock>
200074ee:	4620      	mov	r0, r4
200074f0:	bd70      	pop	{r4, r5, r6, pc}
200074f2:	2b00      	cmp	r3, #0
200074f4:	461a      	mov	r2, r3
200074f6:	db0d      	blt.n	20007514 <pio_add_program+0x88>
200074f8:	fa0c f003 	lsl.w	r0, ip, r3
200074fc:	4208      	tst	r0, r1
200074fe:	d104      	bne.n	2000750a <pio_add_program+0x7e>
20007500:	e7e6      	b.n	200074d0 <pio_add_program+0x44>
20007502:	ea1e 0f01 	tst.w	lr, r1
20007506:	461a      	mov	r2, r3
20007508:	d0e2      	beq.n	200074d0 <pio_add_program+0x44>
2000750a:	3b01      	subs	r3, #1
2000750c:	1c5a      	adds	r2, r3, #1
2000750e:	fa0c fe03 	lsl.w	lr, ip, r3
20007512:	d1f6      	bne.n	20007502 <pio_add_program+0x76>
20007514:	f06f 0408 	mvn.w	r4, #8
20007518:	4628      	mov	r0, r5
2000751a:	f7f9 fe43 	bl	200011a4 <hw_claim_unlock>
2000751e:	4620      	mov	r0, r4
20007520:	bd70      	pop	{r4, r5, r6, pc}
20007522:	bf00      	nop
20007524:	20009210 	.word	0x20009210

20007528 <pio_sm_set_pins_with_mask>:
20007528:	f44f 3c00 	mov.w	ip, #131072	@ 0x20000
2000752c:	e92d 43f0 	stmdb	sp!, {r4, r5, r6, r7, r8, r9, lr}
20007530:	f8d0 4168 	ldr.w	r4, [r0, #360]	@ 0x168
20007534:	eb01 0541 	add.w	r5, r1, r1, lsl #1
20007538:	fa22 f604 	lsr.w	r6, r2, r4
2000753c:	eb00 02c5 	add.w	r2, r0, r5, lsl #3
20007540:	f502 5243 	add.w	r2, r2, #12480	@ 0x30c0
20007544:	eb00 05c5 	add.w	r5, r0, r5, lsl #3
20007548:	fa33 fe04 	lsrs.w	lr, r3, r4
2000754c:	f8d5 90dc 	ldr.w	r9, [r5, #220]	@ 0xdc
20007550:	ea4f 0741 	mov.w	r7, r1, lsl #1
20007554:	f8d5 80cc 	ldr.w	r8, [r5, #204]	@ 0xcc
20007558:	f8c2 c00c 	str.w	ip, [r2, #12]
2000755c:	d016      	beq.n	2000758c <pio_sm_set_pins_with_mask+0x64>
2000755e:	fa9e fcae 	rbit	ip, lr
20007562:	fabc fc8c 	clz	ip, ip
20007566:	fa26 f20c 	lsr.w	r2, r6, ip
2000756a:	f10e 34ff 	add.w	r4, lr, #4294967295	@ 0xffffffff
2000756e:	ea4f 1c4c 	mov.w	ip, ip, lsl #5
20007572:	f002 0201 	and.w	r2, r2, #1
20007576:	f04c 6380 	orr.w	r3, ip, #67108864	@ 0x4000000
2000757a:	f442 4260 	orr.w	r2, r2, #57344	@ 0xe000
2000757e:	ea1e 0e04 	ands.w	lr, lr, r4
20007582:	f8c5 30dc 	str.w	r3, [r5, #220]	@ 0xdc
20007586:	f8c5 20d8 	str.w	r2, [r5, #216]	@ 0xd8
2000758a:	d1e8      	bne.n	2000755e <pio_sm_set_pins_with_mask+0x36>
2000758c:	440f      	add	r7, r1
2000758e:	eb00 00c7 	add.w	r0, r0, r7, lsl #3
20007592:	f8c0 90dc 	str.w	r9, [r0, #220]	@ 0xdc
20007596:	f8c0 80cc 	str.w	r8, [r0, #204]	@ 0xcc
2000759a:	e8bd 83f0 	ldmia.w	sp!, {r4, r5, r6, r7, r8, r9, pc}
2000759e:	bf00      	nop

200075a0 <pio_sm_set_consecutive_pindirs>:
200075a0:	e92d 41f0 	stmdb	sp!, {r4, r5, r6, r7, r8, lr}
200075a4:	f8d0 4168 	ldr.w	r4, [r0, #360]	@ 0x168
200075a8:	f89d 6018 	ldrb.w	r6, [sp, #24]
200075ac:	1b12      	subs	r2, r2, r4
200075ae:	2a1f      	cmp	r2, #31
200075b0:	d838      	bhi.n	20007624 <pio_sm_set_consecutive_pindirs+0x84>
200075b2:	f24e 049f 	movw	r4, #57503	@ 0xe09f
200075b6:	f24e 0580 	movw	r5, #57472	@ 0xe080
200075ba:	f44f 3800 	mov.w	r8, #131072	@ 0x20000
200075be:	eb01 0c41 	add.w	ip, r1, r1, lsl #1
200075c2:	2e00      	cmp	r6, #0
200075c4:	bf18      	it	ne
200075c6:	4625      	movne	r5, r4
200075c8:	eb00 04cc 	add.w	r4, r0, ip, lsl #3
200075cc:	f504 5443 	add.w	r4, r4, #12480	@ 0x30c0
200075d0:	eb00 0ccc 	add.w	ip, r0, ip, lsl #3
200075d4:	2b05      	cmp	r3, #5
200075d6:	f8dc 70dc 	ldr.w	r7, [ip, #220]	@ 0xdc
200075da:	ea4f 0e41 	mov.w	lr, r1, lsl #1
200075de:	f8dc 60cc 	ldr.w	r6, [ip, #204]	@ 0xcc
200075e2:	f8c4 800c 	str.w	r8, [r4, #12]
200075e6:	d90c      	bls.n	20007602 <pio_sm_set_consecutive_pindirs+0x62>
200075e8:	0154      	lsls	r4, r2, #5
200075ea:	3b05      	subs	r3, #5
200075ec:	f044 54a0 	orr.w	r4, r4, #335544320	@ 0x14000000
200075f0:	3205      	adds	r2, #5
200075f2:	2b05      	cmp	r3, #5
200075f4:	f8cc 40dc 	str.w	r4, [ip, #220]	@ 0xdc
200075f8:	f002 021f 	and.w	r2, r2, #31
200075fc:	f8cc 50d8 	str.w	r5, [ip, #216]	@ 0xd8
20007600:	d8f2      	bhi.n	200075e8 <pio_sm_set_consecutive_pindirs+0x48>
20007602:	4471      	add	r1, lr
20007604:	eb00 01c1 	add.w	r1, r0, r1, lsl #3
20007608:	2000      	movs	r0, #0
2000760a:	0152      	lsls	r2, r2, #5
2000760c:	ea42 6383 	orr.w	r3, r2, r3, lsl #26
20007610:	f8c1 30dc 	str.w	r3, [r1, #220]	@ 0xdc
20007614:	f8c1 50d8 	str.w	r5, [r1, #216]	@ 0xd8
20007618:	f8c1 70dc 	str.w	r7, [r1, #220]	@ 0xdc
2000761c:	f8c1 60cc 	str.w	r6, [r1, #204]	@ 0xcc
20007620:	e8bd 81f0 	ldmia.w	sp!, {r4, r5, r6, r7, r8, pc}
20007624:	f06f 0004 	mvn.w	r0, #4
20007628:	e7fa      	b.n	20007620 <pio_sm_set_consecutive_pindirs+0x80>
2000762a:	bf00      	nop

2000762c <pio_sm_init>:
2000762c:	f04f 0c01 	mov.w	ip, #1
20007630:	e92d 41f0 	stmdb	sp!, {r4, r5, r6, r7, r8, lr}
20007634:	6804      	ldr	r4, [r0, #0]
20007636:	fa0c fc01 	lsl.w	ip, ip, r1
2000763a:	ea24 040c 	bic.w	r4, r4, ip
2000763e:	6004      	str	r4, [r0, #0]
20007640:	2b00      	cmp	r3, #0
20007642:	d03d      	beq.n	200076c0 <pio_sm_init+0x94>
20007644:	691d      	ldr	r5, [r3, #16]
20007646:	f8df e104 	ldr.w	lr, [pc, #260]	@ 2000774c <pio_sm_init+0x120>
2000764a:	43ec      	mvns	r4, r5
2000764c:	689e      	ldr	r6, [r3, #8]
2000764e:	681f      	ldr	r7, [r3, #0]
20007650:	eb01 0841 	add.w	r8, r1, r1, lsl #1
20007654:	ea0e 1e14 	and.w	lr, lr, r4, lsr #4
20007658:	eb00 08c8 	add.w	r8, r0, r8, lsl #3
2000765c:	ea04 0454 	and.w	r4, r4, r4, lsr #1
20007660:	f8c8 70c8 	str.w	r7, [r8, #200]	@ 0xc8
20007664:	ea14 0f0e 	tst.w	r4, lr
20007668:	f8c8 60d0 	str.w	r6, [r8, #208]	@ 0xd0
2000766c:	f8d0 6168 	ldr.w	r6, [r0, #360]	@ 0x168
20007670:	ea4f 0c41 	mov.w	ip, r1, lsl #1
20007674:	ea0e 0555 	and.w	r5, lr, r5, lsr #1
20007678:	d00a      	beq.n	20007690 <pio_sm_init+0x64>
2000767a:	4335      	orrs	r5, r6
2000767c:	d162      	bne.n	20007744 <pio_sm_init+0x118>
2000767e:	685d      	ldr	r5, [r3, #4]
20007680:	68dc      	ldr	r4, [r3, #12]
20007682:	eb0c 0301 	add.w	r3, ip, r1
20007686:	eb00 03c3 	add.w	r3, r0, r3, lsl #3
2000768a:	f8c3 50cc 	str.w	r5, [r3, #204]	@ 0xcc
2000768e:	e010      	b.n	200076b2 <pio_sm_init+0x86>
20007690:	2d00      	cmp	r5, #0
20007692:	d14d      	bne.n	20007730 <pio_sm_init+0x104>
20007694:	68df      	ldr	r7, [r3, #12]
20007696:	685d      	ldr	r5, [r3, #4]
20007698:	463c      	mov	r4, r7
2000769a:	2e00      	cmp	r6, #0
2000769c:	d0f1      	beq.n	20007682 <pio_sm_init+0x56>
2000769e:	ea4f 531e 	mov.w	r3, lr, lsr #20
200076a2:	ea85 7503 	eor.w	r5, r5, r3, lsl #28
200076a6:	f8c8 50cc 	str.w	r5, [r8, #204]	@ 0xcc
200076aa:	ea4f 3e0e 	mov.w	lr, lr, lsl #12
200076ae:	ea87 241e 	eor.w	r4, r7, lr, lsr #8
200076b2:	eb0c 0301 	add.w	r3, ip, r1
200076b6:	eb00 03c3 	add.w	r3, r0, r3, lsl #3
200076ba:	f8c3 40dc 	str.w	r4, [r3, #220]	@ 0xdc
200076be:	e015      	b.n	200076ec <pio_sm_init+0xc0>
200076c0:	f44f 2640 	mov.w	r6, #786432	@ 0xc0000
200076c4:	f44f 3780 	mov.w	r7, #65536	@ 0x10000
200076c8:	f44f 35f8 	mov.w	r5, #126976	@ 0x1f000
200076cc:	eb01 0441 	add.w	r4, r1, r1, lsl #1
200076d0:	eb00 04c4 	add.w	r4, r0, r4, lsl #3
200076d4:	f8c4 70c8 	str.w	r7, [r4, #200]	@ 0xc8
200076d8:	f8c4 60d0 	str.w	r6, [r4, #208]	@ 0xd0
200076dc:	f8d0 6168 	ldr.w	r6, [r0, #360]	@ 0x168
200076e0:	ea4f 0c41 	mov.w	ip, r1, lsl #1
200076e4:	f8c4 50cc 	str.w	r5, [r4, #204]	@ 0xcc
200076e8:	f8c4 30dc 	str.w	r3, [r4, #220]	@ 0xdc
200076ec:	f04f 3601 	mov.w	r6, #16843009	@ 0x1010101
200076f0:	2401      	movs	r4, #1
200076f2:	f04f 4700 	mov.w	r7, #2147483648	@ 0x80000000
200076f6:	448c      	add	ip, r1
200076f8:	eb00 03cc 	add.w	r3, r0, ip, lsl #3
200076fc:	f503 5386 	add.w	r3, r3, #4288	@ 0x10c0
20007700:	1d0d      	adds	r5, r1, #4
20007702:	f101 0e08 	add.w	lr, r1, #8
20007706:	408e      	lsls	r6, r1
20007708:	611f      	str	r7, [r3, #16]
2000770a:	eb00 0ccc 	add.w	ip, r0, ip, lsl #3
2000770e:	611f      	str	r7, [r3, #16]
20007710:	fa04 f505 	lsl.w	r5, r4, r5
20007714:	6086      	str	r6, [r0, #8]
20007716:	fa04 f40e 	lsl.w	r4, r4, lr
2000771a:	f500 5000 	add.w	r0, r0, #8192	@ 0x2000
2000771e:	6005      	str	r5, [r0, #0]
20007720:	6004      	str	r4, [r0, #0]
20007722:	2000      	movs	r0, #0
20007724:	f002 021f 	and.w	r2, r2, #31
20007728:	f8cc 20d8 	str.w	r2, [ip, #216]	@ 0xd8
2000772c:	e8bd 81f0 	ldmia.w	sp!, {r4, r5, r6, r7, r8, pc}
20007730:	b146      	cbz	r6, 20007744 <pio_sm_init+0x118>
20007732:	685c      	ldr	r4, [r3, #4]
20007734:	68df      	ldr	r7, [r3, #12]
20007736:	ea4f 531e 	mov.w	r3, lr, lsr #20
2000773a:	ea84 7303 	eor.w	r3, r4, r3, lsl #28
2000773e:	f8c8 30cc 	str.w	r3, [r8, #204]	@ 0xcc
20007742:	e7b2      	b.n	200076aa <pio_sm_init+0x7e>
20007744:	f06f 000a 	mvn.w	r0, #10
20007748:	e7f0      	b.n	2000772c <pio_sm_init+0x100>
2000774a:	bf00      	nop
2000774c:	00108421 	.word	0x00108421

20007750 <dma_claim_unused_channel>:
20007750:	b510      	push	{r4, lr}
20007752:	4c05      	ldr	r4, [pc, #20]	@ (20007768 <dma_claim_unused_channel+0x18>)
20007754:	b082      	sub	sp, #8
20007756:	4601      	mov	r1, r0
20007758:	230f      	movs	r3, #15
2000775a:	2200      	movs	r2, #0
2000775c:	9400      	str	r4, [sp, #0]
2000775e:	4803      	ldr	r0, [pc, #12]	@ (2000776c <dma_claim_unused_channel+0x1c>)
20007760:	f7f9 fd56 	bl	20001210 <hw_claim_unused_from_range>
20007764:	b002      	add	sp, #8
20007766:	bd10      	pop	{r4, pc}
20007768:	200089ac 	.word	0x200089ac
2000776c:	200099ae 	.word	0x200099ae

20007770 <spi_init>:
20007770:	e92d 4ff8 	stmdb	sp!, {r3, r4, r5, r6, r7, r8, r9, sl, fp, lr}
20007774:	4b37      	ldr	r3, [pc, #220]	@ (20007854 <spi_init+0xe4>)
20007776:	4607      	mov	r7, r0
20007778:	4298      	cmp	r0, r3
2000777a:	bf14      	ite	ne
2000777c:	f44f 2380 	movne.w	r3, #262144	@ 0x40000
20007780:	f44f 2300 	moveq.w	r3, #524288	@ 0x80000
20007784:	460e      	mov	r6, r1
20007786:	4d34      	ldr	r5, [pc, #208]	@ (20007858 <spi_init+0xe8>)
20007788:	4c34      	ldr	r4, [pc, #208]	@ (2000785c <spi_init+0xec>)
2000778a:	4a35      	ldr	r2, [pc, #212]	@ (20007860 <spi_init+0xf0>)
2000778c:	602b      	str	r3, [r5, #0]
2000778e:	6023      	str	r3, [r4, #0]
20007790:	6894      	ldr	r4, [r2, #8]
20007792:	ea33 0404 	bics.w	r4, r3, r4
20007796:	d1fb      	bne.n	20007790 <spi_init+0x20>
20007798:	2006      	movs	r0, #6
2000779a:	f7fa fcb5 	bl	20002108 <clock_get_hz>
2000779e:	4639      	mov	r1, r7
200077a0:	2302      	movs	r3, #2
200077a2:	f851 2f04 	ldr.w	r2, [r1, #4]!
200077a6:	ea4f 2e46 	mov.w	lr, r6, lsl #9
200077aa:	ea4f 5bd6 	mov.w	fp, r6, lsr #23
200077ae:	4570      	cmp	r0, lr
200077b0:	ea02 0803 	and.w	r8, r2, r3
200077b4:	f501 5940 	add.w	r9, r1, #12288	@ 0x3000
200077b8:	eb74 020b 	sbcs.w	r2, r4, fp
200077bc:	f8c9 3000 	str.w	r3, [r9]
200077c0:	d311      	bcc.n	200077e6 <spi_init+0x76>
200077c2:	ea4f 5c96 	mov.w	ip, r6, lsr #22
200077c6:	02b2      	lsls	r2, r6, #10
200077c8:	e001      	b.n	200077ce <spi_init+0x5e>
200077ca:	4652      	mov	r2, sl
200077cc:	46ac      	mov	ip, r5
200077ce:	3302      	adds	r3, #2
200077d0:	f5b3 7f80 	cmp.w	r3, #256	@ 0x100
200077d4:	d007      	beq.n	200077e6 <spi_init+0x76>
200077d6:	eb1e 0a02 	adds.w	sl, lr, r2
200077da:	eb4b 050c 	adc.w	r5, fp, ip
200077de:	4290      	cmp	r0, r2
200077e0:	eb74 0c0c 	sbcs.w	ip, r4, ip
200077e4:	d2f1      	bcs.n	200077ca <spi_init+0x5a>
200077e6:	f44f 7280 	mov.w	r2, #256	@ 0x100
200077ea:	ebc3 2403 	rsb	r4, r3, r3, lsl #8
200077ee:	4694      	mov	ip, r2
200077f0:	3a01      	subs	r2, #1
200077f2:	d02d      	beq.n	20007850 <spi_init+0xe0>
200077f4:	fbb0 f5f4 	udiv	r5, r0, r4
200077f8:	42ae      	cmp	r6, r5
200077fa:	eba4 0403 	sub.w	r4, r4, r3
200077fe:	d2f6      	bcs.n	200077ee <spi_init+0x7e>
20007800:	fb0c fc03 	mul.w	ip, ip, r3
20007804:	0212      	lsls	r2, r2, #8
20007806:	2402      	movs	r4, #2
20007808:	613b      	str	r3, [r7, #16]
2000780a:	463b      	mov	r3, r7
2000780c:	2503      	movs	r5, #3
2000780e:	683e      	ldr	r6, [r7, #0]
20007810:	f501 5100 	add.w	r1, r1, #8192	@ 0x2000
20007814:	4072      	eors	r2, r6
20007816:	fbb0 f0fc 	udiv	r0, r0, ip
2000781a:	f402 427f 	and.w	r2, r2, #65280	@ 0xff00
2000781e:	f507 5c80 	add.w	ip, r7, #4096	@ 0x1000
20007822:	f8cc 2000 	str.w	r2, [ip]
20007826:	f8c1 8000 	str.w	r8, [r1]
2000782a:	687e      	ldr	r6, [r7, #4]
2000782c:	f8c9 4000 	str.w	r4, [r9]
20007830:	f853 2b24 	ldr.w	r2, [r3], #36
20007834:	4026      	ands	r6, r4
20007836:	f082 0207 	eor.w	r2, r2, #7
2000783a:	f002 02cf 	and.w	r2, r2, #207	@ 0xcf
2000783e:	f503 5300 	add.w	r3, r3, #8192	@ 0x2000
20007842:	f8cc 2000 	str.w	r2, [ip]
20007846:	600e      	str	r6, [r1, #0]
20007848:	601d      	str	r5, [r3, #0]
2000784a:	600c      	str	r4, [r1, #0]
2000784c:	e8bd 8ff8 	ldmia.w	sp!, {r3, r4, r5, r6, r7, r8, r9, sl, fp, pc}
20007850:	469c      	mov	ip, r3
20007852:	e7d8      	b.n	20007806 <spi_init+0x96>
20007854:	40088000 	.word	0x40088000
20007858:	40022000 	.word	0x40022000
2000785c:	40023000 	.word	0x40023000
20007860:	40020000 	.word	0x40020000

20007864 <spi_set_baudrate>:
20007864:	e92d 47f0 	stmdb	sp!, {r4, r5, r6, r7, r8, r9, sl, lr}
20007868:	4605      	mov	r5, r0
2000786a:	2006      	movs	r0, #6
2000786c:	460c      	mov	r4, r1
2000786e:	f7fa fc4b 	bl	20002108 <clock_get_hz>
20007872:	4629      	mov	r1, r5
20007874:	2302      	movs	r3, #2
20007876:	f04f 0900 	mov.w	r9, #0
2000787a:	f851 6f04 	ldr.w	r6, [r1, #4]!
2000787e:	ea4f 2e44 	mov.w	lr, r4, lsl #9
20007882:	f501 5240 	add.w	r2, r1, #12288	@ 0x3000
20007886:	ea4f 5ad4 	mov.w	sl, r4, lsr #23
2000788a:	4570      	cmp	r0, lr
2000788c:	6013      	str	r3, [r2, #0]
2000788e:	eb79 020a 	sbcs.w	r2, r9, sl
20007892:	ea06 0603 	and.w	r6, r6, r3
20007896:	d311      	bcc.n	200078bc <spi_set_baudrate+0x58>
20007898:	ea4f 5c94 	mov.w	ip, r4, lsr #22
2000789c:	02a2      	lsls	r2, r4, #10
2000789e:	e001      	b.n	200078a4 <spi_set_baudrate+0x40>
200078a0:	4642      	mov	r2, r8
200078a2:	46bc      	mov	ip, r7
200078a4:	3302      	adds	r3, #2
200078a6:	f5b3 7f80 	cmp.w	r3, #256	@ 0x100
200078aa:	d007      	beq.n	200078bc <spi_set_baudrate+0x58>
200078ac:	eb1e 0802 	adds.w	r8, lr, r2
200078b0:	eb4a 070c 	adc.w	r7, sl, ip
200078b4:	4290      	cmp	r0, r2
200078b6:	eb79 0c0c 	sbcs.w	ip, r9, ip
200078ba:	d2f1      	bcs.n	200078a0 <spi_set_baudrate+0x3c>
200078bc:	f44f 7280 	mov.w	r2, #256	@ 0x100
200078c0:	ebc3 2c03 	rsb	ip, r3, r3, lsl #8
200078c4:	4617      	mov	r7, r2
200078c6:	3a01      	subs	r2, #1
200078c8:	d017      	beq.n	200078fa <spi_set_baudrate+0x96>
200078ca:	fbb0 fefc 	udiv	lr, r0, ip
200078ce:	45a6      	cmp	lr, r4
200078d0:	ebac 0c03 	sub.w	ip, ip, r3
200078d4:	d9f6      	bls.n	200078c4 <spi_set_baudrate+0x60>
200078d6:	fb03 f707 	mul.w	r7, r3, r7
200078da:	0212      	lsls	r2, r2, #8
200078dc:	612b      	str	r3, [r5, #16]
200078de:	682b      	ldr	r3, [r5, #0]
200078e0:	f501 5100 	add.w	r1, r1, #8192	@ 0x2000
200078e4:	4053      	eors	r3, r2
200078e6:	f403 437f 	and.w	r3, r3, #65280	@ 0xff00
200078ea:	f505 5580 	add.w	r5, r5, #4096	@ 0x1000
200078ee:	602b      	str	r3, [r5, #0]
200078f0:	fbb0 f0f7 	udiv	r0, r0, r7
200078f4:	600e      	str	r6, [r1, #0]
200078f6:	e8bd 87f0 	ldmia.w	sp!, {r4, r5, r6, r7, r8, r9, sl, pc}
200078fa:	461f      	mov	r7, r3
200078fc:	e7ee      	b.n	200078dc <spi_set_baudrate+0x78>
200078fe:	bf00      	nop

20007900 <__aeabi_uldivmod>:
20007900:	b953      	cbnz	r3, 20007918 <__aeabi_uldivmod+0x18>
20007902:	b94a      	cbnz	r2, 20007918 <__aeabi_uldivmod+0x18>
20007904:	2900      	cmp	r1, #0
20007906:	bf08      	it	eq
20007908:	2800      	cmpeq	r0, #0
2000790a:	bf1c      	itt	ne
2000790c:	f04f 31ff 	movne.w	r1, #4294967295	@ 0xffffffff
20007910:	f04f 30ff 	movne.w	r0, #4294967295	@ 0xffffffff
20007914:	f000 b98c 	b.w	20007c30 <__aeabi_idiv0>
20007918:	f1ad 0c08 	sub.w	ip, sp, #8
2000791c:	e96d ce04 	strd	ip, lr, [sp, #-16]!
20007920:	f000 f806 	bl	20007930 <__udivmoddi4>
20007924:	f8dd e004 	ldr.w	lr, [sp, #4]
20007928:	e9dd 2302 	ldrd	r2, r3, [sp, #8]
2000792c:	b004      	add	sp, #16
2000792e:	4770      	bx	lr

20007930 <__udivmoddi4>:
20007930:	e92d 4ff0 	stmdb	sp!, {r4, r5, r6, r7, r8, r9, sl, fp, lr}
20007934:	9d09      	ldr	r5, [sp, #36]	@ 0x24
20007936:	460e      	mov	r6, r1
20007938:	4604      	mov	r4, r0
2000793a:	460f      	mov	r7, r1
2000793c:	2b00      	cmp	r3, #0
2000793e:	d147      	bne.n	200079d0 <__udivmoddi4+0xa0>
20007940:	428a      	cmp	r2, r1
20007942:	4694      	mov	ip, r2
20007944:	fab2 f382 	clz	r3, r2
20007948:	d95a      	bls.n	20007a00 <__udivmoddi4+0xd0>
2000794a:	b143      	cbz	r3, 2000795e <__udivmoddi4+0x2e>
2000794c:	fa02 fc03 	lsl.w	ip, r2, r3
20007950:	f1c3 0220 	rsb	r2, r3, #32
20007954:	409f      	lsls	r7, r3
20007956:	409c      	lsls	r4, r3
20007958:	fa20 f202 	lsr.w	r2, r0, r2
2000795c:	4317      	orrs	r7, r2
2000795e:	ea4f 461c 	mov.w	r6, ip, lsr #16
20007962:	fa1f fe8c 	uxth.w	lr, ip
20007966:	0c22      	lsrs	r2, r4, #16
20007968:	fbb7 f1f6 	udiv	r1, r7, r6
2000796c:	fb06 7711 	mls	r7, r6, r1, r7
20007970:	fb01 f00e 	mul.w	r0, r1, lr
20007974:	ea42 4207 	orr.w	r2, r2, r7, lsl #16
20007978:	4290      	cmp	r0, r2
2000797a:	d908      	bls.n	2000798e <__udivmoddi4+0x5e>
2000797c:	eb1c 0202 	adds.w	r2, ip, r2
20007980:	f101 37ff 	add.w	r7, r1, #4294967295	@ 0xffffffff
20007984:	d202      	bcs.n	2000798c <__udivmoddi4+0x5c>
20007986:	4290      	cmp	r0, r2
20007988:	f200 813c 	bhi.w	20007c04 <__udivmoddi4+0x2d4>
2000798c:	4639      	mov	r1, r7
2000798e:	1a12      	subs	r2, r2, r0
20007990:	b2a4      	uxth	r4, r4
20007992:	fbb2 f0f6 	udiv	r0, r2, r6
20007996:	fb06 2210 	mls	r2, r6, r0, r2
2000799a:	fb00 fe0e 	mul.w	lr, r0, lr
2000799e:	ea44 4402 	orr.w	r4, r4, r2, lsl #16
200079a2:	45a6      	cmp	lr, r4
200079a4:	d908      	bls.n	200079b8 <__udivmoddi4+0x88>
200079a6:	eb1c 0404 	adds.w	r4, ip, r4
200079aa:	f100 32ff 	add.w	r2, r0, #4294967295	@ 0xffffffff
200079ae:	d202      	bcs.n	200079b6 <__udivmoddi4+0x86>
200079b0:	45a6      	cmp	lr, r4
200079b2:	f200 812a 	bhi.w	20007c0a <__udivmoddi4+0x2da>
200079b6:	4610      	mov	r0, r2
200079b8:	ea40 4001 	orr.w	r0, r0, r1, lsl #16
200079bc:	eba4 040e 	sub.w	r4, r4, lr
200079c0:	2100      	movs	r1, #0
200079c2:	b11d      	cbz	r5, 200079cc <__udivmoddi4+0x9c>
200079c4:	40dc      	lsrs	r4, r3
200079c6:	2300      	movs	r3, #0
200079c8:	e9c5 4300 	strd	r4, r3, [r5]
200079cc:	e8bd 8ff0 	ldmia.w	sp!, {r4, r5, r6, r7, r8, r9, sl, fp, pc}
200079d0:	428b      	cmp	r3, r1
200079d2:	d905      	bls.n	200079e0 <__udivmoddi4+0xb0>
200079d4:	b10d      	cbz	r5, 200079da <__udivmoddi4+0xaa>
200079d6:	e9c5 0100 	strd	r0, r1, [r5]
200079da:	2100      	movs	r1, #0
200079dc:	4608      	mov	r0, r1
200079de:	e7f5      	b.n	200079cc <__udivmoddi4+0x9c>
200079e0:	fab3 f183 	clz	r1, r3
200079e4:	2900      	cmp	r1, #0
200079e6:	d14f      	bne.n	20007a88 <__udivmoddi4+0x158>
200079e8:	42b3      	cmp	r3, r6
200079ea:	f0c0 8102 	bcc.w	20007bf2 <__udivmoddi4+0x2c2>
200079ee:	4282      	cmp	r2, r0
200079f0:	f240 80ff 	bls.w	20007bf2 <__udivmoddi4+0x2c2>
200079f4:	4608      	mov	r0, r1
200079f6:	2d00      	cmp	r5, #0
200079f8:	d0e8      	beq.n	200079cc <__udivmoddi4+0x9c>
200079fa:	e9c5 4700 	strd	r4, r7, [r5]
200079fe:	e7e5      	b.n	200079cc <__udivmoddi4+0x9c>
20007a00:	2b00      	cmp	r3, #0
20007a02:	f040 80af 	bne.w	20007b64 <__udivmoddi4+0x234>
20007a06:	1a8a      	subs	r2, r1, r2
20007a08:	ea4f 4e1c 	mov.w	lr, ip, lsr #16
20007a0c:	fa1f f78c 	uxth.w	r7, ip
20007a10:	2101      	movs	r1, #1
20007a12:	fbb2 f6fe 	udiv	r6, r2, lr
20007a16:	fb0e 2016 	mls	r0, lr, r6, r2
20007a1a:	0c22      	lsrs	r2, r4, #16
20007a1c:	ea42 4200 	orr.w	r2, r2, r0, lsl #16
20007a20:	fb07 f006 	mul.w	r0, r7, r6
20007a24:	4290      	cmp	r0, r2
20007a26:	d90f      	bls.n	20007a48 <__udivmoddi4+0x118>
20007a28:	eb1c 0202 	adds.w	r2, ip, r2
20007a2c:	f106 38ff 	add.w	r8, r6, #4294967295	@ 0xffffffff
20007a30:	bf2c      	ite	cs
20007a32:	f04f 0901 	movcs.w	r9, #1
20007a36:	f04f 0900 	movcc.w	r9, #0
20007a3a:	4290      	cmp	r0, r2
20007a3c:	d903      	bls.n	20007a46 <__udivmoddi4+0x116>
20007a3e:	f1b9 0f00 	cmp.w	r9, #0
20007a42:	f000 80dc 	beq.w	20007bfe <__udivmoddi4+0x2ce>
20007a46:	4646      	mov	r6, r8
20007a48:	1a12      	subs	r2, r2, r0
20007a4a:	b2a4      	uxth	r4, r4
20007a4c:	fbb2 f0fe 	udiv	r0, r2, lr
20007a50:	fb0e 2210 	mls	r2, lr, r0, r2
20007a54:	fb00 f707 	mul.w	r7, r0, r7
20007a58:	ea44 4402 	orr.w	r4, r4, r2, lsl #16
20007a5c:	42a7      	cmp	r7, r4
20007a5e:	d90f      	bls.n	20007a80 <__udivmoddi4+0x150>
20007a60:	eb1c 0404 	adds.w	r4, ip, r4
20007a64:	f100 32ff 	add.w	r2, r0, #4294967295	@ 0xffffffff
20007a68:	bf2c      	ite	cs
20007a6a:	f04f 0e01 	movcs.w	lr, #1
20007a6e:	f04f 0e00 	movcc.w	lr, #0
20007a72:	42a7      	cmp	r7, r4
20007a74:	d903      	bls.n	20007a7e <__udivmoddi4+0x14e>
20007a76:	f1be 0f00 	cmp.w	lr, #0
20007a7a:	f000 80c9 	beq.w	20007c10 <__udivmoddi4+0x2e0>
20007a7e:	4610      	mov	r0, r2
20007a80:	1be4      	subs	r4, r4, r7
20007a82:	ea40 4006 	orr.w	r0, r0, r6, lsl #16
20007a86:	e79c      	b.n	200079c2 <__udivmoddi4+0x92>
20007a88:	f1c1 0420 	rsb	r4, r1, #32
20007a8c:	408b      	lsls	r3, r1
20007a8e:	fa06 fc01 	lsl.w	ip, r6, r1
20007a92:	fa00 fe01 	lsl.w	lr, r0, r1
20007a96:	fa22 f704 	lsr.w	r7, r2, r4
20007a9a:	40e6      	lsrs	r6, r4
20007a9c:	408a      	lsls	r2, r1
20007a9e:	431f      	orrs	r7, r3
20007aa0:	fa20 f304 	lsr.w	r3, r0, r4
20007aa4:	ea4f 4817 	mov.w	r8, r7, lsr #16
20007aa8:	ea43 030c 	orr.w	r3, r3, ip
20007aac:	fa1f fc87 	uxth.w	ip, r7
20007ab0:	ea4f 4913 	mov.w	r9, r3, lsr #16
20007ab4:	fbb6 f0f8 	udiv	r0, r6, r8
20007ab8:	fb08 6610 	mls	r6, r8, r0, r6
20007abc:	ea49 4606 	orr.w	r6, r9, r6, lsl #16
20007ac0:	fb00 f90c 	mul.w	r9, r0, ip
20007ac4:	45b1      	cmp	r9, r6
20007ac6:	d90e      	bls.n	20007ae6 <__udivmoddi4+0x1b6>
20007ac8:	19be      	adds	r6, r7, r6
20007aca:	f100 3aff 	add.w	sl, r0, #4294967295	@ 0xffffffff
20007ace:	bf2c      	ite	cs
20007ad0:	f04f 0b01 	movcs.w	fp, #1
20007ad4:	f04f 0b00 	movcc.w	fp, #0
20007ad8:	45b1      	cmp	r9, r6
20007ada:	d903      	bls.n	20007ae4 <__udivmoddi4+0x1b4>
20007adc:	f1bb 0f00 	cmp.w	fp, #0
20007ae0:	f000 80a2 	beq.w	20007c28 <__udivmoddi4+0x2f8>
20007ae4:	4650      	mov	r0, sl
20007ae6:	eba6 0609 	sub.w	r6, r6, r9
20007aea:	fa1f f983 	uxth.w	r9, r3
20007aee:	fbb6 f3f8 	udiv	r3, r6, r8
20007af2:	fb08 6613 	mls	r6, r8, r3, r6
20007af6:	fb03 fc0c 	mul.w	ip, r3, ip
20007afa:	ea49 4606 	orr.w	r6, r9, r6, lsl #16
20007afe:	45b4      	cmp	ip, r6
20007b00:	d90e      	bls.n	20007b20 <__udivmoddi4+0x1f0>
20007b02:	19be      	adds	r6, r7, r6
20007b04:	f103 38ff 	add.w	r8, r3, #4294967295	@ 0xffffffff
20007b08:	bf2c      	ite	cs
20007b0a:	f04f 0901 	movcs.w	r9, #1
20007b0e:	f04f 0900 	movcc.w	r9, #0
20007b12:	45b4      	cmp	ip, r6
20007b14:	d903      	bls.n	20007b1e <__udivmoddi4+0x1ee>
20007b16:	f1b9 0f00 	cmp.w	r9, #0
20007b1a:	f000 8082 	beq.w	20007c22 <__udivmoddi4+0x2f2>
20007b1e:	4643      	mov	r3, r8
20007b20:	ea43 4000 	orr.w	r0, r3, r0, lsl #16
20007b24:	eba6 060c 	sub.w	r6, r6, ip
20007b28:	fba0 8c02 	umull	r8, ip, r0, r2
20007b2c:	4566      	cmp	r6, ip
20007b2e:	4643      	mov	r3, r8
20007b30:	46e1      	mov	r9, ip
20007b32:	d302      	bcc.n	20007b3a <__udivmoddi4+0x20a>
20007b34:	d107      	bne.n	20007b46 <__udivmoddi4+0x216>
20007b36:	45c6      	cmp	lr, r8
20007b38:	d205      	bcs.n	20007b46 <__udivmoddi4+0x216>
20007b3a:	ebb8 0302 	subs.w	r3, r8, r2
20007b3e:	eb6c 0c07 	sbc.w	ip, ip, r7
20007b42:	3801      	subs	r0, #1
20007b44:	46e1      	mov	r9, ip
20007b46:	b15d      	cbz	r5, 20007b60 <__udivmoddi4+0x230>
20007b48:	ebbe 0203 	subs.w	r2, lr, r3
20007b4c:	eb66 0609 	sbc.w	r6, r6, r9
20007b50:	fa06 f404 	lsl.w	r4, r6, r4
20007b54:	fa22 f301 	lsr.w	r3, r2, r1
20007b58:	40ce      	lsrs	r6, r1
20007b5a:	431c      	orrs	r4, r3
20007b5c:	e9c5 4600 	strd	r4, r6, [r5]
20007b60:	2100      	movs	r1, #0
20007b62:	e733      	b.n	200079cc <__udivmoddi4+0x9c>
20007b64:	fa02 fc03 	lsl.w	ip, r2, r3
20007b68:	f1c3 0220 	rsb	r2, r3, #32
20007b6c:	4099      	lsls	r1, r3
20007b6e:	409c      	lsls	r4, r3
20007b70:	40d6      	lsrs	r6, r2
20007b72:	ea4f 4e1c 	mov.w	lr, ip, lsr #16
20007b76:	fa20 f202 	lsr.w	r2, r0, r2
20007b7a:	fa1f f78c 	uxth.w	r7, ip
20007b7e:	fbb6 f0fe 	udiv	r0, r6, lr
20007b82:	430a      	orrs	r2, r1
20007b84:	fb0e 6610 	mls	r6, lr, r0, r6
20007b88:	0c11      	lsrs	r1, r2, #16
20007b8a:	ea41 4106 	orr.w	r1, r1, r6, lsl #16
20007b8e:	fb00 f607 	mul.w	r6, r0, r7
20007b92:	428e      	cmp	r6, r1
20007b94:	d90e      	bls.n	20007bb4 <__udivmoddi4+0x284>
20007b96:	eb1c 0101 	adds.w	r1, ip, r1
20007b9a:	f100 38ff 	add.w	r8, r0, #4294967295	@ 0xffffffff
20007b9e:	bf2c      	ite	cs
20007ba0:	f04f 0901 	movcs.w	r9, #1
20007ba4:	f04f 0900 	movcc.w	r9, #0
20007ba8:	428e      	cmp	r6, r1
20007baa:	d902      	bls.n	20007bb2 <__udivmoddi4+0x282>
20007bac:	f1b9 0f00 	cmp.w	r9, #0
20007bb0:	d034      	beq.n	20007c1c <__udivmoddi4+0x2ec>
20007bb2:	4640      	mov	r0, r8
20007bb4:	1b89      	subs	r1, r1, r6
20007bb6:	b292      	uxth	r2, r2
20007bb8:	fbb1 f6fe 	udiv	r6, r1, lr
20007bbc:	fb0e 1116 	mls	r1, lr, r6, r1
20007bc0:	ea42 4201 	orr.w	r2, r2, r1, lsl #16
20007bc4:	fb06 f107 	mul.w	r1, r6, r7
20007bc8:	4291      	cmp	r1, r2
20007bca:	d90e      	bls.n	20007bea <__udivmoddi4+0x2ba>
20007bcc:	eb1c 0202 	adds.w	r2, ip, r2
20007bd0:	f106 38ff 	add.w	r8, r6, #4294967295	@ 0xffffffff
20007bd4:	bf2c      	ite	cs
20007bd6:	f04f 0901 	movcs.w	r9, #1
20007bda:	f04f 0900 	movcc.w	r9, #0
20007bde:	4291      	cmp	r1, r2
20007be0:	d902      	bls.n	20007be8 <__udivmoddi4+0x2b8>
20007be2:	f1b9 0f00 	cmp.w	r9, #0
20007be6:	d016      	beq.n	20007c16 <__udivmoddi4+0x2e6>
20007be8:	4646      	mov	r6, r8
20007bea:	1a52      	subs	r2, r2, r1
20007bec:	ea46 4100 	orr.w	r1, r6, r0, lsl #16
20007bf0:	e70f      	b.n	20007a12 <__udivmoddi4+0xe2>
20007bf2:	1a84      	subs	r4, r0, r2
20007bf4:	eb66 0203 	sbc.w	r2, r6, r3
20007bf8:	2001      	movs	r0, #1
20007bfa:	4617      	mov	r7, r2
20007bfc:	e6fb      	b.n	200079f6 <__udivmoddi4+0xc6>
20007bfe:	3e02      	subs	r6, #2
20007c00:	4462      	add	r2, ip
20007c02:	e721      	b.n	20007a48 <__udivmoddi4+0x118>
20007c04:	3902      	subs	r1, #2
20007c06:	4462      	add	r2, ip
20007c08:	e6c1      	b.n	2000798e <__udivmoddi4+0x5e>
20007c0a:	4464      	add	r4, ip
20007c0c:	3802      	subs	r0, #2
20007c0e:	e6d3      	b.n	200079b8 <__udivmoddi4+0x88>
20007c10:	4464      	add	r4, ip
20007c12:	3802      	subs	r0, #2
20007c14:	e734      	b.n	20007a80 <__udivmoddi4+0x150>
20007c16:	3e02      	subs	r6, #2
20007c18:	4462      	add	r2, ip
20007c1a:	e7e6      	b.n	20007bea <__udivmoddi4+0x2ba>
20007c1c:	3802      	subs	r0, #2
20007c1e:	4461      	add	r1, ip
20007c20:	e7c8      	b.n	20007bb4 <__udivmoddi4+0x284>
20007c22:	3b02      	subs	r3, #2
20007c24:	443e      	add	r6, r7
20007c26:	e77b      	b.n	20007b20 <__udivmoddi4+0x1f0>
20007c28:	3802      	subs	r0, #2
20007c2a:	443e      	add	r6, r7
20007c2c:	e75b      	b.n	20007ae6 <__udivmoddi4+0x1b6>
20007c2e:	bf00      	nop

20007c30 <__aeabi_idiv0>:
20007c30:	4770      	bx	lr
20007c32:	bf00      	nop

20007c34 <memset>:
20007c34:	b570      	push	{r4, r5, r6, lr}
20007c36:	0786      	lsls	r6, r0, #30
20007c38:	d047      	beq.n	20007cca <memset+0x96>
20007c3a:	1e54      	subs	r4, r2, #1
20007c3c:	2a00      	cmp	r2, #0
20007c3e:	d03e      	beq.n	20007cbe <memset+0x8a>
20007c40:	b2ca      	uxtb	r2, r1
20007c42:	4603      	mov	r3, r0
20007c44:	e001      	b.n	20007c4a <memset+0x16>
20007c46:	3c01      	subs	r4, #1
20007c48:	d339      	bcc.n	20007cbe <memset+0x8a>
20007c4a:	f803 2b01 	strb.w	r2, [r3], #1
20007c4e:	079d      	lsls	r5, r3, #30
20007c50:	d1f9      	bne.n	20007c46 <memset+0x12>
20007c52:	2c03      	cmp	r4, #3
20007c54:	d92c      	bls.n	20007cb0 <memset+0x7c>
20007c56:	b2cd      	uxtb	r5, r1
20007c58:	2c0f      	cmp	r4, #15
20007c5a:	eb05 2505 	add.w	r5, r5, r5, lsl #8
20007c5e:	eb05 4505 	add.w	r5, r5, r5, lsl #16
20007c62:	d935      	bls.n	20007cd0 <memset+0x9c>
20007c64:	f1a4 0c10 	sub.w	ip, r4, #16
20007c68:	f103 0e10 	add.w	lr, r3, #16
20007c6c:	461a      	mov	r2, r3
20007c6e:	f02c 060f 	bic.w	r6, ip, #15
20007c72:	ea4f 1c1c 	mov.w	ip, ip, lsr #4
20007c76:	44b6      	add	lr, r6
20007c78:	e9c2 5500 	strd	r5, r5, [r2]
20007c7c:	e9c2 5502 	strd	r5, r5, [r2, #8]
20007c80:	3210      	adds	r2, #16
20007c82:	4572      	cmp	r2, lr
20007c84:	d1f8      	bne.n	20007c78 <memset+0x44>
20007c86:	f10c 0201 	add.w	r2, ip, #1
20007c8a:	f014 0f0c 	tst.w	r4, #12
20007c8e:	f004 0c0f 	and.w	ip, r4, #15
20007c92:	eb03 1202 	add.w	r2, r3, r2, lsl #4
20007c96:	d013      	beq.n	20007cc0 <memset+0x8c>
20007c98:	f1ac 0304 	sub.w	r3, ip, #4
20007c9c:	f023 0303 	bic.w	r3, r3, #3
20007ca0:	3304      	adds	r3, #4
20007ca2:	4413      	add	r3, r2
20007ca4:	f842 5b04 	str.w	r5, [r2], #4
20007ca8:	4293      	cmp	r3, r2
20007caa:	d1fb      	bne.n	20007ca4 <memset+0x70>
20007cac:	f00c 0403 	and.w	r4, ip, #3
20007cb0:	b12c      	cbz	r4, 20007cbe <memset+0x8a>
20007cb2:	b2c9      	uxtb	r1, r1
20007cb4:	441c      	add	r4, r3
20007cb6:	f803 1b01 	strb.w	r1, [r3], #1
20007cba:	42a3      	cmp	r3, r4
20007cbc:	d1fb      	bne.n	20007cb6 <memset+0x82>
20007cbe:	bd70      	pop	{r4, r5, r6, pc}
20007cc0:	4664      	mov	r4, ip
20007cc2:	4613      	mov	r3, r2
20007cc4:	2c00      	cmp	r4, #0
20007cc6:	d1f4      	bne.n	20007cb2 <memset+0x7e>
20007cc8:	e7f9      	b.n	20007cbe <memset+0x8a>
20007cca:	4603      	mov	r3, r0
20007ccc:	4614      	mov	r4, r2
20007cce:	e7c0      	b.n	20007c52 <memset+0x1e>
20007cd0:	461a      	mov	r2, r3
20007cd2:	46a4      	mov	ip, r4
20007cd4:	e7e0      	b.n	20007c98 <memset+0x64>
20007cd6:	bf00      	nop

20007cd8 <memcpy>:
20007cd8:	4684      	mov	ip, r0
20007cda:	ea41 0300 	orr.w	r3, r1, r0
20007cde:	f013 0303 	ands.w	r3, r3, #3
20007ce2:	d149      	bne.n	20007d78 <memcpy+0xa0>
20007ce4:	3a40      	subs	r2, #64	@ 0x40
20007ce6:	d323      	bcc.n	20007d30 <memcpy+0x58>
20007ce8:	680b      	ldr	r3, [r1, #0]
20007cea:	6003      	str	r3, [r0, #0]
20007cec:	684b      	ldr	r3, [r1, #4]
20007cee:	6043      	str	r3, [r0, #4]
20007cf0:	688b      	ldr	r3, [r1, #8]
20007cf2:	6083      	str	r3, [r0, #8]
20007cf4:	68cb      	ldr	r3, [r1, #12]
20007cf6:	60c3      	str	r3, [r0, #12]
20007cf8:	690b      	ldr	r3, [r1, #16]
20007cfa:	6103      	str	r3, [r0, #16]
20007cfc:	694b      	ldr	r3, [r1, #20]
20007cfe:	6143      	str	r3, [r0, #20]
20007d00:	698b      	ldr	r3, [r1, #24]
20007d02:	6183      	str	r3, [r0, #24]
20007d04:	69cb      	ldr	r3, [r1, #28]
20007d06:	61c3      	str	r3, [r0, #28]
20007d08:	6a0b      	ldr	r3, [r1, #32]
20007d0a:	6203      	str	r3, [r0, #32]
20007d0c:	6a4b      	ldr	r3, [r1, #36]	@ 0x24
20007d0e:	6243      	str	r3, [r0, #36]	@ 0x24
20007d10:	6a8b      	ldr	r3, [r1, #40]	@ 0x28
20007d12:	6283      	str	r3, [r0, #40]	@ 0x28
20007d14:	6acb      	ldr	r3, [r1, #44]	@ 0x2c
20007d16:	62c3      	str	r3, [r0, #44]	@ 0x2c
20007d18:	6b0b      	ldr	r3, [r1, #48]	@ 0x30
20007d1a:	6303      	str	r3, [r0, #48]	@ 0x30
20007d1c:	6b4b      	ldr	r3, [r1, #52]	@ 0x34
20007d1e:	6343      	str	r3, [r0, #52]	@ 0x34
20007d20:	6b8b      	ldr	r3, [r1, #56]	@ 0x38
20007d22:	6383      	str	r3, [r0, #56]	@ 0x38
20007d24:	6bcb      	ldr	r3, [r1, #60]	@ 0x3c
20007d26:	63c3      	str	r3, [r0, #60]	@ 0x3c
20007d28:	3040      	adds	r0, #64	@ 0x40
20007d2a:	3140      	adds	r1, #64	@ 0x40
20007d2c:	3a40      	subs	r2, #64	@ 0x40
20007d2e:	d2db      	bcs.n	20007ce8 <memcpy+0x10>
20007d30:	3230      	adds	r2, #48	@ 0x30
20007d32:	d30b      	bcc.n	20007d4c <memcpy+0x74>
20007d34:	680b      	ldr	r3, [r1, #0]
20007d36:	6003      	str	r3, [r0, #0]
20007d38:	684b      	ldr	r3, [r1, #4]
20007d3a:	6043      	str	r3, [r0, #4]
20007d3c:	688b      	ldr	r3, [r1, #8]
20007d3e:	6083      	str	r3, [r0, #8]
20007d40:	68cb      	ldr	r3, [r1, #12]
20007d42:	60c3      	str	r3, [r0, #12]
20007d44:	3010      	adds	r0, #16
20007d46:	3110      	adds	r1, #16
20007d48:	3a10      	subs	r2, #16
20007d4a:	d2f3      	bcs.n	20007d34 <memcpy+0x5c>
20007d4c:	320c      	adds	r2, #12
20007d4e:	d305      	bcc.n	20007d5c <memcpy+0x84>
20007d50:	f851 3b04 	ldr.w	r3, [r1], #4
20007d54:	f840 3b04 	str.w	r3, [r0], #4
20007d58:	3a04      	subs	r2, #4
20007d5a:	d2f9      	bcs.n	20007d50 <memcpy+0x78>
20007d5c:	3204      	adds	r2, #4
20007d5e:	d008      	beq.n	20007d72 <memcpy+0x9a>
20007d60:	07d2      	lsls	r2, r2, #31
20007d62:	bf1c      	itt	ne
20007d64:	f811 3b01 	ldrbne.w	r3, [r1], #1
20007d68:	f800 3b01 	strbne.w	r3, [r0], #1
20007d6c:	d301      	bcc.n	20007d72 <memcpy+0x9a>
20007d6e:	880b      	ldrh	r3, [r1, #0]
20007d70:	8003      	strh	r3, [r0, #0]
20007d72:	4660      	mov	r0, ip
20007d74:	4770      	bx	lr
20007d76:	bf00      	nop
20007d78:	2a08      	cmp	r2, #8
20007d7a:	d313      	bcc.n	20007da4 <memcpy+0xcc>
20007d7c:	078b      	lsls	r3, r1, #30
20007d7e:	d0b1      	beq.n	20007ce4 <memcpy+0xc>
20007d80:	f010 0303 	ands.w	r3, r0, #3
20007d84:	d0ae      	beq.n	20007ce4 <memcpy+0xc>
20007d86:	f1c3 0304 	rsb	r3, r3, #4
20007d8a:	1ad2      	subs	r2, r2, r3
20007d8c:	07db      	lsls	r3, r3, #31
20007d8e:	bf1c      	itt	ne
20007d90:	f811 3b01 	ldrbne.w	r3, [r1], #1
20007d94:	f800 3b01 	strbne.w	r3, [r0], #1
20007d98:	d3a4      	bcc.n	20007ce4 <memcpy+0xc>
20007d9a:	f831 3b02 	ldrh.w	r3, [r1], #2
20007d9e:	f820 3b02 	strh.w	r3, [r0], #2
20007da2:	e79f      	b.n	20007ce4 <memcpy+0xc>
20007da4:	3a04      	subs	r2, #4
20007da6:	d3d9      	bcc.n	20007d5c <memcpy+0x84>
20007da8:	3a01      	subs	r2, #1
20007daa:	f811 3b01 	ldrb.w	r3, [r1], #1
20007dae:	f800 3b01 	strb.w	r3, [r0], #1
20007db2:	d2f9      	bcs.n	20007da8 <memcpy+0xd0>
20007db4:	780b      	ldrb	r3, [r1, #0]
20007db6:	7003      	strb	r3, [r0, #0]
20007db8:	784b      	ldrb	r3, [r1, #1]
20007dba:	7043      	strb	r3, [r0, #1]
20007dbc:	788b      	ldrb	r3, [r1, #2]
20007dbe:	7083      	strb	r3, [r0, #2]
20007dc0:	4660      	mov	r0, ip
20007dc2:	4770      	bx	lr

20007dc4 <strlen>:
20007dc4:	f020 0103 	bic.w	r1, r0, #3
20007dc8:	f010 0003 	ands.w	r0, r0, #3
20007dcc:	f1c0 0000 	rsb	r0, r0, #0
20007dd0:	f851 3b04 	ldr.w	r3, [r1], #4
20007dd4:	f100 0c04 	add.w	ip, r0, #4
20007dd8:	ea4f 0ccc 	mov.w	ip, ip, lsl #3
20007ddc:	f06f 0200 	mvn.w	r2, #0
20007de0:	bf1c      	itt	ne
20007de2:	fa22 f20c 	lsrne.w	r2, r2, ip
20007de6:	4313      	orrne	r3, r2
20007de8:	f04f 0c01 	mov.w	ip, #1
20007dec:	ea4c 2c0c 	orr.w	ip, ip, ip, lsl #8
20007df0:	ea4c 4c0c 	orr.w	ip, ip, ip, lsl #16
20007df4:	eba3 020c 	sub.w	r2, r3, ip
20007df8:	ea22 0203 	bic.w	r2, r2, r3
20007dfc:	ea12 12cc 	ands.w	r2, r2, ip, lsl #7
20007e00:	bf04      	itt	eq
20007e02:	f851 3b04 	ldreq.w	r3, [r1], #4
20007e06:	3004      	addeq	r0, #4
20007e08:	d0f4      	beq.n	20007df4 <strlen+0x30>
20007e0a:	f1c2 0100 	rsb	r1, r2, #0
20007e0e:	ea02 0201 	and.w	r2, r2, r1
20007e12:	fab2 f282 	clz	r2, r2
20007e16:	f1c2 021f 	rsb	r2, r2, #31
20007e1a:	eb00 00d2 	add.w	r0, r0, r2, lsr #3
20007e1e:	4770      	bx	lr

Disassembly of section .data:

20007e20 <ide_interface_core1_entry>:
20007e20:	e92d 4888 	stmdb	sp!, {r3, r7, fp, lr}
20007e24:	485d      	ldr	r0, [pc, #372]	@ (20007f9c <ide_interface_core1_entry+0x17c>)
20007e26:	f7fc fb01 	bl	2000442c <__wrap_puts>
20007e2a:	2600      	movs	r6, #0
20007e2c:	4d5c      	ldr	r5, [pc, #368]	@ (20007fa0 <ide_interface_core1_entry+0x180>)
20007e2e:	f8df 81a8 	ldr.w	r8, [pc, #424]	@ 20007fd8 <ide_interface_core1_entry+0x1b8>
20007e32:	f8df a1a8 	ldr.w	sl, [pc, #424]	@ 20007fdc <ide_interface_core1_entry+0x1bc>
20007e36:	4f5b      	ldr	r7, [pc, #364]	@ (20007fa4 <ide_interface_core1_entry+0x184>)
20007e38:	f8df 91a4 	ldr.w	r9, [pc, #420]	@ 20007fe0 <ide_interface_core1_entry+0x1c0>
20007e3c:	4c5a      	ldr	r4, [pc, #360]	@ (20007fa8 <ide_interface_core1_entry+0x188>)
20007e3e:	782b      	ldrb	r3, [r5, #0]
20007e40:	bb23      	cbnz	r3, 20007e8c <ide_interface_core1_entry+0x6c>
20007e42:	7823      	ldrb	r3, [r4, #0]
20007e44:	2b00      	cmp	r3, #0
20007e46:	d0fa      	beq.n	20007e3e <ide_interface_core1_entry+0x1e>
20007e48:	4b58      	ldr	r3, [pc, #352]	@ (20007fac <ide_interface_core1_entry+0x18c>)
20007e4a:	7026      	strb	r6, [r4, #0]
20007e4c:	f8d3 b000 	ldr.w	fp, [r3]
20007e50:	4b57      	ldr	r3, [pc, #348]	@ (20007fb0 <ide_interface_core1_entry+0x190>)
20007e52:	f858 102b 	ldr.w	r1, [r8, fp, lsl #2]
20007e56:	6818      	ldr	r0, [r3, #0]
20007e58:	f7f8 f962 	bl	20000120 <ide_hook_sd_write_sector>
20007e5c:	b910      	cbnz	r0, 20007e64 <ide_interface_core1_entry+0x44>
20007e5e:	2341      	movs	r3, #65	@ 0x41
20007e60:	f889 3000 	strb.w	r3, [r9]
20007e64:	f80a 600b 	strb.w	r6, [sl, fp]
20007e68:	783b      	ldrb	r3, [r7, #0]
20007e6a:	2b02      	cmp	r3, #2
20007e6c:	d05d      	beq.n	20007f2a <ide_interface_core1_entry+0x10a>
20007e6e:	4b51      	ldr	r3, [pc, #324]	@ (20007fb4 <ide_interface_core1_entry+0x194>)
20007e70:	881b      	ldrh	r3, [r3, #0]
20007e72:	b29b      	uxth	r3, r3
20007e74:	2b00      	cmp	r3, #0
20007e76:	d1e2      	bne.n	20007e3e <ide_interface_core1_entry+0x1e>
20007e78:	783a      	ldrb	r2, [r7, #0]
20007e7a:	2a02      	cmp	r2, #2
20007e7c:	d1df      	bne.n	20007e3e <ide_interface_core1_entry+0x1e>
20007e7e:	2240      	movs	r2, #64	@ 0x40
20007e80:	f889 2000 	strb.w	r2, [r9]
20007e84:	703b      	strb	r3, [r7, #0]
20007e86:	782b      	ldrb	r3, [r5, #0]
20007e88:	2b00      	cmp	r3, #0
20007e8a:	d0da      	beq.n	20007e42 <ide_interface_core1_entry+0x22>
20007e8c:	4b4a      	ldr	r3, [pc, #296]	@ (20007fb8 <ide_interface_core1_entry+0x198>)
20007e8e:	702e      	strb	r6, [r5, #0]
20007e90:	f8d3 b000 	ldr.w	fp, [r3]
20007e94:	4b49      	ldr	r3, [pc, #292]	@ (20007fbc <ide_interface_core1_entry+0x19c>)
20007e96:	f858 102b 	ldr.w	r1, [r8, fp, lsl #2]
20007e9a:	6818      	ldr	r0, [r3, #0]
20007e9c:	f7f8 f93e 	bl	2000011c <ide_hook_sd_read_sector>
20007ea0:	2800      	cmp	r0, #0
20007ea2:	d03e      	beq.n	20007f22 <ide_interface_core1_entry+0x102>
20007ea4:	2301      	movs	r3, #1
20007ea6:	f80a 300b 	strb.w	r3, [sl, fp]
20007eaa:	783b      	ldrb	r3, [r7, #0]
20007eac:	2b01      	cmp	r3, #1
20007eae:	d1c8      	bne.n	20007e42 <ide_interface_core1_entry+0x22>
20007eb0:	4b43      	ldr	r3, [pc, #268]	@ (20007fc0 <ide_interface_core1_entry+0x1a0>)
20007eb2:	681b      	ldr	r3, [r3, #0]
20007eb4:	459b      	cmp	fp, r3
20007eb6:	d1c4      	bne.n	20007e42 <ide_interface_core1_entry+0x22>
20007eb8:	f899 3000 	ldrb.w	r3, [r9]
20007ebc:	061a      	lsls	r2, r3, #24
20007ebe:	d5c0      	bpl.n	20007e42 <ide_interface_core1_entry+0x22>
20007ec0:	f44f 7c80 	mov.w	ip, #256	@ 0x100
20007ec4:	4b3f      	ldr	r3, [pc, #252]	@ (20007fc4 <ide_interface_core1_entry+0x1a4>)
20007ec6:	4940      	ldr	r1, [pc, #256]	@ (20007fc8 <ide_interface_core1_entry+0x1a8>)
20007ec8:	6818      	ldr	r0, [r3, #0]
20007eca:	f858 e02b 	ldr.w	lr, [r8, fp, lsl #2]
20007ece:	f100 422f 	add.w	r2, r0, #2936012800	@ 0xaf000000
20007ed2:	f8d1 b000 	ldr.w	fp, [r1]
20007ed6:	4b3d      	ldr	r3, [pc, #244]	@ (20007fcc <ide_interface_core1_entry+0x1ac>)
20007ed8:	f502 0260 	add.w	r2, r2, #14680064	@ 0xe00000
20007edc:	0d12      	lsrs	r2, r2, #20
20007ede:	eb0b 01c2 	add.w	r1, fp, r2, lsl #3
20007ee2:	681b      	ldr	r3, [r3, #0]
20007ee4:	4a3a      	ldr	r2, [pc, #232]	@ (20007fd0 <ide_interface_core1_entry+0x1b0>)
20007ee6:	f10b 0b04 	add.w	fp, fp, #4
20007eea:	ea02 3243 	and.w	r2, r2, r3, lsl #13
20007eee:	ea42 4241 	orr.w	r2, r2, r1, lsl #17
20007ef2:	f899 1000 	ldrb.w	r1, [r9]
20007ef6:	f042 7280 	orr.w	r2, r2, #16777216	@ 0x1000000
20007efa:	019b      	lsls	r3, r3, #6
20007efc:	f001 017f 	and.w	r1, r1, #127	@ 0x7f
20007f00:	f103 43a0 	add.w	r3, r3, #1342177280	@ 0x50000000
20007f04:	eb00 008b 	add.w	r0, r0, fp, lsl #2
20007f08:	f042 0215 	orr.w	r2, r2, #21
20007f0c:	f041 0108 	orr.w	r1, r1, #8
20007f10:	f889 1000 	strb.w	r1, [r9]
20007f14:	f8c3 e000 	str.w	lr, [r3]
20007f18:	6058      	str	r0, [r3, #4]
20007f1a:	f8c3 c008 	str.w	ip, [r3, #8]
20007f1e:	60da      	str	r2, [r3, #12]
20007f20:	e78f      	b.n	20007e42 <ide_interface_core1_entry+0x22>
20007f22:	2341      	movs	r3, #65	@ 0x41
20007f24:	f889 3000 	strb.w	r3, [r9]
20007f28:	e78b      	b.n	20007e42 <ide_interface_core1_entry+0x22>
20007f2a:	f899 3000 	ldrb.w	r3, [r9]
20007f2e:	061b      	lsls	r3, r3, #24
20007f30:	d59d      	bpl.n	20007e6e <ide_interface_core1_entry+0x4e>
20007f32:	f899 3000 	ldrb.w	r3, [r9]
20007f36:	4822      	ldr	r0, [pc, #136]	@ (20007fc0 <ide_interface_core1_entry+0x1a0>)
20007f38:	f003 037f 	and.w	r3, r3, #127	@ 0x7f
20007f3c:	f043 0308 	orr.w	r3, r3, #8
20007f40:	f889 3000 	strb.w	r3, [r9]
20007f44:	4b1f      	ldr	r3, [pc, #124]	@ (20007fc4 <ide_interface_core1_entry+0x1a4>)
20007f46:	f8d0 c000 	ldr.w	ip, [r0]
20007f4a:	6819      	ldr	r1, [r3, #0]
20007f4c:	4b1e      	ldr	r3, [pc, #120]	@ (20007fc8 <ide_interface_core1_entry+0x1a8>)
20007f4e:	f858 c02c 	ldr.w	ip, [r8, ip, lsl #2]
20007f52:	681a      	ldr	r2, [r3, #0]
20007f54:	f101 432f 	add.w	r3, r1, #2936012800	@ 0xaf000000
20007f58:	f503 0360 	add.w	r3, r3, #14680064	@ 0xe00000
20007f5c:	ea4f 5b13 	mov.w	fp, r3, lsr #20
20007f60:	4b1c      	ldr	r3, [pc, #112]	@ (20007fd4 <ide_interface_core1_entry+0x1b4>)
20007f62:	f102 0e04 	add.w	lr, r2, #4
20007f66:	3208      	adds	r2, #8
20007f68:	681b      	ldr	r3, [r3, #0]
20007f6a:	eb01 0182 	add.w	r1, r1, r2, lsl #2
20007f6e:	4a18      	ldr	r2, [pc, #96]	@ (20007fd0 <ide_interface_core1_entry+0x1b0>)
20007f70:	eb0e 0ecb 	add.w	lr, lr, fp, lsl #3
20007f74:	ea02 3243 	and.w	r2, r2, r3, lsl #13
20007f78:	019b      	lsls	r3, r3, #6
20007f7a:	f103 43a0 	add.w	r3, r3, #1342177280	@ 0x50000000
20007f7e:	6019      	str	r1, [r3, #0]
20007f80:	f44f 7180 	mov.w	r1, #256	@ 0x100
20007f84:	ea42 424e 	orr.w	r2, r2, lr, lsl #17
20007f88:	f042 7280 	orr.w	r2, r2, #16777216	@ 0x1000000
20007f8c:	f042 0245 	orr.w	r2, r2, #69	@ 0x45
20007f90:	f8c3 c004 	str.w	ip, [r3, #4]
20007f94:	6099      	str	r1, [r3, #8]
20007f96:	60da      	str	r2, [r3, #12]
20007f98:	e769      	b.n	20007e6e <ide_interface_core1_entry+0x4e>
20007f9a:	bf00      	nop
20007f9c:	20008840 	.word	0x20008840
20007fa0:	200099b6 	.word	0x200099b6
20007fa4:	200099b5 	.word	0x200099b5
20007fa8:	200099b7 	.word	0x200099b7
20007fac:	200092ac 	.word	0x200092ac
20007fb0:	200092b0 	.word	0x200092b0
20007fb4:	200099b0 	.word	0x200099b0
20007fb8:	200092a4 	.word	0x200092a4
20007fbc:	200092a8 	.word	0x200092a8
20007fc0:	2000928c 	.word	0x2000928c
20007fc4:	200092c0 	.word	0x200092c0
20007fc8:	200092c4 	.word	0x200092c4
20007fcc:	2000929c 	.word	0x2000929c
20007fd0:	fc01fffd 	.word	0xfc01fffd
20007fd4:	200092a0 	.word	0x200092a0
20007fd8:	20009290 	.word	0x20009290
20007fdc:	20009298 	.word	0x20009298
20007fe0:	20008c5c 	.word	0x20008c5c

20007fe4 <mutex_try_enter>:
20007fe4:	4603      	mov	r3, r0
20007fe6:	b500      	push	{lr}
20007fe8:	6802      	ldr	r2, [r0, #0]
20007fea:	f3ef 8c10 	mrs	ip, PRIMASK
20007fee:	b672      	cpsid	i
20007ff0:	e8d2 efcf 	ldaexb	lr, [r2]
20007ff4:	2001      	movs	r0, #1
20007ff6:	f1be 0f00 	cmp.w	lr, #0
20007ffa:	d1f9      	bne.n	20007ff0 <mutex_try_enter+0xc>
20007ffc:	e8c2 0f4e 	strexb	lr, r0, [r2]
20008000:	f1be 0f00 	cmp.w	lr, #0
20008004:	d1f4      	bne.n	20007ff0 <mutex_try_enter+0xc>
20008006:	f3bf 8f5f 	dmb	sy
2000800a:	f993 2004 	ldrsb.w	r2, [r3, #4]
2000800e:	2a00      	cmp	r2, #0
20008010:	db0a      	blt.n	20008028 <mutex_try_enter+0x44>
20008012:	b101      	cbz	r1, 20008016 <mutex_try_enter+0x32>
20008014:	600a      	str	r2, [r1, #0]
20008016:	2000      	movs	r0, #0
20008018:	2200      	movs	r2, #0
2000801a:	681b      	ldr	r3, [r3, #0]
2000801c:	e8c3 2f8f 	stlb	r2, [r3]
20008020:	f38c 8810 	msr	PRIMASK, ip
20008024:	f85d fb04 	ldr.w	pc, [sp], #4
20008028:	f04f 4250 	mov.w	r2, #3489660928	@ 0xd0000000
2000802c:	6812      	ldr	r2, [r2, #0]
2000802e:	2001      	movs	r0, #1
20008030:	711a      	strb	r2, [r3, #4]
20008032:	e7f1      	b.n	20008018 <mutex_try_enter+0x34>

20008034 <mutex_enter_block_until>:
20008034:	f04f 4150 	mov.w	r1, #3489660928	@ 0xd0000000
20008038:	e92d 43f8 	stmdb	sp!, {r3, r4, r5, r6, r7, r8, r9, lr}
2000803c:	2700      	movs	r7, #0
2000803e:	4604      	mov	r4, r0
20008040:	4616      	mov	r6, r2
20008042:	461d      	mov	r5, r3
20008044:	f8df 907c 	ldr.w	r9, [pc, #124]	@ 200080c4 <mutex_enter_block_until+0x90>
20008048:	f8d1 8000 	ldr.w	r8, [r1]
2000804c:	6821      	ldr	r1, [r4, #0]
2000804e:	f3ef 8210 	mrs	r2, PRIMASK
20008052:	b672      	cpsid	i
20008054:	e8d1 0fcf 	ldaexb	r0, [r1]
20008058:	2301      	movs	r3, #1
2000805a:	2800      	cmp	r0, #0
2000805c:	d1fa      	bne.n	20008054 <mutex_enter_block_until+0x20>
2000805e:	e8c1 3f40 	strexb	r0, r3, [r1]
20008062:	2800      	cmp	r0, #0
20008064:	d1f6      	bne.n	20008054 <mutex_enter_block_until+0x20>
20008066:	f3bf 8f5f 	dmb	sy
2000806a:	f994 3004 	ldrsb.w	r3, [r4, #4]
2000806e:	2b00      	cmp	r3, #0
20008070:	db1d      	blt.n	200080ae <mutex_enter_block_until+0x7a>
20008072:	f899 c000 	ldrb.w	ip, [r9]
20008076:	6823      	ldr	r3, [r4, #0]
20008078:	fa5f fc8c 	uxtb.w	ip, ip
2000807c:	e8c3 7f8f 	stlb	r7, [r3]
20008080:	f382 8810 	msr	PRIMASK, r2
20008084:	f899 3000 	ldrb.w	r3, [r9]
20008088:	4563      	cmp	r3, ip
2000808a:	d008      	beq.n	2000809e <mutex_enter_block_until+0x6a>
2000808c:	4630      	mov	r0, r6
2000808e:	4629      	mov	r1, r5
20008090:	f7f9 ff32 	bl	20001ef8 <best_effort_wfe_or_timeout>
20008094:	2800      	cmp	r0, #0
20008096:	d0d9      	beq.n	2000804c <mutex_enter_block_until+0x18>
20008098:	2000      	movs	r0, #0
2000809a:	e8bd 83f8 	ldmia.w	sp!, {r3, r4, r5, r6, r7, r8, r9, pc}
2000809e:	bf20      	wfe
200080a0:	4630      	mov	r0, r6
200080a2:	4629      	mov	r1, r5
200080a4:	f7f9 ff28 	bl	20001ef8 <best_effort_wfe_or_timeout>
200080a8:	2800      	cmp	r0, #0
200080aa:	d0cf      	beq.n	2000804c <mutex_enter_block_until+0x18>
200080ac:	e7f4      	b.n	20008098 <mutex_enter_block_until+0x64>
200080ae:	2300      	movs	r3, #0
200080b0:	6821      	ldr	r1, [r4, #0]
200080b2:	f884 8004 	strb.w	r8, [r4, #4]
200080b6:	e8c1 3f8f 	stlb	r3, [r1]
200080ba:	f382 8810 	msr	PRIMASK, r2
200080be:	2001      	movs	r0, #1
200080c0:	e8bd 83f8 	ldmia.w	sp!, {r3, r4, r5, r6, r7, r8, r9, pc}
200080c4:	200099c2 	.word	0x200099c2

200080c8 <mutex_try_enter_block_until>:
200080c8:	b570      	push	{r4, r5, r6, lr}
200080ca:	b082      	sub	sp, #8
200080cc:	a901      	add	r1, sp, #4
200080ce:	4606      	mov	r6, r0
200080d0:	4615      	mov	r5, r2
200080d2:	461c      	mov	r4, r3
200080d4:	f7ff ff86 	bl	20007fe4 <mutex_try_enter>
200080d8:	b938      	cbnz	r0, 200080ea <mutex_try_enter_block_until+0x22>
200080da:	f04f 4350 	mov.w	r3, #3489660928	@ 0xd0000000
200080de:	f99d 2004 	ldrsb.w	r2, [sp, #4]
200080e2:	f993 3000 	ldrsb.w	r3, [r3]
200080e6:	429a      	cmp	r2, r3
200080e8:	d101      	bne.n	200080ee <mutex_try_enter_block_until+0x26>
200080ea:	b002      	add	sp, #8
200080ec:	bd70      	pop	{r4, r5, r6, pc}
200080ee:	462a      	mov	r2, r5
200080f0:	4623      	mov	r3, r4
200080f2:	4630      	mov	r0, r6
200080f4:	b002      	add	sp, #8
200080f6:	e8bd 4070 	ldmia.w	sp!, {r4, r5, r6, lr}
200080fa:	f7ff bf9b 	b.w	20008034 <mutex_enter_block_until>
200080fe:	bf00      	nop

20008100 <mutex_enter_timeout_ms>:
20008100:	b570      	push	{r4, r5, r6, lr}
20008102:	4605      	mov	r5, r0
20008104:	460c      	mov	r4, r1
20008106:	f7f9 ff7b 	bl	20002000 <time_us_64>
2000810a:	4602      	mov	r2, r0
2000810c:	460b      	mov	r3, r1
2000810e:	f44f 707a 	mov.w	r0, #1000	@ 0x3e8
20008112:	f04f 3eff 	mov.w	lr, #4294967295	@ 0xffffffff
20008116:	f06f 4c00 	mvn.w	ip, #2147483648	@ 0x80000000
2000811a:	fbe4 2300 	umlal	r2, r3, r4, r0
2000811e:	4596      	cmp	lr, r2
20008120:	eb7c 0103 	sbcs.w	r1, ip, r3
20008124:	bf38      	it	cc
20008126:	4672      	movcc	r2, lr
20008128:	4628      	mov	r0, r5
2000812a:	e8bd 4070 	ldmia.w	sp!, {r4, r5, r6, lr}
2000812e:	bf38      	it	cc
20008130:	4663      	movcc	r3, ip
20008132:	f7ff bf7f 	b.w	20008034 <mutex_enter_block_until>
20008136:	bf00      	nop

20008138 <mutex_exit>:
20008138:	6803      	ldr	r3, [r0, #0]
2000813a:	f3ef 8110 	mrs	r1, PRIMASK
2000813e:	b672      	cpsid	i
20008140:	e8d3 cfcf 	ldaexb	ip, [r3]
20008144:	2201      	movs	r2, #1
20008146:	f1bc 0f00 	cmp.w	ip, #0
2000814a:	d1f9      	bne.n	20008140 <mutex_exit+0x8>
2000814c:	e8c3 2f4c 	strexb	ip, r2, [r3]
20008150:	f1bc 0f00 	cmp.w	ip, #0
20008154:	d1f4      	bne.n	20008140 <mutex_exit+0x8>
20008156:	f3bf 8f5f 	dmb	sy
2000815a:	f04f 0cff 	mov.w	ip, #255	@ 0xff
2000815e:	4a07      	ldr	r2, [pc, #28]	@ (2000817c <mutex_exit+0x44>)
20008160:	f880 c004 	strb.w	ip, [r0, #4]
20008164:	7813      	ldrb	r3, [r2, #0]
20008166:	3301      	adds	r3, #1
20008168:	b2db      	uxtb	r3, r3
2000816a:	7013      	strb	r3, [r2, #0]
2000816c:	2300      	movs	r3, #0
2000816e:	6802      	ldr	r2, [r0, #0]
20008170:	e8c2 3f8f 	stlb	r3, [r2]
20008174:	f381 8810 	msr	PRIMASK, r1
20008178:	bf40      	sev
2000817a:	4770      	bx	lr
2000817c:	200099c2 	.word	0x200099c2

20008180 <xip_cache_maintain>:
20008180:	4401      	add	r1, r0
20008182:	4288      	cmp	r0, r1
20008184:	d206      	bcs.n	20008194 <xip_cache_maintain+0x14>
20008186:	2300      	movs	r3, #0
20008188:	f102 52c0 	add.w	r2, r2, #402653184	@ 0x18000000
2000818c:	5413      	strb	r3, [r2, r0]
2000818e:	3008      	adds	r0, #8
20008190:	4281      	cmp	r1, r0
20008192:	d8fb      	bhi.n	2000818c <xip_cache_maintain+0xc>
20008194:	f3bf 8f4f 	dsb	sy
20008198:	f3bf 8f6f 	isb	sy
2000819c:	4770      	bx	lr
2000819e:	bf00      	nop

200081a0 <xip_cache_clean_all>:
200081a0:	2201      	movs	r2, #1
200081a2:	f44f 4180 	mov.w	r1, #16384	@ 0x4000
200081a6:	4801      	ldr	r0, [pc, #4]	@ (200081ac <xip_cache_clean_all+0xc>)
200081a8:	f7ff bfea 	b.w	20008180 <xip_cache_maintain>
200081ac:	03ffc000 	.word	0x03ffc000

200081b0 <dcd_event_handler>:
200081b0:	e92d 41f0 	stmdb	sp!, {r4, r5, r6, r7, r8, lr}
200081b4:	7843      	ldrb	r3, [r0, #1]
200081b6:	4604      	mov	r4, r0
200081b8:	3b03      	subs	r3, #3
200081ba:	460e      	mov	r6, r1
200081bc:	b084      	sub	sp, #16
200081be:	2b05      	cmp	r3, #5
200081c0:	d80c      	bhi.n	200081dc <dcd_event_handler+0x2c>
200081c2:	e8df f013 	tbh	[pc, r3, lsl #1]
200081c6:	00bf      	.short	0x00bf
200081c8:	00b8005a 	.word	0x00b8005a
200081cc:	000600f7 	.word	0x000600f7
200081d0:	00c6      	.short	0x00c6
200081d2:	4a9e      	ldr	r2, [pc, #632]	@ (2000844c <dcd_event_handler+0x29c>)
200081d4:	7813      	ldrb	r3, [r2, #0]
200081d6:	3301      	adds	r3, #1
200081d8:	b2db      	uxtb	r3, r3
200081da:	7013      	strb	r3, [r2, #0]
200081dc:	4b9c      	ldr	r3, [pc, #624]	@ (20008450 <dcd_event_handler+0x2a0>)
200081de:	681d      	ldr	r5, [r3, #0]
200081e0:	69ab      	ldr	r3, [r5, #24]
200081e2:	f3ef 8210 	mrs	r2, PRIMASK
200081e6:	b672      	cpsid	i
200081e8:	e8d3 0fcf 	ldaexb	r0, [r3]
200081ec:	2101      	movs	r1, #1
200081ee:	2800      	cmp	r0, #0
200081f0:	d1fa      	bne.n	200081e8 <dcd_event_handler+0x38>
200081f2:	e8c3 1f40 	strexb	r0, r1, [r3]
200081f6:	2800      	cmp	r0, #0
200081f8:	d1f6      	bne.n	200081e8 <dcd_event_handler+0x38>
200081fa:	f3bf 8f5f 	dmb	sy
200081fe:	4628      	mov	r0, r5
20008200:	61ea      	str	r2, [r5, #28]
20008202:	2300      	movs	r3, #0
20008204:	4621      	mov	r1, r4
20008206:	f830 2b04 	ldrh.w	r2, [r0], #4
2000820a:	f7fe ff53 	bl	200070b4 <tu_fifo_write_n_access_mode>
2000820e:	2300      	movs	r3, #0
20008210:	69aa      	ldr	r2, [r5, #24]
20008212:	e8c2 3f8f 	stlb	r3, [r2]
20008216:	69eb      	ldr	r3, [r5, #28]
20008218:	f383 8810 	msr	PRIMASK, r3
2000821c:	b9c8      	cbnz	r0, 20008252 <dcd_event_handler+0xa2>
2000821e:	f04f 23e0 	mov.w	r3, #3758153728	@ 0xe000e000
20008222:	f8d3 3df0 	ldr.w	r3, [r3, #3568]	@ 0xdf0
20008226:	07db      	lsls	r3, r3, #31
20008228:	d41b      	bmi.n	20008262 <dcd_event_handler+0xb2>
2000822a:	7863      	ldrb	r3, [r4, #1]
2000822c:	2b07      	cmp	r3, #7
2000822e:	d01c      	beq.n	2000826a <dcd_event_handler+0xba>
20008230:	2b08      	cmp	r3, #8
20008232:	d113      	bne.n	2000825c <dcd_event_handler+0xac>
20008234:	7922      	ldrb	r2, [r4, #4]
20008236:	4b87      	ldr	r3, [pc, #540]	@ (20008454 <dcd_event_handler+0x2a4>)
20008238:	f002 010f 	and.w	r1, r2, #15
2000823c:	eb03 0341 	add.w	r3, r3, r1, lsl #1
20008240:	eb03 13d2 	add.w	r3, r3, r2, lsr #7
20008244:	f893 204b 	ldrb.w	r2, [r3, #75]	@ 0x4b
20008248:	f002 02fa 	and.w	r2, r2, #250	@ 0xfa
2000824c:	f883 204b 	strb.w	r2, [r3, #75]	@ 0x4b
20008250:	e004      	b.n	2000825c <dcd_event_handler+0xac>
20008252:	4632      	mov	r2, r6
20008254:	7861      	ldrb	r1, [r4, #1]
20008256:	7820      	ldrb	r0, [r4, #0]
20008258:	f7fd fb1c 	bl	20005894 <tud_event_hook_cb>
2000825c:	b004      	add	sp, #16
2000825e:	e8bd 81f0 	ldmia.w	sp!, {r4, r5, r6, r7, r8, pc}
20008262:	be00      	bkpt	0x0000
20008264:	7863      	ldrb	r3, [r4, #1]
20008266:	2b07      	cmp	r3, #7
20008268:	d1e2      	bne.n	20008230 <dcd_event_handler+0x80>
2000826a:	4a78      	ldr	r2, [pc, #480]	@ (2000844c <dcd_event_handler+0x29c>)
2000826c:	7813      	ldrb	r3, [r2, #0]
2000826e:	3b01      	subs	r3, #1
20008270:	b2db      	uxtb	r3, r3
20008272:	7013      	strb	r3, [r2, #0]
20008274:	b004      	add	sp, #16
20008276:	e8bd 81f0 	ldmia.w	sp!, {r4, r5, r6, r7, r8, pc}
2000827a:	4f77      	ldr	r7, [pc, #476]	@ (20008458 <dcd_event_handler+0x2a8>)
2000827c:	7839      	ldrb	r1, [r7, #0]
2000827e:	29ff      	cmp	r1, #255	@ 0xff
20008280:	d018      	beq.n	200082b4 <dcd_event_handler+0x104>
20008282:	2500      	movs	r5, #0
20008284:	462a      	mov	r2, r5
20008286:	f8df 81d4 	ldr.w	r8, [pc, #468]	@ 2000845c <dcd_event_handler+0x2ac>
2000828a:	4291      	cmp	r1, r2
2000828c:	eb05 00c5 	add.w	r0, r5, r5, lsl #3
20008290:	d90a      	bls.n	200082a8 <dcd_event_handler+0xf8>
20008292:	f8d8 3000 	ldr.w	r3, [r8]
20008296:	eb13 0380 	adds.w	r3, r3, r0, lsl #2
2000829a:	d005      	beq.n	200082a8 <dcd_event_handler+0xf8>
2000829c:	6a1b      	ldr	r3, [r3, #32]
2000829e:	b11b      	cbz	r3, 200082a8 <dcd_event_handler+0xf8>
200082a0:	6861      	ldr	r1, [r4, #4]
200082a2:	7820      	ldrb	r0, [r4, #0]
200082a4:	4798      	blx	r3
200082a6:	7839      	ldrb	r1, [r7, #0]
200082a8:	3501      	adds	r5, #1
200082aa:	1c4b      	adds	r3, r1, #1
200082ac:	b2db      	uxtb	r3, r3
200082ae:	b2ea      	uxtb	r2, r5
200082b0:	4293      	cmp	r3, r2
200082b2:	d8ea      	bhi.n	2000828a <dcd_event_handler+0xda>
200082b4:	4f67      	ldr	r7, [pc, #412]	@ (20008454 <dcd_event_handler+0x2a4>)
200082b6:	7dbb      	ldrb	r3, [r7, #22]
200082b8:	2b00      	cmp	r3, #0
200082ba:	f040 8083 	bne.w	200083c4 <dcd_event_handler+0x214>
200082be:	7ebb      	ldrb	r3, [r7, #26]
200082c0:	07d9      	lsls	r1, r3, #31
200082c2:	d5cb      	bpl.n	2000825c <dcd_event_handler+0xac>
200082c4:	2304      	movs	r3, #4
200082c6:	2700      	movs	r7, #0
200082c8:	4a61      	ldr	r2, [pc, #388]	@ (20008450 <dcd_event_handler+0x2a0>)
200082ca:	7821      	ldrb	r1, [r4, #0]
200082cc:	6815      	ldr	r5, [r2, #0]
200082ce:	6862      	ldr	r2, [r4, #4]
200082d0:	f88d 1004 	strb.w	r1, [sp, #4]
200082d4:	f88d 3005 	strb.w	r3, [sp, #5]
200082d8:	69ab      	ldr	r3, [r5, #24]
200082da:	f8cd 7006 	str.w	r7, [sp, #6]
200082de:	f8cd 700a 	str.w	r7, [sp, #10]
200082e2:	f8ad 700e 	strh.w	r7, [sp, #14]
200082e6:	9202      	str	r2, [sp, #8]
200082e8:	f3ef 8210 	mrs	r2, PRIMASK
200082ec:	b672      	cpsid	i
200082ee:	e8d3 0fcf 	ldaexb	r0, [r3]
200082f2:	2101      	movs	r1, #1
200082f4:	2800      	cmp	r0, #0
200082f6:	d1fa      	bne.n	200082ee <dcd_event_handler+0x13e>
200082f8:	e8c3 1f40 	strexb	r0, r1, [r3]
200082fc:	2800      	cmp	r0, #0
200082fe:	d1f6      	bne.n	200082ee <dcd_event_handler+0x13e>
20008300:	f3bf 8f5f 	dmb	sy
20008304:	4628      	mov	r0, r5
20008306:	463b      	mov	r3, r7
20008308:	61ea      	str	r2, [r5, #28]
2000830a:	a901      	add	r1, sp, #4
2000830c:	f830 2b04 	ldrh.w	r2, [r0], #4
20008310:	f7fe fed0 	bl	200070b4 <tu_fifo_write_n_access_mode>
20008314:	69ab      	ldr	r3, [r5, #24]
20008316:	e8c3 7f8f 	stlb	r7, [r3]
2000831a:	69eb      	ldr	r3, [r5, #28]
2000831c:	f383 8810 	msr	PRIMASK, r3
20008320:	2800      	cmp	r0, #0
20008322:	f040 808b 	bne.w	2000843c <dcd_event_handler+0x28c>
20008326:	f04f 23e0 	mov.w	r3, #3758153728	@ 0xe000e000
2000832a:	f8d3 3df0 	ldr.w	r3, [r3, #3568]	@ 0xdf0
2000832e:	07da      	lsls	r2, r3, #31
20008330:	d594      	bpl.n	2000825c <dcd_event_handler+0xac>
20008332:	be00      	bkpt	0x0000
20008334:	e792      	b.n	2000825c <dcd_event_handler+0xac>
20008336:	4b47      	ldr	r3, [pc, #284]	@ (20008454 <dcd_event_handler+0x2a4>)
20008338:	7d1a      	ldrb	r2, [r3, #20]
2000833a:	2a00      	cmp	r2, #0
2000833c:	d08e      	beq.n	2000825c <dcd_event_handler+0xac>
2000833e:	2201      	movs	r2, #1
20008340:	759a      	strb	r2, [r3, #22]
20008342:	e74b      	b.n	200081dc <dcd_event_handler+0x2c>
20008344:	2200      	movs	r2, #0
20008346:	4b43      	ldr	r3, [pc, #268]	@ (20008454 <dcd_event_handler+0x2a4>)
20008348:	751a      	strb	r2, [r3, #20]
2000834a:	761a      	strb	r2, [r3, #24]
2000834c:	755a      	strb	r2, [r3, #21]
2000834e:	759a      	strb	r2, [r3, #22]
20008350:	e744      	b.n	200081dc <dcd_event_handler+0x2c>
20008352:	7901      	ldrb	r1, [r0, #4]
20008354:	f011 030f 	ands.w	r3, r1, #15
20008358:	f43f af40 	beq.w	200081dc <dcd_event_handler+0x2c>
2000835c:	4d3d      	ldr	r5, [pc, #244]	@ (20008454 <dcd_event_handler+0x2a4>)
2000835e:	4a3e      	ldr	r2, [pc, #248]	@ (20008458 <dcd_event_handler+0x2a8>)
20008360:	eb05 0543 	add.w	r5, r5, r3, lsl #1
20008364:	eb05 15d1 	add.w	r5, r5, r1, lsr #7
20008368:	f895 302b 	ldrb.w	r3, [r5, #43]	@ 0x2b
2000836c:	7812      	ldrb	r2, [r2, #0]
2000836e:	429a      	cmp	r2, r3
20008370:	f67f af34 	bls.w	200081dc <dcd_event_handler+0x2c>
20008374:	4a39      	ldr	r2, [pc, #228]	@ (2000845c <dcd_event_handler+0x2ac>)
20008376:	eb03 03c3 	add.w	r3, r3, r3, lsl #3
2000837a:	6812      	ldr	r2, [r2, #0]
2000837c:	eb12 0283 	adds.w	r2, r2, r3, lsl #2
20008380:	f43f af2c 	beq.w	200081dc <dcd_event_handler+0x2c>
20008384:	69d7      	ldr	r7, [r2, #28]
20008386:	2f00      	cmp	r7, #0
20008388:	f43f af28 	beq.w	200081dc <dcd_event_handler+0x2c>
2000838c:	f895 304b 	ldrb.w	r3, [r5, #75]	@ 0x4b
20008390:	f003 03fa 	and.w	r3, r3, #250	@ 0xfa
20008394:	f885 304b 	strb.w	r3, [r5, #75]	@ 0x4b
20008398:	6883      	ldr	r3, [r0, #8]
2000839a:	7942      	ldrb	r2, [r0, #5]
2000839c:	7800      	ldrb	r0, [r0, #0]
2000839e:	47b8      	blx	r7
200083a0:	2800      	cmp	r0, #0
200083a2:	f47f af5b 	bne.w	2000825c <dcd_event_handler+0xac>
200083a6:	f895 304b 	ldrb.w	r3, [r5, #75]	@ 0x4b
200083aa:	f043 0305 	orr.w	r3, r3, #5
200083ae:	f885 304b 	strb.w	r3, [r5, #75]	@ 0x4b
200083b2:	e713      	b.n	200081dc <dcd_event_handler+0x2c>
200083b4:	4b27      	ldr	r3, [pc, #156]	@ (20008454 <dcd_event_handler+0x2a4>)
200083b6:	7d1a      	ldrb	r2, [r3, #20]
200083b8:	2a00      	cmp	r2, #0
200083ba:	f43f af4f 	beq.w	2000825c <dcd_event_handler+0xac>
200083be:	2200      	movs	r2, #0
200083c0:	759a      	strb	r2, [r3, #22]
200083c2:	e70b      	b.n	200081dc <dcd_event_handler+0x2c>
200083c4:	2500      	movs	r5, #0
200083c6:	2306      	movs	r3, #6
200083c8:	75bd      	strb	r5, [r7, #22]
200083ca:	f88d 3005 	strb.w	r3, [sp, #5]
200083ce:	7823      	ldrb	r3, [r4, #0]
200083d0:	f8ad 500e 	strh.w	r5, [sp, #14]
200083d4:	f88d 3004 	strb.w	r3, [sp, #4]
200083d8:	4b1d      	ldr	r3, [pc, #116]	@ (20008450 <dcd_event_handler+0x2a0>)
200083da:	f8cd 5006 	str.w	r5, [sp, #6]
200083de:	f8d3 8000 	ldr.w	r8, [r3]
200083e2:	f8cd 500a 	str.w	r5, [sp, #10]
200083e6:	f8d8 3018 	ldr.w	r3, [r8, #24]
200083ea:	f3ef 8210 	mrs	r2, PRIMASK
200083ee:	b672      	cpsid	i
200083f0:	e8d3 0fcf 	ldaexb	r0, [r3]
200083f4:	2101      	movs	r1, #1
200083f6:	2800      	cmp	r0, #0
200083f8:	d1fa      	bne.n	200083f0 <dcd_event_handler+0x240>
200083fa:	e8c3 1f40 	strexb	r0, r1, [r3]
200083fe:	2800      	cmp	r0, #0
20008400:	d1f6      	bne.n	200083f0 <dcd_event_handler+0x240>
20008402:	f3bf 8f5f 	dmb	sy
20008406:	4640      	mov	r0, r8
20008408:	462b      	mov	r3, r5
2000840a:	f8c8 201c 	str.w	r2, [r8, #28]
2000840e:	a901      	add	r1, sp, #4
20008410:	f830 2b04 	ldrh.w	r2, [r0], #4
20008414:	f7fe fe4e 	bl	200070b4 <tu_fifo_write_n_access_mode>
20008418:	f8d8 3018 	ldr.w	r3, [r8, #24]
2000841c:	e8c3 5f8f 	stlb	r5, [r3]
20008420:	f8d8 301c 	ldr.w	r3, [r8, #28]
20008424:	f383 8810 	msr	PRIMASK, r3
20008428:	b9d0      	cbnz	r0, 20008460 <dcd_event_handler+0x2b0>
2000842a:	f04f 23e0 	mov.w	r3, #3758153728	@ 0xe000e000
2000842e:	f8d3 3df0 	ldr.w	r3, [r3, #3568]	@ 0xdf0
20008432:	07d8      	lsls	r0, r3, #31
20008434:	f57f af43 	bpl.w	200082be <dcd_event_handler+0x10e>
20008438:	be00      	bkpt	0x0000
2000843a:	e740      	b.n	200082be <dcd_event_handler+0x10e>
2000843c:	4632      	mov	r2, r6
2000843e:	f89d 1005 	ldrb.w	r1, [sp, #5]
20008442:	f89d 0004 	ldrb.w	r0, [sp, #4]
20008446:	f7fd fa25 	bl	20005894 <tud_event_hook_cb>
2000844a:	e707      	b.n	2000825c <dcd_event_handler+0xac>
2000844c:	200099b4 	.word	0x200099b4
20008450:	20009144 	.word	0x20009144
20008454:	200090d4 	.word	0x200090d4
20008458:	200099b2 	.word	0x200099b2
2000845c:	20008f08 	.word	0x20008f08
20008460:	4632      	mov	r2, r6
20008462:	f89d 1005 	ldrb.w	r1, [sp, #5]
20008466:	f89d 0004 	ldrb.w	r0, [sp, #4]
2000846a:	f7fd fa13 	bl	20005894 <tud_event_hook_cb>
2000846e:	e726      	b.n	200082be <dcd_event_handler+0x10e>

20008470 <spi_write_read_blocking>:
20008470:	b5f0      	push	{r4, r5, r6, r7, lr}
20008472:	461d      	mov	r5, r3
20008474:	4684      	mov	ip, r0
20008476:	461c      	mov	r4, r3
20008478:	b985      	cbnz	r5, 2000849c <spi_write_read_blocking+0x2c>
2000847a:	b16c      	cbz	r4, 20008498 <spi_write_read_blocking+0x28>
2000847c:	f8dc 200c 	ldr.w	r2, [ip, #12]
20008480:	0797      	lsls	r7, r2, #30
20008482:	d5fb      	bpl.n	2000847c <spi_write_read_blocking+0xc>
20008484:	f114 0f08 	cmn.w	r4, #8
20008488:	d0f8      	beq.n	2000847c <spi_write_read_blocking+0xc>
2000848a:	f811 2b01 	ldrb.w	r2, [r1], #1
2000848e:	3c01      	subs	r4, #1
20008490:	f8cc 2008 	str.w	r2, [ip, #8]
20008494:	2c00      	cmp	r4, #0
20008496:	d1f1      	bne.n	2000847c <spi_write_read_blocking+0xc>
20008498:	4618      	mov	r0, r3
2000849a:	bdf0      	pop	{r4, r5, r6, r7, pc}
2000849c:	4696      	mov	lr, r2
2000849e:	b964      	cbnz	r4, 200084ba <spi_write_read_blocking+0x4a>
200084a0:	f8dc 600c 	ldr.w	r6, [ip, #12]
200084a4:	0770      	lsls	r0, r6, #29
200084a6:	d5fa      	bpl.n	2000849e <spi_write_read_blocking+0x2e>
200084a8:	f8dc 6008 	ldr.w	r6, [ip, #8]
200084ac:	3d01      	subs	r5, #1
200084ae:	3201      	adds	r2, #1
200084b0:	f88e 6000 	strb.w	r6, [lr]
200084b4:	2d00      	cmp	r5, #0
200084b6:	d0e0      	beq.n	2000847a <spi_write_read_blocking+0xa>
200084b8:	e7f0      	b.n	2000849c <spi_write_read_blocking+0x2c>
200084ba:	f8dc 600c 	ldr.w	r6, [ip, #12]
200084be:	f104 0708 	add.w	r7, r4, #8
200084c2:	07b6      	lsls	r6, r6, #30
200084c4:	d5ec      	bpl.n	200084a0 <spi_write_read_blocking+0x30>
200084c6:	42af      	cmp	r7, r5
200084c8:	d9ea      	bls.n	200084a0 <spi_write_read_blocking+0x30>
200084ca:	f811 0b01 	ldrb.w	r0, [r1], #1
200084ce:	3c01      	subs	r4, #1
200084d0:	f8cc 0008 	str.w	r0, [ip, #8]
200084d4:	e7e4      	b.n	200084a0 <spi_write_read_blocking+0x30>
200084d6:	bf00      	nop

200084d8 <spi_write_blocking>:
200084d8:	4684      	mov	ip, r0
200084da:	4610      	mov	r0, r2
200084dc:	b36a      	cbz	r2, 2000853a <spi_write_blocking+0x62>
200084de:	3901      	subs	r1, #1
200084e0:	b500      	push	{lr}
200084e2:	eb01 0e02 	add.w	lr, r1, r2
200084e6:	f8dc 300c 	ldr.w	r3, [ip, #12]
200084ea:	079b      	lsls	r3, r3, #30
200084ec:	d5fb      	bpl.n	200084e6 <spi_write_blocking+0xe>
200084ee:	f811 3f01 	ldrb.w	r3, [r1, #1]!
200084f2:	458e      	cmp	lr, r1
200084f4:	f8cc 3008 	str.w	r3, [ip, #8]
200084f8:	d1f5      	bne.n	200084e6 <spi_write_blocking+0xe>
200084fa:	f8dc 300c 	ldr.w	r3, [ip, #12]
200084fe:	0759      	lsls	r1, r3, #29
20008500:	d505      	bpl.n	2000850e <spi_write_blocking+0x36>
20008502:	f8dc 3008 	ldr.w	r3, [ip, #8]
20008506:	f8dc 300c 	ldr.w	r3, [ip, #12]
2000850a:	0759      	lsls	r1, r3, #29
2000850c:	d4f9      	bmi.n	20008502 <spi_write_blocking+0x2a>
2000850e:	f8dc 300c 	ldr.w	r3, [ip, #12]
20008512:	06da      	lsls	r2, r3, #27
20008514:	d506      	bpl.n	20008524 <spi_write_blocking+0x4c>
20008516:	f8dc 300c 	ldr.w	r3, [ip, #12]
2000851a:	06da      	lsls	r2, r3, #27
2000851c:	d4f7      	bmi.n	2000850e <spi_write_blocking+0x36>
2000851e:	e001      	b.n	20008524 <spi_write_blocking+0x4c>
20008520:	f8dc 3008 	ldr.w	r3, [ip, #8]
20008524:	f8dc 300c 	ldr.w	r3, [ip, #12]
20008528:	075b      	lsls	r3, r3, #29
2000852a:	d4f9      	bmi.n	20008520 <spi_write_blocking+0x48>
2000852c:	2301      	movs	r3, #1
2000852e:	f8cc 3020 	str.w	r3, [ip, #32]
20008532:	f85d fb04 	ldr.w	pc, [sp], #4
20008536:	f8dc 3008 	ldr.w	r3, [ip, #8]
2000853a:	f8dc 300c 	ldr.w	r3, [ip, #12]
2000853e:	0759      	lsls	r1, r3, #29
20008540:	d4f9      	bmi.n	20008536 <spi_write_blocking+0x5e>
20008542:	f8dc 300c 	ldr.w	r3, [ip, #12]
20008546:	06da      	lsls	r2, r3, #27
20008548:	d506      	bpl.n	20008558 <spi_write_blocking+0x80>
2000854a:	f8dc 300c 	ldr.w	r3, [ip, #12]
2000854e:	06da      	lsls	r2, r3, #27
20008550:	d4f7      	bmi.n	20008542 <spi_write_blocking+0x6a>
20008552:	e001      	b.n	20008558 <spi_write_blocking+0x80>
20008554:	f8dc 3008 	ldr.w	r3, [ip, #8]
20008558:	f8dc 300c 	ldr.w	r3, [ip, #12]
2000855c:	075b      	lsls	r3, r3, #29
2000855e:	d4f9      	bmi.n	20008554 <spi_write_blocking+0x7c>
20008560:	2301      	movs	r3, #1
20008562:	f8cc 3020 	str.w	r3, [ip, #32]
20008566:	4770      	bx	lr
20008568:	74737953 	.word	0x74737953
2000856c:	63206d65 	.word	0x63206d65
20008570:	6b636f6c 	.word	0x6b636f6c
20008574:	20666f20 	.word	0x20666f20
20008578:	6b207525 	.word	0x6b207525
2000857c:	63207a48 	.word	0x63207a48
20008580:	6f6e6e61 	.word	0x6f6e6e61
20008584:	65622074 	.word	0x65622074
20008588:	61786520 	.word	0x61786520
2000858c:	796c7463 	.word	0x796c7463
20008590:	68636120 	.word	0x68636120
20008594:	65766569 	.word	0x65766569
20008598:	00000064 	.word	0x00000064
2000859c:	333a3531 	.word	0x333a3531
200085a0:	38343a32 	.word	0x38343a32
200085a4:	00000000 	.word	0x00000000
200085a8:	2074634f 	.word	0x2074634f
200085ac:	32203320 	.word	0x32203320
200085b0:	00363230 	.word	0x00363230
200085b4:	6c697562 	.word	0x6c697562
200085b8:	25203a64 	.word	0x25203a64
200085bc:	73252073 	.word	0x73252073
200085c0:	0000000a 	.word	0x0000000a
200085c4:	7420314d 	.word	0x7420314d
200085c8:	6e696d69 	.word	0x6e696d69
200085cc:	30253d67 	.word	0x30253d67
200085d0:	72207838 	.word	0x72207838
200085d4:	3d746d66 	.word	0x3d746d66
200085d8:	78383025 	.word	0x78383025
200085dc:	6d637220 	.word	0x6d637220
200085e0:	30253d64 	.word	0x30253d64
200085e4:	77207838 	.word	0x77207838
200085e8:	3d746d66 	.word	0x3d746d66
200085ec:	78383025 	.word	0x78383025
200085f0:	6d637720 	.word	0x6d637720
200085f4:	30253d64 	.word	0x30253d64
200085f8:	000a7838 	.word	0x000a7838
200085fc:	6f727245 	.word	0x6f727245
20008600:	20656420 	.word	0x20656420
20008604:	63696e69 	.word	0x63696e69
20008608:	696c6169 	.word	0x696c6169
2000860c:	6163617a 	.word	0x6163617a
20008610:	6f64206f 	.word	0x6f64206f
20008614:	5f647320 	.word	0x5f647320
20008618:	76697264 	.word	0x76697264
2000861c:	2e2e7265 	.word	0x2e2e7265
20008620:	0000002e 	.word	0x0000002e
20008624:	6f636970 	.word	0x6f636970
20008628:	20454449 	.word	0x20454449
2000862c:	6e6e7572 	.word	0x6e6e7572
20008630:	20676e69 	.word	0x20676e69
20008634:	20303532 	.word	0x20303532
20008638:	2e5a484d 	.word	0x2e5a484d
2000863c:	00002e2e 	.word	0x00002e2e
20008640:	50494843 	.word	0x50494843
20008644:	2044495f 	.word	0x2044495f
20008648:	74757262 	.word	0x74757262
2000864c:	203d206f 	.word	0x203d206f
20008650:	30257830 	.word	0x30257830
20008654:	000a5838 	.word	0x000a5838
20008658:	49564552 	.word	0x49564552
2000865c:	4e4f4953 	.word	0x4e4f4953
20008660:	20202020 	.word	0x20202020
20008664:	203d2020 	.word	0x203d2020
20008668:	000a7525 	.word	0x000a7525
2000866c:	54524150 	.word	0x54524150
20008670:	20202020 	.word	0x20202020
20008674:	20202020 	.word	0x20202020
20008678:	203d2020 	.word	0x203d2020
2000867c:	30257830 	.word	0x30257830
20008680:	000a5834 	.word	0x000a5834
20008684:	554e414d 	.word	0x554e414d
20008688:	54434146 	.word	0x54434146
2000868c:	52455255 	.word	0x52455255
20008690:	203d2020 	.word	0x203d2020
20008694:	30257830 	.word	0x30257830
20008698:	000a5833 	.word	0x000a5833
2000869c:	6e69616d 	.word	0x6e69616d
200086a0:	6143203a 	.word	0x6143203a
200086a4:	6e696c6c 	.word	0x6e696c6c
200086a8:	64692067 	.word	0x64692067
200086ac:	6e695f65 	.word	0x6e695f65
200086b0:	66726574 	.word	0x66726574
200086b4:	5f656361 	.word	0x5f656361
200086b8:	74696e69 	.word	0x74696e69
200086bc:	00002928 	.word	0x00002928
200086c0:	6e69616d 	.word	0x6e69616d
200086c4:	756d203a 	.word	0x756d203a
200086c8:	6369746c 	.word	0x6369746c
200086cc:	5f65726f 	.word	0x5f65726f
200086d0:	6e75616c 	.word	0x6e75616c
200086d4:	635f6863 	.word	0x635f6863
200086d8:	3165726f 	.word	0x3165726f
200086dc:	736e6920 	.word	0x736e6920
200086e0:	6c6c6174 	.word	0x6c6c6174
200086e4:	00006465 	.word	0x00006465
200086e8:	6e69616d 	.word	0x6e69616d
200086ec:	6f63203a 	.word	0x6f63203a
200086f0:	20306572 	.word	0x20306572
200086f4:	6c696877 	.word	0x6c696877
200086f8:	72742865 	.word	0x72742865
200086fc:	00296575 	.word	0x00296575
20008700:	73726556 	.word	0x73726556
20008704:	3a2e6f61 	.word	0x3a2e6f61
20008708:	302e3220 	.word	0x302e3220
2000870c:	0000302e 	.word	0x0000302e
20008710:	72756f79 	.word	0x72756f79
20008714:	5f64735f 	.word	0x5f64735f
20008718:	76697264 	.word	0x76697264
2000871c:	695f7265 	.word	0x695f7265
20008720:	3a74696e 	.word	0x3a74696e
20008724:	00000000 	.word	0x00000000
20008728:	72756f79 	.word	0x72756f79
2000872c:	5f64735f 	.word	0x5f64735f
20008730:	76697264 	.word	0x76697264
20008734:	695f7265 	.word	0x695f7265
20008738:	3a74696e 	.word	0x3a74696e
2000873c:	49504720 	.word	0x49504720
20008740:	6e69204f 	.word	0x6e69204f
20008744:	61697469 	.word	0x61697469
20008748:	657a696c 	.word	0x657a696c
2000874c:	00000064 	.word	0x00000064
20008750:	72756f79 	.word	0x72756f79
20008754:	5f64735f 	.word	0x5f64735f
20008758:	76697264 	.word	0x76697264
2000875c:	695f7265 	.word	0x695f7265
20008760:	3a74696e 	.word	0x3a74696e
20008764:	30444d43 	.word	0x30444d43
20008768:	6e657320 	.word	0x6e657320
2000876c:	00000074 	.word	0x00000074
20008770:	72756f79 	.word	0x72756f79
20008774:	5f64735f 	.word	0x5f64735f
20008778:	76697264 	.word	0x76697264
2000877c:	695f7265 	.word	0x695f7265
20008780:	3a74696e 	.word	0x3a74696e
20008784:	38444d43 	.word	0x38444d43
20008788:	6e657320 	.word	0x6e657320
2000878c:	00000074 	.word	0x00000074
20008790:	72756f79 	.word	0x72756f79
20008794:	5f64735f 	.word	0x5f64735f
20008798:	76697264 	.word	0x76697264
2000879c:	695f7265 	.word	0x695f7265
200087a0:	3a74696e 	.word	0x3a74696e
200087a4:	35444d43 	.word	0x35444d43
200087a8:	65732038 	.word	0x65732038
200087ac:	0000746e 	.word	0x0000746e
200087b0:	72756f79 	.word	0x72756f79
200087b4:	5f64735f 	.word	0x5f64735f
200087b8:	76697264 	.word	0x76697264
200087bc:	695f7265 	.word	0x695f7265
200087c0:	3a74696e 	.word	0x3a74696e
200087c4:	64756162 	.word	0x64756162
200087c8:	65746172 	.word	0x65746172
200087cc:	74657320 	.word	0x74657320
200087d0:	2e2e6465 	.word	0x2e2e6465
200087d4:	0000002e 	.word	0x0000002e
200087d8:	72756f79 	.word	0x72756f79
200087dc:	5f64735f 	.word	0x5f64735f
200087e0:	76697264 	.word	0x76697264
200087e4:	695f7265 	.word	0x695f7265
200087e8:	3a74696e 	.word	0x3a74696e
200087ec:	35444d43 	.word	0x35444d43
200087f0:	72742035 	.word	0x72742035
200087f4:	00646569 	.word	0x00646569
200087f8:	5f656469 	.word	0x5f656469
200087fc:	65746e69 	.word	0x65746e69
20008800:	63616672 	.word	0x63616672
20008804:	6e695f65 	.word	0x6e695f65
20008808:	003a7469 	.word	0x003a7469
2000880c:	5f656469 	.word	0x5f656469
20008810:	65746e69 	.word	0x65746e69
20008814:	63616672 	.word	0x63616672
20008818:	6e695f65 	.word	0x6e695f65
2000881c:	203a7469 	.word	0x203a7469
20008820:	5f66666f 	.word	0x5f66666f
20008824:	61746164 	.word	0x61746164
20008828:	2075253d 	.word	0x2075253d
2000882c:	5f66666f 	.word	0x5f66666f
20008830:	6b736174 	.word	0x6b736174
20008834:	656c6966 	.word	0x656c6966
20008838:	0a75253d 	.word	0x0a75253d
2000883c:	00000000 	.word	0x00000000
20008840:	65726f63 	.word	0x65726f63
20008844:	77203a31 	.word	0x77203a31
20008848:	69746961 	.word	0x69746961
2000884c:	6320676e 	.word	0x6320676e
20008850:	616d6d6f 	.word	0x616d6d6f
20008854:	3a73646e 	.word	0x3a73646e
20008858:	00000000 	.word	0x00000000
2000885c:	2a2a2a0a 	.word	0x2a2a2a0a
20008860:	4e415020 	.word	0x4e415020
20008864:	2a204349 	.word	0x2a204349
20008868:	000a2a2a 	.word	0x000a2a2a
2000886c:	73206f4e 	.word	0x73206f4e
20008870:	6c6e6970 	.word	0x6c6e6970
20008874:	736b636f 	.word	0x736b636f
20008878:	65726120 	.word	0x65726120
2000887c:	61766120 	.word	0x61766120
20008880:	62616c69 	.word	0x62616c69
20008884:	0000656c 	.word	0x0000656c
20008888:	75206f4e 	.word	0x75206f4e
2000888c:	20726573 	.word	0x20726573
20008890:	73515249 	.word	0x73515249
20008894:	65726120 	.word	0x65726120
20008898:	61766120 	.word	0x61766120
2000889c:	62616c69 	.word	0x62616c69
200088a0:	0000656c 	.word	0x0000656c
200088a4:	64726148 	.word	0x64726148
200088a8:	65726177 	.word	0x65726177
200088ac:	616c6120 	.word	0x616c6120
200088b0:	25206d72 	.word	0x25206d72
200088b4:	6c612064 	.word	0x6c612064
200088b8:	64616572 	.word	0x64616572
200088bc:	6c632079 	.word	0x6c632079
200088c0:	656d6961 	.word	0x656d6961
200088c4:	00000064 	.word	0x00000064
200088c8:	64726148 	.word	0x64726148
200088cc:	73736120 	.word	0x73736120
200088d0:	00747265 	.word	0x00747265
200088d4:	656c6552 	.word	0x656c6552
200088d8:	00657361 	.word	0x00657361
200088dc:	746f6f62 	.word	0x746f6f62
200088e0:	32775f32 	.word	0x32775f32
200088e4:	38307135 	.word	0x38307135
200088e8:	00000030 	.word	0x00000030
200088ec:	2e332e32 	.word	0x2e332e32
200088f0:	00000030 	.word	0x00000030
200088f4:	6f636970 	.word	0x6f636970
200088f8:	6564695f 	.word	0x6564695f
200088fc:	00000000 	.word	0x00000000
20008900:	36656469 	.word	0x36656469
20008904:	705f6b38 	.word	0x705f6b38
20008908:	006f6369 	.word	0x006f6369
2000890c:	2b696e66 	.word	0x2b696e66
20008910:	00000000 	.word	0x00000000
20008914:	00696e66 	.word	0x00696e66
20008918:	006e616e 	.word	0x006e616e
2000891c:	2d696e66 	.word	0x2d696e66
20008920:	00000000 	.word	0x00000000
20008924:	20425355 	.word	0x20425355
20008928:	69647473 	.word	0x69647473
2000892c:	202f206e 	.word	0x202f206e
20008930:	6f647473 	.word	0x6f647473
20008934:	00007475 	.word	0x00007475
20008938:	70736152 	.word	0x70736152
2000893c:	72726562 	.word	0x72726562
20008940:	69502079 	.word	0x69502079
20008944:	00000000 	.word	0x00000000
20008948:	6f636950 	.word	0x6f636950
2000894c:	00000000 	.word	0x00000000
20008950:	72616f42 	.word	0x72616f42
20008954:	44432064 	.word	0x44432064
20008958:	00000043 	.word	0x00000043
2000895c:	65736552 	.word	0x65736552
20008960:	00000074 	.word	0x00000074
20008964:	5f667562 	.word	0x5f667562
20008968:	6c727463 	.word	0x6c727463
2000896c:	30204020 	.word	0x30204020
20008970:	586c2578 	.word	0x586c2578
20008974:	726c6120 	.word	0x726c6120
20008978:	79646165 	.word	0x79646165
2000897c:	61766120 	.word	0x61766120
20008980:	62616c69 	.word	0x62616c69
20008984:	0000656c 	.word	0x0000656c
20008988:	50206f4e 	.word	0x50206f4e
2000898c:	73204f49 	.word	0x73204f49
20008990:	65746174 	.word	0x65746174
20008994:	63616d20 	.word	0x63616d20
20008998:	656e6968 	.word	0x656e6968
2000899c:	72612073 	.word	0x72612073
200089a0:	76612065 	.word	0x76612065
200089a4:	616c6961 	.word	0x616c6961
200089a8:	00656c62 	.word	0x00656c62
200089ac:	44206f4e 	.word	0x44206f4e
200089b0:	6320414d 	.word	0x6320414d
200089b4:	6e6e6168 	.word	0x6e6e6168
200089b8:	20736c65 	.word	0x20736c65
200089bc:	20657261 	.word	0x20657261
200089c0:	69617661 	.word	0x69617661
200089c4:	6c62616c 	.word	0x6c62616c
200089c8:	00000065 	.word	0x00000065

200089cc <ide_taskfile_program>:
200089cc:	200089d4 0201ff10                       ... ....

200089d4 <ide_taskfile_program_instructions>:
200089d4:	20182017 401600c8 c0208020 18003098     . . ...@ . ..0..
200089e4:	80204016 80a0c001 b06b6008 b8632098     .@ ......`k.. c.

200089f4 <ide_data_program>:
200089f4:	200089fc 0201ff0c                       ... ....

200089fc <ide_data_program_instructions>:
200089fc:	20182016 401000c7 20989020 80a01800     . . ...@ .. ....
20008a0c:	b06b6010 b8632098                       .`k.. c.

20008a14 <__bi_84>:
20008a14:	50520006 4275f0d3 200088d4              ..RP..uB... 

20008a20 <__bi_78>:
20008a20:	50520006 7f8882e1 200088dc              ..RP....... 

20008a2c <__bi_54>:
20008a2c:	50520006 5360b3ab 200088ec              ..RP..`S... 

20008a38 <__bi_48>:
20008a38:	50520006 b63cffbb 200088f4              ..RP..<.... 

20008a44 <__bi_42>:
20008a44:	50520006 02031c86 20008900              ..RP....... 

20008a50 <__bi_34>:
20008a50:	50520006 9da22254 200085a8              ..RPT"..... 

20008a5c <__bi_26>:
20008a5c:	50520005 68f465de 10008e8c              ..RP.e.h....

20008a68 <pow10.0>:
20008a68:	00000000 3ff00000 00000000 40240000     .......?......$@
20008a78:	00000000 40590000 00000000 408f4000     ......Y@.....@.@
20008a88:	00000000 40c38800 00000000 40f86a00     .......@.....j.@
20008a98:	00000000 412e8480 00000000 416312d0     .......A......cA
20008aa8:	00000000 4197d784 00000000 41cdcd65     .......A....e..A

20008ab8 <crlf_str.0>:
20008ab8:	00000a0d                                ....

20008abc <__bi_204.0>:
20008abc:	50520006 a1f4b453 20008924              ..RPS...$.. 

20008ac8 <usbd_desc_str>:
20008ac8:	00000000 20008938 20008948 2000999c     ....8.. H.. ... 
20008ad8:	20008950 2000895c                       P.. \.. 

20008ae0 <usbd_desc_cfg>:
20008ae0:	00540209 80000103 000b087d 00020202     ..T.....}.......
20008af0:	00040900 02020100 24050400 05012000     ...........$. ..
20008b00:	01000124 06022404 00062405 81050701     $....$...$......
20008b10:	01000803 00010409 00000a02 02050700     ................
20008b20:	00004002 02820507 09000040 00000204     .@......@.......
20008b30:	050100ff                                ....

20008b34 <usbd_desc_device>:
20008b34:	02100112 400102ef 00092e8a 02010100     .......@........
20008b44:	00000103                                ....

20008b48 <desc_ms_os_20>:
20008b48:	0000000a 06030000 000800a6 00020002     ................
20008b58:	0014009c 49570003 4253554e 00000000     ......WINUSB....
20008b68:	00000000 00800000 00010004 00440028     ............(.D.
20008b78:	00760065 00630069 00490065 0074006e     e.v.i.c.e.I.n.t.
20008b88:	00720065 00610066 00650063 00550047     e.r.f.a.c.e.G.U.
20008b98:	00440049 004e0000 0062007b 00370063     I.D...N.{.b.c.7.
20008ba8:	00390033 00630038 002d0031 00330037     3.9.8.c.1.-.7.3.
20008bb8:	00640063 0034002d 00620063 002d0037     c.d.-.4.c.b.7.-.
20008bc8:	00380039 00380062 0039002d 00330031     9.8.b.8.-.9.1.3.
20008bd8:	00380061 00630066 00370061 00660062     a.8.f.c.a.7.b.f.
20008be8:	007d0036 00000000                       6.}.....

20008bf0 <desc_bos>:
20008bf0:	00210f05 05101c01 dd60df00 c74589d8     ..!.......`...E.
20008c00:	65d29c4c 8a649e9d 0300009f 0100a606     L..e..d.........
20008c10:	00000000                                ....

20008c14 <usb_reset_interface_driver>:
20008c14:	00000000 20004ba9 00000000 20004bad     .....K. .....K. 
20008c24:	20004bb9 20004be5 20004be1 00000000     .K. .K. .K. ....
20008c34:	00000000                                ....

20008c38 <_usbd_driver>:
20008c38:	00000000 200065f9 20006659 2000665d     .....e. Yf. ]f. 
20008c48:	2000667d 200067cd 20006871 00000000     }f. .g. qh. ....
20008c58:	00000000                                ....

20008c5c <g_reg_status>:
20008c5c:	                                         @

20008c5d <striped_spin_lock_num>:
20008c5d:	                                         ...

20008c60 <irq_handler_chain_slots>:
20008c60:	00000000 	.word	0x00000000
20008c64:	00010000 	.word	0x00010000
	...
20008c70:	00020000 	.word	0x00020000
	...
20008c7c:	00030000 	.word	0x00030000
	...
20008c88:	00040000 	.word	0x00040000
	...
20008c94:	00050000 	.word	0x00050000
	...
20008ca0:	00ff0000 	.word	0x00ff0000
20008ca4:	00000000 	.word	0x00000000

20008ca8 <irq_handler_chain_first_slot>:
20008ca8:	b501      	push	{r0, lr}
20008caa:	6848      	ldr	r0, [r1, #4]
20008cac:	3101      	adds	r1, #1
20008cae:	468e      	mov	lr, r1
20008cb0:	4700      	bx	r0

20008cb2 <irq_handler_chain_remove_tail>:
20008cb2:	4670      	mov	r0, lr
20008cb4:	3809      	subs	r0, #9
20008cb6:	4901      	ldr	r1, [pc, #4]	@ (20008cbc <irq_handler_chain_remove_tail+0xa>)
20008cb8:	4788      	blx	r1
20008cba:	bd01      	pop	{r0, pc}
20008cbc:	200015ed 	.word	0x200015ed

20008cc0 <last_added.0>:
20008cc0:	ffffffff 7fffffff                       ........

20008cc8 <default_alarm_pool>:
	...
20008cdc:	20008d78                                x.. 

20008ce0 <stdio_usb>:
20008ce0:	200046b9 20004665 200045dd 2000454d     .F. eF. .E. ME. 
20008cf0:	00000000 00000100                       ........

20008cf8 <_usbd_qdef>:
20008cf8:	0000000c 20009148 000000c0 00000000     ....H.. ........
	...

20008d18 <_usbd_rhport>:
20008d18:	000000ff                                ....

20008d1c <malloc_mutex>:
	...

20008d24 <print_mutex>:
	...

20008d2c <__pre_init_runtime_init_bootrom_reset>:
20008d2c:	20002759                                Y'. 

20008d30 <__pre_init_runtime_init_early_resets>:
20008d30:	200026cd                                .&. 

20008d34 <__pre_init_runtime_init_usb_power_down>:
20008d34:	20002701                                .'. 

20008d38 <__pre_init_runtime_init_clocks>:
20008d38:	200027e9                                .'. 

20008d3c <__pre_init_runtime_init_post_clock_resets>:
20008d3c:	20002739                                9'. 

20008d40 <__pre_init_runtime_init_boot_locks_reset>:
20008d40:	20002631                                1&. 

20008d44 <__pre_init_runtime_init_spin_locks_reset>:
20008d44:	20002781                                .'. 

20008d48 <__pre_init_runtime_init_bootrom_locking_enable>:
20008d48:	2000261d                                .&. 

20008d4c <__pre_init_runtime_init_mutex>:
20008d4c:	200016f5                                ... 

20008d50 <__pre_init_runtime_init_install_ram_vector_table>:
20008d50:	20002785                                .'. 

20008d54 <__pre_init_runtime_init_default_alarm_pool>:
20008d54:	20001ac9                                ... 

20008d58 <__pre_init_first_per_core_initializer>:
20008d58:	2000267d                                }&. 

20008d5c <__pre_init_runtime_init_per_core_bootrom_reset>:
20008d5c:	2000276d                                m'. 

20008d60 <__pre_init_runtime_init_per_core_enable_coprocessors>:
20008d60:	2000271d                                .'. 

20008d64 <__pre_init_spinlock_set_extexclall>:
20008d64:	200012e5                                ... 

20008d68 <__pre_init_runtime_init_per_core_irq_priorities>:
20008d68:	2000130d                                ... 

20008d6c <__pre_init_runtime_init_per_core_tls_setup>:
20008d6c:	200072b1                                .r. 

20008d70 <__init_array_start>:
20008d70:	200049f5 	.word	0x200049f5
