
/home/pdsilva/Projects/Orion/OrionBios/peripheral/pico2VGA/build/vgaPico2.elf:     file format elf32-littlearm

Sections:
Idx Name          Size      VMA       LMA       File off  Algn
  0 .text         00007c48  10000000  10000000  00001000  2**3
                  CONTENTS, ALLOC, LOAD, READONLY, CODE
  1 .rodata       00002b80  10007c48  10007c48  00008c48  2**2
                  CONTENTS, ALLOC, LOAD, READONLY, DATA
  2 .ARM.exidx    00000008  1000a7c8  1000a7c8  0000b7c8  2**2
                  CONTENTS, ALLOC, LOAD, READONLY, DATA
  3 .binary_info  00000024  1000a7d0  1000a7d0  0000b7d0  2**2
                  CONTENTS, ALLOC, LOAD, READONLY, DATA
  4 .ram_vector_table 00000110  20000000  20000000  0000f000  2**2
                  ALLOC
  5 .uninitialized_data 00000000  20000110  20000110  0000e908  2**0
                  CONTENTS
  6 .data         00002100  20000110  1000a7f4  0000c110  2**3
                  CONTENTS, ALLOC, LOAD, READONLY, CODE
  7 .tdata        00000000  20002210  20002210  0000e908  2**0
                  CONTENTS, ALLOC, LOAD, DATA, THREAD_LOCAL
  8 .tbss         00000000  20002210  20002210  00000000  2**0
                  ALLOC, THREAD_LOCAL
  9 .bss          00026610  20002210  1000c8f4  0000f210  2**3
                  ALLOC
 10 .heap         00000800  20028820  1000c8f4  0000f820  2**2
                  ALLOC, READONLY
 11 .scratch_x    00000000  20080000  20080000  0000e908  2**0
                  CONTENTS
 12 .scratch_y    00000000  20081000  20081000  0000e908  2**0
                  CONTENTS
 13 .stack1_dummy 00000800  20080000  20080000  0000f000  2**2
                  ALLOC
 14 .stack_dummy  00000800  20081000  20081000  0000f000  2**5
                  ALLOC, READONLY
 15 .flash_end    00000014  1000c8f4  1000c8f4  0000e8f4  2**2
                  CONTENTS, ALLOC, LOAD, READONLY, DATA
 16 .ARM.attributes 00000034  00000000  00000000  0000e908  2**0
                  CONTENTS, READONLY
 17 .comment      00000045  00000000  00000000  0000e93c  2**0
                  CONTENTS, READONLY
 18 .debug_info   0004c5be  00000000  00000000  0000e981  2**0
                  CONTENTS, READONLY, DEBUGGING, OCTETS
 19 .debug_abbrev 0000bcf7  00000000  00000000  0005af3f  2**0
                  CONTENTS, READONLY, DEBUGGING, OCTETS
 20 .debug_loclists 000226a7  00000000  00000000  00066c36  2**0
                  CONTENTS, READONLY, DEBUGGING, OCTETS
 21 .debug_aranges 00001700  00000000  00000000  000892e0  2**3
                  CONTENTS, READONLY, DEBUGGING, OCTETS
 22 .debug_rnglists 00005ffe  00000000  00000000  0008a9e0  2**0
                  CONTENTS, READONLY, DEBUGGING, OCTETS
 23 .debug_line   0002b7d9  00000000  00000000  000909de  2**0
                  CONTENTS, READONLY, DEBUGGING, OCTETS
 24 .debug_str    0000bd36  00000000  00000000  000bc1b7  2**0
                  CONTENTS, READONLY, DEBUGGING, OCTETS
 25 .debug_frame  000043b4  00000000  00000000  000c7ef0  2**2
                  CONTENTS, READONLY, DEBUGGING, OCTETS
 26 .debug_line_str 00000165  00000000  00000000  000cc2a4  2**0
                  CONTENTS, READONLY, DEBUGGING, OCTETS

/home/pdsilva/Projects/Orion/OrionBios/peripheral/pico2VGA/build/vgaPico2.elf:     file format elf32-littlearm


Disassembly of section .text:

10000000 <__VECTOR_TABLE>:
10000000:	20082000 	.word	0x20082000
10000004:	1000015d 	.word	0x1000015d
10000008:	1000011b 	.word	0x1000011b
1000000c:	1000011d 	.word	0x1000011d
10000010:	10000111 	.word	0x10000111
10000014:	10000111 	.word	0x10000111
10000018:	10000111 	.word	0x10000111
1000001c:	10000111 	.word	0x10000111
10000020:	10000119 	.word	0x10000119
10000024:	10000119 	.word	0x10000119
10000028:	10000119 	.word	0x10000119
1000002c:	1000011f 	.word	0x1000011f
10000030:	10000111 	.word	0x10000111
10000034:	10000119 	.word	0x10000119
10000038:	10000121 	.word	0x10000121
1000003c:	10000123 	.word	0x10000123
10000040:	10000111 	.word	0x10000111
10000044:	10000111 	.word	0x10000111
10000048:	10000111 	.word	0x10000111
1000004c:	10000111 	.word	0x10000111
10000050:	10000111 	.word	0x10000111
10000054:	10000111 	.word	0x10000111
10000058:	10000111 	.word	0x10000111
1000005c:	10000111 	.word	0x10000111
10000060:	10000111 	.word	0x10000111
10000064:	10000111 	.word	0x10000111
10000068:	10000111 	.word	0x10000111
1000006c:	10000111 	.word	0x10000111
10000070:	10000111 	.word	0x10000111
10000074:	10000111 	.word	0x10000111
10000078:	10000111 	.word	0x10000111
1000007c:	10000111 	.word	0x10000111
10000080:	10000111 	.word	0x10000111
10000084:	10000111 	.word	0x10000111
10000088:	10000111 	.word	0x10000111
1000008c:	10000111 	.word	0x10000111
10000090:	10000111 	.word	0x10000111
10000094:	10000111 	.word	0x10000111
10000098:	10000111 	.word	0x10000111
1000009c:	10000111 	.word	0x10000111
100000a0:	10000111 	.word	0x10000111
100000a4:	10000111 	.word	0x10000111
100000a8:	10000111 	.word	0x10000111
100000ac:	10000111 	.word	0x10000111
100000b0:	10000111 	.word	0x10000111
100000b4:	10000111 	.word	0x10000111
100000b8:	10000111 	.word	0x10000111
100000bc:	10000111 	.word	0x10000111
100000c0:	10000111 	.word	0x10000111
100000c4:	10000111 	.word	0x10000111
100000c8:	10000111 	.word	0x10000111
100000cc:	10000111 	.word	0x10000111
100000d0:	10000111 	.word	0x10000111
100000d4:	10000111 	.word	0x10000111
100000d8:	10000111 	.word	0x10000111
100000dc:	10000111 	.word	0x10000111
100000e0:	10000111 	.word	0x10000111
100000e4:	10000111 	.word	0x10000111
100000e8:	10000111 	.word	0x10000111
100000ec:	10000111 	.word	0x10000111
100000f0:	10000111 	.word	0x10000111
100000f4:	10000111 	.word	0x10000111
100000f8:	10000111 	.word	0x10000111
100000fc:	10000111 	.word	0x10000111
10000100:	10000111 	.word	0x10000111
10000104:	10000111 	.word	0x10000111
10000108:	10000111 	.word	0x10000111
1000010c:	10000111 	.word	0x10000111

10000110 <__unhandled_user_irq>:
10000110:	f3ef 8005 	mrs	r0, IPSR
10000114:	3810      	subs	r0, #16

10000116 <unhandled_user_irq_num_in_r0>:
10000116:	be00      	bkpt	0x0000

10000118 <isr_invalid>:
10000118:	be00      	bkpt	0x0000

1000011a <isr_nmi>:
1000011a:	be00      	bkpt	0x0000

1000011c <isr_hardfault>:
1000011c:	be00      	bkpt	0x0000

1000011e <isr_svcall>:
1000011e:	be00      	bkpt	0x0000

10000120 <isr_pendsv>:
10000120:	be00      	bkpt	0x0000

10000122 <isr_systick>:
10000122:	be00      	bkpt	0x0000

10000124 <__default_isrs_end>:
10000124:	7188ebf2 	.word	0x7188ebf2
10000128:	1000a7d0 	.word	0x1000a7d0
1000012c:	1000a7f4 	.word	0x1000a7f4
10000130:	100001a0 	.word	0x100001a0
10000134:	e71aa390 	.word	0xe71aa390

10000138 <__binary_info_header_end>:
10000138:	ffffded3 	.word	0xffffded3
1000013c:	10210142 	.word	0x10210142
10000140:	000001ff 	.word	0x000001ff
10000144:	0000c7bc 	.word	0x0000c7bc
10000148:	ab123579 	.word	0xab123579

1000014c <_entry_point>:
1000014c:	f04f 0000 	mov.w	r0, #0

10000150 <_enter_vtable_in_r0>:
10000150:	491e      	ldr	r1, [pc, #120]	@ (100001cc <data_cpy_table+0x2c>)
10000152:	6008      	str	r0, [r1, #0]
10000154:	c806      	ldmia	r0!, {r1, r2}
10000156:	f381 8808 	msr	MSP, r1
1000015a:	4710      	bx	r2

1000015c <_reset_handler>:
1000015c:	f04f 4050 	mov.w	r0, #3489660928	@ 0xd0000000
10000160:	6800      	ldr	r0, [r0, #0]
10000162:	b110      	cbz	r0, 1000016a <hold_non_core0_in_bootrom+0x6>

10000164 <hold_non_core0_in_bootrom>:
10000164:	f04f 0000 	mov.w	r0, #0
10000168:	e7f2      	b.n	10000150 <_enter_vtable_in_r0>
1000016a:	a40d      	add	r4, pc, #52	@ (adr r4, 100001a0 <data_cpy_table>)
1000016c:	cc0e      	ldmia	r4!, {r1, r2, r3}
1000016e:	2900      	cmp	r1, #0
10000170:	d002      	beq.n	10000178 <hold_non_core0_in_bootrom+0x14>
10000172:	f000 f812 	bl	1000019a <data_cpy>
10000176:	e7f9      	b.n	1000016c <hold_non_core0_in_bootrom+0x8>
10000178:	4915      	ldr	r1, [pc, #84]	@ (100001d0 <data_cpy_table+0x30>)
1000017a:	4a16      	ldr	r2, [pc, #88]	@ (100001d4 <data_cpy_table+0x34>)
1000017c:	2000      	movs	r0, #0
1000017e:	e000      	b.n	10000182 <bss_fill_test>

10000180 <bss_fill_loop>:
10000180:	c101      	stmia	r1!, {r0}

10000182 <bss_fill_test>:
10000182:	4291      	cmp	r1, r2
10000184:	d1fc      	bne.n	10000180 <bss_fill_loop>

10000186 <platform_entry>:
10000186:	4914      	ldr	r1, [pc, #80]	@ (100001d8 <data_cpy_table+0x38>)
10000188:	4788      	blx	r1
1000018a:	4914      	ldr	r1, [pc, #80]	@ (100001dc <data_cpy_table+0x3c>)
1000018c:	4788      	blx	r1
1000018e:	4914      	ldr	r1, [pc, #80]	@ (100001e0 <data_cpy_table+0x40>)
10000190:	4788      	blx	r1
10000192:	be00      	bkpt	0x0000
10000194:	e7fd      	b.n	10000192 <platform_entry+0xc>

10000196 <data_cpy_loop>:
10000196:	c901      	ldmia	r1!, {r0}
10000198:	c201      	stmia	r2!, {r0}

1000019a <data_cpy>:
1000019a:	429a      	cmp	r2, r3
1000019c:	d3fb      	bcc.n	10000196 <data_cpy_loop>
1000019e:	4770      	bx	lr

100001a0 <data_cpy_table>:
100001a0:	1000a7f4 	.word	0x1000a7f4
100001a4:	20000110 	.word	0x20000110
100001a8:	20002210 	.word	0x20002210
100001ac:	1000c8f4 	.word	0x1000c8f4
100001b0:	20080000 	.word	0x20080000
100001b4:	20080000 	.word	0x20080000
100001b8:	1000c8f4 	.word	0x1000c8f4
100001bc:	20081000 	.word	0x20081000
100001c0:	20081000 	.word	0x20081000
100001c4:	00000000 	.word	0x00000000
100001c8:	4770      	bx	lr
100001ca:	0000      	.short	0x0000
100001cc:	e000ed08 	.word	0xe000ed08
100001d0:	20002210 	.word	0x20002210
100001d4:	20028820 	.word	0x20028820
100001d8:	10004365 	.word	0x10004365
100001dc:	1000032d 	.word	0x1000032d
100001e0:	1000435d 	.word	0x1000435d

100001e4 <_init>:
100001e4:	b5f8      	push	{r3, r4, r5, r6, r7, lr}
100001e6:	bf00      	nop

100001e8 <register_tm_clones>:
100001e8:	4b06      	ldr	r3, [pc, #24]	@ (10000204 <register_tm_clones+0x1c>)
100001ea:	4907      	ldr	r1, [pc, #28]	@ (10000208 <register_tm_clones+0x20>)
100001ec:	1ac9      	subs	r1, r1, r3
100001ee:	1089      	asrs	r1, r1, #2
100001f0:	bf48      	it	mi
100001f2:	3101      	addmi	r1, #1
100001f4:	1049      	asrs	r1, r1, #1
100001f6:	d003      	beq.n	10000200 <register_tm_clones+0x18>
100001f8:	4b04      	ldr	r3, [pc, #16]	@ (1000020c <register_tm_clones+0x24>)
100001fa:	b10b      	cbz	r3, 10000200 <register_tm_clones+0x18>
100001fc:	4801      	ldr	r0, [pc, #4]	@ (10000204 <register_tm_clones+0x1c>)
100001fe:	4718      	bx	r3
10000200:	4770      	bx	lr
10000202:	bf00      	nop
10000204:	20002210 	.word	0x20002210
10000208:	20002210 	.word	0x20002210
1000020c:	00000000 	.word	0x00000000

10000210 <frame_dummy>:
10000210:	b508      	push	{r3, lr}
10000212:	4b05      	ldr	r3, [pc, #20]	@ (10000228 <frame_dummy+0x18>)
10000214:	b11b      	cbz	r3, 1000021e <frame_dummy+0xe>
10000216:	4905      	ldr	r1, [pc, #20]	@ (1000022c <frame_dummy+0x1c>)
10000218:	4805      	ldr	r0, [pc, #20]	@ (10000230 <frame_dummy+0x20>)
1000021a:	f3af 8000 	nop.w
1000021e:	e8bd 4008 	ldmia.w	sp!, {r3, lr}
10000222:	f7ff bfe1 	b.w	100001e8 <register_tm_clones>
10000226:	bf00      	nop
10000228:	00000000 	.word	0x00000000
1000022c:	20002f78 	.word	0x20002f78
10000230:	10007c48 	.word	0x10007c48

10000234 <core1_entry>:
10000234:	b508      	push	{r3, lr}
10000236:	4d03      	ldr	r5, [pc, #12]	@ (10000244 <core1_entry+0x10>)
10000238:	4c03      	ldr	r4, [pc, #12]	@ (10000248 <core1_entry+0x14>)
1000023a:	6829      	ldr	r1, [r5, #0]
1000023c:	6820      	ldr	r0, [r4, #0]
1000023e:	f007 fcb3 	bl	10007ba8 <__gerenciar_barramento_m68k_veneer>
10000242:	e7fa      	b.n	1000023a <core1_entry+0x6>
10000244:	20002ae4 	.word	0x20002ae4
10000248:	20001bcc 	.word	0x20001bcc

1000024c <timer_callback>:
1000024c:	b510      	push	{r4, lr}
1000024e:	4c08      	ldr	r4, [pc, #32]	@ (10000270 <timer_callback+0x24>)
10000250:	6820      	ldr	r0, [r4, #0]
10000252:	2801      	cmp	r0, #1
10000254:	d006      	beq.n	10000264 <timer_callback+0x18>
10000256:	2000      	movs	r0, #0
10000258:	f000 fe02 	bl	10000e60 <put_cursor>
1000025c:	2301      	movs	r3, #1
1000025e:	2001      	movs	r0, #1
10000260:	6023      	str	r3, [r4, #0]
10000262:	bd10      	pop	{r4, pc}
10000264:	f000 fdfc 	bl	10000e60 <put_cursor>
10000268:	2300      	movs	r3, #0
1000026a:	2001      	movs	r0, #1
1000026c:	6023      	str	r3, [r4, #0]
1000026e:	bd10      	pop	{r4, pc}
10000270:	20001bc0 	.word	0x20001bc0

10000274 <video_welcome_screen>:
10000274:	2100      	movs	r1, #0
10000276:	b510      	push	{r4, lr}
10000278:	4c26      	ldr	r4, [pc, #152]	@ (10000314 <video_welcome_screen+0xa0>)
1000027a:	4608      	mov	r0, r1
1000027c:	6823      	ldr	r3, [r4, #0]
1000027e:	691b      	ldr	r3, [r3, #16]
10000280:	4798      	blx	r3
10000282:	6823      	ldr	r3, [r4, #0]
10000284:	2100      	movs	r1, #0
10000286:	2004      	movs	r0, #4
10000288:	68db      	ldr	r3, [r3, #12]
1000028a:	4798      	blx	r3
1000028c:	6823      	ldr	r3, [r4, #0]
1000028e:	4822      	ldr	r0, [pc, #136]	@ (10000318 <video_welcome_screen+0xa4>)
10000290:	6adb      	ldr	r3, [r3, #44]	@ 0x2c
10000292:	4798      	blx	r3
10000294:	6823      	ldr	r3, [r4, #0]
10000296:	2100      	movs	r1, #0
10000298:	2006      	movs	r0, #6
1000029a:	68db      	ldr	r3, [r3, #12]
1000029c:	4798      	blx	r3
1000029e:	6823      	ldr	r3, [r4, #0]
100002a0:	481e      	ldr	r0, [pc, #120]	@ (1000031c <video_welcome_screen+0xa8>)
100002a2:	6adb      	ldr	r3, [r3, #44]	@ 0x2c
100002a4:	4798      	blx	r3
100002a6:	6823      	ldr	r3, [r4, #0]
100002a8:	2003      	movs	r0, #3
100002aa:	2100      	movs	r1, #0
100002ac:	68db      	ldr	r3, [r3, #12]
100002ae:	4798      	blx	r3
100002b0:	4b1b      	ldr	r3, [pc, #108]	@ (10000320 <video_welcome_screen+0xac>)
100002b2:	781a      	ldrb	r2, [r3, #0]
100002b4:	6823      	ldr	r3, [r4, #0]
100002b6:	2a01      	cmp	r2, #1
100002b8:	bf94      	ite	ls
100002ba:	481a      	ldrls	r0, [pc, #104]	@ (10000324 <video_welcome_screen+0xb0>)
100002bc:	481a      	ldrhi	r0, [pc, #104]	@ (10000328 <video_welcome_screen+0xb4>)
100002be:	6adb      	ldr	r3, [r3, #44]	@ 0x2c
100002c0:	4798      	blx	r3
100002c2:	6823      	ldr	r3, [r4, #0]
100002c4:	2100      	movs	r1, #0
100002c6:	2002      	movs	r0, #2
100002c8:	68db      	ldr	r3, [r3, #12]
100002ca:	4798      	blx	r3
100002cc:	2303      	movs	r3, #3
100002ce:	f44f 7220 	mov.w	r2, #640	@ 0x280
100002d2:	2130      	movs	r1, #48	@ 0x30
100002d4:	2000      	movs	r0, #0
100002d6:	f001 f9e3 	bl	100016a0 <drawHLine>
100002da:	2303      	movs	r3, #3
100002dc:	f44f 7220 	mov.w	r2, #640	@ 0x280
100002e0:	2131      	movs	r1, #49	@ 0x31
100002e2:	2000      	movs	r0, #0
100002e4:	f001 f9dc 	bl	100016a0 <drawHLine>
100002e8:	2303      	movs	r3, #3
100002ea:	f44f 7220 	mov.w	r2, #640	@ 0x280
100002ee:	2132      	movs	r1, #50	@ 0x32
100002f0:	2000      	movs	r0, #0
100002f2:	f001 f9d5 	bl	100016a0 <drawHLine>
100002f6:	2303      	movs	r3, #3
100002f8:	2133      	movs	r1, #51	@ 0x33
100002fa:	2000      	movs	r0, #0
100002fc:	f44f 7220 	mov.w	r2, #640	@ 0x280
10000300:	f001 f9ce 	bl	100016a0 <drawHLine>
10000304:	6823      	ldr	r3, [r4, #0]
10000306:	2104      	movs	r1, #4
10000308:	e8bd 4010 	ldmia.w	sp!, {r4, lr}
1000030c:	2000      	movs	r0, #0
1000030e:	691b      	ldr	r3, [r3, #16]
10000310:	4718      	bx	r3
10000312:	bf00      	nop
10000314:	20002fec 	.word	0x20002fec
10000318:	10007c48 	.word	0x10007c48
1000031c:	10007c74 	.word	0x10007c74
10000320:	2002881f 	.word	0x2002881f
10000324:	10007c8c 	.word	0x10007c8c
10000328:	10007ccc 	.word	0x10007ccc

1000032c <main>:
1000032c:	b500      	push	{lr}
1000032e:	b089      	sub	sp, #36	@ 0x24
10000330:	f004 f910 	bl	10004554 <stdio_init_all>
10000334:	4822      	ldr	r0, [pc, #136]	@ (100003c0 <main+0x94>)
10000336:	ab07      	add	r3, sp, #28
10000338:	aa06      	add	r2, sp, #24
1000033a:	a905      	add	r1, sp, #20
1000033c:	f003 fcb8 	bl	10003cb0 <check_sys_clock_khz>
10000340:	b918      	cbnz	r0, 1000034a <main+0x1e>
10000342:	491f      	ldr	r1, [pc, #124]	@ (100003c0 <main+0x94>)
10000344:	481f      	ldr	r0, [pc, #124]	@ (100003c4 <main+0x98>)
10000346:	f002 fbd1 	bl	10002aec <panic>
1000034a:	e9dd 1206 	ldrd	r1, r2, [sp, #24]
1000034e:	9805      	ldr	r0, [sp, #20]
10000350:	f003 fbec 	bl	10003b2c <set_sys_clock_pll>
10000354:	f000 f898 	bl	10000488 <initReadBus_Pio>
10000358:	2002      	movs	r0, #2
1000035a:	f001 f8b5 	bl	100014c8 <create_screen>
1000035e:	2202      	movs	r2, #2
10000360:	4b19      	ldr	r3, [pc, #100]	@ (100003c8 <main+0x9c>)
10000362:	4c1a      	ldr	r4, [pc, #104]	@ (100003cc <main+0xa0>)
10000364:	4d1a      	ldr	r5, [pc, #104]	@ (100003d0 <main+0xa4>)
10000366:	701a      	strb	r2, [r3, #0]
10000368:	6020      	str	r0, [r4, #0]
1000036a:	f7ff ff83 	bl	10000274 <video_welcome_screen>
1000036e:	4628      	mov	r0, r5
10000370:	f003 fafc 	bl	1000396c <cancel_repeating_timer>
10000374:	6823      	ldr	r3, [r4, #0]
10000376:	689b      	ldr	r3, [r3, #8]
10000378:	4798      	blx	r3
1000037a:	4604      	mov	r4, r0
1000037c:	f003 f8e4 	bl	10003548 <alarm_pool_get_default>
10000380:	2100      	movs	r1, #0
10000382:	f44f 727a 	mov.w	r2, #1000	@ 0x3e8
10000386:	4b13      	ldr	r3, [pc, #76]	@ (100003d4 <main+0xa8>)
10000388:	e9cd 1501 	strd	r1, r5, [sp, #4]
1000038c:	9300      	str	r3, [sp, #0]
1000038e:	b223      	sxth	r3, r4
10000390:	fb83 2302 	smull	r2, r3, r3, r2
10000394:	f003 fa5a 	bl	1000384c <alarm_pool_add_repeating_timer_us>
10000398:	480f      	ldr	r0, [pc, #60]	@ (100003d8 <main+0xac>)
1000039a:	f006 fe99 	bl	100070d0 <multicore_launch_core1>
1000039e:	2101      	movs	r1, #1
100003a0:	4a0e      	ldr	r2, [pc, #56]	@ (100003dc <main+0xb0>)
100003a2:	4b0f      	ldr	r3, [pc, #60]	@ (100003e0 <main+0xb4>)
100003a4:	6810      	ldr	r0, [r2, #0]
100003a6:	681b      	ldr	r3, [r3, #0]
100003a8:	3008      	adds	r0, #8
100003aa:	685a      	ldr	r2, [r3, #4]
100003ac:	4081      	lsls	r1, r0
100003ae:	4211      	tst	r1, r2
100003b0:	d105      	bne.n	100003be <main+0x92>
100003b2:	f853 2020 	ldr.w	r2, [r3, r0, lsl #2]
100003b6:	685a      	ldr	r2, [r3, #4]
100003b8:	4211      	tst	r1, r2
100003ba:	d0fa      	beq.n	100003b2 <main+0x86>
100003bc:	e7fe      	b.n	100003bc <main+0x90>
100003be:	e7fd      	b.n	100003bc <main+0x90>
100003c0:	000249f0 	.word	0x000249f0
100003c4:	10007d44 	.word	0x10007d44
100003c8:	2002881f 	.word	0x2002881f
100003cc:	20002fec 	.word	0x20002fec
100003d0:	20002398 	.word	0x20002398
100003d4:	1000024d 	.word	0x1000024d
100003d8:	10000235 	.word	0x10000235
100003dc:	20002ae4 	.word	0x20002ae4
100003e0:	20001bcc 	.word	0x20001bcc

100003e4 <scroll_up_graphics>:
100003e4:	4824      	ldr	r0, [pc, #144]	@ (10000478 <scroll_up_graphics+0x94>)
100003e6:	b470      	push	{r4, r5, r6}
100003e8:	6804      	ldr	r4, [r0, #0]
100003ea:	01a1      	lsls	r1, r4, #6
100003ec:	f101 43a0 	add.w	r3, r1, #1342177280	@ 0x50000000
100003f0:	691a      	ldr	r2, [r3, #16]
100003f2:	0152      	lsls	r2, r2, #5
100003f4:	d417      	bmi.n	10000426 <scroll_up_graphics+0x42>
100003f6:	f44f 3c11 	mov.w	ip, #148480	@ 0x24400
100003fa:	4b20      	ldr	r3, [pc, #128]	@ (1000047c <scroll_up_graphics+0x98>)
100003fc:	4820      	ldr	r0, [pc, #128]	@ (10000480 <scroll_up_graphics+0x9c>)
100003fe:	f503 52a0 	add.w	r2, r3, #5120	@ 0x1400
10000402:	ea00 3044 	and.w	r0, r0, r4, lsl #13
10000406:	079d      	lsls	r5, r3, #30
10000408:	d012      	beq.n	10000430 <scroll_up_graphics+0x4c>
1000040a:	f812 1b01 	ldrb.w	r1, [r2], #1
1000040e:	f1bc 0c01 	subs.w	ip, ip, #1
10000412:	f803 1b01 	strb.w	r1, [r3], #1
10000416:	d1f6      	bne.n	10000406 <scroll_up_graphics+0x22>
10000418:	f44f 52a0 	mov.w	r2, #5120	@ 0x1400
1000041c:	bc70      	pop	{r4, r5, r6}
1000041e:	2100      	movs	r1, #0
10000420:	4818      	ldr	r0, [pc, #96]	@ (10000484 <scroll_up_graphics+0xa0>)
10000422:	f007 b951 	b.w	100076c8 <memset>
10000426:	691a      	ldr	r2, [r3, #16]
10000428:	0156      	lsls	r6, r2, #5
1000042a:	d4fc      	bmi.n	10000426 <scroll_up_graphics+0x42>
1000042c:	6804      	ldr	r4, [r0, #0]
1000042e:	e7e2      	b.n	100003f6 <scroll_up_graphics+0x12>
10000430:	ea5f 069c 	movs.w	r6, ip, lsr #2
10000434:	f00c 0503 	and.w	r5, ip, #3
10000438:	d011      	beq.n	1000045e <scroll_up_graphics+0x7a>
1000043a:	f440 00fc 	orr.w	r0, r0, #8257536	@ 0x7e0000
1000043e:	01a1      	lsls	r1, r4, #6
10000440:	f101 41a0 	add.w	r1, r1, #1342177280	@ 0x50000000
10000444:	f040 0059 	orr.w	r0, r0, #89	@ 0x59
10000448:	600a      	str	r2, [r1, #0]
1000044a:	604b      	str	r3, [r1, #4]
1000044c:	608e      	str	r6, [r1, #8]
1000044e:	60c8      	str	r0, [r1, #12]
10000450:	6908      	ldr	r0, [r1, #16]
10000452:	0140      	lsls	r0, r0, #5
10000454:	d4fc      	bmi.n	10000450 <scroll_up_graphics+0x6c>
10000456:	f02c 0c03 	bic.w	ip, ip, #3
1000045a:	4463      	add	r3, ip
1000045c:	4462      	add	r2, ip
1000045e:	2d00      	cmp	r5, #0
10000460:	d0da      	beq.n	10000418 <scroll_up_graphics+0x34>
10000462:	7811      	ldrb	r1, [r2, #0]
10000464:	2d01      	cmp	r5, #1
10000466:	7019      	strb	r1, [r3, #0]
10000468:	d0d6      	beq.n	10000418 <scroll_up_graphics+0x34>
1000046a:	7851      	ldrb	r1, [r2, #1]
1000046c:	2d02      	cmp	r5, #2
1000046e:	7059      	strb	r1, [r3, #1]
10000470:	bf1c      	itt	ne
10000472:	7892      	ldrbne	r2, [r2, #2]
10000474:	709a      	strbne	r2, [r3, #2]
10000476:	e7cf      	b.n	10000418 <scroll_up_graphics+0x34>
10000478:	20002f70 	.word	0x20002f70
1000047c:	20002ffc 	.word	0x20002ffc
10000480:	fc7ffffd 	.word	0xfc7ffffd
10000484:	200273fc 	.word	0x200273fc

10000488 <initReadBus_Pio>:
10000488:	b5f0      	push	{r4, r5, r6, r7, lr}
1000048a:	4947      	ldr	r1, [pc, #284]	@ (100005a8 <initReadBus_Pio+0x120>)
1000048c:	b089      	sub	sp, #36	@ 0x24
1000048e:	4847      	ldr	r0, [pc, #284]	@ (100005ac <initReadBus_Pio+0x124>)
10000490:	f006 fc5e 	bl	10006d50 <pio_add_program>
10000494:	2400      	movs	r4, #0
10000496:	4b46      	ldr	r3, [pc, #280]	@ (100005b0 <initReadBus_Pio+0x128>)
10000498:	4606      	mov	r6, r0
1000049a:	4621      	mov	r1, r4
1000049c:	4843      	ldr	r0, [pc, #268]	@ (100005ac <initReadBus_Pio+0x124>)
1000049e:	601c      	str	r4, [r3, #0]
100004a0:	f006 fc32 	bl	10006d08 <pio_sm_claim>
100004a4:	f44f 3080 	mov.w	r0, #65536	@ 0x10000
100004a8:	f44f 31f8 	mov.w	r1, #126976	@ 0x1f000
100004ac:	f44f 2340 	mov.w	r3, #786432	@ 0xc0000
100004b0:	f44f 0e00 	mov.w	lr, #8388608	@ 0x800000
100004b4:	466d      	mov	r5, sp
100004b6:	e9cd 0100 	strd	r0, r1, [sp]
100004ba:	9403      	str	r4, [sp, #12]
100004bc:	9302      	str	r3, [sp, #8]
100004be:	f10d 0c10 	add.w	ip, sp, #16
100004c2:	f106 0317 	add.w	r3, r6, #23
100004c6:	01f7      	lsls	r7, r6, #7
100004c8:	ea47 3703 	orr.w	r7, r7, r3, lsl #12
100004cc:	e89d 000f 	ldmia.w	sp, {r0, r1, r2, r3}
100004d0:	e88c 000f 	stmia.w	ip, {r0, r1, r2, r3}
100004d4:	9705      	str	r7, [sp, #20]
100004d6:	e89c 000f 	ldmia.w	ip, {r0, r1, r2, r3}
100004da:	e88d 000f 	stmia.w	sp, {r0, r1, r2, r3}
100004de:	f8cd e00c 	str.w	lr, [sp, #12]
100004e2:	4620      	mov	r0, r4
100004e4:	2107      	movs	r1, #7
100004e6:	3401      	adds	r4, #1
100004e8:	f002 face 	bl	10002a88 <gpio_set_function>
100004ec:	2c0e      	cmp	r4, #14
100004ee:	d1f8      	bne.n	100004e2 <initReadBus_Pio+0x5a>
100004f0:	9b03      	ldr	r3, [sp, #12]
100004f2:	2107      	movs	r1, #7
100004f4:	f023 53e0 	bic.w	r3, r3, #469762048	@ 0x1c000000
100004f8:	f423 7378 	bic.w	r3, r3, #992	@ 0x3e0
100004fc:	f043 6380 	orr.w	r3, r3, #67108864	@ 0x4000000
10000500:	f443 73e0 	orr.w	r3, r3, #448	@ 0x1c0
10000504:	4620      	mov	r0, r4
10000506:	9303      	str	r3, [sp, #12]
10000508:	270f      	movs	r7, #15
1000050a:	f002 fabd 	bl	10002a88 <gpio_set_function>
1000050e:	f04f 0300 	mov.w	r3, #0
10000512:	ec43 7044 	gpioc_bit_oe_put r7, r3
10000516:	2415      	movs	r4, #21
10000518:	ec43 4044 	gpioc_bit_oe_put r4, r3
1000051c:	2200      	movs	r2, #0
1000051e:	4638      	mov	r0, r7
10000520:	2101      	movs	r1, #1
10000522:	f002 facf 	bl	10002ac4 <gpio_set_pulls>
10000526:	2200      	movs	r2, #0
10000528:	4620      	mov	r0, r4
1000052a:	2101      	movs	r1, #1
1000052c:	f002 faca 	bl	10002ac4 <gpio_set_pulls>
10000530:	4638      	mov	r0, r7
10000532:	2107      	movs	r1, #7
10000534:	f002 faa8 	bl	10002a88 <gpio_set_function>
10000538:	4620      	mov	r0, r4
1000053a:	2107      	movs	r1, #7
1000053c:	f002 faa4 	bl	10002a88 <gpio_set_function>
10000540:	e9dd 7401 	ldrd	r7, r4, [sp, #4]
10000544:	f36f 441d 	bfc	r4, #16, #14
10000548:	f027 57f8 	bic.w	r7, r7, #520093696	@ 0x1f000000
1000054c:	f044 7484 	orr.w	r4, r4, #17301504	@ 0x1080000
10000550:	f444 3480 	orr.w	r4, r4, #65536	@ 0x10000
10000554:	f44f 4280 	mov.w	r2, #16384	@ 0x4000
10000558:	2100      	movs	r1, #0
1000055a:	4b16      	ldr	r3, [pc, #88]	@ (100005b4 <initReadBus_Pio+0x12c>)
1000055c:	4813      	ldr	r0, [pc, #76]	@ (100005ac <initReadBus_Pio+0x124>)
1000055e:	f047 6770 	orr.w	r7, r7, #251658240	@ 0xf000000
10000562:	9402      	str	r4, [sp, #8]
10000564:	9701      	str	r7, [sp, #4]
10000566:	f006 fc87 	bl	10006e78 <pio_sm_set_pindirs_with_mask>
1000056a:	4c10      	ldr	r4, [pc, #64]	@ (100005ac <initReadBus_Pio+0x124>)
1000056c:	6861      	ldr	r1, [r4, #4]
1000056e:	f411 3180 	ands.w	r1, r1, #65536	@ 0x10000
10000572:	d1fb      	bne.n	1000056c <initReadBus_Pio+0xe4>
10000574:	f244 0cff 	movw	ip, #16639	@ 0x40ff
10000578:	4632      	mov	r2, r6
1000057a:	f248 07a0 	movw	r7, #32928	@ 0x80a0
1000057e:	f24a 0647 	movw	r6, #41031	@ 0xa047
10000582:	462b      	mov	r3, r5
10000584:	f44f 3580 	mov.w	r5, #65536	@ 0x10000
10000588:	f8c4 c010 	str.w	ip, [r4, #16]
1000058c:	4807      	ldr	r0, [pc, #28]	@ (100005ac <initReadBus_Pio+0x124>)
1000058e:	f8c4 70d8 	str.w	r7, [r4, #216]	@ 0xd8
10000592:	f8c4 60d8 	str.w	r6, [r4, #216]	@ 0xd8
10000596:	9500      	str	r5, [sp, #0]
10000598:	f006 fcea 	bl	10006f70 <pio_sm_init>
1000059c:	6823      	ldr	r3, [r4, #0]
1000059e:	f043 0301 	orr.w	r3, r3, #1
100005a2:	6023      	str	r3, [r4, #0]
100005a4:	b009      	add	sp, #36	@ 0x24
100005a6:	bdf0      	pop	{r4, r5, r6, r7, pc}
100005a8:	10007fb0 	.word	0x10007fb0
100005ac:	50300000 	.word	0x50300000
100005b0:	20002ae4 	.word	0x20002ae4
100005b4:	0020ffff 	.word	0x0020ffff

100005b8 <pioReset>:
100005b8:	e92d 43f8 	stmdb	sp!, {r3, r4, r5, r6, r7, r8, r9, lr}
100005bc:	2401      	movs	r4, #1
100005be:	f8df 9098 	ldr.w	r9, [pc, #152]	@ 10000658 <pioReset+0xa0>
100005c2:	f8df 8098 	ldr.w	r8, [pc, #152]	@ 1000065c <pioReset+0xa4>
100005c6:	4e21      	ldr	r6, [pc, #132]	@ (1000064c <pioReset+0x94>)
100005c8:	f8d9 3000 	ldr.w	r3, [r9]
100005cc:	f8d8 1000 	ldr.w	r1, [r8]
100005d0:	481f      	ldr	r0, [pc, #124]	@ (10000650 <pioReset+0x98>)
100005d2:	6832      	ldr	r2, [r6, #0]
100005d4:	fa04 f101 	lsl.w	r1, r4, r1
100005d8:	fa04 f303 	lsl.w	r3, r4, r3
100005dc:	6805      	ldr	r5, [r0, #0]
100005de:	fa04 f202 	lsl.w	r2, r4, r2
100005e2:	4f1c      	ldr	r7, [pc, #112]	@ (10000654 <pioReset+0x9c>)
100005e4:	430b      	orrs	r3, r1
100005e6:	4313      	orrs	r3, r2
100005e8:	ea25 0303 	bic.w	r3, r5, r3
100005ec:	463d      	mov	r5, r7
100005ee:	6003      	str	r3, [r0, #0]
100005f0:	f006 fc28 	bl	10006e44 <pio_clear_instruction_memory>
100005f4:	4638      	mov	r0, r7
100005f6:	f04f 4100 	mov.w	r1, #2147483648	@ 0x80000000
100005fa:	f8d9 2000 	ldr.w	r2, [r9]
100005fe:	f8df c060 	ldr.w	ip, [pc, #96]	@ 10000660 <pioReset+0xa8>
10000602:	1d13      	adds	r3, r2, #4
10000604:	fa04 f303 	lsl.w	r3, r4, r3
10000608:	f8cc 3000 	str.w	r3, [ip]
1000060c:	eb02 0242 	add.w	r2, r2, r2, lsl #1
10000610:	f8d8 3000 	ldr.w	r3, [r8]
10000614:	00d2      	lsls	r2, r2, #3
10000616:	4417      	add	r7, r2
10000618:	1d1a      	adds	r2, r3, #4
1000061a:	fa04 f202 	lsl.w	r2, r4, r2
1000061e:	f8cc 2000 	str.w	r2, [ip]
10000622:	eb03 0343 	add.w	r3, r3, r3, lsl #1
10000626:	6832      	ldr	r2, [r6, #0]
10000628:	00db      	lsls	r3, r3, #3
1000062a:	441d      	add	r5, r3
1000062c:	eb02 0342 	add.w	r3, r2, r2, lsl #1
10000630:	00db      	lsls	r3, r3, #3
10000632:	3204      	adds	r2, #4
10000634:	4418      	add	r0, r3
10000636:	4094      	lsls	r4, r2
10000638:	f8cc 4000 	str.w	r4, [ip]
1000063c:	6039      	str	r1, [r7, #0]
1000063e:	6039      	str	r1, [r7, #0]
10000640:	6029      	str	r1, [r5, #0]
10000642:	6029      	str	r1, [r5, #0]
10000644:	6001      	str	r1, [r0, #0]
10000646:	6001      	str	r1, [r0, #0]
10000648:	e8bd 83f8 	ldmia.w	sp!, {r3, r4, r5, r6, r7, r8, r9, pc}
1000064c:	20001bc4 	.word	0x20001bc4
10000650:	50200000 	.word	0x50200000
10000654:	502010d0 	.word	0x502010d0
10000658:	20002b64 	.word	0x20002b64
1000065c:	20001bc8 	.word	0x20001bc8
10000660:	50202000 	.word	0x50202000
10000664:	00000000 	.word	0x00000000

10000668 <initVGA>:
10000668:	e92d 4ff0 	stmdb	sp!, {r4, r5, r6, r7, r8, r9, sl, fp, lr}
1000066c:	ed2d 8b02 	vpush	{d8}
10000670:	4614      	mov	r4, r2
10000672:	b08f      	sub	sp, #60	@ 0x3c
10000674:	9002      	str	r0, [sp, #8]
10000676:	9104      	str	r1, [sp, #16]
10000678:	f7ff ff9e 	bl	100005b8 <pioReset>
1000067c:	2c05      	cmp	r4, #5
1000067e:	f200 8133 	bhi.w	100008e8 <initVGA+0x280>
10000682:	e8df f014 	tbh	[pc, r4, lsl #1]
10000686:	0006      	.short	0x0006
10000688:	015d0006 	.word	0x015d0006
1000068c:	0006015d 	.word	0x0006015d
10000690:	015d      	.short	0x015d
10000692:	499d      	ldr	r1, [pc, #628]	@ (10000908 <initVGA+0x2a0>)
10000694:	489d      	ldr	r0, [pc, #628]	@ (1000090c <initVGA+0x2a4>)
10000696:	f006 fb5b 	bl	10006d50 <pio_add_program>
1000069a:	499d      	ldr	r1, [pc, #628]	@ (10000910 <initVGA+0x2a8>)
1000069c:	4681      	mov	r9, r0
1000069e:	489b      	ldr	r0, [pc, #620]	@ (1000090c <initVGA+0x2a4>)
100006a0:	f006 fb56 	bl	10006d50 <pio_add_program>
100006a4:	499b      	ldr	r1, [pc, #620]	@ (10000914 <initVGA+0x2ac>)
100006a6:	4680      	mov	r8, r0
100006a8:	4898      	ldr	r0, [pc, #608]	@ (1000090c <initVGA+0x2a4>)
100006aa:	f006 fb51 	bl	10006d50 <pio_add_program>
100006ae:	ed9f 8b92 	vldr	d8, [pc, #584]	@ 100008f8 <initVGA+0x290>
100006b2:	4b99      	ldr	r3, [pc, #612]	@ (10000918 <initVGA+0x2b0>)
100006b4:	f8df a278 	ldr.w	sl, [pc, #632]	@ 10000930 <initVGA+0x2c8>
100006b8:	6819      	ldr	r1, [r3, #0]
100006ba:	4607      	mov	r7, r0
100006bc:	f8df b274 	ldr.w	fp, [pc, #628]	@ 10000934 <initVGA+0x2cc>
100006c0:	4892      	ldr	r0, [pc, #584]	@ (1000090c <initVGA+0x2a4>)
100006c2:	f006 fb21 	bl	10006d08 <pio_sm_claim>
100006c6:	4891      	ldr	r0, [pc, #580]	@ (1000090c <initVGA+0x2a4>)
100006c8:	f8da 1000 	ldr.w	r1, [sl]
100006cc:	f006 fb1c 	bl	10006d08 <pio_sm_claim>
100006d0:	488e      	ldr	r0, [pc, #568]	@ (1000090c <initVGA+0x2a4>)
100006d2:	f8db 1000 	ldr.w	r1, [fp]
100006d6:	f006 fb17 	bl	10006d08 <pio_sm_claim>
100006da:	f44f 2240 	mov.w	r2, #786432	@ 0xc0000
100006de:	2100      	movs	r1, #0
100006e0:	ed8d 8b06 	vstr	d8, [sp, #24]
100006e4:	f109 0606 	add.w	r6, r9, #6
100006e8:	f109 0301 	add.w	r3, r9, #1
100006ec:	0336      	lsls	r6, r6, #12
100006ee:	ea46 16c3 	orr.w	r6, r6, r3, lsl #7
100006f2:	4b89      	ldr	r3, [pc, #548]	@ (10000918 <initVGA+0x2b0>)
100006f4:	e9cd 2108 	strd	r2, r1, [sp, #32]
100006f8:	6818      	ldr	r0, [r3, #0]
100006fa:	ac06      	add	r4, sp, #24
100006fc:	ad0a      	add	r5, sp, #40	@ 0x28
100006fe:	f44f 0ca8 	mov.w	ip, #5505024	@ 0x540000
10000702:	9003      	str	r0, [sp, #12]
10000704:	e894 000f 	ldmia.w	r4, {r0, r1, r2, r3}
10000708:	e885 000f 	stmia.w	r5, {r0, r1, r2, r3}
1000070c:	960b      	str	r6, [sp, #44]	@ 0x2c
1000070e:	2601      	movs	r6, #1
10000710:	e895 000f 	ldmia.w	r5, {r0, r1, r2, r3}
10000714:	f8df e220 	ldr.w	lr, [pc, #544]	@ 10000938 <initVGA+0x2d0>
10000718:	e884 000f 	stmia.w	r4, {r0, r1, r2, r3}
1000071c:	2106      	movs	r1, #6
1000071e:	2010      	movs	r0, #16
10000720:	f8cd e024 	str.w	lr, [sp, #36]	@ 0x24
10000724:	f8cd c018 	str.w	ip, [sp, #24]
10000728:	f002 f9ae 	bl	10002a88 <gpio_set_function>
1000072c:	4633      	mov	r3, r6
1000072e:	2210      	movs	r2, #16
10000730:	9903      	ldr	r1, [sp, #12]
10000732:	9600      	str	r6, [sp, #0]
10000734:	4875      	ldr	r0, [pc, #468]	@ (1000090c <initVGA+0x2a4>)
10000736:	f006 fbd5 	bl	10006ee4 <pio_sm_set_consecutive_pindirs>
1000073a:	4623      	mov	r3, r4
1000073c:	464a      	mov	r2, r9
1000073e:	9903      	ldr	r1, [sp, #12]
10000740:	4872      	ldr	r0, [pc, #456]	@ (1000090c <initVGA+0x2a4>)
10000742:	f006 fc15 	bl	10006f70 <pio_sm_init>
10000746:	f44f 3340 	mov.w	r3, #196608	@ 0x30000
1000074a:	f44f 2240 	mov.w	r2, #786432	@ 0xc0000
1000074e:	930a      	str	r3, [sp, #40]	@ 0x28
10000750:	f108 030d 	add.w	r3, r8, #13
10000754:	920c      	str	r2, [sp, #48]	@ 0x30
10000756:	031b      	lsls	r3, r3, #12
10000758:	eb08 0206 	add.w	r2, r8, r6
1000075c:	ea43 13c2 	orr.w	r3, r3, r2, lsl #7
10000760:	f023 43c0 	bic.w	r3, r3, #1610612736	@ 0x60000000
10000764:	f043 4380 	orr.w	r3, r3, #1073741824	@ 0x40000000
10000768:	f8da 9000 	ldr.w	r9, [sl]
1000076c:	930b      	str	r3, [sp, #44]	@ 0x2c
1000076e:	4b6b      	ldr	r3, [pc, #428]	@ (1000091c <initVGA+0x2b4>)
10000770:	2106      	movs	r1, #6
10000772:	2011      	movs	r0, #17
10000774:	930d      	str	r3, [sp, #52]	@ 0x34
10000776:	f002 f987 	bl	10002a88 <gpio_set_function>
1000077a:	4633      	mov	r3, r6
1000077c:	2211      	movs	r2, #17
1000077e:	4649      	mov	r1, r9
10000780:	9600      	str	r6, [sp, #0]
10000782:	4862      	ldr	r0, [pc, #392]	@ (1000090c <initVGA+0x2a4>)
10000784:	f006 fbae 	bl	10006ee4 <pio_sm_set_consecutive_pindirs>
10000788:	4642      	mov	r2, r8
1000078a:	462b      	mov	r3, r5
1000078c:	4649      	mov	r1, r9
1000078e:	485f      	ldr	r0, [pc, #380]	@ (1000090c <initVGA+0x2a4>)
10000790:	f006 fbee 	bl	10006f70 <pio_sm_init>
10000794:	f44f 2240 	mov.w	r2, #786432	@ 0xc0000
10000798:	2100      	movs	r1, #0
1000079a:	ed8d 8b06 	vstr	d8, [sp, #24]
1000079e:	f44f 2e10 	mov.w	lr, #589824	@ 0x90000
100007a2:	ed9f 7b57 	vldr	d7, [pc, #348]	@ 10000900 <initVGA+0x298>
100007a6:	e9cd 2108 	strd	r2, r1, [sp, #32]
100007aa:	f107 0c08 	add.w	ip, r7, #8
100007ae:	1cbb      	adds	r3, r7, #2
100007b0:	ea4f 3c0c 	mov.w	ip, ip, lsl #12
100007b4:	ea4c 1cc3 	orr.w	ip, ip, r3, lsl #7
100007b8:	e894 000f 	ldmia.w	r4, {r0, r1, r2, r3}
100007bc:	e885 000f 	stmia.w	r5, {r0, r1, r2, r3}
100007c0:	f8cd c02c 	str.w	ip, [sp, #44]	@ 0x2c
100007c4:	e895 000f 	ldmia.w	r5, {r0, r1, r2, r3}
100007c8:	e884 000f 	stmia.w	r4, {r0, r1, r2, r3}
100007cc:	2106      	movs	r1, #6
100007ce:	2012      	movs	r0, #18
100007d0:	ed8d 7b08 	vstr	d7, [sp, #32]
100007d4:	f8cd e018 	str.w	lr, [sp, #24]
100007d8:	f8db 8000 	ldr.w	r8, [fp]
100007dc:	f002 f954 	bl	10002a88 <gpio_set_function>
100007e0:	2106      	movs	r1, #6
100007e2:	2013      	movs	r0, #19
100007e4:	f002 f950 	bl	10002a88 <gpio_set_function>
100007e8:	2106      	movs	r1, #6
100007ea:	2014      	movs	r0, #20
100007ec:	f002 f94c 	bl	10002a88 <gpio_set_function>
100007f0:	2303      	movs	r3, #3
100007f2:	2212      	movs	r2, #18
100007f4:	4641      	mov	r1, r8
100007f6:	9600      	str	r6, [sp, #0]
100007f8:	4844      	ldr	r0, [pc, #272]	@ (1000090c <initVGA+0x2a4>)
100007fa:	f006 fb73 	bl	10006ee4 <pio_sm_set_consecutive_pindirs>
100007fe:	4623      	mov	r3, r4
10000800:	4641      	mov	r1, r8
10000802:	463a      	mov	r2, r7
10000804:	4841      	ldr	r0, [pc, #260]	@ (1000090c <initVGA+0x2a4>)
10000806:	f006 fbb3 	bl	10006f70 <pio_sm_init>
1000080a:	4b43      	ldr	r3, [pc, #268]	@ (10000918 <initVGA+0x2b0>)
1000080c:	4c3f      	ldr	r4, [pc, #252]	@ (1000090c <initVGA+0x2a4>)
1000080e:	6819      	ldr	r1, [r3, #0]
10000810:	f101 0310 	add.w	r3, r1, #16
10000814:	409e      	lsls	r6, r3
10000816:	6863      	ldr	r3, [r4, #4]
10000818:	4233      	tst	r3, r6
1000081a:	d1fc      	bne.n	10000816 <initVGA+0x1ae>
1000081c:	f240 1547 	movw	r5, #327	@ 0x147
10000820:	2201      	movs	r2, #1
10000822:	f8da 0000 	ldr.w	r0, [sl]
10000826:	1d0b      	adds	r3, r1, #4
10000828:	f844 5023 	str.w	r5, [r4, r3, lsl #2]
1000082c:	f100 0310 	add.w	r3, r0, #16
10000830:	4d36      	ldr	r5, [pc, #216]	@ (1000090c <initVGA+0x2a4>)
10000832:	409a      	lsls	r2, r3
10000834:	686b      	ldr	r3, [r5, #4]
10000836:	4213      	tst	r3, r2
10000838:	d1fc      	bne.n	10000834 <initVGA+0x1cc>
1000083a:	f240 16df 	movw	r6, #479	@ 0x1df
1000083e:	2201      	movs	r2, #1
10000840:	f8db 4000 	ldr.w	r4, [fp]
10000844:	1d03      	adds	r3, r0, #4
10000846:	f845 6023 	str.w	r6, [r5, r3, lsl #2]
1000084a:	f8df 80c0 	ldr.w	r8, [pc, #192]	@ 1000090c <initVGA+0x2a4>
1000084e:	f104 0310 	add.w	r3, r4, #16
10000852:	409a      	lsls	r2, r3
10000854:	f8d8 3004 	ldr.w	r3, [r8, #4]
10000858:	4213      	tst	r3, r2
1000085a:	d1fb      	bne.n	10000854 <initVGA+0x1ec>
1000085c:	2501      	movs	r5, #1
1000085e:	239f      	movs	r3, #159	@ 0x9f
10000860:	9e02      	ldr	r6, [sp, #8]
10000862:	fa05 f000 	lsl.w	r0, r5, r0
10000866:	f8d6 c000 	ldr.w	ip, [r6]
1000086a:	1d26      	adds	r6, r4, #4
1000086c:	f848 3026 	str.w	r3, [r8, r6, lsl #2]
10000870:	fa05 f301 	lsl.w	r3, r5, r1
10000874:	4303      	orrs	r3, r0
10000876:	fa05 f104 	lsl.w	r1, r5, r4
1000087a:	430b      	orrs	r3, r1
1000087c:	0219      	lsls	r1, r3, #8
1000087e:	f401 6170 	and.w	r1, r1, #3840	@ 0xf00
10000882:	f8df e0b8 	ldr.w	lr, [pc, #184]	@ 1000093c <initVGA+0x2d4>
10000886:	f003 030f 	and.w	r3, r3, #15
1000088a:	430b      	orrs	r3, r1
1000088c:	4a24      	ldr	r2, [pc, #144]	@ (10000920 <initVGA+0x2b8>)
1000088e:	4f25      	ldr	r7, [pc, #148]	@ (10000924 <initVGA+0x2bc>)
10000890:	f8ce 3000 	str.w	r3, [lr]
10000894:	4628      	mov	r0, r5
10000896:	f8c7 c000 	str.w	ip, [r7]
1000089a:	6817      	ldr	r7, [r2, #0]
1000089c:	f006 fbbc 	bl	10007018 <dma_claim_unused_channel>
100008a0:	f04f 41a0 	mov.w	r1, #1342177280	@ 0x50000000
100008a4:	4b20      	ldr	r3, [pc, #128]	@ (10000928 <initVGA+0x2c0>)
100008a6:	4085      	lsls	r5, r0
100008a8:	0182      	lsls	r2, r0, #6
100008aa:	6018      	str	r0, [r3, #0]
100008ac:	440a      	add	r2, r1
100008ae:	f8c1 5464 	str.w	r5, [r1, #1124]	@ 0x464
100008b2:	68d3      	ldr	r3, [r2, #12]
100008b4:	015b      	lsls	r3, r3, #5
100008b6:	d4fc      	bmi.n	100008b2 <initVGA+0x24a>
100008b8:	f8c1 540c 	str.w	r5, [r1, #1036]	@ 0x40c
100008bc:	21a0      	movs	r1, #160	@ 0xa0
100008be:	9b02      	ldr	r3, [sp, #8]
100008c0:	eb07 0686 	add.w	r6, r7, r6, lsl #2
100008c4:	6013      	str	r3, [r2, #0]
100008c6:	f107 432f 	add.w	r3, r7, #2936012800	@ 0xaf000000
100008ca:	f503 0360 	add.w	r3, r3, #14680064	@ 0xe00000
100008ce:	0d1b      	lsrs	r3, r3, #20
100008d0:	eb04 04c3 	add.w	r4, r4, r3, lsl #3
100008d4:	4b15      	ldr	r3, [pc, #84]	@ (1000092c <initVGA+0x2c4>)
100008d6:	6056      	str	r6, [r2, #4]
100008d8:	ea03 3340 	and.w	r3, r3, r0, lsl #13
100008dc:	ea43 4344 	orr.w	r3, r3, r4, lsl #17
100008e0:	f043 0311 	orr.w	r3, r3, #17
100008e4:	6091      	str	r1, [r2, #8]
100008e6:	6113      	str	r3, [r2, #16]
100008e8:	b00f      	add	sp, #60	@ 0x3c
100008ea:	ecbd 8b02 	vpop	{d8}
100008ee:	e8bd 8ff0 	ldmia.w	sp!, {r4, r5, r6, r7, r8, r9, sl, fp, pc}
100008f2:	bf00      	nop
100008f4:	f3af 8000 	nop.w
100008f8:	00010000 	.word	0x00010000
100008fc:	0001f000 	.word	0x0001f000
10000900:	400c0000 	.word	0x400c0000
10000904:	0c300252 	.word	0x0c300252
10000908:	10008084 	.word	0x10008084
1000090c:	50200000 	.word	0x50200000
10000910:	10008060 	.word	0x10008060
10000914:	10008044 	.word	0x10008044
10000918:	20002b64 	.word	0x20002b64
1000091c:	44004620 	.word	0x44004620
10000920:	20001bd0 	.word	0x20001bd0
10000924:	20002ff8 	.word	0x20002ff8
10000928:	20002fc0 	.word	0x20002fc0
1000092c:	fc01fffd 	.word	0xfc01fffd
10000930:	20001bc8 	.word	0x20001bc8
10000934:	20001bc4 	.word	0x20001bc4
10000938:	04000200 	.word	0x04000200
1000093c:	50202000 	.word	0x50202000
10000940:	49af      	ldr	r1, [pc, #700]	@ (10000c00 <initVGA+0x598>)
10000942:	48b0      	ldr	r0, [pc, #704]	@ (10000c04 <initVGA+0x59c>)
10000944:	f006 fa04 	bl	10006d50 <pio_add_program>
10000948:	49af      	ldr	r1, [pc, #700]	@ (10000c08 <initVGA+0x5a0>)
1000094a:	4680      	mov	r8, r0
1000094c:	48ad      	ldr	r0, [pc, #692]	@ (10000c04 <initVGA+0x59c>)
1000094e:	f006 f9ff 	bl	10006d50 <pio_add_program>
10000952:	49ae      	ldr	r1, [pc, #696]	@ (10000c0c <initVGA+0x5a4>)
10000954:	4607      	mov	r7, r0
10000956:	48ab      	ldr	r0, [pc, #684]	@ (10000c04 <initVGA+0x59c>)
10000958:	f006 f9fa 	bl	10006d50 <pio_add_program>
1000095c:	4603      	mov	r3, r0
1000095e:	ed9f 8ba4 	vldr	d8, [pc, #656]	@ 10000bf0 <initVGA+0x588>
10000962:	4aab      	ldr	r2, [pc, #684]	@ (10000c10 <initVGA+0x5a8>)
10000964:	f8df a2c8 	ldr.w	sl, [pc, #712]	@ 10000c30 <initVGA+0x5c8>
10000968:	6811      	ldr	r1, [r2, #0]
1000096a:	48a6      	ldr	r0, [pc, #664]	@ (10000c04 <initVGA+0x59c>)
1000096c:	f8df b2c4 	ldr.w	fp, [pc, #708]	@ 10000c34 <initVGA+0x5cc>
10000970:	9303      	str	r3, [sp, #12]
10000972:	f006 f9c9 	bl	10006d08 <pio_sm_claim>
10000976:	48a3      	ldr	r0, [pc, #652]	@ (10000c04 <initVGA+0x59c>)
10000978:	f8da 1000 	ldr.w	r1, [sl]
1000097c:	f006 f9c4 	bl	10006d08 <pio_sm_claim>
10000980:	48a0      	ldr	r0, [pc, #640]	@ (10000c04 <initVGA+0x59c>)
10000982:	f8db 1000 	ldr.w	r1, [fp]
10000986:	f006 f9bf 	bl	10006d08 <pio_sm_claim>
1000098a:	f44f 2940 	mov.w	r9, #786432	@ 0xc0000
1000098e:	2100      	movs	r1, #0
10000990:	ed8d 8b06 	vstr	d8, [sp, #24]
10000994:	4a9e      	ldr	r2, [pc, #632]	@ (10000c10 <initVGA+0x5a8>)
10000996:	e9cd 9108 	strd	r9, r1, [sp, #32]
1000099a:	f108 0608 	add.w	r6, r8, #8
1000099e:	6810      	ldr	r0, [r2, #0]
100009a0:	f108 0301 	add.w	r3, r8, #1
100009a4:	0336      	lsls	r6, r6, #12
100009a6:	ac06      	add	r4, sp, #24
100009a8:	ad0a      	add	r5, sp, #40	@ 0x28
100009aa:	ea46 16c3 	orr.w	r6, r6, r3, lsl #7
100009ae:	f44f 2cc0 	mov.w	ip, #393216	@ 0x60000
100009b2:	9005      	str	r0, [sp, #20]
100009b4:	e894 000f 	ldmia.w	r4, {r0, r1, r2, r3}
100009b8:	e885 000f 	stmia.w	r5, {r0, r1, r2, r3}
100009bc:	960b      	str	r6, [sp, #44]	@ 0x2c
100009be:	2601      	movs	r6, #1
100009c0:	e895 000f 	ldmia.w	r5, {r0, r1, r2, r3}
100009c4:	f8df e270 	ldr.w	lr, [pc, #624]	@ 10000c38 <initVGA+0x5d0>
100009c8:	e884 000f 	stmia.w	r4, {r0, r1, r2, r3}
100009cc:	2106      	movs	r1, #6
100009ce:	2010      	movs	r0, #16
100009d0:	f8cd e024 	str.w	lr, [sp, #36]	@ 0x24
100009d4:	f8cd c018 	str.w	ip, [sp, #24]
100009d8:	f002 f856 	bl	10002a88 <gpio_set_function>
100009dc:	4633      	mov	r3, r6
100009de:	2210      	movs	r2, #16
100009e0:	9905      	ldr	r1, [sp, #20]
100009e2:	9600      	str	r6, [sp, #0]
100009e4:	4887      	ldr	r0, [pc, #540]	@ (10000c04 <initVGA+0x59c>)
100009e6:	f006 fa7d 	bl	10006ee4 <pio_sm_set_consecutive_pindirs>
100009ea:	4623      	mov	r3, r4
100009ec:	4642      	mov	r2, r8
100009ee:	9905      	ldr	r1, [sp, #20]
100009f0:	4884      	ldr	r0, [pc, #528]	@ (10000c04 <initVGA+0x59c>)
100009f2:	f006 fabd 	bl	10006f70 <pio_sm_init>
100009f6:	f44f 3380 	mov.w	r3, #65536	@ 0x10000
100009fa:	930a      	str	r3, [sp, #40]	@ 0x28
100009fc:	f107 030d 	add.w	r3, r7, #13
10000a00:	19ba      	adds	r2, r7, r6
10000a02:	031b      	lsls	r3, r3, #12
10000a04:	ea43 13c2 	orr.w	r3, r3, r2, lsl #7
10000a08:	f023 43c0 	bic.w	r3, r3, #1610612736	@ 0x60000000
10000a0c:	f043 4380 	orr.w	r3, r3, #1073741824	@ 0x40000000
10000a10:	f8da 8000 	ldr.w	r8, [sl]
10000a14:	930b      	str	r3, [sp, #44]	@ 0x2c
10000a16:	4b7f      	ldr	r3, [pc, #508]	@ (10000c14 <initVGA+0x5ac>)
10000a18:	2106      	movs	r1, #6
10000a1a:	2011      	movs	r0, #17
10000a1c:	f8cd 9030 	str.w	r9, [sp, #48]	@ 0x30
10000a20:	930d      	str	r3, [sp, #52]	@ 0x34
10000a22:	f002 f831 	bl	10002a88 <gpio_set_function>
10000a26:	4633      	mov	r3, r6
10000a28:	4641      	mov	r1, r8
10000a2a:	2211      	movs	r2, #17
10000a2c:	9600      	str	r6, [sp, #0]
10000a2e:	4875      	ldr	r0, [pc, #468]	@ (10000c04 <initVGA+0x59c>)
10000a30:	f006 fa58 	bl	10006ee4 <pio_sm_set_consecutive_pindirs>
10000a34:	463a      	mov	r2, r7
10000a36:	4641      	mov	r1, r8
10000a38:	462b      	mov	r3, r5
10000a3a:	4872      	ldr	r0, [pc, #456]	@ (10000c04 <initVGA+0x59c>)
10000a3c:	f006 fa98 	bl	10006f70 <pio_sm_init>
10000a40:	2100      	movs	r1, #0
10000a42:	ed8d 8b06 	vstr	d8, [sp, #24]
10000a46:	9b03      	ldr	r3, [sp, #12]
10000a48:	e9cd 9108 	strd	r9, r1, [sp, #32]
10000a4c:	f20f 19a8 	addw	r9, pc, #424	@ 0x1a8
10000a50:	e9d9 8900 	ldrd	r8, r9, [r9]
10000a54:	f103 0c08 	add.w	ip, r3, #8
10000a58:	ea4f 3c0c 	mov.w	ip, ip, lsl #12
10000a5c:	3302      	adds	r3, #2
10000a5e:	ea4c 1cc3 	orr.w	ip, ip, r3, lsl #7
10000a62:	e894 000f 	ldmia.w	r4, {r0, r1, r2, r3}
10000a66:	e885 000f 	stmia.w	r5, {r0, r1, r2, r3}
10000a6a:	f8cd c02c 	str.w	ip, [sp, #44]	@ 0x2c
10000a6e:	e895 000f 	ldmia.w	r5, {r0, r1, r2, r3}
10000a72:	e884 000f 	stmia.w	r4, {r0, r1, r2, r3}
10000a76:	2106      	movs	r1, #6
10000a78:	2012      	movs	r0, #18
10000a7a:	f8db 7000 	ldr.w	r7, [fp]
10000a7e:	e9cd 8908 	strd	r8, r9, [sp, #32]
10000a82:	f002 f801 	bl	10002a88 <gpio_set_function>
10000a86:	2106      	movs	r1, #6
10000a88:	2013      	movs	r0, #19
10000a8a:	f001 fffd 	bl	10002a88 <gpio_set_function>
10000a8e:	2106      	movs	r1, #6
10000a90:	2014      	movs	r0, #20
10000a92:	f001 fff9 	bl	10002a88 <gpio_set_function>
10000a96:	2303      	movs	r3, #3
10000a98:	2212      	movs	r2, #18
10000a9a:	4639      	mov	r1, r7
10000a9c:	9600      	str	r6, [sp, #0]
10000a9e:	4859      	ldr	r0, [pc, #356]	@ (10000c04 <initVGA+0x59c>)
10000aa0:	f006 fa20 	bl	10006ee4 <pio_sm_set_consecutive_pindirs>
10000aa4:	4623      	mov	r3, r4
10000aa6:	9a03      	ldr	r2, [sp, #12]
10000aa8:	4639      	mov	r1, r7
10000aaa:	4856      	ldr	r0, [pc, #344]	@ (10000c04 <initVGA+0x59c>)
10000aac:	f006 fa60 	bl	10006f70 <pio_sm_init>
10000ab0:	4a57      	ldr	r2, [pc, #348]	@ (10000c10 <initVGA+0x5a8>)
10000ab2:	4c54      	ldr	r4, [pc, #336]	@ (10000c04 <initVGA+0x59c>)
10000ab4:	6812      	ldr	r2, [r2, #0]
10000ab6:	f102 0310 	add.w	r3, r2, #16
10000aba:	409e      	lsls	r6, r3
10000abc:	6863      	ldr	r3, [r4, #4]
10000abe:	4233      	tst	r3, r6
10000ac0:	d1fc      	bne.n	10000abc <initVGA+0x454>
10000ac2:	f240 258f 	movw	r5, #655	@ 0x28f
10000ac6:	2101      	movs	r1, #1
10000ac8:	f8da 0000 	ldr.w	r0, [sl]
10000acc:	1d13      	adds	r3, r2, #4
10000ace:	f844 5023 	str.w	r5, [r4, r3, lsl #2]
10000ad2:	f100 0310 	add.w	r3, r0, #16
10000ad6:	4c4b      	ldr	r4, [pc, #300]	@ (10000c04 <initVGA+0x59c>)
10000ad8:	4099      	lsls	r1, r3
10000ada:	6863      	ldr	r3, [r4, #4]
10000adc:	420b      	tst	r3, r1
10000ade:	d1fc      	bne.n	10000ada <initVGA+0x472>
10000ae0:	f240 16df 	movw	r6, #479	@ 0x1df
10000ae4:	2101      	movs	r1, #1
10000ae6:	f8db 5000 	ldr.w	r5, [fp]
10000aea:	1d03      	adds	r3, r0, #4
10000aec:	f844 6023 	str.w	r6, [r4, r3, lsl #2]
10000af0:	4f44      	ldr	r7, [pc, #272]	@ (10000c04 <initVGA+0x59c>)
10000af2:	f105 0310 	add.w	r3, r5, #16
10000af6:	4099      	lsls	r1, r3
10000af8:	687b      	ldr	r3, [r7, #4]
10000afa:	420b      	tst	r3, r1
10000afc:	d1fc      	bne.n	10000af8 <initVGA+0x490>
10000afe:	2301      	movs	r3, #1
10000b00:	f240 1e3f 	movw	lr, #319	@ 0x13f
10000b04:	f04f 41a0 	mov.w	r1, #1342177280	@ 0x50000000
10000b08:	fa03 f000 	lsl.w	r0, r3, r0
10000b0c:	fa03 f202 	lsl.w	r2, r3, r2
10000b10:	f105 0c04 	add.w	ip, r5, #4
10000b14:	4302      	orrs	r2, r0
10000b16:	fa03 f505 	lsl.w	r5, r3, r5
10000b1a:	432a      	orrs	r2, r5
10000b1c:	0210      	lsls	r0, r2, #8
10000b1e:	f400 6070 	and.w	r0, r0, #3840	@ 0xf00
10000b22:	4e3d      	ldr	r6, [pc, #244]	@ (10000c18 <initVGA+0x5b0>)
10000b24:	4c3d      	ldr	r4, [pc, #244]	@ (10000c1c <initVGA+0x5b4>)
10000b26:	f002 020f 	and.w	r2, r2, #15
10000b2a:	4302      	orrs	r2, r0
10000b2c:	f847 e02c 	str.w	lr, [r7, ip, lsl #2]
10000b30:	6032      	str	r2, [r6, #0]
10000b32:	6822      	ldr	r2, [r4, #0]
10000b34:	fa03 f002 	lsl.w	r0, r3, r2
10000b38:	4b39      	ldr	r3, [pc, #228]	@ (10000c20 <initVGA+0x5b8>)
10000b3a:	0192      	lsls	r2, r2, #6
10000b3c:	681d      	ldr	r5, [r3, #0]
10000b3e:	440a      	add	r2, r1
10000b40:	f8c1 0464 	str.w	r0, [r1, #1124]	@ 0x464
10000b44:	68d3      	ldr	r3, [r2, #12]
10000b46:	015e      	lsls	r6, r3, #5
10000b48:	d4fc      	bmi.n	10000b44 <initVGA+0x4dc>
10000b4a:	f8c1 040c 	str.w	r0, [r1, #1036]	@ 0x40c
10000b4e:	2001      	movs	r0, #1
10000b50:	f04f 46a0 	mov.w	r6, #1342177280	@ 0x50000000
10000b54:	4f33      	ldr	r7, [pc, #204]	@ (10000c24 <initVGA+0x5bc>)
10000b56:	683b      	ldr	r3, [r7, #0]
10000b58:	019a      	lsls	r2, r3, #6
10000b5a:	4098      	lsls	r0, r3
10000b5c:	4432      	add	r2, r6
10000b5e:	f8c1 0464 	str.w	r0, [r1, #1124]	@ 0x464
10000b62:	68d3      	ldr	r3, [r2, #12]
10000b64:	015b      	lsls	r3, r3, #5
10000b66:	d4fc      	bmi.n	10000b62 <initVGA+0x4fa>
10000b68:	f8c6 040c 	str.w	r0, [r6, #1036]	@ 0x40c
10000b6c:	2001      	movs	r0, #1
10000b6e:	f006 fa53 	bl	10007018 <dma_claim_unused_channel>
10000b72:	6020      	str	r0, [r4, #0]
10000b74:	2001      	movs	r0, #1
10000b76:	f006 fa4f 	bl	10007018 <dma_claim_unused_channel>
10000b7a:	2101      	movs	r1, #1
10000b7c:	f8d4 c000 	ldr.w	ip, [r4]
10000b80:	f8db 4000 	ldr.w	r4, [fp]
10000b84:	4a28      	ldr	r2, [pc, #160]	@ (10000c28 <initVGA+0x5c0>)
10000b86:	f104 0e04 	add.w	lr, r4, #4
10000b8a:	eb05 048e 	add.w	r4, r5, lr, lsl #2
10000b8e:	9d02      	ldr	r5, [sp, #8]
10000b90:	6038      	str	r0, [r7, #0]
10000b92:	ea02 324c 	and.w	r2, r2, ip, lsl #13
10000b96:	682f      	ldr	r7, [r5, #0]
10000b98:	ea4f 158c 	mov.w	r5, ip, lsl #6
10000b9c:	f105 45a0 	add.w	r5, r5, #1342177280	@ 0x50000000
10000ba0:	ea42 3240 	orr.w	r2, r2, r0, lsl #13
10000ba4:	4b21      	ldr	r3, [pc, #132]	@ (10000c2c <initVGA+0x5c4>)
10000ba6:	602f      	str	r7, [r5, #0]
10000ba8:	f442 2280 	orr.w	r2, r2, #262144	@ 0x40000
10000bac:	606c      	str	r4, [r5, #4]
10000bae:	9c04      	ldr	r4, [sp, #16]
10000bb0:	ea03 3340 	and.w	r3, r3, r0, lsl #13
10000bb4:	f042 0211 	orr.w	r2, r2, #17
10000bb8:	60ac      	str	r4, [r5, #8]
10000bba:	ea43 334c 	orr.w	r3, r3, ip, lsl #13
10000bbe:	612a      	str	r2, [r5, #16]
10000bc0:	0180      	lsls	r0, r0, #6
10000bc2:	9a02      	ldr	r2, [sp, #8]
10000bc4:	f100 40a0 	add.w	r0, r0, #1342177280	@ 0x50000000
10000bc8:	f443 03fc 	orr.w	r3, r3, #8257536	@ 0x7e0000
10000bcc:	6002      	str	r2, [r0, #0]
10000bce:	f043 0309 	orr.w	r3, r3, #9
10000bd2:	fa01 f20c 	lsl.w	r2, r1, ip
10000bd6:	6045      	str	r5, [r0, #4]
10000bd8:	6081      	str	r1, [r0, #8]
10000bda:	6103      	str	r3, [r0, #16]
10000bdc:	f8c6 2450 	str.w	r2, [r6, #1104]	@ 0x450
10000be0:	b00f      	add	sp, #60	@ 0x3c
10000be2:	ecbd 8b02 	vpop	{d8}
10000be6:	e8bd 8ff0 	ldmia.w	sp!, {r4, r5, r6, r7, r8, r9, sl, fp, pc}
10000bea:	bf00      	nop
10000bec:	f3af 8000 	nop.w
10000bf0:	00010000 	.word	0x00010000
10000bf4:	0001f000 	.word	0x0001f000
10000bf8:	400c0000 	.word	0x400c0000
10000bfc:	0c300252 	.word	0x0c300252
10000c00:	10008028 	.word	0x10008028
10000c04:	50200000 	.word	0x50200000
10000c08:	10008004 	.word	0x10008004
10000c0c:	10007fe8 	.word	0x10007fe8
10000c10:	20002b64 	.word	0x20002b64
10000c14:	44004620 	.word	0x44004620
10000c18:	50202000 	.word	0x50202000
10000c1c:	20002fc0 	.word	0x20002fc0
10000c20:	20001bd0 	.word	0x20001bd0
10000c24:	20002fc4 	.word	0x20002fc4
10000c28:	fc001ffd 	.word	0xfc001ffd
10000c2c:	fc7e1ffd 	.word	0xfc7e1ffd
10000c30:	20001bc8 	.word	0x20001bc8
10000c34:	20001bc4 	.word	0x20001bc4
10000c38:	04000200 	.word	0x04000200

10000c3c <dec_cursor_x>:
10000c3c:	4b05      	ldr	r3, [pc, #20]	@ (10000c54 <dec_cursor_x+0x18>)
10000c3e:	681b      	ldr	r3, [r3, #0]
10000c40:	6d5b      	ldr	r3, [r3, #84]	@ 0x54
10000c42:	685a      	ldr	r2, [r3, #4]
10000c44:	7c19      	ldrb	r1, [r3, #16]
10000c46:	8813      	ldrh	r3, [r2, #0]
10000c48:	1a5b      	subs	r3, r3, r1
10000c4a:	b21b      	sxth	r3, r3
10000c4c:	ea23 73e3 	bic.w	r3, r3, r3, asr #31
10000c50:	8013      	strh	r3, [r2, #0]
10000c52:	4770      	bx	lr
10000c54:	20002ff0 	.word	0x20002ff0

10000c58 <dec_cursor_y>:
10000c58:	4b05      	ldr	r3, [pc, #20]	@ (10000c70 <dec_cursor_y+0x18>)
10000c5a:	681b      	ldr	r3, [r3, #0]
10000c5c:	6d5b      	ldr	r3, [r3, #84]	@ 0x54
10000c5e:	685a      	ldr	r2, [r3, #4]
10000c60:	7c59      	ldrb	r1, [r3, #17]
10000c62:	8853      	ldrh	r3, [r2, #2]
10000c64:	1a5b      	subs	r3, r3, r1
10000c66:	b21b      	sxth	r3, r3
10000c68:	ea23 73e3 	bic.w	r3, r3, r3, asr #31
10000c6c:	8053      	strh	r3, [r2, #2]
10000c6e:	4770      	bx	lr
10000c70:	20002ff0 	.word	0x20002ff0

10000c74 <inc_cursor_x>:
10000c74:	4b0b      	ldr	r3, [pc, #44]	@ (10000ca4 <inc_cursor_x+0x30>)
10000c76:	681b      	ldr	r3, [r3, #0]
10000c78:	6d59      	ldr	r1, [r3, #84]	@ 0x54
10000c7a:	684a      	ldr	r2, [r1, #4]
10000c7c:	7c0b      	ldrb	r3, [r1, #16]
10000c7e:	8810      	ldrh	r0, [r2, #0]
10000c80:	4403      	add	r3, r0
10000c82:	b21b      	sxth	r3, r3
10000c84:	2b4f      	cmp	r3, #79	@ 0x4f
10000c86:	dc01      	bgt.n	10000c8c <inc_cursor_x+0x18>
10000c88:	8013      	strh	r3, [r2, #0]
10000c8a:	4770      	bx	lr
10000c8c:	2000      	movs	r0, #0
10000c8e:	8010      	strh	r0, [r2, #0]
10000c90:	f8b2 c002 	ldrh.w	ip, [r2, #2]
10000c94:	7c4b      	ldrb	r3, [r1, #17]
10000c96:	4463      	add	r3, ip
10000c98:	b21b      	sxth	r3, r3
10000c9a:	2b1e      	cmp	r3, #30
10000c9c:	bfd4      	ite	le
10000c9e:	8053      	strhle	r3, [r2, #2]
10000ca0:	8050      	strhgt	r0, [r2, #2]
10000ca2:	4770      	bx	lr
10000ca4:	20002ff0 	.word	0x20002ff0

10000ca8 <inc_cursor_y>:
10000ca8:	4b06      	ldr	r3, [pc, #24]	@ (10000cc4 <inc_cursor_y+0x1c>)
10000caa:	681b      	ldr	r3, [r3, #0]
10000cac:	6d5b      	ldr	r3, [r3, #84]	@ 0x54
10000cae:	685a      	ldr	r2, [r3, #4]
10000cb0:	7c5b      	ldrb	r3, [r3, #17]
10000cb2:	8851      	ldrh	r1, [r2, #2]
10000cb4:	440b      	add	r3, r1
10000cb6:	b21b      	sxth	r3, r3
10000cb8:	2b1f      	cmp	r3, #31
10000cba:	bfa8      	it	ge
10000cbc:	2300      	movge	r3, #0
10000cbe:	8053      	strh	r3, [r2, #2]
10000cc0:	4770      	bx	lr
10000cc2:	bf00      	nop
10000cc4:	20002ff0 	.word	0x20002ff0

10000cc8 <set_vga_data_array>:
10000cc8:	4b02      	ldr	r3, [pc, #8]	@ (10000cd4 <set_vga_data_array+0xc>)
10000cca:	681b      	ldr	r3, [r3, #0]
10000ccc:	6d5b      	ldr	r3, [r3, #84]	@ 0x54
10000cce:	6298      	str	r0, [r3, #40]	@ 0x28
10000cd0:	4770      	bx	lr
10000cd2:	bf00      	nop
10000cd4:	20002ff0 	.word	0x20002ff0

10000cd8 <set_vga_home>:
10000cd8:	2100      	movs	r1, #0
10000cda:	b510      	push	{r4, lr}
10000cdc:	4c06      	ldr	r4, [pc, #24]	@ (10000cf8 <set_vga_home+0x20>)
10000cde:	4608      	mov	r0, r1
10000ce0:	6823      	ldr	r3, [r4, #0]
10000ce2:	6d5a      	ldr	r2, [r3, #84]	@ 0x54
10000ce4:	691b      	ldr	r3, [r3, #16]
10000ce6:	6852      	ldr	r2, [r2, #4]
10000ce8:	7111      	strb	r1, [r2, #4]
10000cea:	4798      	blx	r3
10000cec:	2201      	movs	r2, #1
10000cee:	6823      	ldr	r3, [r4, #0]
10000cf0:	6d5b      	ldr	r3, [r3, #84]	@ 0x54
10000cf2:	685b      	ldr	r3, [r3, #4]
10000cf4:	711a      	strb	r2, [r3, #4]
10000cf6:	bd10      	pop	{r4, pc}
10000cf8:	20002ff0 	.word	0x20002ff0

10000cfc <set_vga_mode>:
10000cfc:	4b0a      	ldr	r3, [pc, #40]	@ (10000d28 <set_vga_mode+0x2c>)
10000cfe:	681b      	ldr	r3, [r3, #0]
10000d00:	6d5b      	ldr	r3, [r3, #84]	@ 0x54
10000d02:	7218      	strb	r0, [r3, #8]
10000d04:	2805      	cmp	r0, #5
10000d06:	d80a      	bhi.n	10000d1e <set_vga_mode+0x22>
10000d08:	e8df f000 	tbb	[pc, r0]
10000d0c:	03030606 	.word	0x03030606
10000d10:	0306      	.short	0x0306
10000d12:	4a06      	ldr	r2, [pc, #24]	@ (10000d2c <set_vga_mode+0x30>)
10000d14:	601a      	str	r2, [r3, #0]
10000d16:	4770      	bx	lr
10000d18:	4a05      	ldr	r2, [pc, #20]	@ (10000d30 <set_vga_mode+0x34>)
10000d1a:	601a      	str	r2, [r3, #0]
10000d1c:	4770      	bx	lr
10000d1e:	2202      	movs	r2, #2
10000d20:	4902      	ldr	r1, [pc, #8]	@ (10000d2c <set_vga_mode+0x30>)
10000d22:	721a      	strb	r2, [r3, #8]
10000d24:	6019      	str	r1, [r3, #0]
10000d26:	4770      	bx	lr
10000d28:	20002ff0 	.word	0x20002ff0
10000d2c:	01e00280 	.word	0x01e00280
10000d30:	00f00140 	.word	0x00f00140

10000d34 <setTextCursor>:
10000d34:	4b0f      	ldr	r3, [pc, #60]	@ (10000d74 <setTextCursor+0x40>)
10000d36:	681b      	ldr	r3, [r3, #0]
10000d38:	6d5b      	ldr	r3, [r3, #84]	@ 0x54
10000d3a:	f8b3 c000 	ldrh.w	ip, [r3]
10000d3e:	4584      	cmp	ip, r0
10000d40:	d917      	bls.n	10000d72 <setTextCursor+0x3e>
10000d42:	b500      	push	{lr}
10000d44:	f8b3 e002 	ldrh.w	lr, [r3, #2]
10000d48:	458e      	cmp	lr, r1
10000d4a:	d910      	bls.n	10000d6e <setTextCursor+0x3a>
10000d4c:	7c1a      	ldrb	r2, [r3, #16]
10000d4e:	fb12 f200 	smulbb	r2, r2, r0
10000d52:	6858      	ldr	r0, [r3, #4]
10000d54:	7c5b      	ldrb	r3, [r3, #17]
10000d56:	b292      	uxth	r2, r2
10000d58:	fb13 f301 	smulbb	r3, r3, r1
10000d5c:	b29b      	uxth	r3, r3
10000d5e:	4594      	cmp	ip, r2
10000d60:	bf98      	it	ls
10000d62:	2200      	movls	r2, #0
10000d64:	459e      	cmp	lr, r3
10000d66:	bf98      	it	ls
10000d68:	2300      	movls	r3, #0
10000d6a:	8002      	strh	r2, [r0, #0]
10000d6c:	8043      	strh	r3, [r0, #2]
10000d6e:	f85d fb04 	ldr.w	pc, [sp], #4
10000d72:	4770      	bx	lr
10000d74:	20002ff0 	.word	0x20002ff0

10000d78 <getTextSize>:
10000d78:	4b02      	ldr	r3, [pc, #8]	@ (10000d84 <getTextSize+0xc>)
10000d7a:	681b      	ldr	r3, [r3, #0]
10000d7c:	6d5b      	ldr	r3, [r3, #84]	@ 0x54
10000d7e:	7c98      	ldrb	r0, [r3, #18]
10000d80:	4770      	bx	lr
10000d82:	bf00      	nop
10000d84:	20002ff0 	.word	0x20002ff0

10000d88 <set_blink_interval>:
10000d88:	4b02      	ldr	r3, [pc, #8]	@ (10000d94 <set_blink_interval+0xc>)
10000d8a:	681b      	ldr	r3, [r3, #0]
10000d8c:	6d5b      	ldr	r3, [r3, #84]	@ 0x54
10000d8e:	685b      	ldr	r3, [r3, #4]
10000d90:	80d8      	strh	r0, [r3, #6]
10000d92:	4770      	bx	lr
10000d94:	20002ff0 	.word	0x20002ff0

10000d98 <get_blink_interval>:
10000d98:	4b02      	ldr	r3, [pc, #8]	@ (10000da4 <get_blink_interval+0xc>)
10000d9a:	681b      	ldr	r3, [r3, #0]
10000d9c:	6d5b      	ldr	r3, [r3, #84]	@ 0x54
10000d9e:	685b      	ldr	r3, [r3, #4]
10000da0:	88d8      	ldrh	r0, [r3, #6]
10000da2:	4770      	bx	lr
10000da4:	20002ff0 	.word	0x20002ff0

10000da8 <setTextCursorVisible>:
10000da8:	4b02      	ldr	r3, [pc, #8]	@ (10000db4 <setTextCursorVisible+0xc>)
10000daa:	681b      	ldr	r3, [r3, #0]
10000dac:	6d5b      	ldr	r3, [r3, #84]	@ 0x54
10000dae:	685b      	ldr	r3, [r3, #4]
10000db0:	7118      	strb	r0, [r3, #4]
10000db2:	4770      	bx	lr
10000db4:	20002ff0 	.word	0x20002ff0

10000db8 <setTextCursorBlink>:
10000db8:	4b02      	ldr	r3, [pc, #8]	@ (10000dc4 <setTextCursorBlink+0xc>)
10000dba:	681b      	ldr	r3, [r3, #0]
10000dbc:	6d5b      	ldr	r3, [r3, #84]	@ 0x54
10000dbe:	685b      	ldr	r3, [r3, #4]
10000dc0:	7158      	strb	r0, [r3, #5]
10000dc2:	4770      	bx	lr
10000dc4:	20002ff0 	.word	0x20002ff0

10000dc8 <setTextColor>:
10000dc8:	4b02      	ldr	r3, [pc, #8]	@ (10000dd4 <setTextColor+0xc>)
10000dca:	681b      	ldr	r3, [r3, #0]
10000dcc:	6d5b      	ldr	r3, [r3, #84]	@ 0x54
10000dce:	7618      	strb	r0, [r3, #24]
10000dd0:	7659      	strb	r1, [r3, #25]
10000dd2:	4770      	bx	lr
10000dd4:	20002ff0 	.word	0x20002ff0

10000dd8 <getTextColor>:
10000dd8:	4b02      	ldr	r3, [pc, #8]	@ (10000de4 <getTextColor+0xc>)
10000dda:	681b      	ldr	r3, [r3, #0]
10000ddc:	6d5b      	ldr	r3, [r3, #84]	@ 0x54
10000dde:	7e18      	ldrb	r0, [r3, #24]
10000de0:	4770      	bx	lr
10000de2:	bf00      	nop
10000de4:	20002ff0 	.word	0x20002ff0

10000de8 <clrscr>:
10000de8:	4b06      	ldr	r3, [pc, #24]	@ (10000e04 <clrscr+0x1c>)
10000dea:	b510      	push	{r4, lr}
10000dec:	681b      	ldr	r3, [r3, #0]
10000dee:	2100      	movs	r1, #0
10000df0:	6d5c      	ldr	r4, [r3, #84]	@ 0x54
10000df2:	69e2      	ldr	r2, [r4, #28]
10000df4:	6aa0      	ldr	r0, [r4, #40]	@ 0x28
10000df6:	f006 fc67 	bl	100076c8 <memset>
10000dfa:	2200      	movs	r2, #0
10000dfc:	6863      	ldr	r3, [r4, #4]
10000dfe:	601a      	str	r2, [r3, #0]
10000e00:	bd10      	pop	{r4, pc}
10000e02:	bf00      	nop
10000e04:	20002ff0 	.word	0x20002ff0

10000e08 <get_vga>:
10000e08:	4b01      	ldr	r3, [pc, #4]	@ (10000e10 <get_vga+0x8>)
10000e0a:	6818      	ldr	r0, [r3, #0]
10000e0c:	4770      	bx	lr
10000e0e:	bf00      	nop
10000e10:	20002ff0 	.word	0x20002ff0

10000e14 <drawPixel>:
10000e14:	4b11      	ldr	r3, [pc, #68]	@ (10000e5c <drawPixel+0x48>)
10000e16:	b530      	push	{r4, r5, lr}
10000e18:	681b      	ldr	r3, [r3, #0]
10000e1a:	6d5c      	ldr	r4, [r3, #84]	@ 0x54
10000e1c:	ea40 0301 	orr.w	r3, r0, r1
10000e20:	f8b4 e002 	ldrh.w	lr, [r4, #2]
10000e24:	0fdb      	lsrs	r3, r3, #31
10000e26:	458e      	cmp	lr, r1
10000e28:	bfd8      	it	le
10000e2a:	f043 0301 	orrle.w	r3, r3, #1
10000e2e:	f8b4 c000 	ldrh.w	ip, [r4]
10000e32:	b96b      	cbnz	r3, 10000e50 <drawPixel+0x3c>
10000e34:	4584      	cmp	ip, r0
10000e36:	dd0b      	ble.n	10000e50 <drawPixel+0x3c>
10000e38:	fb01 000c 	mla	r0, r1, ip, r0
10000e3c:	6aa5      	ldr	r5, [r4, #40]	@ 0x28
10000e3e:	1041      	asrs	r1, r0, #1
10000e40:	07c0      	lsls	r0, r0, #31
10000e42:	5c6b      	ldrb	r3, [r5, r1]
10000e44:	d505      	bpl.n	10000e52 <drawPixel+0x3e>
10000e46:	8c20      	ldrh	r0, [r4, #32]
10000e48:	4003      	ands	r3, r0
10000e4a:	ea43 1202 	orr.w	r2, r3, r2, lsl #4
10000e4e:	546a      	strb	r2, [r5, r1]
10000e50:	bd30      	pop	{r4, r5, pc}
10000e52:	8c60      	ldrh	r0, [r4, #34]	@ 0x22
10000e54:	4003      	ands	r3, r0
10000e56:	431a      	orrs	r2, r3
10000e58:	546a      	strb	r2, [r5, r1]
10000e5a:	bd30      	pop	{r4, r5, pc}
10000e5c:	20002ff0 	.word	0x20002ff0

10000e60 <put_cursor>:
10000e60:	4b7f      	ldr	r3, [pc, #508]	@ (10001060 <put_cursor+0x200>)
10000e62:	e92d 4ff0 	stmdb	sp!, {r4, r5, r6, r7, r8, r9, sl, fp, lr}
10000e66:	681b      	ldr	r3, [r3, #0]
10000e68:	b085      	sub	sp, #20
10000e6a:	f8d3 9054 	ldr.w	r9, [r3, #84]	@ 0x54
10000e6e:	f8d9 3004 	ldr.w	r3, [r9, #4]
10000e72:	f899 7018 	ldrb.w	r7, [r9, #24]
10000e76:	f893 8004 	ldrb.w	r8, [r3, #4]
10000e7a:	f899 6019 	ldrb.w	r6, [r9, #25]
10000e7e:	f9b3 4000 	ldrsh.w	r4, [r3]
10000e82:	f9b3 a002 	ldrsh.w	sl, [r3, #2]
10000e86:	f1b8 0f00 	cmp.w	r8, #0
10000e8a:	d07a      	beq.n	10000f82 <put_cursor+0x122>
10000e8c:	f893 8005 	ldrb.w	r8, [r3, #5]
10000e90:	f1b8 0f00 	cmp.w	r8, #0
10000e94:	d03c      	beq.n	10000f10 <put_cursor+0xb0>
10000e96:	4605      	mov	r5, r0
10000e98:	2800      	cmp	r0, #0
10000e9a:	f000 80a9 	beq.w	10000ff0 <put_cursor+0x190>
10000e9e:	7a1d      	ldrb	r5, [r3, #8]
10000ea0:	2208      	movs	r2, #8
10000ea2:	2310      	movs	r3, #16
10000ea4:	4651      	mov	r1, sl
10000ea6:	4620      	mov	r0, r4
10000ea8:	9600      	str	r6, [sp, #0]
10000eaa:	f001 fca5 	bl	100027f8 <fillRect>
10000eae:	f899 3011 	ldrb.w	r3, [r9, #17]
10000eb2:	f8d9 2014 	ldr.w	r2, [r9, #20]
10000eb6:	fb15 f503 	smulbb	r5, r5, r3
10000eba:	b333      	cbz	r3, 10000f0a <put_cursor+0xaa>
10000ebc:	2100      	movs	r1, #0
10000ebe:	3d01      	subs	r5, #1
10000ec0:	442a      	add	r2, r5
10000ec2:	f8cd 9008 	str.w	r9, [sp, #8]
10000ec6:	f8cd a00c 	str.w	sl, [sp, #12]
10000eca:	4689      	mov	r9, r1
10000ecc:	4692      	mov	sl, r2
10000ece:	3407      	adds	r4, #7
10000ed0:	f04f 0b07 	mov.w	fp, #7
10000ed4:	9b03      	ldr	r3, [sp, #12]
10000ed6:	f81a 8f01 	ldrb.w	r8, [sl, #1]!
10000eda:	eb03 0509 	add.w	r5, r3, r9
10000ede:	b22d      	sxth	r5, r5
10000ee0:	fa48 f30b 	asr.w	r3, r8, fp
10000ee4:	07db      	lsls	r3, r3, #31
10000ee6:	eba4 000b 	sub.w	r0, r4, fp
10000eea:	bf4c      	ite	mi
10000eec:	463a      	movmi	r2, r7
10000eee:	4632      	movpl	r2, r6
10000ef0:	4629      	mov	r1, r5
10000ef2:	b200      	sxth	r0, r0
10000ef4:	f7ff ff8e 	bl	10000e14 <drawPixel>
10000ef8:	f1bb 0b01 	subs.w	fp, fp, #1
10000efc:	d2f0      	bcs.n	10000ee0 <put_cursor+0x80>
10000efe:	9b02      	ldr	r3, [sp, #8]
10000f00:	f109 0901 	add.w	r9, r9, #1
10000f04:	7c5b      	ldrb	r3, [r3, #17]
10000f06:	4599      	cmp	r9, r3
10000f08:	dbe2      	blt.n	10000ed0 <put_cursor+0x70>
10000f0a:	b005      	add	sp, #20
10000f0c:	e8bd 8ff0 	ldmia.w	sp!, {r4, r5, r6, r7, r8, r9, sl, fp, pc}
10000f10:	7a1d      	ldrb	r5, [r3, #8]
10000f12:	4651      	mov	r1, sl
10000f14:	2310      	movs	r3, #16
10000f16:	2208      	movs	r2, #8
10000f18:	4620      	mov	r0, r4
10000f1a:	9600      	str	r6, [sp, #0]
10000f1c:	f001 fc6c 	bl	100027f8 <fillRect>
10000f20:	f899 3011 	ldrb.w	r3, [r9, #17]
10000f24:	f8d9 1014 	ldr.w	r1, [r9, #20]
10000f28:	fb15 f503 	smulbb	r5, r5, r3
10000f2c:	2b00      	cmp	r3, #0
10000f2e:	d0ec      	beq.n	10000f0a <put_cursor+0xaa>
10000f30:	3d01      	subs	r5, #1
10000f32:	4429      	add	r1, r5
10000f34:	f8cd 9008 	str.w	r9, [sp, #8]
10000f38:	f8cd a00c 	str.w	sl, [sp, #12]
10000f3c:	46c1      	mov	r9, r8
10000f3e:	468a      	mov	sl, r1
10000f40:	3407      	adds	r4, #7
10000f42:	f04f 0b07 	mov.w	fp, #7
10000f46:	9b03      	ldr	r3, [sp, #12]
10000f48:	f81a 8f01 	ldrb.w	r8, [sl, #1]!
10000f4c:	eb03 0509 	add.w	r5, r3, r9
10000f50:	b22d      	sxth	r5, r5
10000f52:	fa48 f30b 	asr.w	r3, r8, fp
10000f56:	07da      	lsls	r2, r3, #31
10000f58:	eba4 000b 	sub.w	r0, r4, fp
10000f5c:	bf4c      	ite	mi
10000f5e:	463a      	movmi	r2, r7
10000f60:	4632      	movpl	r2, r6
10000f62:	4629      	mov	r1, r5
10000f64:	b200      	sxth	r0, r0
10000f66:	f7ff ff55 	bl	10000e14 <drawPixel>
10000f6a:	f1bb 0b01 	subs.w	fp, fp, #1
10000f6e:	d2f0      	bcs.n	10000f52 <put_cursor+0xf2>
10000f70:	9b02      	ldr	r3, [sp, #8]
10000f72:	f109 0901 	add.w	r9, r9, #1
10000f76:	7c5b      	ldrb	r3, [r3, #17]
10000f78:	4599      	cmp	r9, r3
10000f7a:	dbe2      	blt.n	10000f42 <put_cursor+0xe2>
10000f7c:	b005      	add	sp, #20
10000f7e:	e8bd 8ff0 	ldmia.w	sp!, {r4, r5, r6, r7, r8, r9, sl, fp, pc}
10000f82:	2310      	movs	r3, #16
10000f84:	2208      	movs	r2, #8
10000f86:	4651      	mov	r1, sl
10000f88:	4620      	mov	r0, r4
10000f8a:	9600      	str	r6, [sp, #0]
10000f8c:	f001 fc34 	bl	100027f8 <fillRect>
10000f90:	f899 3011 	ldrb.w	r3, [r9, #17]
10000f94:	f8d9 1014 	ldr.w	r1, [r9, #20]
10000f98:	015a      	lsls	r2, r3, #5
10000f9a:	2b00      	cmp	r3, #0
10000f9c:	d0b5      	beq.n	10000f0a <put_cursor+0xaa>
10000f9e:	4411      	add	r1, r2
10000fa0:	f8cd 9008 	str.w	r9, [sp, #8]
10000fa4:	f8cd a00c 	str.w	sl, [sp, #12]
10000fa8:	4642      	mov	r2, r8
10000faa:	4689      	mov	r9, r1
10000fac:	46c2      	mov	sl, r8
10000fae:	3407      	adds	r4, #7
10000fb0:	f04f 0b07 	mov.w	fp, #7
10000fb4:	9b03      	ldr	r3, [sp, #12]
10000fb6:	f819 8b01 	ldrb.w	r8, [r9], #1
10000fba:	eb0a 0503 	add.w	r5, sl, r3
10000fbe:	b22d      	sxth	r5, r5
10000fc0:	fa48 f30b 	asr.w	r3, r8, fp
10000fc4:	07db      	lsls	r3, r3, #31
10000fc6:	eba4 000b 	sub.w	r0, r4, fp
10000fca:	bf4c      	ite	mi
10000fcc:	463a      	movmi	r2, r7
10000fce:	4632      	movpl	r2, r6
10000fd0:	4629      	mov	r1, r5
10000fd2:	b200      	sxth	r0, r0
10000fd4:	f7ff ff1e 	bl	10000e14 <drawPixel>
10000fd8:	f1bb 0b01 	subs.w	fp, fp, #1
10000fdc:	d2f0      	bcs.n	10000fc0 <put_cursor+0x160>
10000fde:	9b02      	ldr	r3, [sp, #8]
10000fe0:	f10a 0a01 	add.w	sl, sl, #1
10000fe4:	7c5b      	ldrb	r3, [r3, #17]
10000fe6:	459a      	cmp	sl, r3
10000fe8:	dbe2      	blt.n	10000fb0 <put_cursor+0x150>
10000fea:	b005      	add	sp, #20
10000fec:	e8bd 8ff0 	ldmia.w	sp!, {r4, r5, r6, r7, r8, r9, sl, fp, pc}
10000ff0:	2310      	movs	r3, #16
10000ff2:	2208      	movs	r2, #8
10000ff4:	4651      	mov	r1, sl
10000ff6:	4620      	mov	r0, r4
10000ff8:	9600      	str	r6, [sp, #0]
10000ffa:	f001 fbfd 	bl	100027f8 <fillRect>
10000ffe:	f899 3011 	ldrb.w	r3, [r9, #17]
10001002:	f8d9 1014 	ldr.w	r1, [r9, #20]
10001006:	015a      	lsls	r2, r3, #5
10001008:	2b00      	cmp	r3, #0
1000100a:	f43f af7e 	beq.w	10000f0a <put_cursor+0xaa>
1000100e:	4411      	add	r1, r2
10001010:	f8cd 9008 	str.w	r9, [sp, #8]
10001014:	f8cd a00c 	str.w	sl, [sp, #12]
10001018:	462a      	mov	r2, r5
1000101a:	46a9      	mov	r9, r5
1000101c:	468a      	mov	sl, r1
1000101e:	3407      	adds	r4, #7
10001020:	f04f 0b07 	mov.w	fp, #7
10001024:	9b03      	ldr	r3, [sp, #12]
10001026:	f81a 8b01 	ldrb.w	r8, [sl], #1
1000102a:	eb09 0503 	add.w	r5, r9, r3
1000102e:	b22d      	sxth	r5, r5
10001030:	fa48 f30b 	asr.w	r3, r8, fp
10001034:	07d9      	lsls	r1, r3, #31
10001036:	eba4 000b 	sub.w	r0, r4, fp
1000103a:	bf4c      	ite	mi
1000103c:	463a      	movmi	r2, r7
1000103e:	4632      	movpl	r2, r6
10001040:	4629      	mov	r1, r5
10001042:	b200      	sxth	r0, r0
10001044:	f7ff fee6 	bl	10000e14 <drawPixel>
10001048:	f1bb 0b01 	subs.w	fp, fp, #1
1000104c:	d2f0      	bcs.n	10001030 <put_cursor+0x1d0>
1000104e:	9b02      	ldr	r3, [sp, #8]
10001050:	f109 0901 	add.w	r9, r9, #1
10001054:	7c5b      	ldrb	r3, [r3, #17]
10001056:	4599      	cmp	r9, r3
10001058:	dbe2      	blt.n	10001020 <put_cursor+0x1c0>
1000105a:	b005      	add	sp, #20
1000105c:	e8bd 8ff0 	ldmia.w	sp!, {r4, r5, r6, r7, r8, r9, sl, fp, pc}
10001060:	20002ff0 	.word	0x20002ff0

10001064 <tft_write>:
10001064:	e92d 4ff0 	stmdb	sp!, {r4, r5, r6, r7, r8, r9, sl, fp, lr}
10001068:	f8df 9320 	ldr.w	r9, [pc, #800]	@ 1000138c <tft_write+0x328>
1000106c:	b089      	sub	sp, #36	@ 0x24
1000106e:	f8d9 3000 	ldr.w	r3, [r9]
10001072:	6d5c      	ldr	r4, [r3, #84]	@ 0x54
10001074:	f1a0 0308 	sub.w	r3, r0, #8
10001078:	2b05      	cmp	r3, #5
1000107a:	d83c      	bhi.n	100010f6 <tft_write+0x92>
1000107c:	e8df f003 	tbb	[pc, r3]
10001080:	3b12ae1b 	.word	0x3b12ae1b
10001084:	033b      	.short	0x033b
10001086:	6863      	ldr	r3, [r4, #4]
10001088:	2200      	movs	r2, #0
1000108a:	2001      	movs	r0, #1
1000108c:	801a      	strh	r2, [r3, #0]
1000108e:	f7ff fee7 	bl	10000e60 <put_cursor>
10001092:	6862      	ldr	r2, [r4, #4]
10001094:	8863      	ldrh	r3, [r4, #2]
10001096:	f9b2 7002 	ldrsh.w	r7, [r2, #2]
1000109a:	429f      	cmp	r7, r3
1000109c:	da1f      	bge.n	100010de <tft_write+0x7a>
1000109e:	b009      	add	sp, #36	@ 0x24
100010a0:	e8bd 8ff0 	ldmia.w	sp!, {r4, r5, r6, r7, r8, r9, sl, fp, pc}
100010a4:	2000      	movs	r0, #0
100010a6:	f7ff fedb 	bl	10000e60 <put_cursor>
100010aa:	6863      	ldr	r3, [r4, #4]
100010ac:	7c62      	ldrb	r2, [r4, #17]
100010ae:	8859      	ldrh	r1, [r3, #2]
100010b0:	440a      	add	r2, r1
100010b2:	805a      	strh	r2, [r3, #2]
100010b4:	e7e8      	b.n	10001088 <tft_write+0x24>
100010b6:	2000      	movs	r0, #0
100010b8:	f7ff fed2 	bl	10000e60 <put_cursor>
100010bc:	6862      	ldr	r2, [r4, #4]
100010be:	7c21      	ldrb	r1, [r4, #16]
100010c0:	8813      	ldrh	r3, [r2, #0]
100010c2:	2001      	movs	r0, #1
100010c4:	1a5b      	subs	r3, r3, r1
100010c6:	b21b      	sxth	r3, r3
100010c8:	ea23 73e3 	bic.w	r3, r3, r3, asr #31
100010cc:	8013      	strh	r3, [r2, #0]
100010ce:	f7ff fec7 	bl	10000e60 <put_cursor>
100010d2:	6862      	ldr	r2, [r4, #4]
100010d4:	8863      	ldrh	r3, [r4, #2]
100010d6:	f9b2 7002 	ldrsh.w	r7, [r2, #2]
100010da:	429f      	cmp	r7, r3
100010dc:	dbdf      	blt.n	1000109e <tft_write+0x3a>
100010de:	f7ff f981 	bl	100003e4 <scroll_up_graphics>
100010e2:	2200      	movs	r2, #0
100010e4:	6863      	ldr	r3, [r4, #4]
100010e6:	801a      	strh	r2, [r3, #0]
100010e8:	7c61      	ldrb	r1, [r4, #17]
100010ea:	885a      	ldrh	r2, [r3, #2]
100010ec:	1a52      	subs	r2, r2, r1
100010ee:	805a      	strh	r2, [r3, #2]
100010f0:	b009      	add	sp, #36	@ 0x24
100010f2:	e8bd 8ff0 	ldmia.w	sp!, {r4, r5, r6, r7, r8, r9, sl, fp, pc}
100010f6:	7ca3      	ldrb	r3, [r4, #18]
100010f8:	6862      	ldr	r2, [r4, #4]
100010fa:	2b02      	cmp	r3, #2
100010fc:	4606      	mov	r6, r0
100010fe:	f894 b018 	ldrb.w	fp, [r4, #24]
10001102:	7e65      	ldrb	r5, [r4, #25]
10001104:	f9b2 8000 	ldrsh.w	r8, [r2]
10001108:	f9b2 7002 	ldrsh.w	r7, [r2, #2]
1000110c:	d074      	beq.n	100011f8 <tft_write+0x194>
1000110e:	2310      	movs	r3, #16
10001110:	2208      	movs	r2, #8
10001112:	4639      	mov	r1, r7
10001114:	4640      	mov	r0, r8
10001116:	9500      	str	r5, [sp, #0]
10001118:	f001 fb6e 	bl	100027f8 <fillRect>
1000111c:	7c63      	ldrb	r3, [r4, #17]
1000111e:	6962      	ldr	r2, [r4, #20]
10001120:	fb16 f603 	smulbb	r6, r6, r3
10001124:	2b00      	cmp	r3, #0
10001126:	f000 80da 	beq.w	100012de <tft_write+0x27a>
1000112a:	1993      	adds	r3, r2, r6
1000112c:	4618      	mov	r0, r3
1000112e:	012a      	lsls	r2, r5, #4
10001130:	9204      	str	r2, [sp, #16]
10001132:	ea4f 120b 	mov.w	r2, fp, lsl #4
10001136:	e9cd 2405 	strd	r2, r4, [sp, #20]
1000113a:	f8d9 a000 	ldr.w	sl, [r9]
1000113e:	b2bf      	uxth	r7, r7
10001140:	fa1f f188 	uxth.w	r1, r8
10001144:	9307      	str	r3, [sp, #28]
10001146:	f810 9b01 	ldrb.w	r9, [r0], #1
1000114a:	460a      	mov	r2, r1
1000114c:	2607      	movs	r6, #7
1000114e:	fa0f f887 	sxth.w	r8, r7
10001152:	9003      	str	r0, [sp, #12]
10001154:	e017      	b.n	10001186 <tft_write+0x122>
10001156:	b983      	cbnz	r3, 1000117a <tft_write+0x116>
10001158:	fb0e 0e08 	mla	lr, lr, r8, r0
1000115c:	6aa0      	ldr	r0, [r4, #40]	@ 0x28
1000115e:	ea4f 0c6e 	mov.w	ip, lr, asr #1
10001162:	f01e 0f01 	tst.w	lr, #1
10001166:	f810 300c 	ldrb.w	r3, [r0, ip]
1000116a:	f000 80cd 	beq.w	10001308 <tft_write+0x2a4>
1000116e:	8c24      	ldrh	r4, [r4, #32]
10001170:	401c      	ands	r4, r3
10001172:	9b05      	ldr	r3, [sp, #20]
10001174:	431c      	orrs	r4, r3
10001176:	f800 400c 	strb.w	r4, [r0, ip]
1000117a:	3e01      	subs	r6, #1
1000117c:	3201      	adds	r2, #1
1000117e:	1c73      	adds	r3, r6, #1
10001180:	b292      	uxth	r2, r2
10001182:	f000 80a1 	beq.w	100012c8 <tft_write+0x264>
10001186:	f8da 4054 	ldr.w	r4, [sl, #84]	@ 0x54
1000118a:	ea47 0002 	orr.w	r0, r7, r2
1000118e:	8863      	ldrh	r3, [r4, #2]
10001190:	f8b4 e000 	ldrh.w	lr, [r4]
10001194:	4598      	cmp	r8, r3
10001196:	bfb4      	ite	lt
10001198:	2300      	movlt	r3, #0
1000119a:	2301      	movge	r3, #1
1000119c:	fa49 fc06 	asr.w	ip, r9, r6
100011a0:	ea43 33d0 	orr.w	r3, r3, r0, lsr #15
100011a4:	b210      	sxth	r0, r2
100011a6:	4586      	cmp	lr, r0
100011a8:	bfd8      	it	le
100011aa:	f043 0301 	orrle.w	r3, r3, #1
100011ae:	f01c 0f01 	tst.w	ip, #1
100011b2:	d1d0      	bne.n	10001156 <tft_write+0xf2>
100011b4:	2b00      	cmp	r3, #0
100011b6:	d1e0      	bne.n	1000117a <tft_write+0x116>
100011b8:	fb0e 0008 	mla	r0, lr, r8, r0
100011bc:	f8d4 e028 	ldr.w	lr, [r4, #40]	@ 0x28
100011c0:	ea4f 0c60 	mov.w	ip, r0, asr #1
100011c4:	07c0      	lsls	r0, r0, #31
100011c6:	f81e 300c 	ldrb.w	r3, [lr, ip]
100011ca:	f140 80a4 	bpl.w	10001316 <tft_write+0x2b2>
100011ce:	8c20      	ldrh	r0, [r4, #32]
100011d0:	4018      	ands	r0, r3
100011d2:	9b04      	ldr	r3, [sp, #16]
100011d4:	4318      	orrs	r0, r3
100011d6:	f80e 000c 	strb.w	r0, [lr, ip]
100011da:	e7ce      	b.n	1000117a <tft_write+0x116>
100011dc:	6861      	ldr	r1, [r4, #4]
100011de:	f894 0024 	ldrb.w	r0, [r4, #36]	@ 0x24
100011e2:	f9b1 2000 	ldrsh.w	r2, [r1]
100011e6:	8823      	ldrh	r3, [r4, #0]
100011e8:	4402      	add	r2, r0
100011ea:	4293      	cmp	r3, r2
100011ec:	f9b1 7002 	ldrsh.w	r7, [r1, #2]
100011f0:	8863      	ldrh	r3, [r4, #2]
100011f2:	bfc8      	it	gt
100011f4:	800a      	strhgt	r2, [r1, #0]
100011f6:	e750      	b.n	1000109a <tft_write+0x36>
100011f8:	8820      	ldrh	r0, [r4, #0]
100011fa:	8863      	ldrh	r3, [r4, #2]
100011fc:	4540      	cmp	r0, r8
100011fe:	dd75      	ble.n	100012ec <tft_write+0x288>
10001200:	429f      	cmp	r7, r3
10001202:	da73      	bge.n	100012ec <tft_write+0x288>
10001204:	f118 0f0b 	cmn.w	r8, #11
10001208:	db70      	blt.n	100012ec <tft_write+0x288>
1000120a:	f117 0f0f 	cmn.w	r7, #15
1000120e:	f2c0 8088 	blt.w	10001322 <tft_write+0x2be>
10001212:	2300      	movs	r3, #0
10001214:	9300      	str	r3, [sp, #0]
10001216:	2310      	movs	r3, #16
10001218:	fa1f f288 	uxth.w	r2, r8
1000121c:	4640      	mov	r0, r8
1000121e:	4639      	mov	r1, r7
10001220:	4690      	mov	r8, r2
10001222:	461a      	mov	r2, r3
10001224:	f001 fae8 	bl	100027f8 <fillRect>
10001228:	45ab      	cmp	fp, r5
1000122a:	4b57      	ldr	r3, [pc, #348]	@ (10001388 <tft_write+0x324>)
1000122c:	eb06 0686 	add.w	r6, r6, r6, lsl #2
10001230:	b2ba      	uxth	r2, r7
10001232:	d07d      	beq.n	10001330 <tft_write+0x2cc>
10001234:	4640      	mov	r0, r8
10001236:	4433      	add	r3, r6
10001238:	462e      	mov	r6, r5
1000123a:	f108 010a 	add.w	r1, r8, #10
1000123e:	465d      	mov	r5, fp
10001240:	9403      	str	r4, [sp, #12]
10001242:	4698      	mov	r8, r3
10001244:	4604      	mov	r4, r0
10001246:	46b3      	mov	fp, r6
10001248:	f102 0a10 	add.w	sl, r2, #16
1000124c:	b289      	uxth	r1, r1
1000124e:	fa1f fa8a 	uxth.w	sl, sl
10001252:	f818 7b01 	ldrb.w	r7, [r8], #1
10001256:	fa0f f984 	sxth.w	r9, r4
1000125a:	e9cd 2804 	strd	r2, r8, [sp, #16]
1000125e:	9406      	str	r4, [sp, #24]
10001260:	4616      	mov	r6, r2
10001262:	465c      	mov	r4, fp
10001264:	4688      	mov	r8, r1
10001266:	4693      	mov	fp, r2
10001268:	2302      	movs	r3, #2
1000126a:	07fa      	lsls	r2, r7, #31
1000126c:	b231      	sxth	r1, r6
1000126e:	f106 0602 	add.w	r6, r6, #2
10001272:	bf4c      	ite	mi
10001274:	9500      	strmi	r5, [sp, #0]
10001276:	9400      	strpl	r4, [sp, #0]
10001278:	4648      	mov	r0, r9
1000127a:	461a      	mov	r2, r3
1000127c:	b2b6      	uxth	r6, r6
1000127e:	f001 fabb 	bl	100027f8 <fillRect>
10001282:	4556      	cmp	r6, sl
10001284:	ea4f 0757 	mov.w	r7, r7, lsr #1
10001288:	d1ee      	bne.n	10001268 <tft_write+0x204>
1000128a:	4641      	mov	r1, r8
1000128c:	465a      	mov	r2, fp
1000128e:	46a3      	mov	fp, r4
10001290:	9c06      	ldr	r4, [sp, #24]
10001292:	9b04      	ldr	r3, [sp, #16]
10001294:	1ca0      	adds	r0, r4, #2
10001296:	b284      	uxth	r4, r0
10001298:	428c      	cmp	r4, r1
1000129a:	f8dd 8014 	ldr.w	r8, [sp, #20]
1000129e:	d1d8      	bne.n	10001252 <tft_write+0x1ee>
100012a0:	4698      	mov	r8, r3
100012a2:	4623      	mov	r3, r4
100012a4:	465d      	mov	r5, fp
100012a6:	9c03      	ldr	r4, [sp, #12]
100012a8:	b21e      	sxth	r6, r3
100012aa:	2302      	movs	r3, #2
100012ac:	fa0f f188 	sxth.w	r1, r8
100012b0:	f108 0802 	add.w	r8, r8, #2
100012b4:	4630      	mov	r0, r6
100012b6:	461a      	mov	r2, r3
100012b8:	9500      	str	r5, [sp, #0]
100012ba:	fa1f f888 	uxth.w	r8, r8
100012be:	f001 fa9b 	bl	100027f8 <fillRect>
100012c2:	45d0      	cmp	r8, sl
100012c4:	d1f1      	bne.n	100012aa <tft_write+0x246>
100012c6:	e00a      	b.n	100012de <tft_write+0x27a>
100012c8:	9b06      	ldr	r3, [sp, #24]
100012ca:	9803      	ldr	r0, [sp, #12]
100012cc:	7c5e      	ldrb	r6, [r3, #17]
100012ce:	9b07      	ldr	r3, [sp, #28]
100012d0:	3701      	adds	r7, #1
100012d2:	1ac2      	subs	r2, r0, r3
100012d4:	4296      	cmp	r6, r2
100012d6:	b2bf      	uxth	r7, r7
100012d8:	f73f af35 	bgt.w	10001146 <tft_write+0xe2>
100012dc:	9c06      	ldr	r4, [sp, #24]
100012de:	6862      	ldr	r2, [r4, #4]
100012e0:	8820      	ldrh	r0, [r4, #0]
100012e2:	f9b2 8000 	ldrsh.w	r8, [r2]
100012e6:	f9b2 7002 	ldrsh.w	r7, [r2, #2]
100012ea:	8863      	ldrh	r3, [r4, #2]
100012ec:	7c21      	ldrb	r1, [r4, #16]
100012ee:	4441      	add	r1, r8
100012f0:	b209      	sxth	r1, r1
100012f2:	4281      	cmp	r1, r0
100012f4:	8011      	strh	r1, [r2, #0]
100012f6:	f6ff aed0 	blt.w	1000109a <tft_write+0x36>
100012fa:	2000      	movs	r0, #0
100012fc:	7c61      	ldrb	r1, [r4, #17]
100012fe:	8010      	strh	r0, [r2, #0]
10001300:	4439      	add	r1, r7
10001302:	b20f      	sxth	r7, r1
10001304:	8057      	strh	r7, [r2, #2]
10001306:	e6c8      	b.n	1000109a <tft_write+0x36>
10001308:	8c64      	ldrh	r4, [r4, #34]	@ 0x22
1000130a:	4023      	ands	r3, r4
1000130c:	ea4b 0303 	orr.w	r3, fp, r3
10001310:	f800 300c 	strb.w	r3, [r0, ip]
10001314:	e731      	b.n	1000117a <tft_write+0x116>
10001316:	8c60      	ldrh	r0, [r4, #34]	@ 0x22
10001318:	4003      	ands	r3, r0
1000131a:	432b      	orrs	r3, r5
1000131c:	f80e 300c 	strb.w	r3, [lr, ip]
10001320:	e72b      	b.n	1000117a <tft_write+0x116>
10001322:	7c21      	ldrb	r1, [r4, #16]
10001324:	4441      	add	r1, r8
10001326:	b209      	sxth	r1, r1
10001328:	4288      	cmp	r0, r1
1000132a:	8011      	strh	r1, [r2, #0]
1000132c:	dde5      	ble.n	100012fa <tft_write+0x296>
1000132e:	e6b6      	b.n	1000109e <tft_write+0x3a>
10001330:	eb06 0a03 	add.w	sl, r6, r3
10001334:	4643      	mov	r3, r8
10001336:	4699      	mov	r9, r3
10001338:	f108 070a 	add.w	r7, r8, #10
1000133c:	f102 0810 	add.w	r8, r2, #16
10001340:	b2bf      	uxth	r7, r7
10001342:	fa1f f888 	uxth.w	r8, r8
10001346:	9403      	str	r4, [sp, #12]
10001348:	4615      	mov	r5, r2
1000134a:	f81a 6b01 	ldrb.w	r6, [sl], #1
1000134e:	fa0f f489 	sxth.w	r4, r9
10001352:	9204      	str	r2, [sp, #16]
10001354:	07f1      	lsls	r1, r6, #31
10001356:	d507      	bpl.n	10001368 <tft_write+0x304>
10001358:	2302      	movs	r3, #2
1000135a:	4620      	mov	r0, r4
1000135c:	461a      	mov	r2, r3
1000135e:	f8cd b000 	str.w	fp, [sp]
10001362:	b229      	sxth	r1, r5
10001364:	f001 fa48 	bl	100027f8 <fillRect>
10001368:	3502      	adds	r5, #2
1000136a:	b2ad      	uxth	r5, r5
1000136c:	4545      	cmp	r5, r8
1000136e:	ea4f 0656 	mov.w	r6, r6, lsr #1
10001372:	d1ef      	bne.n	10001354 <tft_write+0x2f0>
10001374:	f109 0902 	add.w	r9, r9, #2
10001378:	fa1f f989 	uxth.w	r9, r9
1000137c:	454f      	cmp	r7, r9
1000137e:	9a04      	ldr	r2, [sp, #16]
10001380:	d1e2      	bne.n	10001348 <tft_write+0x2e4>
10001382:	9c03      	ldr	r4, [sp, #12]
10001384:	e7ab      	b.n	100012de <tft_write+0x27a>
10001386:	bf00      	nop
10001388:	100080b0 	.word	0x100080b0
1000138c:	20002ff0 	.word	0x20002ff0

10001390 <printString2>:
10001390:	b530      	push	{r4, r5, lr}
10001392:	4604      	mov	r4, r0
10001394:	7800      	ldrb	r0, [r0, #0]
10001396:	460d      	mov	r5, r1
10001398:	b085      	sub	sp, #20
1000139a:	b128      	cbz	r0, 100013a8 <printString2+0x18>
1000139c:	f7ff fe62 	bl	10001064 <tft_write>
100013a0:	f814 0f01 	ldrb.w	r0, [r4, #1]!
100013a4:	2800      	cmp	r0, #0
100013a6:	d1f9      	bne.n	1000139c <printString2+0xc>
100013a8:	2400      	movs	r4, #0
100013aa:	4b0d      	ldr	r3, [pc, #52]	@ (100013e0 <printString2+0x50>)
100013ac:	f3c5 1203 	ubfx	r2, r5, #4, #4
100013b0:	f005 050f 	and.w	r5, r5, #15
100013b4:	5c98      	ldrb	r0, [r3, r2]
100013b6:	5d5b      	ldrb	r3, [r3, r5]
100013b8:	f88d 0004 	strb.w	r0, [sp, #4]
100013bc:	f88d 3005 	strb.w	r3, [sp, #5]
100013c0:	f88d 4006 	strb.w	r4, [sp, #6]
100013c4:	f88d 400c 	strb.w	r4, [sp, #12]
100013c8:	b140      	cbz	r0, 100013dc <printString2+0x4c>
100013ca:	3401      	adds	r4, #1
100013cc:	b2e4      	uxtb	r4, r4
100013ce:	f7ff fe49 	bl	10001064 <tft_write>
100013d2:	eb0d 0304 	add.w	r3, sp, r4
100013d6:	7918      	ldrb	r0, [r3, #4]
100013d8:	2800      	cmp	r0, #0
100013da:	d1f6      	bne.n	100013ca <printString2+0x3a>
100013dc:	b005      	add	sp, #20
100013de:	bd30      	pop	{r4, r5, pc}
100013e0:	1000809c 	.word	0x1000809c

100013e4 <printString>:
100013e4:	b570      	push	{r4, r5, r6, lr}
100013e6:	4604      	mov	r4, r0
100013e8:	4d09      	ldr	r5, [pc, #36]	@ (10001410 <printString+0x2c>)
100013ea:	2000      	movs	r0, #0
100013ec:	682b      	ldr	r3, [r5, #0]
100013ee:	699b      	ldr	r3, [r3, #24]
100013f0:	4798      	blx	r3
100013f2:	7820      	ldrb	r0, [r4, #0]
100013f4:	b128      	cbz	r0, 10001402 <printString+0x1e>
100013f6:	f7ff fe35 	bl	10001064 <tft_write>
100013fa:	f814 0f01 	ldrb.w	r0, [r4, #1]!
100013fe:	2800      	cmp	r0, #0
10001400:	d1f9      	bne.n	100013f6 <printString+0x12>
10001402:	682b      	ldr	r3, [r5, #0]
10001404:	2001      	movs	r0, #1
10001406:	e8bd 4070 	ldmia.w	sp!, {r4, r5, r6, lr}
1000140a:	699b      	ldr	r3, [r3, #24]
1000140c:	4718      	bx	r3
1000140e:	bf00      	nop
10001410:	20002ff0 	.word	0x20002ff0

10001414 <printString1>:
10001414:	b530      	push	{r4, r5, lr}
10001416:	4604      	mov	r4, r0
10001418:	7800      	ldrb	r0, [r0, #0]
1000141a:	460d      	mov	r5, r1
1000141c:	b085      	sub	sp, #20
1000141e:	b128      	cbz	r0, 1000142c <printString1+0x18>
10001420:	f7ff fe20 	bl	10001064 <tft_write>
10001424:	f814 0f01 	ldrb.w	r0, [r4, #1]!
10001428:	2800      	cmp	r0, #0
1000142a:	d1f9      	bne.n	10001420 <printString1+0xc>
1000142c:	2400      	movs	r4, #0
1000142e:	4b1d      	ldr	r3, [pc, #116]	@ (100014a4 <printString1+0x90>)
10001430:	f3c5 1203 	ubfx	r2, r5, #4, #4
10001434:	f005 050f 	and.w	r5, r5, #15
10001438:	5c98      	ldrb	r0, [r3, r2]
1000143a:	5d5b      	ldrb	r3, [r3, r5]
1000143c:	f88d 0004 	strb.w	r0, [sp, #4]
10001440:	f88d 3005 	strb.w	r3, [sp, #5]
10001444:	f88d 4006 	strb.w	r4, [sp, #6]
10001448:	f88d 400c 	strb.w	r4, [sp, #12]
1000144c:	b140      	cbz	r0, 10001460 <printString1+0x4c>
1000144e:	3401      	adds	r4, #1
10001450:	b2e4      	uxtb	r4, r4
10001452:	f7ff fe07 	bl	10001064 <tft_write>
10001456:	eb0d 0304 	add.w	r3, sp, r4
1000145a:	7918      	ldrb	r0, [r3, #4]
1000145c:	2800      	cmp	r0, #0
1000145e:	d1f6      	bne.n	1000144e <printString1+0x3a>
10001460:	2500      	movs	r5, #0
10001462:	4b11      	ldr	r3, [pc, #68]	@ (100014a8 <printString1+0x94>)
10001464:	2000      	movs	r0, #0
10001466:	681b      	ldr	r3, [r3, #0]
10001468:	6d5c      	ldr	r4, [r3, #84]	@ 0x54
1000146a:	f7ff fcf9 	bl	10000e60 <put_cursor>
1000146e:	6863      	ldr	r3, [r4, #4]
10001470:	7c62      	ldrb	r2, [r4, #17]
10001472:	8859      	ldrh	r1, [r3, #2]
10001474:	801d      	strh	r5, [r3, #0]
10001476:	440a      	add	r2, r1
10001478:	805a      	strh	r2, [r3, #2]
1000147a:	2001      	movs	r0, #1
1000147c:	f7ff fcf0 	bl	10000e60 <put_cursor>
10001480:	6862      	ldr	r2, [r4, #4]
10001482:	8863      	ldrh	r3, [r4, #2]
10001484:	f9b2 2002 	ldrsh.w	r2, [r2, #2]
10001488:	429a      	cmp	r2, r3
1000148a:	da01      	bge.n	10001490 <printString1+0x7c>
1000148c:	b005      	add	sp, #20
1000148e:	bd30      	pop	{r4, r5, pc}
10001490:	f7fe ffa8 	bl	100003e4 <scroll_up_graphics>
10001494:	6863      	ldr	r3, [r4, #4]
10001496:	801d      	strh	r5, [r3, #0]
10001498:	7c61      	ldrb	r1, [r4, #17]
1000149a:	885a      	ldrh	r2, [r3, #2]
1000149c:	1a52      	subs	r2, r2, r1
1000149e:	805a      	strh	r2, [r3, #2]
100014a0:	b005      	add	sp, #20
100014a2:	bd30      	pop	{r4, r5, pc}
100014a4:	1000809c 	.word	0x1000809c
100014a8:	20002ff0 	.word	0x20002ff0

100014ac <setTextFont>:
100014ac:	4b05      	ldr	r3, [pc, #20]	@ (100014c4 <setTextFont+0x18>)
100014ae:	6802      	ldr	r2, [r0, #0]
100014b0:	681b      	ldr	r3, [r3, #0]
100014b2:	6d5b      	ldr	r3, [r3, #84]	@ 0x54
100014b4:	60da      	str	r2, [r3, #12]
100014b6:	8882      	ldrh	r2, [r0, #4]
100014b8:	821a      	strh	r2, [r3, #16]
100014ba:	7982      	ldrb	r2, [r0, #6]
100014bc:	749a      	strb	r2, [r3, #18]
100014be:	6882      	ldr	r2, [r0, #8]
100014c0:	615a      	str	r2, [r3, #20]
100014c2:	4770      	bx	lr
100014c4:	20002ff0 	.word	0x20002ff0

100014c8 <create_screen>:
100014c8:	e92d 4ff8 	stmdb	sp!, {r3, r4, r5, r6, r7, r8, r9, sl, fp, lr}
100014cc:	4606      	mov	r6, r0
100014ce:	2058      	movs	r0, #88	@ 0x58
100014d0:	f002 fee4 	bl	1000429c <__wrap_malloc>
100014d4:	4605      	mov	r5, r0
100014d6:	4f3e      	ldr	r7, [pc, #248]	@ (100015d0 <create_screen+0x108>)
100014d8:	202c      	movs	r0, #44	@ 0x2c
100014da:	603d      	str	r5, [r7, #0]
100014dc:	f002 fede 	bl	1000429c <__wrap_malloc>
100014e0:	4604      	mov	r4, r0
100014e2:	2d00      	cmp	r5, #0
100014e4:	d06c      	beq.n	100015c0 <create_screen+0xf8>
100014e6:	2800      	cmp	r0, #0
100014e8:	d06a      	beq.n	100015c0 <create_screen+0xf8>
100014ea:	2001      	movs	r0, #1
100014ec:	f005 fd94 	bl	10007018 <dma_claim_unused_channel>
100014f0:	4602      	mov	r2, r0
100014f2:	4b38      	ldr	r3, [pc, #224]	@ (100015d4 <create_screen+0x10c>)
100014f4:	200e      	movs	r0, #14
100014f6:	601a      	str	r2, [r3, #0]
100014f8:	f001 faaa 	bl	10002a50 <set_font>
100014fc:	4603      	mov	r3, r0
100014fe:	4d36      	ldr	r5, [pc, #216]	@ (100015d8 <create_screen+0x110>)
10001500:	f8df 8114 	ldr.w	r8, [pc, #276]	@ 10001618 <create_screen+0x150>
10001504:	4632      	mov	r2, r6
10001506:	f44f 3116 	mov.w	r1, #153600	@ 0x25800
1000150a:	4628      	mov	r0, r5
1000150c:	f8c8 3000 	str.w	r3, [r8]
10001510:	f7ff f8aa 	bl	10000668 <initVGA>
10001514:	683b      	ldr	r3, [r7, #0]
10001516:	f8df b104 	ldr.w	fp, [pc, #260]	@ 1000161c <create_screen+0x154>
1000151a:	655c      	str	r4, [r3, #84]	@ 0x54
1000151c:	f001 fa5a 	bl	100029d4 <create_default_cursor>
10001520:	2207      	movs	r2, #7
10001522:	2104      	movs	r1, #4
10001524:	8322      	strh	r2, [r4, #24]
10001526:	f44f 3216 	mov.w	r2, #153600	@ 0x25800
1000152a:	f8d8 3000 	ldr.w	r3, [r8]
1000152e:	6060      	str	r0, [r4, #4]
10001530:	4630      	mov	r0, r6
10001532:	681e      	ldr	r6, [r3, #0]
10001534:	682d      	ldr	r5, [r5, #0]
10001536:	60e6      	str	r6, [r4, #12]
10001538:	889e      	ldrh	r6, [r3, #4]
1000153a:	f8df a0e4 	ldr.w	sl, [pc, #228]	@ 10001620 <create_screen+0x158>
1000153e:	8226      	strh	r6, [r4, #16]
10001540:	799e      	ldrb	r6, [r3, #6]
10001542:	f8df 90e0 	ldr.w	r9, [pc, #224]	@ 10001624 <create_screen+0x15c>
10001546:	74a6      	strb	r6, [r4, #18]
10001548:	689b      	ldr	r3, [r3, #8]
1000154a:	62a5      	str	r5, [r4, #40]	@ 0x28
1000154c:	6163      	str	r3, [r4, #20]
1000154e:	4b23      	ldr	r3, [pc, #140]	@ (100015dc <create_screen+0x114>)
10001550:	f884 1024 	strb.w	r1, [r4, #36]	@ 0x24
10001554:	e9c4 2307 	strd	r2, r3, [r4, #28]
10001558:	f7ff fbd0 	bl	10000cfc <set_vga_mode>
1000155c:	683b      	ldr	r3, [r7, #0]
1000155e:	4920      	ldr	r1, [pc, #128]	@ (100015e0 <create_screen+0x118>)
10001560:	4a20      	ldr	r2, [pc, #128]	@ (100015e4 <create_screen+0x11c>)
10001562:	4821      	ldr	r0, [pc, #132]	@ (100015e8 <create_screen+0x120>)
10001564:	e9c3 1209 	strd	r1, r2, [r3, #36]	@ 0x24
10001568:	4a20      	ldr	r2, [pc, #128]	@ (100015ec <create_screen+0x124>)
1000156a:	4921      	ldr	r1, [pc, #132]	@ (100015f0 <create_screen+0x128>)
1000156c:	6158      	str	r0, [r3, #20]
1000156e:	621a      	str	r2, [r3, #32]
10001570:	4820      	ldr	r0, [pc, #128]	@ (100015f4 <create_screen+0x12c>)
10001572:	4a21      	ldr	r2, [pc, #132]	@ (100015f8 <create_screen+0x130>)
10001574:	6398      	str	r0, [r3, #56]	@ 0x38
10001576:	e9c3 120c 	strd	r1, r2, [r3, #48]	@ 0x30
1000157a:	4820      	ldr	r0, [pc, #128]	@ (100015fc <create_screen+0x134>)
1000157c:	4a20      	ldr	r2, [pc, #128]	@ (10001600 <create_screen+0x138>)
1000157e:	f8df e0a8 	ldr.w	lr, [pc, #168]	@ 10001628 <create_screen+0x160>
10001582:	e9c3 0211 	strd	r0, r2, [r3, #68]	@ 0x44
10001586:	f8df c0a4 	ldr.w	ip, [pc, #164]	@ 1000162c <create_screen+0x164>
1000158a:	491e      	ldr	r1, [pc, #120]	@ (10001604 <create_screen+0x13c>)
1000158c:	4a1e      	ldr	r2, [pc, #120]	@ (10001608 <create_screen+0x140>)
1000158e:	f8df 80a0 	ldr.w	r8, [pc, #160]	@ 10001630 <create_screen+0x168>
10001592:	4e1e      	ldr	r6, [pc, #120]	@ (1000160c <create_screen+0x144>)
10001594:	4d1e      	ldr	r5, [pc, #120]	@ (10001610 <create_screen+0x148>)
10001596:	4c1f      	ldr	r4, [pc, #124]	@ (10001614 <create_screen+0x14c>)
10001598:	e9c3 9800 	strd	r9, r8, [r3]
1000159c:	e9c3 6506 	strd	r6, r5, [r3, #24]
100015a0:	e9c3 1213 	strd	r1, r2, [r3, #76]	@ 0x4c
100015a4:	f8c3 b02c 	str.w	fp, [r3, #44]	@ 0x2c
100015a8:	f8c3 a00c 	str.w	sl, [r3, #12]
100015ac:	f8c3 e010 	str.w	lr, [r3, #16]
100015b0:	f8c3 c03c 	str.w	ip, [r3, #60]	@ 0x3c
100015b4:	609c      	str	r4, [r3, #8]
100015b6:	f000 f83d 	bl	10001634 <initialize_graphos>
100015ba:	6838      	ldr	r0, [r7, #0]
100015bc:	e8bd 8ff8 	ldmia.w	sp!, {r3, r4, r5, r6, r7, r8, r9, sl, fp, pc}
100015c0:	4628      	mov	r0, r5
100015c2:	f002 fe87 	bl	100042d4 <__wrap_free>
100015c6:	4620      	mov	r0, r4
100015c8:	f002 fe84 	bl	100042d4 <__wrap_free>
100015cc:	2000      	movs	r0, #0
100015ce:	e7f5      	b.n	100015bc <create_screen+0xf4>
100015d0:	20002ff0 	.word	0x20002ff0
100015d4:	20002f70 	.word	0x20002f70
100015d8:	20001bd4 	.word	0x20001bd4
100015dc:	00f0000f 	.word	0x00f0000f
100015e0:	10000cd9 	.word	0x10000cd9
100015e4:	10000cfd 	.word	0x10000cfd
100015e8:	10000d89 	.word	0x10000d89
100015ec:	10000cc9 	.word	0x10000cc9
100015f0:	10001415 	.word	0x10001415
100015f4:	10001065 	.word	0x10001065
100015f8:	10001391 	.word	0x10001391
100015fc:	10000ca9 	.word	0x10000ca9
10001600:	10000c75 	.word	0x10000c75
10001604:	10000c59 	.word	0x10000c59
10001608:	10000c3d 	.word	0x10000c3d
1000160c:	10000da9 	.word	0x10000da9
10001610:	10000db9 	.word	0x10000db9
10001614:	10000d99 	.word	0x10000d99
10001618:	20002b5c 	.word	0x20002b5c
1000161c:	100013e5 	.word	0x100013e5
10001620:	10000dc9 	.word	0x10000dc9
10001624:	10000dd9 	.word	0x10000dd9
10001628:	10000d35 	.word	0x10000d35
1000162c:	10000de9 	.word	0x10000de9
10001630:	10000d79 	.word	0x10000d79

10001634 <initialize_graphos>:
10001634:	b570      	push	{r4, r5, r6, lr}
10001636:	b0c0      	sub	sp, #256	@ 0x100
10001638:	f7ff fbe6 	bl	10000e08 <get_vga>
1000163c:	466c      	mov	r4, sp
1000163e:	4b0d      	ldr	r3, [pc, #52]	@ (10001674 <initialize_graphos+0x40>)
10001640:	4d0d      	ldr	r5, [pc, #52]	@ (10001678 <initialize_graphos+0x44>)
10001642:	6ac6      	ldr	r6, [r0, #44]	@ 0x2c
10001644:	6018      	str	r0, [r3, #0]
10001646:	cd0f      	ldmia	r5!, {r0, r1, r2, r3}
10001648:	c40f      	stmia	r4!, {r0, r1, r2, r3}
1000164a:	e895 0003 	ldmia.w	r5, {r0, r1}
1000164e:	f844 0b04 	str.w	r0, [r4], #4
10001652:	7021      	strb	r1, [r4, #0]
10001654:	4668      	mov	r0, sp
10001656:	47b0      	blx	r6
10001658:	2414      	movs	r4, #20
1000165a:	4620      	mov	r0, r4
1000165c:	2205      	movs	r2, #5
1000165e:	3401      	adds	r4, #1
10001660:	210a      	movs	r1, #10
10001662:	f7ff fbd7 	bl	10000e14 <drawPixel>
10001666:	b2a3      	uxth	r3, r4
10001668:	2b29      	cmp	r3, #41	@ 0x29
1000166a:	b224      	sxth	r4, r4
1000166c:	d1f5      	bne.n	1000165a <initialize_graphos+0x26>
1000166e:	b040      	add	sp, #256	@ 0x100
10001670:	bd70      	pop	{r4, r5, r6, pc}
10001672:	bf00      	nop
10001674:	20002ff4 	.word	0x20002ff4
10001678:	10007d78 	.word	0x10007d78

1000167c <drawVLine>:
1000167c:	b5f8      	push	{r3, r4, r5, r6, r7, lr}
1000167e:	1855      	adds	r5, r2, r1
10001680:	42a9      	cmp	r1, r5
10001682:	da0b      	bge.n	1000169c <drawVLine+0x20>
10001684:	460c      	mov	r4, r1
10001686:	4607      	mov	r7, r0
10001688:	461e      	mov	r6, r3
1000168a:	4621      	mov	r1, r4
1000168c:	3401      	adds	r4, #1
1000168e:	4632      	mov	r2, r6
10001690:	4638      	mov	r0, r7
10001692:	b224      	sxth	r4, r4
10001694:	f7ff fbbe 	bl	10000e14 <drawPixel>
10001698:	42ac      	cmp	r4, r5
1000169a:	dbf6      	blt.n	1000168a <drawVLine+0xe>
1000169c:	bdf8      	pop	{r3, r4, r5, r6, r7, pc}
1000169e:	bf00      	nop

100016a0 <drawHLine>:
100016a0:	e92d 41f0 	stmdb	sp!, {r4, r5, r6, r7, r8, lr}
100016a4:	4c21      	ldr	r4, [pc, #132]	@ (1000172c <drawHLine+0x8c>)
100016a6:	6824      	ldr	r4, [r4, #0]
100016a8:	f8d4 8054 	ldr.w	r8, [r4, #84]	@ 0x54
100016ac:	f8b8 c000 	ldrh.w	ip, [r8]
100016b0:	4584      	cmp	ip, r0
100016b2:	dd19      	ble.n	100016e8 <drawHLine+0x48>
100016b4:	461f      	mov	r7, r3
100016b6:	f8b8 3002 	ldrh.w	r3, [r8, #2]
100016ba:	460e      	mov	r6, r1
100016bc:	428b      	cmp	r3, r1
100016be:	dd13      	ble.n	100016e8 <drawHLine+0x48>
100016c0:	1883      	adds	r3, r0, r2
100016c2:	459c      	cmp	ip, r3
100016c4:	bfb8      	it	lt
100016c6:	ebac 0c00 	sublt.w	ip, ip, r0
100016ca:	4614      	mov	r4, r2
100016cc:	bfb8      	it	lt
100016ce:	f10c 34ff 	addlt.w	r4, ip, #4294967295	@ 0xffffffff
100016d2:	07c2      	lsls	r2, r0, #31
100016d4:	4605      	mov	r5, r0
100016d6:	d420      	bmi.n	1000171a <drawHLine+0x7a>
100016d8:	07e3      	lsls	r3, r4, #31
100016da:	d415      	bmi.n	10001708 <drawHLine+0x68>
100016dc:	1062      	asrs	r2, r4, #1
100016de:	2a00      	cmp	r2, #0
100016e0:	dd02      	ble.n	100016e8 <drawHLine+0x48>
100016e2:	f5b6 7ff0 	cmp.w	r6, #480	@ 0x1e0
100016e6:	db01      	blt.n	100016ec <drawHLine+0x4c>
100016e8:	e8bd 81f0 	ldmia.w	sp!, {r4, r5, r6, r7, r8, pc}
100016ec:	f8d8 0028 	ldr.w	r0, [r8, #40]	@ 0x28
100016f0:	eb06 0686 	add.w	r6, r6, r6, lsl #2
100016f4:	106d      	asrs	r5, r5, #1
100016f6:	eb05 1586 	add.w	r5, r5, r6, lsl #6
100016fa:	ea47 1107 	orr.w	r1, r7, r7, lsl #4
100016fe:	4428      	add	r0, r5
10001700:	e8bd 41f0 	ldmia.w	sp!, {r4, r5, r6, r7, r8, lr}
10001704:	f005 bfe0 	b.w	100076c8 <memset>
10001708:	1928      	adds	r0, r5, r4
1000170a:	3801      	subs	r0, #1
1000170c:	463a      	mov	r2, r7
1000170e:	b200      	sxth	r0, r0
10001710:	b231      	sxth	r1, r6
10001712:	f7ff fb7f 	bl	10000e14 <drawPixel>
10001716:	3c01      	subs	r4, #1
10001718:	e7e0      	b.n	100016dc <drawHLine+0x3c>
1000171a:	463a      	mov	r2, r7
1000171c:	b209      	sxth	r1, r1
1000171e:	b200      	sxth	r0, r0
10001720:	f7ff fb78 	bl	10000e14 <drawPixel>
10001724:	3501      	adds	r5, #1
10001726:	3c01      	subs	r4, #1
10001728:	e7d6      	b.n	100016d8 <drawHLine+0x38>
1000172a:	bf00      	nop
1000172c:	20002ff4 	.word	0x20002ff4

10001730 <drawLine>:
10001730:	e92d 4ff8 	stmdb	sp!, {r3, r4, r5, r6, r7, r8, r9, sl, fp, lr}
10001734:	eba3 0a01 	sub.w	sl, r3, r1
10001738:	4606      	mov	r6, r0
1000173a:	4683      	mov	fp, r0
1000173c:	1a10      	subs	r0, r2, r0
1000173e:	460c      	mov	r4, r1
10001740:	461f      	mov	r7, r3
10001742:	468c      	mov	ip, r1
10001744:	ea8a 73ea 	eor.w	r3, sl, sl, asr #31
10001748:	ea80 71e0 	eor.w	r1, r0, r0, asr #31
1000174c:	eba3 73ea 	sub.w	r3, r3, sl, asr #31
10001750:	eba1 71e0 	sub.w	r1, r1, r0, asr #31
10001754:	428b      	cmp	r3, r1
10001756:	f89d 9028 	ldrb.w	r9, [sp, #40]	@ 0x28
1000175a:	dc33      	bgt.n	100017c4 <drawLine+0x94>
1000175c:	42b2      	cmp	r2, r6
1000175e:	da71      	bge.n	10001844 <drawLine+0x114>
10001760:	eba6 0a02 	sub.w	sl, r6, r2
10001764:	eba4 0807 	sub.w	r8, r4, r7
10001768:	f3ca 35c0 	ubfx	r5, sl, #15, #1
1000176c:	f1b8 0f00 	cmp.w	r8, #0
10001770:	fa05 f58a 	sxtah	r5, r5, sl
10001774:	bfb8      	it	lt
10001776:	f1c8 0800 	rsblt	r8, r8, #0
1000177a:	42a7      	cmp	r7, r4
1000177c:	fa1f fa8a 	uxth.w	sl, sl
10001780:	ea4f 0565 	mov.w	r5, r5, asr #1
10001784:	da70      	bge.n	10001868 <drawLine+0x138>
10001786:	4630      	mov	r0, r6
10001788:	4614      	mov	r4, r2
1000178a:	463e      	mov	r6, r7
1000178c:	f04f 0b01 	mov.w	fp, #1
10001790:	4607      	mov	r7, r0
10001792:	428b      	cmp	r3, r1
10001794:	fa1f f888 	uxth.w	r8, r8
10001798:	dd3f      	ble.n	1000181a <drawLine+0xea>
1000179a:	4621      	mov	r1, r4
1000179c:	464a      	mov	r2, r9
1000179e:	4630      	mov	r0, r6
100017a0:	f7ff fb38 	bl	10000e14 <drawPixel>
100017a4:	eba5 0308 	sub.w	r3, r5, r8
100017a8:	b21d      	sxth	r5, r3
100017aa:	3401      	adds	r4, #1
100017ac:	2d00      	cmp	r5, #0
100017ae:	b224      	sxth	r4, r4
100017b0:	b29b      	uxth	r3, r3
100017b2:	da03      	bge.n	100017bc <drawLine+0x8c>
100017b4:	445e      	add	r6, fp
100017b6:	4453      	add	r3, sl
100017b8:	b236      	sxth	r6, r6
100017ba:	b21d      	sxth	r5, r3
100017bc:	42bc      	cmp	r4, r7
100017be:	ddec      	ble.n	1000179a <drawLine+0x6a>
100017c0:	e8bd 8ff8 	ldmia.w	sp!, {r3, r4, r5, r6, r7, r8, r9, sl, fp, pc}
100017c4:	42a7      	cmp	r7, r4
100017c6:	da17      	bge.n	100017f8 <drawLine+0xc8>
100017c8:	eba4 0a07 	sub.w	sl, r4, r7
100017cc:	eba6 0802 	sub.w	r8, r6, r2
100017d0:	f3ca 35c0 	ubfx	r5, sl, #15, #1
100017d4:	f1b8 0f00 	cmp.w	r8, #0
100017d8:	fa05 f58a 	sxtah	r5, r5, sl
100017dc:	bfb8      	it	lt
100017de:	f1c8 0800 	rsblt	r8, r8, #0
100017e2:	42b2      	cmp	r2, r6
100017e4:	fa1f fa8a 	uxth.w	sl, sl
100017e8:	ea4f 0565 	mov.w	r5, r5, asr #1
100017ec:	da49      	bge.n	10001882 <drawLine+0x152>
100017ee:	4696      	mov	lr, r2
100017f0:	4626      	mov	r6, r4
100017f2:	463a      	mov	r2, r7
100017f4:	4677      	mov	r7, lr
100017f6:	e7c6      	b.n	10001786 <drawLine+0x56>
100017f8:	f3ca 35c0 	ubfx	r5, sl, #15, #1
100017fc:	fa05 f58a 	sxtah	r5, r5, sl
10001800:	42b2      	cmp	r2, r6
10001802:	4688      	mov	r8, r1
10001804:	fa1f fa8a 	uxth.w	sl, sl
10001808:	ea4f 0565 	mov.w	r5, r5, asr #1
1000180c:	dc3f      	bgt.n	1000188e <drawLine+0x15e>
1000180e:	428b      	cmp	r3, r1
10001810:	f64f 7bff 	movw	fp, #65535	@ 0xffff
10001814:	fa1f f888 	uxth.w	r8, r8
10001818:	dcbf      	bgt.n	1000179a <drawLine+0x6a>
1000181a:	4620      	mov	r0, r4
1000181c:	464a      	mov	r2, r9
1000181e:	4631      	mov	r1, r6
10001820:	f7ff faf8 	bl	10000e14 <drawPixel>
10001824:	eba5 0308 	sub.w	r3, r5, r8
10001828:	b21d      	sxth	r5, r3
1000182a:	3401      	adds	r4, #1
1000182c:	2d00      	cmp	r5, #0
1000182e:	b224      	sxth	r4, r4
10001830:	b29b      	uxth	r3, r3
10001832:	da03      	bge.n	1000183c <drawLine+0x10c>
10001834:	445e      	add	r6, fp
10001836:	4453      	add	r3, sl
10001838:	b236      	sxth	r6, r6
1000183a:	b21d      	sxth	r5, r3
1000183c:	42bc      	cmp	r4, r7
1000183e:	ddec      	ble.n	1000181a <drawLine+0xea>
10001840:	e8bd 8ff8 	ldmia.w	sp!, {r3, r4, r5, r6, r7, r8, r9, sl, fp, pc}
10001844:	f3c0 35c0 	ubfx	r5, r0, #15, #1
10001848:	42a7      	cmp	r7, r4
1000184a:	fa05 f580 	sxtah	r5, r5, r0
1000184e:	4634      	mov	r4, r6
10001850:	4617      	mov	r7, r2
10001852:	4666      	mov	r6, ip
10001854:	fa1f fa80 	uxth.w	sl, r0
10001858:	ea4f 0565 	mov.w	r5, r5, asr #1
1000185c:	dc0d      	bgt.n	1000187a <drawLine+0x14a>
1000185e:	f64f 7bff 	movw	fp, #65535	@ 0xffff
10001862:	fa1f f883 	uxth.w	r8, r3
10001866:	e7d8      	b.n	1000181a <drawLine+0xea>
10001868:	463e      	mov	r6, r7
1000186a:	4614      	mov	r4, r2
1000186c:	465f      	mov	r7, fp
1000186e:	f64f 7bff 	movw	fp, #65535	@ 0xffff
10001872:	42a7      	cmp	r7, r4
10001874:	da8d      	bge.n	10001792 <drawLine+0x62>
10001876:	e8bd 8ff8 	ldmia.w	sp!, {r3, r4, r5, r6, r7, r8, r9, sl, fp, pc}
1000187a:	4698      	mov	r8, r3
1000187c:	f04f 0b01 	mov.w	fp, #1
10001880:	e7f7      	b.n	10001872 <drawLine+0x142>
10001882:	463c      	mov	r4, r7
10001884:	4616      	mov	r6, r2
10001886:	4667      	mov	r7, ip
10001888:	f64f 7bff 	movw	fp, #65535	@ 0xffff
1000188c:	e781      	b.n	10001792 <drawLine+0x62>
1000188e:	f04f 0b01 	mov.w	fp, #1
10001892:	e77e      	b.n	10001792 <drawLine+0x62>

10001894 <drawCircle>:
10001894:	e92d 4ff0 	stmdb	sp!, {r4, r5, r6, r7, r8, r9, sl, fp, lr}
10001898:	461f      	mov	r7, r3
1000189a:	4682      	mov	sl, r0
1000189c:	460e      	mov	r6, r1
1000189e:	4690      	mov	r8, r2
100018a0:	b294      	uxth	r4, r2
100018a2:	fa1f fb81 	uxth.w	fp, r1
100018a6:	ebc4 33c4 	rsb	r3, r4, r4, lsl #15
100018aa:	b085      	sub	sp, #20
100018ac:	005b      	lsls	r3, r3, #1
100018ae:	eb04 010b 	add.w	r1, r4, fp
100018b2:	b21b      	sxth	r3, r3
100018b4:	9202      	str	r2, [sp, #8]
100018b6:	b209      	sxth	r1, r1
100018b8:	463a      	mov	r2, r7
100018ba:	9303      	str	r3, [sp, #12]
100018bc:	f7ff faaa 	bl	10000e14 <drawPixel>
100018c0:	ebab 0104 	sub.w	r1, fp, r4
100018c4:	4650      	mov	r0, sl
100018c6:	463a      	mov	r2, r7
100018c8:	b209      	sxth	r1, r1
100018ca:	fa1f fa8a 	uxth.w	sl, sl
100018ce:	f7ff faa1 	bl	10000e14 <drawPixel>
100018d2:	eb04 000a 	add.w	r0, r4, sl
100018d6:	463a      	mov	r2, r7
100018d8:	4631      	mov	r1, r6
100018da:	b200      	sxth	r0, r0
100018dc:	f7ff fa9a 	bl	10000e14 <drawPixel>
100018e0:	ebaa 0004 	sub.w	r0, sl, r4
100018e4:	4631      	mov	r1, r6
100018e6:	463a      	mov	r2, r7
100018e8:	b200      	sxth	r0, r0
100018ea:	f7ff fa93 	bl	10000e14 <drawPixel>
100018ee:	4643      	mov	r3, r8
100018f0:	2b00      	cmp	r3, #0
100018f2:	dd68      	ble.n	100019c6 <drawCircle+0x132>
100018f4:	f1c4 0501 	rsb	r5, r4, #1
100018f8:	b22d      	sxth	r5, r5
100018fa:	462b      	mov	r3, r5
100018fc:	f04f 0800 	mov.w	r8, #0
10001900:	4655      	mov	r5, sl
10001902:	e001      	b.n	10001908 <drawCircle+0x74>
10001904:	b29c      	uxth	r4, r3
10001906:	9b01      	ldr	r3, [sp, #4]
10001908:	f108 0801 	add.w	r8, r8, #1
1000190c:	fa1f f688 	uxth.w	r6, r8
10001910:	eb05 0a06 	add.w	sl, r5, r6
10001914:	fa0f fa8a 	sxth.w	sl, sl
10001918:	2b00      	cmp	r3, #0
1000191a:	463a      	mov	r2, r7
1000191c:	4650      	mov	r0, sl
1000191e:	fa0f f888 	sxth.w	r8, r8
10001922:	b299      	uxth	r1, r3
10001924:	db0a      	blt.n	1000193c <drawCircle+0xa8>
10001926:	9b03      	ldr	r3, [sp, #12]
10001928:	3302      	adds	r3, #2
1000192a:	fa11 f183 	uxtah	r1, r1, r3
1000192e:	b21b      	sxth	r3, r3
10001930:	9303      	str	r3, [sp, #12]
10001932:	1e63      	subs	r3, r4, #1
10001934:	b29c      	uxth	r4, r3
10001936:	b21b      	sxth	r3, r3
10001938:	b289      	uxth	r1, r1
1000193a:	9302      	str	r3, [sp, #8]
1000193c:	eb01 0146 	add.w	r1, r1, r6, lsl #1
10001940:	3101      	adds	r1, #1
10001942:	b20b      	sxth	r3, r1
10001944:	eba5 0906 	sub.w	r9, r5, r6
10001948:	eb0b 0104 	add.w	r1, fp, r4
1000194c:	b209      	sxth	r1, r1
1000194e:	fa0f f989 	sxth.w	r9, r9
10001952:	9301      	str	r3, [sp, #4]
10001954:	9100      	str	r1, [sp, #0]
10001956:	f7ff fa5d 	bl	10000e14 <drawPixel>
1000195a:	4648      	mov	r0, r9
1000195c:	463a      	mov	r2, r7
1000195e:	9900      	ldr	r1, [sp, #0]
10001960:	f7ff fa58 	bl	10000e14 <drawPixel>
10001964:	ebab 0104 	sub.w	r1, fp, r4
10001968:	4650      	mov	r0, sl
1000196a:	b209      	sxth	r1, r1
1000196c:	463a      	mov	r2, r7
1000196e:	9100      	str	r1, [sp, #0]
10001970:	eb0b 0a06 	add.w	sl, fp, r6
10001974:	f7ff fa4e 	bl	10000e14 <drawPixel>
10001978:	4648      	mov	r0, r9
1000197a:	eb05 0904 	add.w	r9, r5, r4
1000197e:	463a      	mov	r2, r7
10001980:	9900      	ldr	r1, [sp, #0]
10001982:	fa0f f989 	sxth.w	r9, r9
10001986:	fa0f fa8a 	sxth.w	sl, sl
1000198a:	1b2c      	subs	r4, r5, r4
1000198c:	f7ff fa42 	bl	10000e14 <drawPixel>
10001990:	b224      	sxth	r4, r4
10001992:	463a      	mov	r2, r7
10001994:	4651      	mov	r1, sl
10001996:	4648      	mov	r0, r9
10001998:	ebab 0606 	sub.w	r6, fp, r6
1000199c:	f7ff fa3a 	bl	10000e14 <drawPixel>
100019a0:	b236      	sxth	r6, r6
100019a2:	463a      	mov	r2, r7
100019a4:	4651      	mov	r1, sl
100019a6:	4620      	mov	r0, r4
100019a8:	f7ff fa34 	bl	10000e14 <drawPixel>
100019ac:	463a      	mov	r2, r7
100019ae:	4631      	mov	r1, r6
100019b0:	4648      	mov	r0, r9
100019b2:	f7ff fa2f 	bl	10000e14 <drawPixel>
100019b6:	463a      	mov	r2, r7
100019b8:	4631      	mov	r1, r6
100019ba:	4620      	mov	r0, r4
100019bc:	f7ff fa2a 	bl	10000e14 <drawPixel>
100019c0:	9b02      	ldr	r3, [sp, #8]
100019c2:	4543      	cmp	r3, r8
100019c4:	dc9e      	bgt.n	10001904 <drawCircle+0x70>
100019c6:	b005      	add	sp, #20
100019c8:	e8bd 8ff0 	ldmia.w	sp!, {r4, r5, r6, r7, r8, r9, sl, fp, pc}

100019cc <drawCircleHelper>:
100019cc:	e92d 4ff0 	stmdb	sp!, {r4, r5, r6, r7, r8, r9, sl, fp, lr}
100019d0:	4615      	mov	r5, r2
100019d2:	b089      	sub	sp, #36	@ 0x24
100019d4:	fa1f f982 	uxth.w	r9, r2
100019d8:	2d00      	cmp	r5, #0
100019da:	f89d b048 	ldrb.w	fp, [sp, #72]	@ 0x48
100019de:	ebc9 32c9 	rsb	r2, r9, r9, lsl #15
100019e2:	dd62      	ble.n	10001aaa <drawCircleHelper+0xde>
100019e4:	0052      	lsls	r2, r2, #1
100019e6:	fa0f fe82 	sxth.w	lr, r2
100019ea:	f003 0202 	and.w	r2, r3, #2
100019ee:	f1c9 0401 	rsb	r4, r9, #1
100019f2:	f003 0c04 	and.w	ip, r3, #4
100019f6:	9202      	str	r2, [sp, #8]
100019f8:	f003 0208 	and.w	r2, r3, #8
100019fc:	f013 0301 	ands.w	r3, r3, #1
10001a00:	b224      	sxth	r4, r4
10001a02:	9201      	str	r2, [sp, #4]
10001a04:	d154      	bne.n	10001ab0 <drawCircleHelper+0xe4>
10001a06:	f1bc 0f00 	cmp.w	ip, #0
10001a0a:	f040 80c5 	bne.w	10001b98 <drawCircleHelper+0x1cc>
10001a0e:	46e1      	mov	r9, ip
10001a10:	46f2      	mov	sl, lr
10001a12:	b287      	uxth	r7, r0
10001a14:	b28e      	uxth	r6, r1
10001a16:	e004      	b.n	10001a22 <drawCircleHelper+0x56>
10001a18:	9b01      	ldr	r3, [sp, #4]
10001a1a:	2b00      	cmp	r3, #0
10001a1c:	d130      	bne.n	10001a80 <drawCircleHelper+0xb4>
10001a1e:	454d      	cmp	r5, r9
10001a20:	dd43      	ble.n	10001aaa <drawCircleHelper+0xde>
10001a22:	f109 0901 	add.w	r9, r9, #1
10001a26:	2c00      	cmp	r4, #0
10001a28:	fa1f f889 	uxth.w	r8, r9
10001a2c:	b2a3      	uxth	r3, r4
10001a2e:	db08      	blt.n	10001a42 <drawCircleHelper+0x76>
10001a30:	f10a 0a02 	add.w	sl, sl, #2
10001a34:	fa13 f38a 	uxtah	r3, r3, sl
10001a38:	3d01      	subs	r5, #1
10001a3a:	b22d      	sxth	r5, r5
10001a3c:	b29b      	uxth	r3, r3
10001a3e:	fa0f fa8a 	sxth.w	sl, sl
10001a42:	eb03 0348 	add.w	r3, r3, r8, lsl #1
10001a46:	3301      	adds	r3, #1
10001a48:	b21c      	sxth	r4, r3
10001a4a:	9b02      	ldr	r3, [sp, #8]
10001a4c:	fa0f f989 	sxth.w	r9, r9
10001a50:	2b00      	cmp	r3, #0
10001a52:	d0e1      	beq.n	10001a18 <drawCircleHelper+0x4c>
10001a54:	b2ab      	uxth	r3, r5
10001a56:	1af1      	subs	r1, r6, r3
10001a58:	eb07 0008 	add.w	r0, r7, r8
10001a5c:	465a      	mov	r2, fp
10001a5e:	b209      	sxth	r1, r1
10001a60:	b200      	sxth	r0, r0
10001a62:	9303      	str	r3, [sp, #12]
10001a64:	f7ff f9d6 	bl	10000e14 <drawPixel>
10001a68:	9b03      	ldr	r3, [sp, #12]
10001a6a:	eba6 0108 	sub.w	r1, r6, r8
10001a6e:	18f8      	adds	r0, r7, r3
10001a70:	465a      	mov	r2, fp
10001a72:	b200      	sxth	r0, r0
10001a74:	b209      	sxth	r1, r1
10001a76:	f7ff f9cd 	bl	10000e14 <drawPixel>
10001a7a:	9b01      	ldr	r3, [sp, #4]
10001a7c:	2b00      	cmp	r3, #0
10001a7e:	d0ce      	beq.n	10001a1e <drawCircleHelper+0x52>
10001a80:	b2ab      	uxth	r3, r5
10001a82:	1af8      	subs	r0, r7, r3
10001a84:	eb06 0108 	add.w	r1, r6, r8
10001a88:	465a      	mov	r2, fp
10001a8a:	b209      	sxth	r1, r1
10001a8c:	b200      	sxth	r0, r0
10001a8e:	9303      	str	r3, [sp, #12]
10001a90:	f7ff f9c0 	bl	10000e14 <drawPixel>
10001a94:	9b03      	ldr	r3, [sp, #12]
10001a96:	eba7 0008 	sub.w	r0, r7, r8
10001a9a:	1999      	adds	r1, r3, r6
10001a9c:	465a      	mov	r2, fp
10001a9e:	b209      	sxth	r1, r1
10001aa0:	b200      	sxth	r0, r0
10001aa2:	f7ff f9b7 	bl	10000e14 <drawPixel>
10001aa6:	454d      	cmp	r5, r9
10001aa8:	dcbb      	bgt.n	10001a22 <drawCircleHelper+0x56>
10001aaa:	b009      	add	sp, #36	@ 0x24
10001aac:	e8bd 8ff0 	ldmia.w	sp!, {r4, r5, r6, r7, r8, r9, sl, fp, pc}
10001ab0:	f04f 0800 	mov.w	r8, #0
10001ab4:	46f2      	mov	sl, lr
10001ab6:	e9cd 4c03 	strd	r4, ip, [sp, #12]
10001aba:	b287      	uxth	r7, r0
10001abc:	b28e      	uxth	r6, r1
10001abe:	e017      	b.n	10001af0 <drawCircleHelper+0x124>
10001ac0:	9b02      	ldr	r3, [sp, #8]
10001ac2:	2b00      	cmp	r3, #0
10001ac4:	d144      	bne.n	10001b50 <drawCircleHelper+0x184>
10001ac6:	9b01      	ldr	r3, [sp, #4]
10001ac8:	2b00      	cmp	r3, #0
10001aca:	d154      	bne.n	10001b76 <drawCircleHelper+0x1aa>
10001acc:	1b31      	subs	r1, r6, r4
10001ace:	eba7 0009 	sub.w	r0, r7, r9
10001ad2:	465a      	mov	r2, fp
10001ad4:	b209      	sxth	r1, r1
10001ad6:	b200      	sxth	r0, r0
10001ad8:	f7ff f99c 	bl	10000e14 <drawPixel>
10001adc:	1b38      	subs	r0, r7, r4
10001ade:	eba6 0109 	sub.w	r1, r6, r9
10001ae2:	465a      	mov	r2, fp
10001ae4:	b200      	sxth	r0, r0
10001ae6:	b209      	sxth	r1, r1
10001ae8:	f7ff f994 	bl	10000e14 <drawPixel>
10001aec:	4545      	cmp	r5, r8
10001aee:	dddc      	ble.n	10001aaa <drawCircleHelper+0xde>
10001af0:	9b03      	ldr	r3, [sp, #12]
10001af2:	f108 0801 	add.w	r8, r8, #1
10001af6:	2b00      	cmp	r3, #0
10001af8:	fa1f f488 	uxth.w	r4, r8
10001afc:	b29a      	uxth	r2, r3
10001afe:	db0a      	blt.n	10001b16 <drawCircleHelper+0x14a>
10001b00:	f10a 0a02 	add.w	sl, sl, #2
10001b04:	3d01      	subs	r5, #1
10001b06:	fa12 f28a 	uxtah	r2, r2, sl
10001b0a:	fa1f f985 	uxth.w	r9, r5
10001b0e:	b292      	uxth	r2, r2
10001b10:	b22d      	sxth	r5, r5
10001b12:	fa0f fa8a 	sxth.w	sl, sl
10001b16:	eb02 0244 	add.w	r2, r2, r4, lsl #1
10001b1a:	3201      	adds	r2, #1
10001b1c:	b213      	sxth	r3, r2
10001b1e:	9303      	str	r3, [sp, #12]
10001b20:	9b04      	ldr	r3, [sp, #16]
10001b22:	fa0f f888 	sxth.w	r8, r8
10001b26:	2b00      	cmp	r3, #0
10001b28:	d0ca      	beq.n	10001ac0 <drawCircleHelper+0xf4>
10001b2a:	eb06 0109 	add.w	r1, r6, r9
10001b2e:	1938      	adds	r0, r7, r4
10001b30:	465a      	mov	r2, fp
10001b32:	b209      	sxth	r1, r1
10001b34:	b200      	sxth	r0, r0
10001b36:	f7ff f96d 	bl	10000e14 <drawPixel>
10001b3a:	1931      	adds	r1, r6, r4
10001b3c:	eb07 0009 	add.w	r0, r7, r9
10001b40:	465a      	mov	r2, fp
10001b42:	b209      	sxth	r1, r1
10001b44:	b200      	sxth	r0, r0
10001b46:	f7ff f965 	bl	10000e14 <drawPixel>
10001b4a:	9b02      	ldr	r3, [sp, #8]
10001b4c:	2b00      	cmp	r3, #0
10001b4e:	d0ba      	beq.n	10001ac6 <drawCircleHelper+0xfa>
10001b50:	eba6 0109 	sub.w	r1, r6, r9
10001b54:	1938      	adds	r0, r7, r4
10001b56:	465a      	mov	r2, fp
10001b58:	b209      	sxth	r1, r1
10001b5a:	b200      	sxth	r0, r0
10001b5c:	f7ff f95a 	bl	10000e14 <drawPixel>
10001b60:	1b31      	subs	r1, r6, r4
10001b62:	eb07 0009 	add.w	r0, r7, r9
10001b66:	465a      	mov	r2, fp
10001b68:	b209      	sxth	r1, r1
10001b6a:	b200      	sxth	r0, r0
10001b6c:	f7ff f952 	bl	10000e14 <drawPixel>
10001b70:	9b01      	ldr	r3, [sp, #4]
10001b72:	2b00      	cmp	r3, #0
10001b74:	d0aa      	beq.n	10001acc <drawCircleHelper+0x100>
10001b76:	1931      	adds	r1, r6, r4
10001b78:	eba7 0009 	sub.w	r0, r7, r9
10001b7c:	465a      	mov	r2, fp
10001b7e:	b209      	sxth	r1, r1
10001b80:	b200      	sxth	r0, r0
10001b82:	f7ff f947 	bl	10000e14 <drawPixel>
10001b86:	eb09 0106 	add.w	r1, r9, r6
10001b8a:	1b38      	subs	r0, r7, r4
10001b8c:	465a      	mov	r2, fp
10001b8e:	b209      	sxth	r1, r1
10001b90:	b200      	sxth	r0, r0
10001b92:	f7ff f93f 	bl	10000e14 <drawPixel>
10001b96:	e799      	b.n	10001acc <drawCircleHelper+0x100>
10001b98:	e9cd b503 	strd	fp, r5, [sp, #12]
10001b9c:	b287      	uxth	r7, r0
10001b9e:	469b      	mov	fp, r3
10001ba0:	b28e      	uxth	r6, r1
10001ba2:	f8cd e01c 	str.w	lr, [sp, #28]
10001ba6:	e006      	b.n	10001bb6 <drawCircleHelper+0x1ea>
10001ba8:	9b01      	ldr	r3, [sp, #4]
10001baa:	2b00      	cmp	r3, #0
10001bac:	d149      	bne.n	10001c42 <drawCircleHelper+0x276>
10001bae:	9b04      	ldr	r3, [sp, #16]
10001bb0:	459b      	cmp	fp, r3
10001bb2:	f6bf af7a 	bge.w	10001aaa <drawCircleHelper+0xde>
10001bb6:	f10b 0301 	add.w	r3, fp, #1
10001bba:	2c00      	cmp	r4, #0
10001bbc:	b29d      	uxth	r5, r3
10001bbe:	fa0f fb83 	sxth.w	fp, r3
10001bc2:	b2a3      	uxth	r3, r4
10001bc4:	db0c      	blt.n	10001be0 <drawCircleHelper+0x214>
10001bc6:	9a07      	ldr	r2, [sp, #28]
10001bc8:	9904      	ldr	r1, [sp, #16]
10001bca:	3202      	adds	r2, #2
10001bcc:	3901      	subs	r1, #1
10001bce:	fa13 f382 	uxtah	r3, r3, r2
10001bd2:	fa1f f981 	uxth.w	r9, r1
10001bd6:	b212      	sxth	r2, r2
10001bd8:	b209      	sxth	r1, r1
10001bda:	b29b      	uxth	r3, r3
10001bdc:	9104      	str	r1, [sp, #16]
10001bde:	9207      	str	r2, [sp, #28]
10001be0:	eb03 0345 	add.w	r3, r3, r5, lsl #1
10001be4:	3301      	adds	r3, #1
10001be6:	b21c      	sxth	r4, r3
10001be8:	eb06 0209 	add.w	r2, r6, r9
10001bec:	197b      	adds	r3, r7, r5
10001bee:	b21b      	sxth	r3, r3
10001bf0:	b212      	sxth	r2, r2
10001bf2:	eb07 0a09 	add.w	sl, r7, r9
10001bf6:	eb06 0805 	add.w	r8, r6, r5
10001bfa:	4618      	mov	r0, r3
10001bfc:	4611      	mov	r1, r2
10001bfe:	9206      	str	r2, [sp, #24]
10001c00:	fa0f fa8a 	sxth.w	sl, sl
10001c04:	9a03      	ldr	r2, [sp, #12]
10001c06:	fa0f f888 	sxth.w	r8, r8
10001c0a:	9305      	str	r3, [sp, #20]
10001c0c:	f7ff f902 	bl	10000e14 <drawPixel>
10001c10:	9a03      	ldr	r2, [sp, #12]
10001c12:	4641      	mov	r1, r8
10001c14:	4650      	mov	r0, sl
10001c16:	f7ff f8fd 	bl	10000e14 <drawPixel>
10001c1a:	9a02      	ldr	r2, [sp, #8]
10001c1c:	9b05      	ldr	r3, [sp, #20]
10001c1e:	2a00      	cmp	r2, #0
10001c20:	d0c2      	beq.n	10001ba8 <drawCircleHelper+0x1dc>
10001c22:	eba6 0109 	sub.w	r1, r6, r9
10001c26:	4618      	mov	r0, r3
10001c28:	9a03      	ldr	r2, [sp, #12]
10001c2a:	b209      	sxth	r1, r1
10001c2c:	f7ff f8f2 	bl	10000e14 <drawPixel>
10001c30:	1b71      	subs	r1, r6, r5
10001c32:	4650      	mov	r0, sl
10001c34:	9a03      	ldr	r2, [sp, #12]
10001c36:	b209      	sxth	r1, r1
10001c38:	f7ff f8ec 	bl	10000e14 <drawPixel>
10001c3c:	9b01      	ldr	r3, [sp, #4]
10001c3e:	2b00      	cmp	r3, #0
10001c40:	d0b5      	beq.n	10001bae <drawCircleHelper+0x1e2>
10001c42:	4641      	mov	r1, r8
10001c44:	f8dd 800c 	ldr.w	r8, [sp, #12]
10001c48:	eba7 0009 	sub.w	r0, r7, r9
10001c4c:	4642      	mov	r2, r8
10001c4e:	b200      	sxth	r0, r0
10001c50:	f7ff f8e0 	bl	10000e14 <drawPixel>
10001c54:	1b78      	subs	r0, r7, r5
10001c56:	4642      	mov	r2, r8
10001c58:	9906      	ldr	r1, [sp, #24]
10001c5a:	b200      	sxth	r0, r0
10001c5c:	f7ff f8da 	bl	10000e14 <drawPixel>
10001c60:	e7a5      	b.n	10001bae <drawCircleHelper+0x1e2>
10001c62:	bf00      	nop

10001c64 <fillCircle>:
10001c64:	4291      	cmp	r1, r2
10001c66:	db44      	blt.n	10001cf2 <fillCircle+0x8e>
10001c68:	e92d 4ff0 	stmdb	sp!, {r4, r5, r6, r7, r8, r9, sl, fp, lr}
10001c6c:	469b      	mov	fp, r3
10001c6e:	1853      	adds	r3, r2, r1
10001c70:	f5b3 7ff0 	cmp.w	r3, #480	@ 0x1e0
10001c74:	b083      	sub	sp, #12
10001c76:	da36      	bge.n	10001ce6 <fillCircle+0x82>
10001c78:	2a00      	cmp	r2, #0
10001c7a:	db34      	blt.n	10001ce6 <fillCircle+0x82>
10001c7c:	460d      	mov	r5, r1
10001c7e:	2600      	movs	r6, #0
10001c80:	fb02 2702 	mla	r7, r2, r2, r2
10001c84:	f102 0901 	add.w	r9, r2, #1
10001c88:	ea4f 0841 	mov.w	r8, r1, lsl #1
10001c8c:	9001      	str	r0, [sp, #4]
10001c8e:	fb16 f306 	smulbb	r3, r6, r6
10001c92:	1afb      	subs	r3, r7, r3
10001c94:	f1b3 4f80 	cmp.w	r3, #1073741824	@ 0x40000000
10001c98:	f04f 4280 	mov.w	r2, #1073741824	@ 0x40000000
10001c9c:	d203      	bcs.n	10001ca6 <fillCircle+0x42>
10001c9e:	0892      	lsrs	r2, r2, #2
10001ca0:	4293      	cmp	r3, r2
10001ca2:	d3fc      	bcc.n	10001c9e <fillCircle+0x3a>
10001ca4:	b312      	cbz	r2, 10001cec <fillCircle+0x88>
10001ca6:	2000      	movs	r0, #0
10001ca8:	1881      	adds	r1, r0, r2
10001caa:	4299      	cmp	r1, r3
10001cac:	ea4f 0050 	mov.w	r0, r0, lsr #1
10001cb0:	bf9c      	itt	ls
10001cb2:	1880      	addls	r0, r0, r2
10001cb4:	1a5b      	subls	r3, r3, r1
10001cb6:	0892      	lsrs	r2, r2, #2
10001cb8:	d1f6      	bne.n	10001ca8 <fillCircle+0x44>
10001cba:	ea4f 0a40 	mov.w	sl, r0, lsl #1
10001cbe:	9b01      	ldr	r3, [sp, #4]
10001cc0:	eba8 0105 	sub.w	r1, r8, r5
10001cc4:	1a1c      	subs	r4, r3, r0
10001cc6:	4652      	mov	r2, sl
10001cc8:	465b      	mov	r3, fp
10001cca:	4620      	mov	r0, r4
10001ccc:	f7ff fce8 	bl	100016a0 <drawHLine>
10001cd0:	3601      	adds	r6, #1
10001cd2:	4629      	mov	r1, r5
10001cd4:	465b      	mov	r3, fp
10001cd6:	4652      	mov	r2, sl
10001cd8:	4620      	mov	r0, r4
10001cda:	f7ff fce1 	bl	100016a0 <drawHLine>
10001cde:	454e      	cmp	r6, r9
10001ce0:	f105 35ff 	add.w	r5, r5, #4294967295	@ 0xffffffff
10001ce4:	d1d3      	bne.n	10001c8e <fillCircle+0x2a>
10001ce6:	b003      	add	sp, #12
10001ce8:	e8bd 8ff0 	ldmia.w	sp!, {r4, r5, r6, r7, r8, r9, sl, fp, pc}
10001cec:	4692      	mov	sl, r2
10001cee:	4610      	mov	r0, r2
10001cf0:	e7e5      	b.n	10001cbe <fillCircle+0x5a>
10001cf2:	4770      	bx	lr

10001cf4 <fillCircleHelper>:
10001cf4:	e92d 4ff0 	stmdb	sp!, {r4, r5, r6, r7, r8, r9, sl, fp, lr}
10001cf8:	2a00      	cmp	r2, #0
10001cfa:	b089      	sub	sp, #36	@ 0x24
10001cfc:	b295      	uxth	r5, r2
10001cfe:	4616      	mov	r6, r2
10001d00:	f9bd 4048 	ldrsh.w	r4, [sp, #72]	@ 0x48
10001d04:	f89d 904c 	ldrb.w	r9, [sp, #76]	@ 0x4c
10001d08:	ebc5 3cc5 	rsb	ip, r5, r5, lsl #15
10001d0c:	f340 80b6 	ble.w	10001e7c <fillCircleHelper+0x188>
10001d10:	b2a4      	uxth	r4, r4
10001d12:	b289      	uxth	r1, r1
10001d14:	9102      	str	r1, [sp, #8]
10001d16:	f104 0b03 	add.w	fp, r4, #3
10001d1a:	1c61      	adds	r1, r4, #1
10001d1c:	fa1f fb8b 	uxth.w	fp, fp
10001d20:	9105      	str	r1, [sp, #20]
10001d22:	f003 0101 	and.w	r1, r3, #1
10001d26:	f003 0302 	and.w	r3, r3, #2
10001d2a:	f04f 0a00 	mov.w	sl, #0
10001d2e:	9303      	str	r3, [sp, #12]
10001d30:	465b      	mov	r3, fp
10001d32:	f1c5 0501 	rsb	r5, r5, #1
10001d36:	ea4f 0c4c 	mov.w	ip, ip, lsl #1
10001d3a:	b22d      	sxth	r5, r5
10001d3c:	fa0f f28c 	sxth.w	r2, ip
10001d40:	b280      	uxth	r0, r0
10001d42:	46d3      	mov	fp, sl
10001d44:	9001      	str	r0, [sp, #4]
10001d46:	46aa      	mov	sl, r5
10001d48:	9104      	str	r1, [sp, #16]
10001d4a:	461d      	mov	r5, r3
10001d4c:	9200      	str	r2, [sp, #0]
10001d4e:	e007      	b.n	10001d60 <fillCircleHelper+0x6c>
10001d50:	9b03      	ldr	r3, [sp, #12]
10001d52:	2b00      	cmp	r3, #0
10001d54:	d15b      	bne.n	10001e0e <fillCircleHelper+0x11a>
10001d56:	1cab      	adds	r3, r5, #2
10001d58:	455e      	cmp	r6, fp
10001d5a:	b29d      	uxth	r5, r3
10001d5c:	f340 808e 	ble.w	10001e7c <fillCircleHelper+0x188>
10001d60:	f1ba 0f00 	cmp.w	sl, #0
10001d64:	fa1f f28a 	uxth.w	r2, sl
10001d68:	db0a      	blt.n	10001d80 <fillCircleHelper+0x8c>
10001d6a:	9b00      	ldr	r3, [sp, #0]
10001d6c:	1e71      	subs	r1, r6, #1
10001d6e:	f103 0802 	add.w	r8, r3, #2
10001d72:	fa12 f288 	uxtah	r2, r2, r8
10001d76:	fa0f f388 	sxth.w	r3, r8
10001d7a:	b20e      	sxth	r6, r1
10001d7c:	9300      	str	r3, [sp, #0]
10001d7e:	b292      	uxth	r2, r2
10001d80:	f10b 0b01 	add.w	fp, fp, #1
10001d84:	fa1f f48b 	uxth.w	r4, fp
10001d88:	eb02 0244 	add.w	r2, r2, r4, lsl #1
10001d8c:	9b04      	ldr	r3, [sp, #16]
10001d8e:	3201      	adds	r2, #1
10001d90:	fa0f fb8b 	sxth.w	fp, fp
10001d94:	fa0f fa82 	sxth.w	sl, r2
10001d98:	2b00      	cmp	r3, #0
10001d9a:	d0d9      	beq.n	10001d50 <fillCircleHelper+0x5c>
10001d9c:	9a02      	ldr	r2, [sp, #8]
10001d9e:	b2b3      	uxth	r3, r6
10001da0:	1ad7      	subs	r7, r2, r3
10001da2:	9a05      	ldr	r2, [sp, #20]
10001da4:	b23f      	sxth	r7, r7
10001da6:	eb02 0e43 	add.w	lr, r2, r3, lsl #1
10001daa:	9a01      	ldr	r2, [sp, #4]
10001dac:	fa07 f88e 	sxtah	r8, r7, lr
10001db0:	1910      	adds	r0, r2, r4
10001db2:	4547      	cmp	r7, r8
10001db4:	b200      	sxth	r0, r0
10001db6:	da0f      	bge.n	10001dd8 <fillCircleHelper+0xe4>
10001db8:	e9cd 3406 	strd	r3, r4, [sp, #24]
10001dbc:	463c      	mov	r4, r7
10001dbe:	4647      	mov	r7, r8
10001dc0:	4680      	mov	r8, r0
10001dc2:	4621      	mov	r1, r4
10001dc4:	464a      	mov	r2, r9
10001dc6:	4640      	mov	r0, r8
10001dc8:	f7ff f824 	bl	10000e14 <drawPixel>
10001dcc:	1c61      	adds	r1, r4, #1
10001dce:	b20c      	sxth	r4, r1
10001dd0:	42bc      	cmp	r4, r7
10001dd2:	dbf6      	blt.n	10001dc2 <fillCircleHelper+0xce>
10001dd4:	e9dd 3406 	ldrd	r3, r4, [sp, #24]
10001dd8:	9a01      	ldr	r2, [sp, #4]
10001dda:	441a      	add	r2, r3
10001ddc:	9b02      	ldr	r3, [sp, #8]
10001dde:	b212      	sxth	r2, r2
10001de0:	1b1f      	subs	r7, r3, r4
10001de2:	b23f      	sxth	r7, r7
10001de4:	fa07 f885 	sxtah	r8, r7, r5
10001de8:	4547      	cmp	r7, r8
10001dea:	dab1      	bge.n	10001d50 <fillCircleHelper+0x5c>
10001dec:	9406      	str	r4, [sp, #24]
10001dee:	463c      	mov	r4, r7
10001df0:	4647      	mov	r7, r8
10001df2:	4690      	mov	r8, r2
10001df4:	4621      	mov	r1, r4
10001df6:	464a      	mov	r2, r9
10001df8:	4640      	mov	r0, r8
10001dfa:	f7ff f80b 	bl	10000e14 <drawPixel>
10001dfe:	1c61      	adds	r1, r4, #1
10001e00:	b20c      	sxth	r4, r1
10001e02:	42bc      	cmp	r4, r7
10001e04:	dbf6      	blt.n	10001df4 <fillCircleHelper+0x100>
10001e06:	9b03      	ldr	r3, [sp, #12]
10001e08:	9c06      	ldr	r4, [sp, #24]
10001e0a:	2b00      	cmp	r3, #0
10001e0c:	d0a3      	beq.n	10001d56 <fillCircleHelper+0x62>
10001e0e:	9b02      	ldr	r3, [sp, #8]
10001e10:	b2b2      	uxth	r2, r6
10001e12:	1a9f      	subs	r7, r3, r2
10001e14:	9b05      	ldr	r3, [sp, #20]
10001e16:	b23f      	sxth	r7, r7
10001e18:	eb03 0e42 	add.w	lr, r3, r2, lsl #1
10001e1c:	9b01      	ldr	r3, [sp, #4]
10001e1e:	fa07 f88e 	sxtah	r8, r7, lr
10001e22:	1b18      	subs	r0, r3, r4
10001e24:	4547      	cmp	r7, r8
10001e26:	b200      	sxth	r0, r0
10001e28:	da0f      	bge.n	10001e4a <fillCircleHelper+0x156>
10001e2a:	e9cd 2406 	strd	r2, r4, [sp, #24]
10001e2e:	463c      	mov	r4, r7
10001e30:	4647      	mov	r7, r8
10001e32:	4680      	mov	r8, r0
10001e34:	4621      	mov	r1, r4
10001e36:	464a      	mov	r2, r9
10001e38:	4640      	mov	r0, r8
10001e3a:	f7fe ffeb 	bl	10000e14 <drawPixel>
10001e3e:	1c61      	adds	r1, r4, #1
10001e40:	b20c      	sxth	r4, r1
10001e42:	42bc      	cmp	r4, r7
10001e44:	dbf6      	blt.n	10001e34 <fillCircleHelper+0x140>
10001e46:	e9dd 2406 	ldrd	r2, r4, [sp, #24]
10001e4a:	9b02      	ldr	r3, [sp, #8]
10001e4c:	1b1c      	subs	r4, r3, r4
10001e4e:	b224      	sxth	r4, r4
10001e50:	9b01      	ldr	r3, [sp, #4]
10001e52:	fa04 f885 	sxtah	r8, r4, r5
10001e56:	1a9a      	subs	r2, r3, r2
10001e58:	4544      	cmp	r4, r8
10001e5a:	b217      	sxth	r7, r2
10001e5c:	f6bf af7b 	bge.w	10001d56 <fillCircleHelper+0x62>
10001e60:	4621      	mov	r1, r4
10001e62:	3401      	adds	r4, #1
10001e64:	464a      	mov	r2, r9
10001e66:	4638      	mov	r0, r7
10001e68:	b224      	sxth	r4, r4
10001e6a:	f7fe ffd3 	bl	10000e14 <drawPixel>
10001e6e:	4544      	cmp	r4, r8
10001e70:	dbf6      	blt.n	10001e60 <fillCircleHelper+0x16c>
10001e72:	1cab      	adds	r3, r5, #2
10001e74:	455e      	cmp	r6, fp
10001e76:	b29d      	uxth	r5, r3
10001e78:	f73f af72 	bgt.w	10001d60 <fillCircleHelper+0x6c>
10001e7c:	b009      	add	sp, #36	@ 0x24
10001e7e:	e8bd 8ff0 	ldmia.w	sp!, {r4, r5, r6, r7, r8, r9, sl, fp, pc}
10001e82:	bf00      	nop

10001e84 <drawRoundRect>:
10001e84:	e92d 4ff0 	stmdb	sp!, {r4, r5, r6, r7, r8, r9, sl, fp, lr}
10001e88:	4692      	mov	sl, r2
10001e8a:	461c      	mov	r4, r3
10001e8c:	460f      	mov	r7, r1
10001e8e:	4606      	mov	r6, r0
10001e90:	b08b      	sub	sp, #44	@ 0x2c
10001e92:	f9bd 3050 	ldrsh.w	r3, [sp, #80]	@ 0x50
10001e96:	f89d 5054 	ldrb.w	r5, [sp, #84]	@ 0x54
10001e9a:	9304      	str	r3, [sp, #16]
10001e9c:	9a04      	ldr	r2, [sp, #16]
10001e9e:	462b      	mov	r3, r5
10001ea0:	eb00 0802 	add.w	r8, r0, r2
10001ea4:	ebaa 0942 	sub.w	r9, sl, r2, lsl #1
10001ea8:	464a      	mov	r2, r9
10001eaa:	4640      	mov	r0, r8
10001eac:	f7ff fbf8 	bl	100016a0 <drawHLine>
10001eb0:	19e1      	adds	r1, r4, r7
10001eb2:	464a      	mov	r2, r9
10001eb4:	4640      	mov	r0, r8
10001eb6:	462b      	mov	r3, r5
10001eb8:	3901      	subs	r1, #1
10001eba:	f7ff fbf1 	bl	100016a0 <drawHLine>
10001ebe:	f8bd c010 	ldrh.w	ip, [sp, #16]
10001ec2:	b2bb      	uxth	r3, r7
10001ec4:	ea4f 074c 	mov.w	r7, ip, lsl #1
10001ec8:	eb03 090c 	add.w	r9, r3, ip
10001ecc:	b2a1      	uxth	r1, r4
10001ece:	b2bf      	uxth	r7, r7
10001ed0:	fa0f fb89 	sxth.w	fp, r9
10001ed4:	1bcc      	subs	r4, r1, r7
10001ed6:	fa1f f886 	uxth.w	r8, r6
10001eda:	fa0b f484 	sxtah	r4, fp, r4
10001ede:	44c2      	add	sl, r8
10001ee0:	9306      	str	r3, [sp, #24]
10001ee2:	455c      	cmp	r4, fp
10001ee4:	fa1f f38a 	uxth.w	r3, sl
10001ee8:	9107      	str	r1, [sp, #28]
10001eea:	fa1f f989 	uxth.w	r9, r9
10001eee:	9302      	str	r3, [sp, #8]
10001ef0:	dd1b      	ble.n	10001f2a <drawRoundRect+0xa6>
10001ef2:	9701      	str	r7, [sp, #4]
10001ef4:	46e2      	mov	sl, ip
10001ef6:	465f      	mov	r7, fp
10001ef8:	4639      	mov	r1, r7
10001efa:	462a      	mov	r2, r5
10001efc:	4630      	mov	r0, r6
10001efe:	f7fe ff89 	bl	10000e14 <drawPixel>
10001f02:	1c79      	adds	r1, r7, #1
10001f04:	b20f      	sxth	r7, r1
10001f06:	42a7      	cmp	r7, r4
10001f08:	dbf6      	blt.n	10001ef8 <drawRoundRect+0x74>
10001f0a:	9b02      	ldr	r3, [sp, #8]
10001f0c:	9f01      	ldr	r7, [sp, #4]
10001f0e:	1e5e      	subs	r6, r3, #1
10001f10:	b236      	sxth	r6, r6
10001f12:	4659      	mov	r1, fp
10001f14:	f10b 0b01 	add.w	fp, fp, #1
10001f18:	462a      	mov	r2, r5
10001f1a:	4630      	mov	r0, r6
10001f1c:	fa0f fb8b 	sxth.w	fp, fp
10001f20:	f7fe ff78 	bl	10000e14 <drawPixel>
10001f24:	45a3      	cmp	fp, r4
10001f26:	dbf4      	blt.n	10001f12 <drawRoundRect+0x8e>
10001f28:	46d4      	mov	ip, sl
10001f2a:	427f      	negs	r7, r7
10001f2c:	b23b      	sxth	r3, r7
10001f2e:	9303      	str	r3, [sp, #12]
10001f30:	f1cc 0301 	rsb	r3, ip, #1
10001f34:	b21b      	sxth	r3, r3
10001f36:	9305      	str	r3, [sp, #20]
10001f38:	9b04      	ldr	r3, [sp, #16]
10001f3a:	44e0      	add	r8, ip
10001f3c:	2b00      	cmp	r3, #0
10001f3e:	fa1f f888 	uxth.w	r8, r8
10001f42:	f340 80f7 	ble.w	10002134 <drawRoundRect+0x2b0>
10001f46:	f8dd b00c 	ldr.w	fp, [sp, #12]
10001f4a:	9c05      	ldr	r4, [sp, #20]
10001f4c:	f8cd b004 	str.w	fp, [sp, #4]
10001f50:	2700      	movs	r7, #0
10001f52:	46a3      	mov	fp, r4
10001f54:	461c      	mov	r4, r3
10001f56:	f8cd c020 	str.w	ip, [sp, #32]
10001f5a:	3701      	adds	r7, #1
10001f5c:	fa1f fa87 	uxth.w	sl, r7
10001f60:	eba9 010a 	sub.w	r1, r9, sl
10001f64:	f1bb 0f00 	cmp.w	fp, #0
10001f68:	462a      	mov	r2, r5
10001f6a:	b209      	sxth	r1, r1
10001f6c:	b23f      	sxth	r7, r7
10001f6e:	b2a6      	uxth	r6, r4
10001f70:	fa1f f08b 	uxth.w	r0, fp
10001f74:	db0b      	blt.n	10001f8e <drawRoundRect+0x10a>
10001f76:	9b01      	ldr	r3, [sp, #4]
10001f78:	1e74      	subs	r4, r6, #1
10001f7a:	f103 0b02 	add.w	fp, r3, #2
10001f7e:	fa10 f08b 	uxtah	r0, r0, fp
10001f82:	fa0f f38b 	sxth.w	r3, fp
10001f86:	b2a6      	uxth	r6, r4
10001f88:	b280      	uxth	r0, r0
10001f8a:	b224      	sxth	r4, r4
10001f8c:	9301      	str	r3, [sp, #4]
10001f8e:	eb00 034a 	add.w	r3, r0, sl, lsl #1
10001f92:	eba8 0006 	sub.w	r0, r8, r6
10001f96:	3301      	adds	r3, #1
10001f98:	b200      	sxth	r0, r0
10001f9a:	fa0f fb83 	sxth.w	fp, r3
10001f9e:	f7fe ff39 	bl	10000e14 <drawPixel>
10001fa2:	eba9 0106 	sub.w	r1, r9, r6
10001fa6:	eba8 000a 	sub.w	r0, r8, sl
10001faa:	462a      	mov	r2, r5
10001fac:	b209      	sxth	r1, r1
10001fae:	b200      	sxth	r0, r0
10001fb0:	f7fe ff30 	bl	10000e14 <drawPixel>
10001fb4:	42a7      	cmp	r7, r4
10001fb6:	dbd0      	blt.n	10001f5a <drawRoundRect+0xd6>
10001fb8:	f8dd c020 	ldr.w	ip, [sp, #32]
10001fbc:	9b02      	ldr	r3, [sp, #8]
10001fbe:	2600      	movs	r6, #0
10001fc0:	eba3 030c 	sub.w	r3, r3, ip
10001fc4:	b29b      	uxth	r3, r3
10001fc6:	461a      	mov	r2, r3
10001fc8:	9302      	str	r3, [sp, #8]
10001fca:	e9dd b303 	ldrd	fp, r3, [sp, #12]
10001fce:	469a      	mov	sl, r3
10001fd0:	3a01      	subs	r2, #1
10001fd2:	b292      	uxth	r2, r2
10001fd4:	9c05      	ldr	r4, [sp, #20]
10001fd6:	9201      	str	r2, [sp, #4]
10001fd8:	f8cd 8020 	str.w	r8, [sp, #32]
10001fdc:	f8cd c024 	str.w	ip, [sp, #36]	@ 0x24
10001fe0:	9b02      	ldr	r3, [sp, #8]
10001fe2:	b2b6      	uxth	r6, r6
10001fe4:	1c72      	adds	r2, r6, #1
10001fe6:	2c00      	cmp	r4, #0
10001fe8:	441e      	add	r6, r3
10001fea:	fa1f f882 	uxth.w	r8, r2
10001fee:	b230      	sxth	r0, r6
10001ff0:	fa1f f78a 	uxth.w	r7, sl
10001ff4:	b216      	sxth	r6, r2
10001ff6:	b2a2      	uxth	r2, r4
10001ff8:	db0c      	blt.n	10002014 <drawRoundRect+0x190>
10001ffa:	f10b 0b02 	add.w	fp, fp, #2
10001ffe:	f107 3aff 	add.w	sl, r7, #4294967295	@ 0xffffffff
10002002:	fa12 f28b 	uxtah	r2, r2, fp
10002006:	fa1f f78a 	uxth.w	r7, sl
1000200a:	b292      	uxth	r2, r2
1000200c:	fa0f fa8a 	sxth.w	sl, sl
10002010:	fa0f fb8b 	sxth.w	fp, fp
10002014:	eb02 0248 	add.w	r2, r2, r8, lsl #1
10002018:	eba9 0107 	sub.w	r1, r9, r7
1000201c:	1c53      	adds	r3, r2, #1
1000201e:	b209      	sxth	r1, r1
10002020:	462a      	mov	r2, r5
10002022:	b21c      	sxth	r4, r3
10002024:	f7fe fef6 	bl	10000e14 <drawPixel>
10002028:	9b01      	ldr	r3, [sp, #4]
1000202a:	eba9 0108 	sub.w	r1, r9, r8
1000202e:	19d8      	adds	r0, r3, r7
10002030:	462a      	mov	r2, r5
10002032:	b209      	sxth	r1, r1
10002034:	b200      	sxth	r0, r0
10002036:	f7fe feed 	bl	10000e14 <drawPixel>
1000203a:	4556      	cmp	r6, sl
1000203c:	dbd0      	blt.n	10001fe0 <drawRoundRect+0x15c>
1000203e:	e9dd 8c08 	ldrd	r8, ip, [sp, #32]
10002042:	9b07      	ldr	r3, [sp, #28]
10002044:	9a06      	ldr	r2, [sp, #24]
10002046:	3b01      	subs	r3, #1
10002048:	441a      	add	r2, r3
1000204a:	2600      	movs	r6, #0
1000204c:	e9dd b303 	ldrd	fp, r3, [sp, #12]
10002050:	4699      	mov	r9, r3
10002052:	eba2 0a0c 	sub.w	sl, r2, ip
10002056:	9c05      	ldr	r4, [sp, #20]
10002058:	fa1f fa8a 	uxth.w	sl, sl
1000205c:	f8cd 8018 	str.w	r8, [sp, #24]
10002060:	f8cd c01c 	str.w	ip, [sp, #28]
10002064:	9b02      	ldr	r3, [sp, #8]
10002066:	b2b6      	uxth	r6, r6
10002068:	1c72      	adds	r2, r6, #1
1000206a:	2c00      	cmp	r4, #0
1000206c:	441e      	add	r6, r3
1000206e:	fa1f f882 	uxth.w	r8, r2
10002072:	b230      	sxth	r0, r6
10002074:	fa1f f789 	uxth.w	r7, r9
10002078:	b216      	sxth	r6, r2
1000207a:	b2a2      	uxth	r2, r4
1000207c:	db0c      	blt.n	10002098 <drawRoundRect+0x214>
1000207e:	f10b 0b02 	add.w	fp, fp, #2
10002082:	f107 39ff 	add.w	r9, r7, #4294967295	@ 0xffffffff
10002086:	fa12 f28b 	uxtah	r2, r2, fp
1000208a:	fa1f f789 	uxth.w	r7, r9
1000208e:	b292      	uxth	r2, r2
10002090:	fa0f f989 	sxth.w	r9, r9
10002094:	fa0f fb8b 	sxth.w	fp, fp
10002098:	eb02 0248 	add.w	r2, r2, r8, lsl #1
1000209c:	eb0a 0107 	add.w	r1, sl, r7
100020a0:	1c53      	adds	r3, r2, #1
100020a2:	b209      	sxth	r1, r1
100020a4:	462a      	mov	r2, r5
100020a6:	b21c      	sxth	r4, r3
100020a8:	f7fe feb4 	bl	10000e14 <drawPixel>
100020ac:	9b01      	ldr	r3, [sp, #4]
100020ae:	eb0a 0108 	add.w	r1, sl, r8
100020b2:	19d8      	adds	r0, r3, r7
100020b4:	462a      	mov	r2, r5
100020b6:	b209      	sxth	r1, r1
100020b8:	b200      	sxth	r0, r0
100020ba:	f7fe feab 	bl	10000e14 <drawPixel>
100020be:	454e      	cmp	r6, r9
100020c0:	dbd0      	blt.n	10002064 <drawRoundRect+0x1e0>
100020c2:	e9dd 8c06 	ldrd	r8, ip, [sp, #24]
100020c6:	e9dd 9b04 	ldrd	r9, fp, [sp, #16]
100020ca:	2400      	movs	r4, #0
100020cc:	4666      	mov	r6, ip
100020ce:	e001      	b.n	100020d4 <drawRoundRect+0x250>
100020d0:	fa1f f689 	uxth.w	r6, r9
100020d4:	3401      	adds	r4, #1
100020d6:	b2a7      	uxth	r7, r4
100020d8:	eb0a 0107 	add.w	r1, sl, r7
100020dc:	f1bb 0f00 	cmp.w	fp, #0
100020e0:	462a      	mov	r2, r5
100020e2:	b209      	sxth	r1, r1
100020e4:	b224      	sxth	r4, r4
100020e6:	fa1f f08b 	uxth.w	r0, fp
100020ea:	db0e      	blt.n	1000210a <drawRoundRect+0x286>
100020ec:	9b03      	ldr	r3, [sp, #12]
100020ee:	f106 39ff 	add.w	r9, r6, #4294967295	@ 0xffffffff
100020f2:	f103 0b02 	add.w	fp, r3, #2
100020f6:	fa10 f08b 	uxtah	r0, r0, fp
100020fa:	fa0f f38b 	sxth.w	r3, fp
100020fe:	fa1f f689 	uxth.w	r6, r9
10002102:	b280      	uxth	r0, r0
10002104:	9303      	str	r3, [sp, #12]
10002106:	fa0f f989 	sxth.w	r9, r9
1000210a:	eb00 0047 	add.w	r0, r0, r7, lsl #1
1000210e:	3001      	adds	r0, #1
10002110:	fa0f fb80 	sxth.w	fp, r0
10002114:	eba8 0006 	sub.w	r0, r8, r6
10002118:	b200      	sxth	r0, r0
1000211a:	f7fe fe7b 	bl	10000e14 <drawPixel>
1000211e:	eb0a 0106 	add.w	r1, sl, r6
10002122:	eba8 0007 	sub.w	r0, r8, r7
10002126:	462a      	mov	r2, r5
10002128:	b209      	sxth	r1, r1
1000212a:	b200      	sxth	r0, r0
1000212c:	f7fe fe72 	bl	10000e14 <drawPixel>
10002130:	454c      	cmp	r4, r9
10002132:	dbcd      	blt.n	100020d0 <drawRoundRect+0x24c>
10002134:	b00b      	add	sp, #44	@ 0x2c
10002136:	e8bd 8ff0 	ldmia.w	sp!, {r4, r5, r6, r7, r8, r9, sl, fp, pc}
1000213a:	bf00      	nop

1000213c <fillRoundRect>:
1000213c:	e92d 4ff0 	stmdb	sp!, {r4, r5, r6, r7, r8, r9, sl, fp, lr}
10002140:	4606      	mov	r6, r0
10002142:	b08d      	sub	sp, #52	@ 0x34
10002144:	f9bd 0058 	ldrsh.w	r0, [sp, #88]	@ 0x58
10002148:	f8df 86a8 	ldr.w	r8, [pc, #1704]	@ 100027f4 <fillRoundRect+0x6b8>
1000214c:	fa1f fe80 	uxth.w	lr, r0
10002150:	9004      	str	r0, [sp, #16]
10002152:	f8d8 0000 	ldr.w	r0, [r8]
10002156:	ea4f 044e 	mov.w	r4, lr, lsl #1
1000215a:	6d47      	ldr	r7, [r0, #84]	@ 0x54
1000215c:	4691      	mov	r9, r2
1000215e:	b29a      	uxth	r2, r3
10002160:	f89d 305c 	ldrb.w	r3, [sp, #92]	@ 0x5c
10002164:	f8b7 c000 	ldrh.w	ip, [r7]
10002168:	b2a0      	uxth	r0, r4
1000216a:	b28c      	uxth	r4, r1
1000216c:	9300      	str	r3, [sp, #0]
1000216e:	eb04 030e 	add.w	r3, r4, lr
10002172:	b21b      	sxth	r3, r3
10002174:	4566      	cmp	r6, ip
10002176:	9302      	str	r3, [sp, #8]
10002178:	da41      	bge.n	100021fe <fillRoundRect+0xc2>
1000217a:	461d      	mov	r5, r3
1000217c:	887b      	ldrh	r3, [r7, #2]
1000217e:	9501      	str	r5, [sp, #4]
10002180:	429d      	cmp	r5, r3
10002182:	da3c      	bge.n	100021fe <fillRoundRect+0xc2>
10002184:	1a13      	subs	r3, r2, r0
10002186:	b21b      	sxth	r3, r3
10002188:	2b00      	cmp	r3, #0
1000218a:	eb03 0a05 	add.w	sl, r3, r5
1000218e:	dd36      	ble.n	100021fe <fillRoundRect+0xc2>
10002190:	07f3      	lsls	r3, r6, #31
10002192:	f100 81de 	bmi.w	10002552 <fillRoundRect+0x416>
10002196:	f5b5 7ff0 	cmp.w	r5, #480	@ 0x1e0
1000219a:	f2c0 8143 	blt.w	10002424 <fillRoundRect+0x2e8>
1000219e:	e9cd e205 	strd	lr, r2, [sp, #20]
100021a2:	9d01      	ldr	r5, [sp, #4]
100021a4:	463a      	mov	r2, r7
100021a6:	eb06 0b09 	add.w	fp, r6, r9
100021aa:	4607      	mov	r7, r0
100021ac:	9403      	str	r4, [sp, #12]
100021ae:	9101      	str	r1, [sp, #4]
100021b0:	e00a      	b.n	100021c8 <fillRoundRect+0x8c>
100021b2:	464c      	mov	r4, r9
100021b4:	07e0      	lsls	r0, r4, #31
100021b6:	d413      	bmi.n	100021e0 <fillRoundRect+0xa4>
100021b8:	f8d8 2000 	ldr.w	r2, [r8]
100021bc:	6d52      	ldr	r2, [r2, #84]	@ 0x54
100021be:	f8b2 c000 	ldrh.w	ip, [r2]
100021c2:	3501      	adds	r5, #1
100021c4:	45aa      	cmp	sl, r5
100021c6:	dd13      	ble.n	100021f0 <fillRoundRect+0xb4>
100021c8:	4566      	cmp	r6, ip
100021ca:	dafa      	bge.n	100021c2 <fillRoundRect+0x86>
100021cc:	8851      	ldrh	r1, [r2, #2]
100021ce:	428d      	cmp	r5, r1
100021d0:	daf7      	bge.n	100021c2 <fillRoundRect+0x86>
100021d2:	45dc      	cmp	ip, fp
100021d4:	daed      	bge.n	100021b2 <fillRoundRect+0x76>
100021d6:	ebac 0406 	sub.w	r4, ip, r6
100021da:	3c01      	subs	r4, #1
100021dc:	07e0      	lsls	r0, r4, #31
100021de:	d5eb      	bpl.n	100021b8 <fillRoundRect+0x7c>
100021e0:	1e70      	subs	r0, r6, #1
100021e2:	4420      	add	r0, r4
100021e4:	9a00      	ldr	r2, [sp, #0]
100021e6:	b200      	sxth	r0, r0
100021e8:	b229      	sxth	r1, r5
100021ea:	f7fe fe13 	bl	10000e14 <drawPixel>
100021ee:	e7e3      	b.n	100021b8 <fillRoundRect+0x7c>
100021f0:	4638      	mov	r0, r7
100021f2:	9c03      	ldr	r4, [sp, #12]
100021f4:	4617      	mov	r7, r2
100021f6:	f8dd e014 	ldr.w	lr, [sp, #20]
100021fa:	9a06      	ldr	r2, [sp, #24]
100021fc:	9901      	ldr	r1, [sp, #4]
100021fe:	b2b3      	uxth	r3, r6
10002200:	9303      	str	r3, [sp, #12]
10002202:	4473      	add	r3, lr
10002204:	eba4 040e 	sub.w	r4, r4, lr
10002208:	b21d      	sxth	r5, r3
1000220a:	4422      	add	r2, r4
1000220c:	4565      	cmp	r5, ip
1000220e:	fa1f f489 	uxth.w	r4, r9
10002212:	b29b      	uxth	r3, r3
10002214:	fa0f f982 	sxth.w	r9, r2
10002218:	da42      	bge.n	100022a0 <fillRoundRect+0x164>
1000221a:	1a22      	subs	r2, r4, r0
1000221c:	b212      	sxth	r2, r2
1000221e:	9201      	str	r2, [sp, #4]
10002220:	887a      	ldrh	r2, [r7, #2]
10002222:	460e      	mov	r6, r1
10002224:	4291      	cmp	r1, r2
10002226:	da62      	bge.n	100022ee <fillRoundRect+0x1b2>
10002228:	9a04      	ldr	r2, [sp, #16]
1000222a:	2a00      	cmp	r2, #0
1000222c:	eb02 0a01 	add.w	sl, r2, r1
10002230:	dd36      	ble.n	100022a0 <fillRoundRect+0x164>
10002232:	f003 0201 	and.w	r2, r3, #1
10002236:	07d9      	lsls	r1, r3, #31
10002238:	9205      	str	r2, [sp, #20]
1000223a:	f100 81c0 	bmi.w	100025be <fillRoundRect+0x482>
1000223e:	f5b6 7ff0 	cmp.w	r6, #480	@ 0x1e0
10002242:	f2c0 8138 	blt.w	100024b6 <fillRoundRect+0x37a>
10002246:	9a01      	ldr	r2, [sp, #4]
10002248:	e9cd e906 	strd	lr, r9, [sp, #24]
1000224c:	eb05 0b02 	add.w	fp, r5, r2
10002250:	46a1      	mov	r9, r4
10002252:	461c      	mov	r4, r3
10002254:	e00b      	b.n	1000226e <fillRoundRect+0x132>
10002256:	9f01      	ldr	r7, [sp, #4]
10002258:	07fb      	lsls	r3, r7, #31
1000225a:	d414      	bmi.n	10002286 <fillRoundRect+0x14a>
1000225c:	f8d8 2000 	ldr.w	r2, [r8]
10002260:	6d57      	ldr	r7, [r2, #84]	@ 0x54
10002262:	f8b7 c000 	ldrh.w	ip, [r7]
10002266:	3601      	adds	r6, #1
10002268:	45b2      	cmp	sl, r6
1000226a:	f340 8089 	ble.w	10002380 <fillRoundRect+0x244>
1000226e:	4565      	cmp	r5, ip
10002270:	daf9      	bge.n	10002266 <fillRoundRect+0x12a>
10002272:	887a      	ldrh	r2, [r7, #2]
10002274:	42b2      	cmp	r2, r6
10002276:	ddf6      	ble.n	10002266 <fillRoundRect+0x12a>
10002278:	45e3      	cmp	fp, ip
1000227a:	ddec      	ble.n	10002256 <fillRoundRect+0x11a>
1000227c:	ebac 0705 	sub.w	r7, ip, r5
10002280:	3f01      	subs	r7, #1
10002282:	07fb      	lsls	r3, r7, #31
10002284:	d5ea      	bpl.n	1000225c <fillRoundRect+0x120>
10002286:	1e60      	subs	r0, r4, #1
10002288:	4438      	add	r0, r7
1000228a:	9a00      	ldr	r2, [sp, #0]
1000228c:	b200      	sxth	r0, r0
1000228e:	b231      	sxth	r1, r6
10002290:	f7fe fdc0 	bl	10000e14 <drawPixel>
10002294:	e7e2      	b.n	1000225c <fillRoundRect+0x120>
10002296:	465c      	mov	r4, fp
10002298:	f8dd e014 	ldr.w	lr, [sp, #20]
1000229c:	f8dd 9018 	ldr.w	r9, [sp, #24]
100022a0:	9e03      	ldr	r6, [sp, #12]
100022a2:	9f00      	ldr	r7, [sp, #0]
100022a4:	4426      	add	r6, r4
100022a6:	f8dd 8008 	ldr.w	r8, [sp, #8]
100022aa:	eba6 060e 	sub.w	r6, r6, lr
100022ae:	f10e 3eff 	add.w	lr, lr, #4294967295	@ 0xffffffff
100022b2:	fa0f f48e 	sxth.w	r4, lr
100022b6:	b236      	sxth	r6, r6
100022b8:	463b      	mov	r3, r7
100022ba:	4622      	mov	r2, r4
100022bc:	4641      	mov	r1, r8
100022be:	4630      	mov	r0, r6
100022c0:	f7ff fcd0 	bl	10001c64 <fillCircle>
100022c4:	463b      	mov	r3, r7
100022c6:	4622      	mov	r2, r4
100022c8:	4641      	mov	r1, r8
100022ca:	4628      	mov	r0, r5
100022cc:	f7ff fcca 	bl	10001c64 <fillCircle>
100022d0:	463b      	mov	r3, r7
100022d2:	4622      	mov	r2, r4
100022d4:	4649      	mov	r1, r9
100022d6:	4630      	mov	r0, r6
100022d8:	f7ff fcc4 	bl	10001c64 <fillCircle>
100022dc:	463b      	mov	r3, r7
100022de:	4622      	mov	r2, r4
100022e0:	4649      	mov	r1, r9
100022e2:	4628      	mov	r0, r5
100022e4:	b00d      	add	sp, #52	@ 0x34
100022e6:	e8bd 4ff0 	ldmia.w	sp!, {r4, r5, r6, r7, r8, r9, sl, fp, lr}
100022ea:	f7ff bcbb 	b.w	10001c64 <fillCircle>
100022ee:	4591      	cmp	r9, r2
100022f0:	464e      	mov	r6, r9
100022f2:	dad5      	bge.n	100022a0 <fillRoundRect+0x164>
100022f4:	9a04      	ldr	r2, [sp, #16]
100022f6:	2a00      	cmp	r2, #0
100022f8:	eb02 0a09 	add.w	sl, r2, r9
100022fc:	ddd0      	ble.n	100022a0 <fillRoundRect+0x164>
100022fe:	f003 0201 	and.w	r2, r3, #1
10002302:	9205      	str	r2, [sp, #20]
10002304:	9a05      	ldr	r2, [sp, #20]
10002306:	2a00      	cmp	r2, #0
10002308:	d04c      	beq.n	100023a4 <fillRoundRect+0x268>
1000230a:	9b01      	ldr	r3, [sp, #4]
1000230c:	e9cd e404 	strd	lr, r4, [sp, #16]
10002310:	eb05 0b03 	add.w	fp, r5, r3
10002314:	1c6b      	adds	r3, r5, #1
10002316:	463c      	mov	r4, r7
10002318:	9307      	str	r3, [sp, #28]
1000231a:	f8cd 9018 	str.w	r9, [sp, #24]
1000231e:	e00f      	b.n	10002340 <fillRoundRect+0x204>
10002320:	1052      	asrs	r2, r2, #1
10002322:	2a00      	cmp	r2, #0
10002324:	dd03      	ble.n	1000232e <fillRoundRect+0x1f2>
10002326:	f5b6 7ff0 	cmp.w	r6, #480	@ 0x1e0
1000232a:	f2c0 818d 	blt.w	10002648 <fillRoundRect+0x50c>
1000232e:	3601      	adds	r6, #1
10002330:	4556      	cmp	r6, sl
10002332:	f280 8176 	bge.w	10002622 <fillRoundRect+0x4e6>
10002336:	f8d8 2000 	ldr.w	r2, [r8]
1000233a:	6d54      	ldr	r4, [r2, #84]	@ 0x54
1000233c:	f8b4 c000 	ldrh.w	ip, [r4]
10002340:	4565      	cmp	r5, ip
10002342:	daf4      	bge.n	1000232e <fillRoundRect+0x1f2>
10002344:	8862      	ldrh	r2, [r4, #2]
10002346:	42b2      	cmp	r2, r6
10002348:	ddf1      	ble.n	1000232e <fillRoundRect+0x1f2>
1000234a:	45dc      	cmp	ip, fp
1000234c:	bfb4      	ite	lt
1000234e:	ebac 0705 	sublt.w	r7, ip, r5
10002352:	9f01      	ldrge	r7, [sp, #4]
10002354:	fa0f f986 	sxth.w	r9, r6
10002358:	bfb8      	it	lt
1000235a:	f107 37ff 	addlt.w	r7, r7, #4294967295	@ 0xffffffff
1000235e:	9a00      	ldr	r2, [sp, #0]
10002360:	4649      	mov	r1, r9
10002362:	4628      	mov	r0, r5
10002364:	f7fe fd56 	bl	10000e14 <drawPixel>
10002368:	07fb      	lsls	r3, r7, #31
1000236a:	f107 32ff 	add.w	r2, r7, #4294967295	@ 0xffffffff
1000236e:	d4d7      	bmi.n	10002320 <fillRoundRect+0x1e4>
10002370:	442a      	add	r2, r5
10002372:	b210      	sxth	r0, r2
10002374:	4649      	mov	r1, r9
10002376:	9a00      	ldr	r2, [sp, #0]
10002378:	f7fe fd4c 	bl	10000e14 <drawPixel>
1000237c:	1eba      	subs	r2, r7, #2
1000237e:	e7cf      	b.n	10002320 <fillRoundRect+0x1e4>
10002380:	4623      	mov	r3, r4
10002382:	f8dd e018 	ldr.w	lr, [sp, #24]
10002386:	464c      	mov	r4, r9
10002388:	f8dd 901c 	ldr.w	r9, [sp, #28]
1000238c:	4565      	cmp	r5, ip
1000238e:	da87      	bge.n	100022a0 <fillRoundRect+0x164>
10002390:	887a      	ldrh	r2, [r7, #2]
10002392:	464e      	mov	r6, r9
10002394:	454a      	cmp	r2, r9
10002396:	dd83      	ble.n	100022a0 <fillRoundRect+0x164>
10002398:	9a04      	ldr	r2, [sp, #16]
1000239a:	444a      	add	r2, r9
1000239c:	4692      	mov	sl, r2
1000239e:	9a05      	ldr	r2, [sp, #20]
100023a0:	2a00      	cmp	r2, #0
100023a2:	d1b2      	bne.n	1000230a <fillRoundRect+0x1ce>
100023a4:	3b01      	subs	r3, #1
100023a6:	9304      	str	r3, [sp, #16]
100023a8:	9b01      	ldr	r3, [sp, #4]
100023aa:	e9cd e905 	strd	lr, r9, [sp, #20]
100023ae:	eb05 0b03 	add.w	fp, r5, r3
100023b2:	46d9      	mov	r9, fp
100023b4:	46a3      	mov	fp, r4
100023b6:	463c      	mov	r4, r7
100023b8:	4637      	mov	r7, r6
100023ba:	e011      	b.n	100023e0 <fillRoundRect+0x2a4>
100023bc:	9e01      	ldr	r6, [sp, #4]
100023be:	07f2      	lsls	r2, r6, #31
100023c0:	d41a      	bmi.n	100023f8 <fillRoundRect+0x2bc>
100023c2:	1072      	asrs	r2, r6, #1
100023c4:	2a00      	cmp	r2, #0
100023c6:	dd02      	ble.n	100023ce <fillRoundRect+0x292>
100023c8:	f5b7 7ff0 	cmp.w	r7, #480	@ 0x1e0
100023cc:	db1d      	blt.n	1000240a <fillRoundRect+0x2ce>
100023ce:	3701      	adds	r7, #1
100023d0:	4557      	cmp	r7, sl
100023d2:	f6bf af60 	bge.w	10002296 <fillRoundRect+0x15a>
100023d6:	f8d8 2000 	ldr.w	r2, [r8]
100023da:	6d54      	ldr	r4, [r2, #84]	@ 0x54
100023dc:	f8b4 c000 	ldrh.w	ip, [r4]
100023e0:	4565      	cmp	r5, ip
100023e2:	daf4      	bge.n	100023ce <fillRoundRect+0x292>
100023e4:	8862      	ldrh	r2, [r4, #2]
100023e6:	4297      	cmp	r7, r2
100023e8:	daf1      	bge.n	100023ce <fillRoundRect+0x292>
100023ea:	45e1      	cmp	r9, ip
100023ec:	dde6      	ble.n	100023bc <fillRoundRect+0x280>
100023ee:	ebac 0605 	sub.w	r6, ip, r5
100023f2:	3e01      	subs	r6, #1
100023f4:	07f2      	lsls	r2, r6, #31
100023f6:	d5e4      	bpl.n	100023c2 <fillRoundRect+0x286>
100023f8:	9b04      	ldr	r3, [sp, #16]
100023fa:	9a00      	ldr	r2, [sp, #0]
100023fc:	1998      	adds	r0, r3, r6
100023fe:	b200      	sxth	r0, r0
10002400:	b239      	sxth	r1, r7
10002402:	f7fe fd07 	bl	10000e14 <drawPixel>
10002406:	3e01      	subs	r6, #1
10002408:	e7db      	b.n	100023c2 <fillRoundRect+0x286>
1000240a:	eb07 0187 	add.w	r1, r7, r7, lsl #2
1000240e:	6aa0      	ldr	r0, [r4, #40]	@ 0x28
10002410:	9b00      	ldr	r3, [sp, #0]
10002412:	0189      	lsls	r1, r1, #6
10002414:	eb01 0165 	add.w	r1, r1, r5, asr #1
10002418:	4408      	add	r0, r1
1000241a:	ea43 1103 	orr.w	r1, r3, r3, lsl #4
1000241e:	f005 f953 	bl	100076c8 <memset>
10002422:	e7d4      	b.n	100023ce <fillRoundRect+0x292>
10002424:	f240 13df 	movw	r3, #479	@ 0x1df
10002428:	f10a 3bff 	add.w	fp, sl, #4294967295	@ 0xffffffff
1000242c:	459b      	cmp	fp, r3
1000242e:	bfa8      	it	ge
10002430:	469b      	movge	fp, r3
10002432:	9b00      	ldr	r3, [sp, #0]
10002434:	e9cd 4e05 	strd	r4, lr, [sp, #20]
10002438:	ea43 1303 	orr.w	r3, r3, r3, lsl #4
1000243c:	e9cd 2007 	strd	r2, r0, [sp, #28]
10002440:	9303      	str	r3, [sp, #12]
10002442:	9109      	str	r1, [sp, #36]	@ 0x24
10002444:	e018      	b.n	10002478 <fillRoundRect+0x33c>
10002446:	464c      	mov	r4, r9
10002448:	07e3      	lsls	r3, r4, #31
1000244a:	d423      	bmi.n	10002494 <fillRoundRect+0x358>
1000244c:	1062      	asrs	r2, r4, #1
1000244e:	2a00      	cmp	r2, #0
10002450:	dd2b      	ble.n	100024aa <fillRoundRect+0x36e>
10002452:	6ab8      	ldr	r0, [r7, #40]	@ 0x28
10002454:	eb05 0485 	add.w	r4, r5, r5, lsl #2
10002458:	1071      	asrs	r1, r6, #1
1000245a:	eb01 1184 	add.w	r1, r1, r4, lsl #6
1000245e:	4408      	add	r0, r1
10002460:	9903      	ldr	r1, [sp, #12]
10002462:	f005 f931 	bl	100076c8 <memset>
10002466:	f8d8 2000 	ldr.w	r2, [r8]
1000246a:	6d57      	ldr	r7, [r2, #84]	@ 0x54
1000246c:	f8b7 c000 	ldrh.w	ip, [r7]
10002470:	3501      	adds	r5, #1
10002472:	455d      	cmp	r5, fp
10002474:	f300 8101 	bgt.w	1000267a <fillRoundRect+0x53e>
10002478:	45b4      	cmp	ip, r6
1000247a:	ddf9      	ble.n	10002470 <fillRoundRect+0x334>
1000247c:	887a      	ldrh	r2, [r7, #2]
1000247e:	42aa      	cmp	r2, r5
10002480:	ddf6      	ble.n	10002470 <fillRoundRect+0x334>
10002482:	eb06 0209 	add.w	r2, r6, r9
10002486:	4594      	cmp	ip, r2
10002488:	dadd      	bge.n	10002446 <fillRoundRect+0x30a>
1000248a:	ebac 0406 	sub.w	r4, ip, r6
1000248e:	3c01      	subs	r4, #1
10002490:	07e3      	lsls	r3, r4, #31
10002492:	d5db      	bpl.n	1000244c <fillRoundRect+0x310>
10002494:	1e70      	subs	r0, r6, #1
10002496:	4420      	add	r0, r4
10002498:	9a00      	ldr	r2, [sp, #0]
1000249a:	b200      	sxth	r0, r0
1000249c:	b229      	sxth	r1, r5
1000249e:	3c01      	subs	r4, #1
100024a0:	f7fe fcb8 	bl	10000e14 <drawPixel>
100024a4:	1062      	asrs	r2, r4, #1
100024a6:	2a00      	cmp	r2, #0
100024a8:	dcd3      	bgt.n	10002452 <fillRoundRect+0x316>
100024aa:	f8d8 2000 	ldr.w	r2, [r8]
100024ae:	6d57      	ldr	r7, [r2, #84]	@ 0x54
100024b0:	f8b7 c000 	ldrh.w	ip, [r7]
100024b4:	e7dc      	b.n	10002470 <fillRoundRect+0x334>
100024b6:	f240 12df 	movw	r2, #479	@ 0x1df
100024ba:	f10a 3bff 	add.w	fp, sl, #4294967295	@ 0xffffffff
100024be:	4593      	cmp	fp, r2
100024c0:	bfa8      	it	ge
100024c2:	4693      	movge	fp, r2
100024c4:	9a00      	ldr	r2, [sp, #0]
100024c6:	e9cd 4a08 	strd	r4, sl, [sp, #32]
100024ca:	ea42 1202 	orr.w	r2, r2, r2, lsl #4
100024ce:	46da      	mov	sl, fp
100024d0:	f8cd 9028 	str.w	r9, [sp, #40]	@ 0x28
100024d4:	469b      	mov	fp, r3
100024d6:	e9cd 2e06 	strd	r2, lr, [sp, #24]
100024da:	f8dd 9004 	ldr.w	r9, [sp, #4]
100024de:	e018      	b.n	10002512 <fillRoundRect+0x3d6>
100024e0:	464c      	mov	r4, r9
100024e2:	07e2      	lsls	r2, r4, #31
100024e4:	d423      	bmi.n	1000252e <fillRoundRect+0x3f2>
100024e6:	1062      	asrs	r2, r4, #1
100024e8:	2a00      	cmp	r2, #0
100024ea:	dd2c      	ble.n	10002546 <fillRoundRect+0x40a>
100024ec:	eb06 0186 	add.w	r1, r6, r6, lsl #2
100024f0:	6ab8      	ldr	r0, [r7, #40]	@ 0x28
100024f2:	0189      	lsls	r1, r1, #6
100024f4:	eb01 0165 	add.w	r1, r1, r5, asr #1
100024f8:	4408      	add	r0, r1
100024fa:	9906      	ldr	r1, [sp, #24]
100024fc:	f005 f8e4 	bl	100076c8 <memset>
10002500:	f8d8 2000 	ldr.w	r2, [r8]
10002504:	6d57      	ldr	r7, [r2, #84]	@ 0x54
10002506:	f8b7 c000 	ldrh.w	ip, [r7]
1000250a:	3601      	adds	r6, #1
1000250c:	4556      	cmp	r6, sl
1000250e:	f300 80a9 	bgt.w	10002664 <fillRoundRect+0x528>
10002512:	4565      	cmp	r5, ip
10002514:	daf9      	bge.n	1000250a <fillRoundRect+0x3ce>
10002516:	887a      	ldrh	r2, [r7, #2]
10002518:	42b2      	cmp	r2, r6
1000251a:	ddf6      	ble.n	1000250a <fillRoundRect+0x3ce>
1000251c:	eb05 0209 	add.w	r2, r5, r9
10002520:	4562      	cmp	r2, ip
10002522:	dddd      	ble.n	100024e0 <fillRoundRect+0x3a4>
10002524:	ebac 0405 	sub.w	r4, ip, r5
10002528:	3c01      	subs	r4, #1
1000252a:	07e2      	lsls	r2, r4, #31
1000252c:	d5db      	bpl.n	100024e6 <fillRoundRect+0x3aa>
1000252e:	f10b 30ff 	add.w	r0, fp, #4294967295	@ 0xffffffff
10002532:	4420      	add	r0, r4
10002534:	9a00      	ldr	r2, [sp, #0]
10002536:	b200      	sxth	r0, r0
10002538:	b231      	sxth	r1, r6
1000253a:	3c01      	subs	r4, #1
1000253c:	f7fe fc6a 	bl	10000e14 <drawPixel>
10002540:	1062      	asrs	r2, r4, #1
10002542:	2a00      	cmp	r2, #0
10002544:	dcd2      	bgt.n	100024ec <fillRoundRect+0x3b0>
10002546:	f8d8 2000 	ldr.w	r2, [r8]
1000254a:	6d57      	ldr	r7, [r2, #84]	@ 0x54
1000254c:	f8b7 c000 	ldrh.w	ip, [r7]
10002550:	e7db      	b.n	1000250a <fillRoundRect+0x3ce>
10002552:	f5b5 7ff0 	cmp.w	r5, #480	@ 0x1e0
10002556:	f2c0 809a 	blt.w	1000268e <fillRoundRect+0x552>
1000255a:	4693      	mov	fp, r2
1000255c:	463a      	mov	r2, r7
1000255e:	4657      	mov	r7, sl
10002560:	e9cd 4e05 	strd	r4, lr, [sp, #20]
10002564:	eb06 0309 	add.w	r3, r6, r9
10002568:	9d01      	ldr	r5, [sp, #4]
1000256a:	9303      	str	r3, [sp, #12]
1000256c:	9007      	str	r0, [sp, #28]
1000256e:	9101      	str	r1, [sp, #4]
10002570:	4566      	cmp	r6, ip
10002572:	da1a      	bge.n	100025aa <fillRoundRect+0x46e>
10002574:	8851      	ldrh	r1, [r2, #2]
10002576:	428d      	cmp	r5, r1
10002578:	da17      	bge.n	100025aa <fillRoundRect+0x46e>
1000257a:	9b03      	ldr	r3, [sp, #12]
1000257c:	fa0f fa85 	sxth.w	sl, r5
10002580:	459c      	cmp	ip, r3
10002582:	bfae      	itee	ge
10002584:	464c      	movge	r4, r9
10002586:	ebac 0406 	sublt.w	r4, ip, r6
1000258a:	f104 34ff 	addlt.w	r4, r4, #4294967295	@ 0xffffffff
1000258e:	4630      	mov	r0, r6
10002590:	4651      	mov	r1, sl
10002592:	9a00      	ldr	r2, [sp, #0]
10002594:	f7fe fc3e 	bl	10000e14 <drawPixel>
10002598:	07e3      	lsls	r3, r4, #31
1000259a:	f104 30ff 	add.w	r0, r4, #4294967295	@ 0xffffffff
1000259e:	d54c      	bpl.n	1000263a <fillRoundRect+0x4fe>
100025a0:	f8d8 2000 	ldr.w	r2, [r8]
100025a4:	6d52      	ldr	r2, [r2, #84]	@ 0x54
100025a6:	f8b2 c000 	ldrh.w	ip, [r2]
100025aa:	3501      	adds	r5, #1
100025ac:	42af      	cmp	r7, r5
100025ae:	dcdf      	bgt.n	10002570 <fillRoundRect+0x434>
100025b0:	e9dd 4e05 	ldrd	r4, lr, [sp, #20]
100025b4:	4617      	mov	r7, r2
100025b6:	9807      	ldr	r0, [sp, #28]
100025b8:	465a      	mov	r2, fp
100025ba:	9901      	ldr	r1, [sp, #4]
100025bc:	e61f      	b.n	100021fe <fillRoundRect+0xc2>
100025be:	f5b6 7ff0 	cmp.w	r6, #480	@ 0x1e0
100025c2:	f2c0 80b5 	blt.w	10002730 <fillRoundRect+0x5f4>
100025c6:	9407      	str	r4, [sp, #28]
100025c8:	46f3      	mov	fp, lr
100025ca:	4654      	mov	r4, sl
100025cc:	469a      	mov	sl, r3
100025ce:	9a01      	ldr	r2, [sp, #4]
100025d0:	f8cd 9020 	str.w	r9, [sp, #32]
100025d4:	18aa      	adds	r2, r5, r2
100025d6:	9206      	str	r2, [sp, #24]
100025d8:	4565      	cmp	r5, ip
100025da:	da1a      	bge.n	10002612 <fillRoundRect+0x4d6>
100025dc:	887a      	ldrh	r2, [r7, #2]
100025de:	4296      	cmp	r6, r2
100025e0:	da17      	bge.n	10002612 <fillRoundRect+0x4d6>
100025e2:	9b06      	ldr	r3, [sp, #24]
100025e4:	fa0f f986 	sxth.w	r9, r6
100025e8:	459c      	cmp	ip, r3
100025ea:	bfb6      	itet	lt
100025ec:	ebac 0705 	sublt.w	r7, ip, r5
100025f0:	9f01      	ldrge	r7, [sp, #4]
100025f2:	f107 37ff 	addlt.w	r7, r7, #4294967295	@ 0xffffffff
100025f6:	4649      	mov	r1, r9
100025f8:	4628      	mov	r0, r5
100025fa:	9a00      	ldr	r2, [sp, #0]
100025fc:	f7fe fc0a 	bl	10000e14 <drawPixel>
10002600:	07f9      	lsls	r1, r7, #31
10002602:	f107 30ff 	add.w	r0, r7, #4294967295	@ 0xffffffff
10002606:	d511      	bpl.n	1000262c <fillRoundRect+0x4f0>
10002608:	f8d8 2000 	ldr.w	r2, [r8]
1000260c:	6d57      	ldr	r7, [r2, #84]	@ 0x54
1000260e:	f8b7 c000 	ldrh.w	ip, [r7]
10002612:	3601      	adds	r6, #1
10002614:	42b4      	cmp	r4, r6
10002616:	dcdf      	bgt.n	100025d8 <fillRoundRect+0x49c>
10002618:	e9dd 4907 	ldrd	r4, r9, [sp, #28]
1000261c:	46de      	mov	lr, fp
1000261e:	4653      	mov	r3, sl
10002620:	e6b4      	b.n	1000238c <fillRoundRect+0x250>
10002622:	f8dd 9018 	ldr.w	r9, [sp, #24]
10002626:	e9dd e404 	ldrd	lr, r4, [sp, #16]
1000262a:	e639      	b.n	100022a0 <fillRoundRect+0x164>
1000262c:	4428      	add	r0, r5
1000262e:	4649      	mov	r1, r9
10002630:	9a00      	ldr	r2, [sp, #0]
10002632:	b200      	sxth	r0, r0
10002634:	f7fe fbee 	bl	10000e14 <drawPixel>
10002638:	e7e6      	b.n	10002608 <fillRoundRect+0x4cc>
1000263a:	4430      	add	r0, r6
1000263c:	4651      	mov	r1, sl
1000263e:	9a00      	ldr	r2, [sp, #0]
10002640:	b200      	sxth	r0, r0
10002642:	f7fe fbe7 	bl	10000e14 <drawPixel>
10002646:	e7ab      	b.n	100025a0 <fillRoundRect+0x464>
10002648:	9b07      	ldr	r3, [sp, #28]
1000264a:	6aa0      	ldr	r0, [r4, #40]	@ 0x28
1000264c:	1059      	asrs	r1, r3, #1
1000264e:	eb06 0486 	add.w	r4, r6, r6, lsl #2
10002652:	9b00      	ldr	r3, [sp, #0]
10002654:	eb01 1184 	add.w	r1, r1, r4, lsl #6
10002658:	4408      	add	r0, r1
1000265a:	ea43 1103 	orr.w	r1, r3, r3, lsl #4
1000265e:	f005 f833 	bl	100076c8 <memset>
10002662:	e664      	b.n	1000232e <fillRoundRect+0x1f2>
10002664:	e9dd 4a08 	ldrd	r4, sl, [sp, #32]
10002668:	45b2      	cmp	sl, r6
1000266a:	465b      	mov	r3, fp
1000266c:	f8dd e01c 	ldr.w	lr, [sp, #28]
10002670:	f8dd 9028 	ldr.w	r9, [sp, #40]	@ 0x28
10002674:	f73f ade7 	bgt.w	10002246 <fillRoundRect+0x10a>
10002678:	e688      	b.n	1000238c <fillRoundRect+0x250>
1000267a:	45aa      	cmp	sl, r5
1000267c:	9909      	ldr	r1, [sp, #36]	@ 0x24
1000267e:	9501      	str	r5, [sp, #4]
10002680:	e9dd 4e05 	ldrd	r4, lr, [sp, #20]
10002684:	e9dd 2007 	ldrd	r2, r0, [sp, #28]
10002688:	f73f ad89 	bgt.w	1000219e <fillRoundRect+0x62>
1000268c:	e5b7      	b.n	100021fe <fillRoundRect+0xc2>
1000268e:	f240 13df 	movw	r3, #479	@ 0x1df
10002692:	f10a 35ff 	add.w	r5, sl, #4294967295	@ 0xffffffff
10002696:	429d      	cmp	r5, r3
10002698:	bfa8      	it	ge
1000269a:	461d      	movge	r5, r3
1000269c:	462b      	mov	r3, r5
1000269e:	9d00      	ldr	r5, [sp, #0]
100026a0:	f8cd a024 	str.w	sl, [sp, #36]	@ 0x24
100026a4:	ea45 1505 	orr.w	r5, r5, r5, lsl #4
100026a8:	9503      	str	r5, [sp, #12]
100026aa:	469a      	mov	sl, r3
100026ac:	e9cd 4e05 	strd	r4, lr, [sp, #20]
100026b0:	e9cd 2007 	strd	r2, r0, [sp, #28]
100026b4:	9d01      	ldr	r5, [sp, #4]
100026b6:	910a      	str	r1, [sp, #40]	@ 0x28
100026b8:	e014      	b.n	100026e4 <fillRoundRect+0x5a8>
100026ba:	1052      	asrs	r2, r2, #1
100026bc:	2a00      	cmp	r2, #0
100026be:	dd09      	ble.n	100026d4 <fillRoundRect+0x598>
100026c0:	eb05 0185 	add.w	r1, r5, r5, lsl #2
100026c4:	6ab8      	ldr	r0, [r7, #40]	@ 0x28
100026c6:	105b      	asrs	r3, r3, #1
100026c8:	eb03 1381 	add.w	r3, r3, r1, lsl #6
100026cc:	4418      	add	r0, r3
100026ce:	9903      	ldr	r1, [sp, #12]
100026d0:	f004 fffa 	bl	100076c8 <memset>
100026d4:	f8d8 3000 	ldr.w	r3, [r8]
100026d8:	6d5f      	ldr	r7, [r3, #84]	@ 0x54
100026da:	f8b7 c000 	ldrh.w	ip, [r7]
100026de:	3501      	adds	r5, #1
100026e0:	4555      	cmp	r5, sl
100026e2:	dc71      	bgt.n	100027c8 <fillRoundRect+0x68c>
100026e4:	4566      	cmp	r6, ip
100026e6:	dafa      	bge.n	100026de <fillRoundRect+0x5a2>
100026e8:	887b      	ldrh	r3, [r7, #2]
100026ea:	42ab      	cmp	r3, r5
100026ec:	ddf7      	ble.n	100026de <fillRoundRect+0x5a2>
100026ee:	eb06 0309 	add.w	r3, r6, r9
100026f2:	459c      	cmp	ip, r3
100026f4:	bfac      	ite	ge
100026f6:	464c      	movge	r4, r9
100026f8:	ebac 0406 	sublt.w	r4, ip, r6
100026fc:	fa0f fb85 	sxth.w	fp, r5
10002700:	bfb8      	it	lt
10002702:	f104 34ff 	addlt.w	r4, r4, #4294967295	@ 0xffffffff
10002706:	4659      	mov	r1, fp
10002708:	9a00      	ldr	r2, [sp, #0]
1000270a:	4630      	mov	r0, r6
1000270c:	f7fe fb82 	bl	10000e14 <drawPixel>
10002710:	07e1      	lsls	r1, r4, #31
10002712:	f106 0301 	add.w	r3, r6, #1
10002716:	f104 32ff 	add.w	r2, r4, #4294967295	@ 0xffffffff
1000271a:	d4ce      	bmi.n	100026ba <fillRoundRect+0x57e>
1000271c:	4432      	add	r2, r6
1000271e:	b210      	sxth	r0, r2
10002720:	4659      	mov	r1, fp
10002722:	9a00      	ldr	r2, [sp, #0]
10002724:	9301      	str	r3, [sp, #4]
10002726:	f7fe fb75 	bl	10000e14 <drawPixel>
1000272a:	9b01      	ldr	r3, [sp, #4]
1000272c:	1ea2      	subs	r2, r4, #2
1000272e:	e7c4      	b.n	100026ba <fillRoundRect+0x57e>
10002730:	f240 12df 	movw	r2, #479	@ 0x1df
10002734:	f10a 31ff 	add.w	r1, sl, #4294967295	@ 0xffffffff
10002738:	4291      	cmp	r1, r2
1000273a:	bfa8      	it	ge
1000273c:	4611      	movge	r1, r2
1000273e:	460a      	mov	r2, r1
10002740:	9900      	ldr	r1, [sp, #0]
10002742:	4693      	mov	fp, r2
10002744:	ea41 1101 	orr.w	r1, r1, r1, lsl #4
10002748:	e9cd 1e06 	strd	r1, lr, [sp, #24]
1000274c:	e9cd 3408 	strd	r3, r4, [sp, #32]
10002750:	e9cd a90a 	strd	sl, r9, [sp, #40]	@ 0x28
10002754:	e015      	b.n	10002782 <fillRoundRect+0x646>
10002756:	1052      	asrs	r2, r2, #1
10002758:	2a00      	cmp	r2, #0
1000275a:	dd0a      	ble.n	10002772 <fillRoundRect+0x636>
1000275c:	eb06 0186 	add.w	r1, r6, r6, lsl #2
10002760:	6ab8      	ldr	r0, [r7, #40]	@ 0x28
10002762:	ea4f 036a 	mov.w	r3, sl, asr #1
10002766:	eb03 1381 	add.w	r3, r3, r1, lsl #6
1000276a:	4418      	add	r0, r3
1000276c:	9906      	ldr	r1, [sp, #24]
1000276e:	f004 ffab 	bl	100076c8 <memset>
10002772:	f8d8 3000 	ldr.w	r3, [r8]
10002776:	6d5f      	ldr	r7, [r3, #84]	@ 0x54
10002778:	f8b7 c000 	ldrh.w	ip, [r7]
1000277c:	3601      	adds	r6, #1
1000277e:	455e      	cmp	r6, fp
10002780:	dc2e      	bgt.n	100027e0 <fillRoundRect+0x6a4>
10002782:	4565      	cmp	r5, ip
10002784:	dafa      	bge.n	1000277c <fillRoundRect+0x640>
10002786:	887b      	ldrh	r3, [r7, #2]
10002788:	42b3      	cmp	r3, r6
1000278a:	ddf7      	ble.n	1000277c <fillRoundRect+0x640>
1000278c:	9b01      	ldr	r3, [sp, #4]
1000278e:	fa0f f986 	sxth.w	r9, r6
10002792:	18eb      	adds	r3, r5, r3
10002794:	459c      	cmp	ip, r3
10002796:	bfb6      	itet	lt
10002798:	ebac 0405 	sublt.w	r4, ip, r5
1000279c:	9c01      	ldrge	r4, [sp, #4]
1000279e:	f104 34ff 	addlt.w	r4, r4, #4294967295	@ 0xffffffff
100027a2:	4628      	mov	r0, r5
100027a4:	9a00      	ldr	r2, [sp, #0]
100027a6:	4649      	mov	r1, r9
100027a8:	f7fe fb34 	bl	10000e14 <drawPixel>
100027ac:	07e0      	lsls	r0, r4, #31
100027ae:	f105 0a01 	add.w	sl, r5, #1
100027b2:	f104 32ff 	add.w	r2, r4, #4294967295	@ 0xffffffff
100027b6:	d4ce      	bmi.n	10002756 <fillRoundRect+0x61a>
100027b8:	442a      	add	r2, r5
100027ba:	b210      	sxth	r0, r2
100027bc:	4649      	mov	r1, r9
100027be:	9a00      	ldr	r2, [sp, #0]
100027c0:	f7fe fb28 	bl	10000e14 <drawPixel>
100027c4:	1ea2      	subs	r2, r4, #2
100027c6:	e7c6      	b.n	10002756 <fillRoundRect+0x61a>
100027c8:	f8dd a024 	ldr.w	sl, [sp, #36]	@ 0x24
100027cc:	990a      	ldr	r1, [sp, #40]	@ 0x28
100027ce:	4555      	cmp	r5, sl
100027d0:	9501      	str	r5, [sp, #4]
100027d2:	e9dd 4e05 	ldrd	r4, lr, [sp, #20]
100027d6:	e9dd 2007 	ldrd	r2, r0, [sp, #28]
100027da:	f6ff aebe 	blt.w	1000255a <fillRoundRect+0x41e>
100027de:	e50e      	b.n	100021fe <fillRoundRect+0xc2>
100027e0:	e9dd 4a09 	ldrd	r4, sl, [sp, #36]	@ 0x24
100027e4:	4556      	cmp	r6, sl
100027e6:	f8dd 902c 	ldr.w	r9, [sp, #44]	@ 0x2c
100027ea:	e9dd e307 	ldrd	lr, r3, [sp, #28]
100027ee:	f6ff aeea 	blt.w	100025c6 <fillRoundRect+0x48a>
100027f2:	e5cb      	b.n	1000238c <fillRoundRect+0x250>
100027f4:	20002ff4 	.word	0x20002ff4

100027f8 <fillRect>:
100027f8:	e92d 4ff0 	stmdb	sp!, {r4, r5, r6, r7, r8, r9, sl, fp, lr}
100027fc:	4f49      	ldr	r7, [pc, #292]	@ (10002924 <fillRect+0x12c>)
100027fe:	469e      	mov	lr, r3
10002800:	683b      	ldr	r3, [r7, #0]
10002802:	b085      	sub	sp, #20
10002804:	6d5b      	ldr	r3, [r3, #84]	@ 0x54
10002806:	f89d a038 	ldrb.w	sl, [sp, #56]	@ 0x38
1000280a:	881d      	ldrh	r5, [r3, #0]
1000280c:	42a8      	cmp	r0, r5
1000280e:	da37      	bge.n	10002880 <fillRect+0x88>
10002810:	4690      	mov	r8, r2
10002812:	885a      	ldrh	r2, [r3, #2]
10002814:	460c      	mov	r4, r1
10002816:	4291      	cmp	r1, r2
10002818:	da32      	bge.n	10002880 <fillRect+0x88>
1000281a:	f1be 0f00 	cmp.w	lr, #0
1000281e:	eb0e 0901 	add.w	r9, lr, r1
10002822:	dd2d      	ble.n	10002880 <fillRect+0x88>
10002824:	07c1      	lsls	r1, r0, #31
10002826:	d43a      	bmi.n	1000289e <fillRect+0xa6>
10002828:	1e42      	subs	r2, r0, #1
1000282a:	e9cd 8201 	strd	r8, r2, [sp, #4]
1000282e:	eb00 0b08 	add.w	fp, r0, r8
10002832:	461e      	mov	r6, r3
10002834:	4680      	mov	r8, r0
10002836:	e00e      	b.n	10002856 <fillRect+0x5e>
10002838:	9d01      	ldr	r5, [sp, #4]
1000283a:	07ea      	lsls	r2, r5, #31
1000283c:	d417      	bmi.n	1000286e <fillRect+0x76>
1000283e:	106a      	asrs	r2, r5, #1
10002840:	2a00      	cmp	r2, #0
10002842:	dd02      	ble.n	1000284a <fillRect+0x52>
10002844:	f5b4 7ff0 	cmp.w	r4, #480	@ 0x1e0
10002848:	db1d      	blt.n	10002886 <fillRect+0x8e>
1000284a:	3401      	adds	r4, #1
1000284c:	45a1      	cmp	r9, r4
1000284e:	dd17      	ble.n	10002880 <fillRect+0x88>
10002850:	683a      	ldr	r2, [r7, #0]
10002852:	6d56      	ldr	r6, [r2, #84]	@ 0x54
10002854:	8835      	ldrh	r5, [r6, #0]
10002856:	45a8      	cmp	r8, r5
10002858:	daf7      	bge.n	1000284a <fillRect+0x52>
1000285a:	8872      	ldrh	r2, [r6, #2]
1000285c:	42a2      	cmp	r2, r4
1000285e:	ddf4      	ble.n	1000284a <fillRect+0x52>
10002860:	45ab      	cmp	fp, r5
10002862:	dde9      	ble.n	10002838 <fillRect+0x40>
10002864:	eba5 0508 	sub.w	r5, r5, r8
10002868:	3d01      	subs	r5, #1
1000286a:	07ea      	lsls	r2, r5, #31
1000286c:	d5e7      	bpl.n	1000283e <fillRect+0x46>
1000286e:	9b02      	ldr	r3, [sp, #8]
10002870:	4652      	mov	r2, sl
10002872:	1958      	adds	r0, r3, r5
10002874:	b200      	sxth	r0, r0
10002876:	b221      	sxth	r1, r4
10002878:	f7fe facc 	bl	10000e14 <drawPixel>
1000287c:	3d01      	subs	r5, #1
1000287e:	e7de      	b.n	1000283e <fillRect+0x46>
10002880:	b005      	add	sp, #20
10002882:	e8bd 8ff0 	ldmia.w	sp!, {r4, r5, r6, r7, r8, r9, sl, fp, pc}
10002886:	eb04 0184 	add.w	r1, r4, r4, lsl #2
1000288a:	6ab0      	ldr	r0, [r6, #40]	@ 0x28
1000288c:	0189      	lsls	r1, r1, #6
1000288e:	eb01 0168 	add.w	r1, r1, r8, asr #1
10002892:	4408      	add	r0, r1
10002894:	ea4a 110a 	orr.w	r1, sl, sl, lsl #4
10002898:	f004 ff16 	bl	100076c8 <memset>
1000289c:	e7d5      	b.n	1000284a <fillRect+0x52>
1000289e:	eb00 0208 	add.w	r2, r0, r8
100028a2:	9201      	str	r2, [sp, #4]
100028a4:	1c42      	adds	r2, r0, #1
100028a6:	4683      	mov	fp, r0
100028a8:	461e      	mov	r6, r3
100028aa:	9203      	str	r2, [sp, #12]
100028ac:	f8cd 8008 	str.w	r8, [sp, #8]
100028b0:	e00b      	b.n	100028ca <fillRect+0xd2>
100028b2:	1052      	asrs	r2, r2, #1
100028b4:	2a00      	cmp	r2, #0
100028b6:	dd02      	ble.n	100028be <fillRect+0xc6>
100028b8:	f5b4 7ff0 	cmp.w	r4, #480	@ 0x1e0
100028bc:	db25      	blt.n	1000290a <fillRect+0x112>
100028be:	3401      	adds	r4, #1
100028c0:	454c      	cmp	r4, r9
100028c2:	dadd      	bge.n	10002880 <fillRect+0x88>
100028c4:	683a      	ldr	r2, [r7, #0]
100028c6:	6d56      	ldr	r6, [r2, #84]	@ 0x54
100028c8:	8835      	ldrh	r5, [r6, #0]
100028ca:	45ab      	cmp	fp, r5
100028cc:	daf7      	bge.n	100028be <fillRect+0xc6>
100028ce:	8872      	ldrh	r2, [r6, #2]
100028d0:	42a2      	cmp	r2, r4
100028d2:	ddf4      	ble.n	100028be <fillRect+0xc6>
100028d4:	9b01      	ldr	r3, [sp, #4]
100028d6:	fa0f f884 	sxth.w	r8, r4
100028da:	429d      	cmp	r5, r3
100028dc:	bfb6      	itet	lt
100028de:	eba5 050b 	sublt.w	r5, r5, fp
100028e2:	9d02      	ldrge	r5, [sp, #8]
100028e4:	f105 35ff 	addlt.w	r5, r5, #4294967295	@ 0xffffffff
100028e8:	4652      	mov	r2, sl
100028ea:	4641      	mov	r1, r8
100028ec:	4658      	mov	r0, fp
100028ee:	f7fe fa91 	bl	10000e14 <drawPixel>
100028f2:	07eb      	lsls	r3, r5, #31
100028f4:	f105 32ff 	add.w	r2, r5, #4294967295	@ 0xffffffff
100028f8:	d4db      	bmi.n	100028b2 <fillRect+0xba>
100028fa:	445a      	add	r2, fp
100028fc:	b210      	sxth	r0, r2
100028fe:	4641      	mov	r1, r8
10002900:	4652      	mov	r2, sl
10002902:	f7fe fa87 	bl	10000e14 <drawPixel>
10002906:	1eaa      	subs	r2, r5, #2
10002908:	e7d3      	b.n	100028b2 <fillRect+0xba>
1000290a:	9b03      	ldr	r3, [sp, #12]
1000290c:	6ab0      	ldr	r0, [r6, #40]	@ 0x28
1000290e:	eb04 0584 	add.w	r5, r4, r4, lsl #2
10002912:	1059      	asrs	r1, r3, #1
10002914:	eb01 1185 	add.w	r1, r1, r5, lsl #6
10002918:	4408      	add	r0, r1
1000291a:	ea4a 110a 	orr.w	r1, sl, sl, lsl #4
1000291e:	f004 fed3 	bl	100076c8 <memset>
10002922:	e7cc      	b.n	100028be <fillRect+0xc6>
10002924:	20002ff4 	.word	0x20002ff4

10002928 <fillTri>:
10002928:	4770      	bx	lr
1000292a:	bf00      	nop

1000292c <set_x>:
1000292c:	f5b0 7f20 	cmp.w	r0, #640	@ 0x280
10002930:	d202      	bcs.n	10002938 <set_x+0xc>
10002932:	4b02      	ldr	r3, [pc, #8]	@ (1000293c <set_x+0x10>)
10002934:	681b      	ldr	r3, [r3, #0]
10002936:	8018      	strh	r0, [r3, #0]
10002938:	4770      	bx	lr
1000293a:	bf00      	nop
1000293c:	20002fd4 	.word	0x20002fd4

10002940 <set_y>:
10002940:	f5b0 7ff0 	cmp.w	r0, #480	@ 0x1e0
10002944:	d202      	bcs.n	1000294c <set_y+0xc>
10002946:	4b02      	ldr	r3, [pc, #8]	@ (10002950 <set_y+0x10>)
10002948:	681b      	ldr	r3, [r3, #0]
1000294a:	8058      	strh	r0, [r3, #2]
1000294c:	4770      	bx	lr
1000294e:	bf00      	nop
10002950:	20002fd4 	.word	0x20002fd4

10002954 <set_position>:
10002954:	f5b0 7f20 	cmp.w	r0, #640	@ 0x280
10002958:	d202      	bcs.n	10002960 <set_position+0xc>
1000295a:	4b05      	ldr	r3, [pc, #20]	@ (10002970 <set_position+0x1c>)
1000295c:	681b      	ldr	r3, [r3, #0]
1000295e:	8018      	strh	r0, [r3, #0]
10002960:	f5b1 7ff0 	cmp.w	r1, #480	@ 0x1e0
10002964:	d202      	bcs.n	1000296c <set_position+0x18>
10002966:	4b02      	ldr	r3, [pc, #8]	@ (10002970 <set_position+0x1c>)
10002968:	681b      	ldr	r3, [r3, #0]
1000296a:	8059      	strh	r1, [r3, #2]
1000296c:	4770      	bx	lr
1000296e:	bf00      	nop
10002970:	20002fd4 	.word	0x20002fd4

10002974 <set_visible>:
10002974:	4b01      	ldr	r3, [pc, #4]	@ (1000297c <set_visible+0x8>)
10002976:	681b      	ldr	r3, [r3, #0]
10002978:	7118      	strb	r0, [r3, #4]
1000297a:	4770      	bx	lr
1000297c:	20002fd4 	.word	0x20002fd4

10002980 <set_blink>:
10002980:	4b01      	ldr	r3, [pc, #4]	@ (10002988 <set_blink+0x8>)
10002982:	681b      	ldr	r3, [r3, #0]
10002984:	7158      	strb	r0, [r3, #5]
10002986:	4770      	bx	lr
10002988:	20002fd4 	.word	0x20002fd4

1000298c <set_blink_interval>:
1000298c:	4b01      	ldr	r3, [pc, #4]	@ (10002994 <set_blink_interval+0x8>)
1000298e:	681b      	ldr	r3, [r3, #0]
10002990:	80d8      	strh	r0, [r3, #6]
10002992:	4770      	bx	lr
10002994:	20002fd4 	.word	0x20002fd4

10002998 <get_blink_interval>:
10002998:	4b01      	ldr	r3, [pc, #4]	@ (100029a0 <get_blink_interval+0x8>)
1000299a:	681b      	ldr	r3, [r3, #0]
1000299c:	88d8      	ldrh	r0, [r3, #6]
1000299e:	4770      	bx	lr
100029a0:	20002fd4 	.word	0x20002fd4

100029a4 <set_shape>:
100029a4:	4b01      	ldr	r3, [pc, #4]	@ (100029ac <set_shape+0x8>)
100029a6:	681b      	ldr	r3, [r3, #0]
100029a8:	7218      	strb	r0, [r3, #8]
100029aa:	4770      	bx	lr
100029ac:	20002fd4 	.word	0x20002fd4

100029b0 <get_x>:
100029b0:	4b01      	ldr	r3, [pc, #4]	@ (100029b8 <get_x+0x8>)
100029b2:	681b      	ldr	r3, [r3, #0]
100029b4:	8818      	ldrh	r0, [r3, #0]
100029b6:	4770      	bx	lr
100029b8:	20002fd4 	.word	0x20002fd4

100029bc <get_y>:
100029bc:	4b01      	ldr	r3, [pc, #4]	@ (100029c4 <get_y+0x8>)
100029be:	681b      	ldr	r3, [r3, #0]
100029c0:	8858      	ldrh	r0, [r3, #2]
100029c2:	4770      	bx	lr
100029c4:	20002fd4 	.word	0x20002fd4

100029c8 <is_visible>:
100029c8:	4b01      	ldr	r3, [pc, #4]	@ (100029d0 <is_visible+0x8>)
100029ca:	681b      	ldr	r3, [r3, #0]
100029cc:	7918      	ldrb	r0, [r3, #4]
100029ce:	4770      	bx	lr
100029d0:	20002fd4 	.word	0x20002fd4

100029d4 <create_default_cursor>:
100029d4:	b510      	push	{r4, lr}
100029d6:	2038      	movs	r0, #56	@ 0x38
100029d8:	f001 fc60 	bl	1000429c <__wrap_malloc>
100029dc:	b1e8      	cbz	r0, 10002a1a <create_default_cursor+0x46>
100029de:	2200      	movs	r2, #0
100029e0:	2380      	movs	r3, #128	@ 0x80
100029e2:	4c0e      	ldr	r4, [pc, #56]	@ (10002a1c <create_default_cursor+0x48>)
100029e4:	490e      	ldr	r1, [pc, #56]	@ (10002a20 <create_default_cursor+0x4c>)
100029e6:	6020      	str	r0, [r4, #0]
100029e8:	6041      	str	r1, [r0, #4]
100029ea:	4c0e      	ldr	r4, [pc, #56]	@ (10002a24 <create_default_cursor+0x50>)
100029ec:	490e      	ldr	r1, [pc, #56]	@ (10002a28 <create_default_cursor+0x54>)
100029ee:	6002      	str	r2, [r0, #0]
100029f0:	e9c0 4103 	strd	r4, r1, [r0, #12]
100029f4:	4c0d      	ldr	r4, [pc, #52]	@ (10002a2c <create_default_cursor+0x58>)
100029f6:	490e      	ldr	r1, [pc, #56]	@ (10002a30 <create_default_cursor+0x5c>)
100029f8:	7203      	strb	r3, [r0, #8]
100029fa:	e9c0 4105 	strd	r4, r1, [r0, #20]
100029fe:	4c0d      	ldr	r4, [pc, #52]	@ (10002a34 <create_default_cursor+0x60>)
10002a00:	490d      	ldr	r1, [pc, #52]	@ (10002a38 <create_default_cursor+0x64>)
10002a02:	e9c0 4107 	strd	r4, r1, [r0, #28]
10002a06:	4c0d      	ldr	r4, [pc, #52]	@ (10002a3c <create_default_cursor+0x68>)
10002a08:	490d      	ldr	r1, [pc, #52]	@ (10002a40 <create_default_cursor+0x6c>)
10002a0a:	6344      	str	r4, [r0, #52]	@ 0x34
10002a0c:	6241      	str	r1, [r0, #36]	@ 0x24
10002a0e:	4c0d      	ldr	r4, [pc, #52]	@ (10002a44 <create_default_cursor+0x70>)
10002a10:	490d      	ldr	r1, [pc, #52]	@ (10002a48 <create_default_cursor+0x74>)
10002a12:	e9c0 410a 	strd	r4, r1, [r0, #40]	@ 0x28
10002a16:	490d      	ldr	r1, [pc, #52]	@ (10002a4c <create_default_cursor+0x78>)
10002a18:	6301      	str	r1, [r0, #48]	@ 0x30
10002a1a:	bd10      	pop	{r4, pc}
10002a1c:	20002fd4 	.word	0x20002fd4
10002a20:	00960101 	.word	0x00960101
10002a24:	1000292d 	.word	0x1000292d
10002a28:	10002941 	.word	0x10002941
10002a2c:	10002955 	.word	0x10002955
10002a30:	10002975 	.word	0x10002975
10002a34:	10002981 	.word	0x10002981
10002a38:	1000298d 	.word	0x1000298d
10002a3c:	10002999 	.word	0x10002999
10002a40:	100029a5 	.word	0x100029a5
10002a44:	100029b1 	.word	0x100029b1
10002a48:	100029bd 	.word	0x100029bd
10002a4c:	100029c9 	.word	0x100029c9

10002a50 <set_font>:
10002a50:	380a      	subs	r0, #10
10002a52:	2804      	cmp	r0, #4
10002a54:	d80d      	bhi.n	10002a72 <set_font+0x22>
10002a56:	e8df f000 	tbb	[pc, r0]
10002a5a:	0509      	.short	0x0509
10002a5c:	070b      	.short	0x070b
10002a5e:	03          	.byte	0x03
10002a5f:	00          	.byte	0x00
10002a60:	4805      	ldr	r0, [pc, #20]	@ (10002a78 <set_font+0x28>)
10002a62:	4770      	bx	lr
10002a64:	4805      	ldr	r0, [pc, #20]	@ (10002a7c <set_font+0x2c>)
10002a66:	4770      	bx	lr
10002a68:	4805      	ldr	r0, [pc, #20]	@ (10002a80 <set_font+0x30>)
10002a6a:	4770      	bx	lr
10002a6c:	4805      	ldr	r0, [pc, #20]	@ (10002a84 <set_font+0x34>)
10002a6e:	4770      	bx	lr
10002a70:	4770      	bx	lr
10002a72:	2000      	movs	r0, #0
10002a74:	4770      	bx	lr
10002a76:	bf00      	nop
10002a78:	20001be4 	.word	0x20001be4
10002a7c:	20001bf0 	.word	0x20001bf0
10002a80:	20001bd8 	.word	0x20001bd8
10002a84:	20001bfc 	.word	0x20001bfc

10002a88 <gpio_set_function>:
10002a88:	b410      	push	{r4}
10002a8a:	f44f 7480 	mov.w	r4, #256	@ 0x100
10002a8e:	4b0c      	ldr	r3, [pc, #48]	@ (10002ac0 <gpio_set_function+0x38>)
10002a90:	f853 2020 	ldr.w	r2, [r3, r0, lsl #2]
10002a94:	eb03 0380 	add.w	r3, r3, r0, lsl #2
10002a98:	00c0      	lsls	r0, r0, #3
10002a9a:	f082 0240 	eor.w	r2, r2, #64	@ 0x40
10002a9e:	f100 4080 	add.w	r0, r0, #1073741824	@ 0x40000000
10002aa2:	f503 5c80 	add.w	ip, r3, #4096	@ 0x1000
10002aa6:	f002 02c0 	and.w	r2, r2, #192	@ 0xc0
10002aaa:	f500 3020 	add.w	r0, r0, #163840	@ 0x28000
10002aae:	f503 5340 	add.w	r3, r3, #12288	@ 0x3000
10002ab2:	f8cc 2000 	str.w	r2, [ip]
10002ab6:	6041      	str	r1, [r0, #4]
10002ab8:	601c      	str	r4, [r3, #0]
10002aba:	f85d 4b04 	ldr.w	r4, [sp], #4
10002abe:	4770      	bx	lr
10002ac0:	40038004 	.word	0x40038004

10002ac4 <gpio_set_pulls>:
10002ac4:	b410      	push	{r4}
10002ac6:	4c08      	ldr	r4, [pc, #32]	@ (10002ae8 <gpio_set_pulls+0x24>)
10002ac8:	00c9      	lsls	r1, r1, #3
10002aca:	ea41 0182 	orr.w	r1, r1, r2, lsl #2
10002ace:	f854 2020 	ldr.w	r2, [r4, r0, lsl #2]
10002ad2:	eb04 0380 	add.w	r3, r4, r0, lsl #2
10002ad6:	4051      	eors	r1, r2
10002ad8:	f503 5380 	add.w	r3, r3, #4096	@ 0x1000
10002adc:	f001 010c 	and.w	r1, r1, #12
10002ae0:	f85d 4b04 	ldr.w	r4, [sp], #4
10002ae4:	6019      	str	r1, [r3, #0]
10002ae6:	4770      	bx	lr
10002ae8:	40038004 	.word	0x40038004

10002aec <panic>:
10002aec:	b40f      	push	{r0, r1, r2, r3}
10002aee:	b500      	push	{lr}
10002af0:	b083      	sub	sp, #12
10002af2:	9c04      	ldr	r4, [sp, #16]
10002af4:	4807      	ldr	r0, [pc, #28]	@ (10002b14 <panic+0x28>)
10002af6:	f001 fd71 	bl	100045dc <__wrap_puts>
10002afa:	b13c      	cbz	r4, 10002b0c <panic+0x20>
10002afc:	a905      	add	r1, sp, #20
10002afe:	4620      	mov	r0, r4
10002b00:	9101      	str	r1, [sp, #4]
10002b02:	f001 fbfb 	bl	100042fc <weak_raw_vprintf>
10002b06:	4804      	ldr	r0, [pc, #16]	@ (10002b18 <panic+0x2c>)
10002b08:	f001 fd68 	bl	100045dc <__wrap_puts>
10002b0c:	2001      	movs	r0, #1
10002b0e:	f001 fc0d 	bl	1000432c <_exit>
10002b12:	bf00      	nop
10002b14:	10007dc0 	.word	0x10007dc0
10002b18:	10007dd0 	.word	0x10007dd0

10002b1c <hw_claim_lock>:
10002b1c:	f3ef 8010 	mrs	r0, PRIMASK
10002b20:	b672      	cpsid	i
10002b22:	4b06      	ldr	r3, [pc, #24]	@ (10002b3c <hw_claim_lock+0x20>)
10002b24:	e8d3 1fcf 	ldaexb	r1, [r3]
10002b28:	2201      	movs	r2, #1
10002b2a:	2900      	cmp	r1, #0
10002b2c:	d1fa      	bne.n	10002b24 <hw_claim_lock+0x8>
10002b2e:	e8c3 2f41 	strexb	r1, r2, [r3]
10002b32:	2900      	cmp	r1, #0
10002b34:	d1f6      	bne.n	10002b24 <hw_claim_lock+0x8>
10002b36:	f3bf 8f5f 	dmb	sy
10002b3a:	4770      	bx	lr
10002b3c:	200026cf 	.word	0x200026cf

10002b40 <hw_claim_unlock>:
10002b40:	2300      	movs	r3, #0
10002b42:	4a03      	ldr	r2, [pc, #12]	@ (10002b50 <hw_claim_unlock+0x10>)
10002b44:	e8c2 3f8f 	stlb	r3, [r2]
10002b48:	f380 8810 	msr	PRIMASK, r0
10002b4c:	4770      	bx	lr
10002b4e:	bf00      	nop
10002b50:	200026cf 	.word	0x200026cf

10002b54 <hw_claim_or_assert>:
10002b54:	b570      	push	{r4, r5, r6, lr}
10002b56:	4686      	mov	lr, r0
10002b58:	f3ef 8510 	mrs	r5, PRIMASK
10002b5c:	b672      	cpsid	i
10002b5e:	4c12      	ldr	r4, [pc, #72]	@ (10002ba8 <hw_claim_or_assert+0x54>)
10002b60:	e8d4 6fcf 	ldaexb	r6, [r4]
10002b64:	2001      	movs	r0, #1
10002b66:	2e00      	cmp	r6, #0
10002b68:	d1fa      	bne.n	10002b60 <hw_claim_or_assert+0xc>
10002b6a:	e8c4 0f46 	strexb	r6, r0, [r4]
10002b6e:	2e00      	cmp	r6, #0
10002b70:	d1f6      	bne.n	10002b60 <hw_claim_or_assert+0xc>
10002b72:	f3bf 8f5f 	dmb	sy
10002b76:	f04f 0c01 	mov.w	ip, #1
10002b7a:	08c8      	lsrs	r0, r1, #3
10002b7c:	f001 0307 	and.w	r3, r1, #7
10002b80:	fa0c f303 	lsl.w	r3, ip, r3
10002b84:	f81e c000 	ldrb.w	ip, [lr, r0]
10002b88:	ea1c 0603 	ands.w	r6, ip, r3
10002b8c:	d108      	bne.n	10002ba0 <hw_claim_or_assert+0x4c>
10002b8e:	ea4c 0c03 	orr.w	ip, ip, r3
10002b92:	f80e c000 	strb.w	ip, [lr, r0]
10002b96:	e8c4 6f8f 	stlb	r6, [r4]
10002b9a:	f385 8810 	msr	PRIMASK, r5
10002b9e:	bd70      	pop	{r4, r5, r6, pc}
10002ba0:	4610      	mov	r0, r2
10002ba2:	f7ff ffa3 	bl	10002aec <panic>
10002ba6:	bf00      	nop
10002ba8:	200026cf 	.word	0x200026cf

10002bac <hw_claim_unused_from_range>:
10002bac:	b5f8      	push	{r3, r4, r5, r6, r7, lr}
10002bae:	f3ef 8710 	mrs	r7, PRIMASK
10002bb2:	b672      	cpsid	i
10002bb4:	4e1c      	ldr	r6, [pc, #112]	@ (10002c28 <hw_claim_unused_from_range+0x7c>)
10002bb6:	e8d6 5fcf 	ldaexb	r5, [r6]
10002bba:	2401      	movs	r4, #1
10002bbc:	2d00      	cmp	r5, #0
10002bbe:	d1fa      	bne.n	10002bb6 <hw_claim_unused_from_range+0xa>
10002bc0:	e8c6 4f45 	strexb	r5, r4, [r6]
10002bc4:	2d00      	cmp	r5, #0
10002bc6:	d1f6      	bne.n	10002bb6 <hw_claim_unused_from_range+0xa>
10002bc8:	f3bf 8f5f 	dmb	sy
10002bcc:	429a      	cmp	r2, r3
10002bce:	d81b      	bhi.n	10002c08 <hw_claim_unused_from_range+0x5c>
10002bd0:	2501      	movs	r5, #1
10002bd2:	e002      	b.n	10002bda <hw_claim_unused_from_range+0x2e>
10002bd4:	3201      	adds	r2, #1
10002bd6:	4293      	cmp	r3, r2
10002bd8:	d322      	bcc.n	10002c20 <hw_claim_unused_from_range+0x74>
10002bda:	08d4      	lsrs	r4, r2, #3
10002bdc:	f810 e004 	ldrb.w	lr, [r0, r4]
10002be0:	f002 0c07 	and.w	ip, r2, #7
10002be4:	fa05 fc0c 	lsl.w	ip, r5, ip
10002be8:	ea1e 0f0c 	tst.w	lr, ip
10002bec:	d1f2      	bne.n	10002bd4 <hw_claim_unused_from_range+0x28>
10002bee:	ea4e 0e0c 	orr.w	lr, lr, ip
10002bf2:	f800 e004 	strb.w	lr, [r0, r4]
10002bf6:	4610      	mov	r0, r2
10002bf8:	2300      	movs	r3, #0
10002bfa:	e8c6 3f8f 	stlb	r3, [r6]
10002bfe:	f387 8810 	msr	PRIMASK, r7
10002c02:	4298      	cmp	r0, r3
10002c04:	db07      	blt.n	10002c16 <hw_claim_unused_from_range+0x6a>
10002c06:	bdf8      	pop	{r3, r4, r5, r6, r7, pc}
10002c08:	2300      	movs	r3, #0
10002c0a:	e8c6 3f8f 	stlb	r3, [r6]
10002c0e:	f387 8810 	msr	PRIMASK, r7
10002c12:	f04f 30ff 	mov.w	r0, #4294967295	@ 0xffffffff
10002c16:	2900      	cmp	r1, #0
10002c18:	d0f5      	beq.n	10002c06 <hw_claim_unused_from_range+0x5a>
10002c1a:	9806      	ldr	r0, [sp, #24]
10002c1c:	f7ff ff66 	bl	10002aec <panic>
10002c20:	f04f 30ff 	mov.w	r0, #4294967295	@ 0xffffffff
10002c24:	e7e8      	b.n	10002bf8 <hw_claim_unused_from_range+0x4c>
10002c26:	bf00      	nop
10002c28:	200026cf 	.word	0x200026cf

10002c2c <next_striped_spin_lock_num>:
10002c2c:	4a04      	ldr	r2, [pc, #16]	@ (10002c40 <next_striped_spin_lock_num+0x14>)
10002c2e:	7810      	ldrb	r0, [r2, #0]
10002c30:	1c43      	adds	r3, r0, #1
10002c32:	b2db      	uxtb	r3, r3
10002c34:	2b18      	cmp	r3, #24
10002c36:	bf28      	it	cs
10002c38:	2310      	movcs	r3, #16
10002c3a:	7013      	strb	r3, [r2, #0]
10002c3c:	4770      	bx	lr
10002c3e:	bf00      	nop
10002c40:	20001c08 	.word	0x20001c08

10002c44 <spin_lock_claim_unused>:
10002c44:	b510      	push	{r4, lr}
10002c46:	4c05      	ldr	r4, [pc, #20]	@ (10002c5c <spin_lock_claim_unused+0x18>)
10002c48:	b082      	sub	sp, #8
10002c4a:	4601      	mov	r1, r0
10002c4c:	231f      	movs	r3, #31
10002c4e:	2218      	movs	r2, #24
10002c50:	9400      	str	r4, [sp, #0]
10002c52:	4803      	ldr	r0, [pc, #12]	@ (10002c60 <spin_lock_claim_unused+0x1c>)
10002c54:	f7ff ffaa 	bl	10002bac <hw_claim_unused_from_range>
10002c58:	b002      	add	sp, #8
10002c5a:	bd10      	pop	{r4, pc}
10002c5c:	10007dd4 	.word	0x10007dd4
10002c60:	20002af0 	.word	0x20002af0

10002c64 <spinlock_set_extexclall>:
10002c64:	f04f 22e0 	mov.w	r2, #3758153728	@ 0xe000e000
10002c68:	6893      	ldr	r3, [r2, #8]
10002c6a:	f043 5300 	orr.w	r3, r3, #536870912	@ 0x20000000
10002c6e:	6093      	str	r3, [r2, #8]
10002c70:	4770      	bx	lr
10002c72:	bf00      	nop

10002c74 <spin_locks_reset>:
10002c74:	2100      	movs	r1, #0
10002c76:	4b04      	ldr	r3, [pc, #16]	@ (10002c88 <spin_locks_reset+0x14>)
10002c78:	f103 0220 	add.w	r2, r3, #32
10002c7c:	e8c3 1f8f 	stlb	r1, [r3]
10002c80:	3301      	adds	r3, #1
10002c82:	4293      	cmp	r3, r2
10002c84:	d1fa      	bne.n	10002c7c <spin_locks_reset+0x8>
10002c86:	4770      	bx	lr
10002c88:	200026c4 	.word	0x200026c4

10002c8c <runtime_init_per_core_irq_priorities>:
10002c8c:	f04f 23e0 	mov.w	r3, #3758153728	@ 0xe000e000
10002c90:	f04f 3280 	mov.w	r2, #2155905152	@ 0x80808080
10002c94:	f8c3 2400 	str.w	r2, [r3, #1024]	@ 0x400
10002c98:	f8c3 2404 	str.w	r2, [r3, #1028]	@ 0x404
10002c9c:	f8c3 2408 	str.w	r2, [r3, #1032]	@ 0x408
10002ca0:	f8c3 240c 	str.w	r2, [r3, #1036]	@ 0x40c
10002ca4:	f8c3 2410 	str.w	r2, [r3, #1040]	@ 0x410
10002ca8:	f8c3 2414 	str.w	r2, [r3, #1044]	@ 0x414
10002cac:	f8c3 2418 	str.w	r2, [r3, #1048]	@ 0x418
10002cb0:	f8c3 241c 	str.w	r2, [r3, #1052]	@ 0x41c
10002cb4:	f8c3 2420 	str.w	r2, [r3, #1056]	@ 0x420
10002cb8:	f8c3 2424 	str.w	r2, [r3, #1060]	@ 0x424
10002cbc:	f8c3 2428 	str.w	r2, [r3, #1064]	@ 0x428
10002cc0:	f8c3 242c 	str.w	r2, [r3, #1068]	@ 0x42c
10002cc4:	f8c3 2430 	str.w	r2, [r3, #1072]	@ 0x430
10002cc8:	b662      	cpsie	i
10002cca:	4770      	bx	lr

10002ccc <irq_set_enabled>:
10002ccc:	2301      	movs	r3, #1
10002cce:	f000 021f 	and.w	r2, r0, #31
10002cd2:	4093      	lsls	r3, r2
10002cd4:	0940      	lsrs	r0, r0, #5
10002cd6:	b141      	cbz	r1, 10002cea <irq_set_enabled+0x1e>
10002cd8:	0080      	lsls	r0, r0, #2
10002cda:	f100 4060 	add.w	r0, r0, #3758096384	@ 0xe0000000
10002cde:	f500 4061 	add.w	r0, r0, #57600	@ 0xe100
10002ce2:	f8c0 3180 	str.w	r3, [r0, #384]	@ 0x180
10002ce6:	6003      	str	r3, [r0, #0]
10002ce8:	4770      	bx	lr
10002cea:	4a02      	ldr	r2, [pc, #8]	@ (10002cf4 <irq_set_enabled+0x28>)
10002cec:	3020      	adds	r0, #32
10002cee:	f842 3020 	str.w	r3, [r2, r0, lsl #2]
10002cf2:	4770      	bx	lr
10002cf4:	e000e100 	.word	0xe000e100

10002cf8 <irq_is_enabled>:
10002cf8:	2301      	movs	r3, #1
10002cfa:	4a06      	ldr	r2, [pc, #24]	@ (10002d14 <irq_is_enabled+0x1c>)
10002cfc:	0941      	lsrs	r1, r0, #5
10002cfe:	f852 2021 	ldr.w	r2, [r2, r1, lsl #2]
10002d02:	f000 001f 	and.w	r0, r0, #31
10002d06:	fa03 f000 	lsl.w	r0, r3, r0
10002d0a:	4010      	ands	r0, r2
10002d0c:	3800      	subs	r0, #0
10002d0e:	bf18      	it	ne
10002d10:	2001      	movne	r0, #1
10002d12:	4770      	bx	lr
10002d14:	e000e100 	.word	0xe000e100

10002d18 <irq_set_pending>:
10002d18:	2201      	movs	r2, #1
10002d1a:	0943      	lsrs	r3, r0, #5
10002d1c:	4903      	ldr	r1, [pc, #12]	@ (10002d2c <irq_set_pending+0x14>)
10002d1e:	f000 001f 	and.w	r0, r0, #31
10002d22:	4082      	lsls	r2, r0
10002d24:	3340      	adds	r3, #64	@ 0x40
10002d26:	f841 2023 	str.w	r2, [r1, r3, lsl #2]
10002d2a:	4770      	bx	lr
10002d2c:	e000e100 	.word	0xe000e100

10002d30 <irq_has_shared_handler>:
10002d30:	4a05      	ldr	r2, [pc, #20]	@ (10002d48 <irq_has_shared_handler+0x18>)
10002d32:	3010      	adds	r0, #16
10002d34:	6892      	ldr	r2, [r2, #8]
10002d36:	4b05      	ldr	r3, [pc, #20]	@ (10002d4c <irq_has_shared_handler+0x1c>)
10002d38:	f852 0020 	ldr.w	r0, [r2, r0, lsl #2]
10002d3c:	1ac0      	subs	r0, r0, r3
10002d3e:	282f      	cmp	r0, #47	@ 0x2f
10002d40:	bf8c      	ite	hi
10002d42:	2000      	movhi	r0, #0
10002d44:	2001      	movls	r0, #1
10002d46:	4770      	bx	lr
10002d48:	e000ed00 	.word	0xe000ed00
10002d4c:	20001c0c 	.word	0x20001c0c

10002d50 <irq_set_exclusive_handler>:
10002d50:	b5f8      	push	{r3, r4, r5, r6, r7, lr}
10002d52:	460d      	mov	r5, r1
10002d54:	f3ef 8710 	mrs	r7, PRIMASK
10002d58:	b672      	cpsid	i
10002d5a:	4e12      	ldr	r6, [pc, #72]	@ (10002da4 <irq_set_exclusive_handler+0x54>)
10002d5c:	e8d6 2fcf 	ldaexb	r2, [r6]
10002d60:	2301      	movs	r3, #1
10002d62:	2a00      	cmp	r2, #0
10002d64:	d1fa      	bne.n	10002d5c <irq_set_exclusive_handler+0xc>
10002d66:	e8c6 3f42 	strexb	r2, r3, [r6]
10002d6a:	2a00      	cmp	r2, #0
10002d6c:	d1f6      	bne.n	10002d5c <irq_set_exclusive_handler+0xc>
10002d6e:	f3bf 8f5f 	dmb	sy
10002d72:	4b0d      	ldr	r3, [pc, #52]	@ (10002da8 <irq_set_exclusive_handler+0x58>)
10002d74:	f100 0410 	add.w	r4, r0, #16
10002d78:	689b      	ldr	r3, [r3, #8]
10002d7a:	4a0c      	ldr	r2, [pc, #48]	@ (10002dac <irq_set_exclusive_handler+0x5c>)
10002d7c:	f853 3024 	ldr.w	r3, [r3, r4, lsl #2]
10002d80:	4293      	cmp	r3, r2
10002d82:	d003      	beq.n	10002d8c <irq_set_exclusive_handler+0x3c>
10002d84:	4299      	cmp	r1, r3
10002d86:	d001      	beq.n	10002d8c <irq_set_exclusive_handler+0x3c>
10002d88:	f001 f964 	bl	10004054 <hard_assertion_failure>
10002d8c:	4b06      	ldr	r3, [pc, #24]	@ (10002da8 <irq_set_exclusive_handler+0x58>)
10002d8e:	689b      	ldr	r3, [r3, #8]
10002d90:	f843 5024 	str.w	r5, [r3, r4, lsl #2]
10002d94:	f3bf 8f5f 	dmb	sy
10002d98:	2300      	movs	r3, #0
10002d9a:	e8c6 3f8f 	stlb	r3, [r6]
10002d9e:	f387 8810 	msr	PRIMASK, r7
10002da2:	bdf8      	pop	{r3, r4, r5, r6, r7, pc}
10002da4:	200026cd 	.word	0x200026cd
10002da8:	e000ed00 	.word	0xe000ed00
10002dac:	10000111 	.word	0x10000111

10002db0 <irq_add_shared_handler>:
10002db0:	e92d 4ff0 	stmdb	sp!, {r4, r5, r6, r7, r8, r9, sl, fp, lr}
10002db4:	4681      	mov	r9, r0
10002db6:	468b      	mov	fp, r1
10002db8:	4616      	mov	r6, r2
10002dba:	b083      	sub	sp, #12
10002dbc:	f3ef 8310 	mrs	r3, PRIMASK
10002dc0:	b672      	cpsid	i
10002dc2:	f8df a1d0 	ldr.w	sl, [pc, #464]	@ 10002f94 <irq_add_shared_handler+0x1e4>
10002dc6:	9300      	str	r3, [sp, #0]
10002dc8:	e8da 1fcf 	ldaexb	r1, [sl]
10002dcc:	2301      	movs	r3, #1
10002dce:	2900      	cmp	r1, #0
10002dd0:	d1fa      	bne.n	10002dc8 <irq_add_shared_handler+0x18>
10002dd2:	e8ca 3f41 	strexb	r1, r3, [sl]
10002dd6:	2900      	cmp	r1, #0
10002dd8:	d1f6      	bne.n	10002dc8 <irq_add_shared_handler+0x18>
10002dda:	f3bf 8f5f 	dmb	sy
10002dde:	4b66      	ldr	r3, [pc, #408]	@ (10002f78 <irq_add_shared_handler+0x1c8>)
10002de0:	f993 4000 	ldrsb.w	r4, [r3]
10002de4:	2c00      	cmp	r4, #0
10002de6:	f2c0 80a0 	blt.w	10002f2a <irq_add_shared_handler+0x17a>
10002dea:	4d64      	ldr	r5, [pc, #400]	@ (10002f7c <irq_add_shared_handler+0x1cc>)
10002dec:	eb04 0744 	add.w	r7, r4, r4, lsl #1
10002df0:	eb05 0887 	add.w	r8, r5, r7, lsl #2
10002df4:	f898 1006 	ldrb.w	r1, [r8, #6]
10002df8:	f109 0910 	add.w	r9, r9, #16
10002dfc:	7019      	strb	r1, [r3, #0]
10002dfe:	4b60      	ldr	r3, [pc, #384]	@ (10002f80 <irq_add_shared_handler+0x1d0>)
10002e00:	00bf      	lsls	r7, r7, #2
10002e02:	689b      	ldr	r3, [r3, #8]
10002e04:	f853 0029 	ldr.w	r0, [r3, r9, lsl #2]
10002e08:	0063      	lsls	r3, r4, #1
10002e0a:	1b41      	subs	r1, r0, r5
10002e0c:	292f      	cmp	r1, #47	@ 0x2f
10002e0e:	d92f      	bls.n	10002e70 <irq_add_shared_handler+0xc0>
10002e10:	495c      	ldr	r1, [pc, #368]	@ (10002f84 <irq_add_shared_handler+0x1d4>)
10002e12:	4288      	cmp	r0, r1
10002e14:	f040 80a4 	bne.w	10002f60 <irq_add_shared_handler+0x1b0>
10002e18:	441c      	add	r4, r3
10002e1a:	4b5b      	ldr	r3, [pc, #364]	@ (10002f88 <irq_add_shared_handler+0x1d8>)
10002e1c:	3702      	adds	r7, #2
10002e1e:	442f      	add	r7, r5
10002e20:	3b04      	subs	r3, #4
10002e22:	1bdb      	subs	r3, r3, r7
10002e24:	f3c3 034a 	ubfx	r3, r3, #1, #11
10002e28:	ea6f 43c3 	mvn.w	r3, r3, lsl #19
10002e2c:	f44f 4121 	mov.w	r1, #41216	@ 0xa100
10002e30:	ea6f 43d3 	mvn.w	r3, r3, lsr #19
10002e34:	f825 1024 	strh.w	r1, [r5, r4, lsl #2]
10002e38:	eb05 0484 	add.w	r4, r5, r4, lsl #2
10002e3c:	8063      	strh	r3, [r4, #2]
10002e3e:	f64b 5301 	movw	r3, #48385	@ 0xbd01
10002e42:	80a3      	strh	r3, [r4, #4]
10002e44:	23ff      	movs	r3, #255	@ 0xff
10002e46:	f048 0001 	orr.w	r0, r8, #1
10002e4a:	71e6      	strb	r6, [r4, #7]
10002e4c:	f8c4 b008 	str.w	fp, [r4, #8]
10002e50:	71a3      	strb	r3, [r4, #6]
10002e52:	4b4b      	ldr	r3, [pc, #300]	@ (10002f80 <irq_add_shared_handler+0x1d0>)
10002e54:	689b      	ldr	r3, [r3, #8]
10002e56:	f843 0029 	str.w	r0, [r3, r9, lsl #2]
10002e5a:	f3bf 8f5f 	dmb	sy
10002e5e:	2300      	movs	r3, #0
10002e60:	e8ca 3f8f 	stlb	r3, [sl]
10002e64:	9b00      	ldr	r3, [sp, #0]
10002e66:	f383 8810 	msr	PRIMASK, r3
10002e6a:	b003      	add	sp, #12
10002e6c:	e8bd 8ff0 	ldmia.w	sp!, {r4, r5, r6, r7, r8, r9, sl, fp, pc}
10002e70:	f020 0e01 	bic.w	lr, r0, #1
10002e74:	f89e 1007 	ldrb.w	r1, [lr, #7]
10002e78:	42b1      	cmp	r1, r6
10002e7a:	d82e      	bhi.n	10002eda <irq_add_shared_handler+0x12a>
10002e7c:	f44f 4321 	mov.w	r3, #41216	@ 0xa100
10002e80:	53eb      	strh	r3, [r5, r7]
10002e82:	4b41      	ldr	r3, [pc, #260]	@ (10002f88 <irq_add_shared_handler+0x1d8>)
10002e84:	1cb9      	adds	r1, r7, #2
10002e86:	4429      	add	r1, r5
10002e88:	3b04      	subs	r3, #4
10002e8a:	3704      	adds	r7, #4
10002e8c:	1a5b      	subs	r3, r3, r1
10002e8e:	442f      	add	r7, r5
10002e90:	f1ae 0104 	sub.w	r1, lr, #4
10002e94:	1bc9      	subs	r1, r1, r7
10002e96:	f3c1 044a 	ubfx	r4, r1, #1, #11
10002e9a:	493c      	ldr	r1, [pc, #240]	@ (10002f8c <irq_add_shared_handler+0x1dc>)
10002e9c:	f3c3 034a 	ubfx	r3, r3, #1, #11
10002ea0:	430b      	orrs	r3, r1
10002ea2:	4321      	orrs	r1, r4
10002ea4:	f8a8 1004 	strh.w	r1, [r8, #4]
10002ea8:	4939      	ldr	r1, [pc, #228]	@ (10002f90 <irq_add_shared_handler+0x1e0>)
10002eaa:	f8a8 3002 	strh.w	r3, [r8, #2]
10002eae:	f64a 20aa 	movw	r0, #43690	@ 0xaaaa
10002eb2:	4673      	mov	r3, lr
10002eb4:	1b5b      	subs	r3, r3, r5
10002eb6:	415b      	adcs	r3, r3
10002eb8:	4358      	muls	r0, r3
10002eba:	0d00      	lsrs	r0, r0, #20
10002ebc:	f888 6007 	strb.w	r6, [r8, #7]
10002ec0:	f888 0006 	strb.w	r0, [r8, #6]
10002ec4:	f8c8 b008 	str.w	fp, [r8, #8]
10002ec8:	f048 0001 	orr.w	r0, r8, #1
10002ecc:	f8ce 1000 	str.w	r1, [lr]
10002ed0:	e7bf      	b.n	10002e52 <irq_add_shared_handler+0xa2>
10002ed2:	79d1      	ldrb	r1, [r2, #7]
10002ed4:	42b1      	cmp	r1, r6
10002ed6:	d92e      	bls.n	10002f36 <irq_add_shared_handler+0x186>
10002ed8:	4696      	mov	lr, r2
10002eda:	f99e c006 	ldrsb.w	ip, [lr, #6]
10002ede:	eb0c 024c 	add.w	r2, ip, ip, lsl #1
10002ee2:	f1bc 0f00 	cmp.w	ip, #0
10002ee6:	eb05 0282 	add.w	r2, r5, r2, lsl #2
10002eea:	daf2      	bge.n	10002ed2 <irq_add_shared_handler+0x122>
10002eec:	f64b 5101 	movw	r1, #48385	@ 0xbd01
10002ef0:	f10e 0204 	add.w	r2, lr, #4
10002ef4:	f1a8 0704 	sub.w	r7, r8, #4
10002ef8:	1abf      	subs	r7, r7, r2
10002efa:	f3c7 074a 	ubfx	r7, r7, #1, #11
10002efe:	ea6f 47c7 	mvn.w	r7, r7, lsl #19
10002f02:	ea6f 47d7 	mvn.w	r7, r7, lsr #19
10002f06:	f88e 4006 	strb.w	r4, [lr, #6]
10002f0a:	eb03 0804 	add.w	r8, r3, r4
10002f0e:	4c20      	ldr	r4, [pc, #128]	@ (10002f90 <irq_add_shared_handler+0x1e0>)
10002f10:	eb05 0388 	add.w	r3, r5, r8, lsl #2
10002f14:	f8ae 7004 	strh.w	r7, [lr, #4]
10002f18:	f845 4028 	str.w	r4, [r5, r8, lsl #2]
10002f1c:	8099      	strh	r1, [r3, #4]
10002f1e:	f883 c006 	strb.w	ip, [r3, #6]
10002f22:	71de      	strb	r6, [r3, #7]
10002f24:	f8c3 b008 	str.w	fp, [r3, #8]
10002f28:	e793      	b.n	10002e52 <irq_add_shared_handler+0xa2>
10002f2a:	f001 f893 	bl	10004054 <hard_assertion_failure>
10002f2e:	4b12      	ldr	r3, [pc, #72]	@ (10002f78 <irq_add_shared_handler+0x1c8>)
10002f30:	f993 4000 	ldrsb.w	r4, [r3]
10002f34:	e759      	b.n	10002dea <irq_add_shared_handler+0x3a>
10002f36:	4672      	mov	r2, lr
10002f38:	f832 1f04 	ldrh.w	r1, [r2, #4]!
10002f3c:	0549      	lsls	r1, r1, #21
10002f3e:	d414      	bmi.n	10002f6a <irq_add_shared_handler+0x1ba>
10002f40:	1549      	asrs	r1, r1, #21
10002f42:	3102      	adds	r1, #2
10002f44:	eb02 0141 	add.w	r1, r2, r1, lsl #1
10002f48:	9101      	str	r1, [sp, #4]
10002f4a:	f06f 0107 	mvn.w	r1, #7
10002f4e:	1bc9      	subs	r1, r1, r7
10002f50:	9f01      	ldr	r7, [sp, #4]
10002f52:	1b49      	subs	r1, r1, r5
10002f54:	4439      	add	r1, r7
10002f56:	f3c1 014a 	ubfx	r1, r1, #1, #11
10002f5a:	f441 4160 	orr.w	r1, r1, #57344	@ 0xe000
10002f5e:	e7c9      	b.n	10002ef4 <irq_add_shared_handler+0x144>
10002f60:	9301      	str	r3, [sp, #4]
10002f62:	f001 f877 	bl	10004054 <hard_assertion_failure>
10002f66:	9b01      	ldr	r3, [sp, #4]
10002f68:	e756      	b.n	10002e18 <irq_add_shared_handler+0x68>
10002f6a:	f501 11ff 	add.w	r1, r1, #2088960	@ 0x1fe000
10002f6e:	f501 51ff 	add.w	r1, r1, #8160	@ 0x1fe0
10002f72:	311f      	adds	r1, #31
10002f74:	e7e4      	b.n	10002f40 <irq_add_shared_handler+0x190>
10002f76:	bf00      	nop
10002f78:	20028818 	.word	0x20028818
10002f7c:	20001c0c 	.word	0x20001c0c
10002f80:	e000ed00 	.word	0xe000ed00
10002f84:	10000111 	.word	0x10000111
10002f88:	20001c3c 	.word	0x20001c3c
10002f8c:	ffffe000 	.word	0xffffe000
10002f90:	47804801 	.word	0x47804801
10002f94:	200026cd 	.word	0x200026cd

10002f98 <irq_add_tail_to_free_list>:
10002f98:	b5f0      	push	{r4, r5, r6, r7, lr}
10002f9a:	f3ef 8505 	mrs	r5, IPSR
10002f9e:	b2ed      	uxtb	r5, r5
10002fa0:	f3ef 8c10 	mrs	ip, PRIMASK
10002fa4:	b672      	cpsid	i
10002fa6:	4926      	ldr	r1, [pc, #152]	@ (10003040 <irq_add_tail_to_free_list+0xa8>)
10002fa8:	e8d1 2fcf 	ldaexb	r2, [r1]
10002fac:	2301      	movs	r3, #1
10002fae:	2a00      	cmp	r2, #0
10002fb0:	d1fa      	bne.n	10002fa8 <irq_add_tail_to_free_list+0x10>
10002fb2:	e8c1 3f42 	strexb	r2, r3, [r1]
10002fb6:	2a00      	cmp	r2, #0
10002fb8:	d1f6      	bne.n	10002fa8 <irq_add_tail_to_free_list+0x10>
10002fba:	f3bf 8f5f 	dmb	sy
10002fbe:	4e21      	ldr	r6, [pc, #132]	@ (10003044 <irq_add_tail_to_free_list+0xac>)
10002fc0:	f040 0e01 	orr.w	lr, r0, #1
10002fc4:	68b4      	ldr	r4, [r6, #8]
10002fc6:	f64a 23aa 	movw	r3, #43690	@ 0xaaaa
10002fca:	f854 7025 	ldr.w	r7, [r4, r5, lsl #2]
10002fce:	4a1e      	ldr	r2, [pc, #120]	@ (10003048 <irq_add_tail_to_free_list+0xb0>)
10002fd0:	4604      	mov	r4, r0
10002fd2:	1aa4      	subs	r4, r4, r2
10002fd4:	4164      	adcs	r4, r4
10002fd6:	4363      	muls	r3, r4
10002fd8:	0d1b      	lsrs	r3, r3, #20
10002fda:	4577      	cmp	r7, lr
10002fdc:	b25b      	sxtb	r3, r3
10002fde:	d01b      	beq.n	10003018 <irq_add_tail_to_free_list+0x80>
10002fe0:	f992 4006 	ldrsb.w	r4, [r2, #6]
10002fe4:	429c      	cmp	r4, r3
10002fe6:	d01c      	beq.n	10003022 <irq_add_tail_to_free_list+0x8a>
10002fe8:	f992 4012 	ldrsb.w	r4, [r2, #18]
10002fec:	429c      	cmp	r4, r3
10002fee:	d023      	beq.n	10003038 <irq_add_tail_to_free_list+0xa0>
10002ff0:	f992 401e 	ldrsb.w	r4, [r2, #30]
10002ff4:	429c      	cmp	r4, r3
10002ff6:	d021      	beq.n	1000303c <irq_add_tail_to_free_list+0xa4>
10002ff8:	f992 402a 	ldrsb.w	r4, [r2, #42]	@ 0x2a
10002ffc:	429c      	cmp	r4, r3
10002ffe:	bf08      	it	eq
10003000:	2403      	moveq	r4, #3
10003002:	d00f      	beq.n	10003024 <irq_add_tail_to_free_list+0x8c>
10003004:	4a11      	ldr	r2, [pc, #68]	@ (1000304c <irq_add_tail_to_free_list+0xb4>)
10003006:	2400      	movs	r4, #0
10003008:	7815      	ldrb	r5, [r2, #0]
1000300a:	7013      	strb	r3, [r2, #0]
1000300c:	7185      	strb	r5, [r0, #6]
1000300e:	e8c1 4f8f 	stlb	r4, [r1]
10003012:	f38c 8810 	msr	PRIMASK, ip
10003016:	bdf0      	pop	{r4, r5, r6, r7, pc}
10003018:	68b2      	ldr	r2, [r6, #8]
1000301a:	4c0d      	ldr	r4, [pc, #52]	@ (10003050 <irq_add_tail_to_free_list+0xb8>)
1000301c:	f842 4025 	str.w	r4, [r2, r5, lsl #2]
10003020:	e7f0      	b.n	10003004 <irq_add_tail_to_free_list+0x6c>
10003022:	2400      	movs	r4, #0
10003024:	eb04 0444 	add.w	r4, r4, r4, lsl #1
10003028:	eb02 0284 	add.w	r2, r2, r4, lsl #2
1000302c:	24ff      	movs	r4, #255	@ 0xff
1000302e:	7194      	strb	r4, [r2, #6]
10003030:	f64b 5401 	movw	r4, #48385	@ 0xbd01
10003034:	8094      	strh	r4, [r2, #4]
10003036:	e7e5      	b.n	10003004 <irq_add_tail_to_free_list+0x6c>
10003038:	2401      	movs	r4, #1
1000303a:	e7f3      	b.n	10003024 <irq_add_tail_to_free_list+0x8c>
1000303c:	2402      	movs	r4, #2
1000303e:	e7f1      	b.n	10003024 <irq_add_tail_to_free_list+0x8c>
10003040:	200026cd 	.word	0x200026cd
10003044:	e000ed00 	.word	0xe000ed00
10003048:	20001c0c 	.word	0x20001c0c
1000304c:	20028818 	.word	0x20028818
10003050:	10000111 	.word	0x10000111

10003054 <user_irq_claim_unused>:
10003054:	b510      	push	{r4, lr}
10003056:	4c07      	ldr	r4, [pc, #28]	@ (10003074 <user_irq_claim_unused+0x20>)
10003058:	b082      	sub	sp, #8
1000305a:	4601      	mov	r1, r0
1000305c:	2305      	movs	r3, #5
1000305e:	2200      	movs	r2, #0
10003060:	9400      	str	r4, [sp, #0]
10003062:	4805      	ldr	r0, [pc, #20]	@ (10003078 <user_irq_claim_unused+0x24>)
10003064:	f7ff fda2 	bl	10002bac <hw_claim_unused_from_range>
10003068:	2800      	cmp	r0, #0
1000306a:	bfa8      	it	ge
1000306c:	f1c0 0033 	rsbge	r0, r0, #51	@ 0x33
10003070:	b002      	add	sp, #8
10003072:	bd10      	pop	{r4, pc}
10003074:	10007df0 	.word	0x10007df0
10003078:	2002881e 	.word	0x2002881e

1000307c <lock_init>:
1000307c:	4b01      	ldr	r3, [pc, #4]	@ (10003084 <lock_init+0x8>)
1000307e:	440b      	add	r3, r1
10003080:	6003      	str	r3, [r0, #0]
10003082:	4770      	bx	lr
10003084:	200026c4 	.word	0x200026c4

10003088 <runtime_init_mutex>:
10003088:	b570      	push	{r4, r5, r6, lr}
1000308a:	4c10      	ldr	r4, [pc, #64]	@ (100030cc <runtime_init_mutex+0x44>)
1000308c:	4d10      	ldr	r5, [pc, #64]	@ (100030d0 <runtime_init_mutex+0x48>)
1000308e:	42ac      	cmp	r4, r5
10003090:	d20e      	bcs.n	100030b0 <runtime_init_mutex+0x28>
10003092:	26ff      	movs	r6, #255	@ 0xff
10003094:	6823      	ldr	r3, [r4, #0]
10003096:	b163      	cbz	r3, 100030b2 <runtime_init_mutex+0x2a>
10003098:	f7ff fdc8 	bl	10002c2c <next_striped_spin_lock_num>
1000309c:	4601      	mov	r1, r0
1000309e:	4620      	mov	r0, r4
100030a0:	f7ff ffec 	bl	1000307c <lock_init>
100030a4:	80a6      	strh	r6, [r4, #4]
100030a6:	f3bf 8f5f 	dmb	sy
100030aa:	3408      	adds	r4, #8
100030ac:	42ac      	cmp	r4, r5
100030ae:	d3f1      	bcc.n	10003094 <runtime_init_mutex+0xc>
100030b0:	bd70      	pop	{r4, r5, r6, pc}
100030b2:	f7ff fdbb 	bl	10002c2c <next_striped_spin_lock_num>
100030b6:	4601      	mov	r1, r0
100030b8:	4620      	mov	r0, r4
100030ba:	f7ff ffdf 	bl	1000307c <lock_init>
100030be:	7126      	strb	r6, [r4, #4]
100030c0:	f3bf 8f5f 	dmb	sy
100030c4:	3408      	adds	r4, #8
100030c6:	42ac      	cmp	r4, r5
100030c8:	d3e4      	bcc.n	10003094 <runtime_init_mutex+0xc>
100030ca:	bd70      	pop	{r4, r5, r6, pc}
100030cc:	20002200 	.word	0x20002200
100030d0:	20002210 	.word	0x20002210

100030d4 <mutex_init>:
100030d4:	b510      	push	{r4, lr}
100030d6:	4604      	mov	r4, r0
100030d8:	f7ff fda8 	bl	10002c2c <next_striped_spin_lock_num>
100030dc:	4601      	mov	r1, r0
100030de:	4620      	mov	r0, r4
100030e0:	f7ff ffcc 	bl	1000307c <lock_init>
100030e4:	23ff      	movs	r3, #255	@ 0xff
100030e6:	7123      	strb	r3, [r4, #4]
100030e8:	f3bf 8f5f 	dmb	sy
100030ec:	bd10      	pop	{r4, pc}
100030ee:	bf00      	nop

100030f0 <critical_section_init>:
100030f0:	b510      	push	{r4, lr}
100030f2:	4604      	mov	r4, r0
100030f4:	2001      	movs	r0, #1
100030f6:	f7ff fda5 	bl	10002c44 <spin_lock_claim_unused>
100030fa:	4b03      	ldr	r3, [pc, #12]	@ (10003108 <critical_section_init+0x18>)
100030fc:	4403      	add	r3, r0
100030fe:	6023      	str	r3, [r4, #0]
10003100:	f3bf 8f5f 	dmb	sy
10003104:	bd10      	pop	{r4, pc}
10003106:	bf00      	nop
10003108:	200026c4 	.word	0x200026c4

1000310c <critical_section_init_with_lock_num>:
1000310c:	4b02      	ldr	r3, [pc, #8]	@ (10003118 <critical_section_init_with_lock_num+0xc>)
1000310e:	440b      	add	r3, r1
10003110:	6003      	str	r3, [r0, #0]
10003112:	f3bf 8f5f 	dmb	sy
10003116:	4770      	bx	lr
10003118:	200026c4 	.word	0x200026c4

1000311c <sleep_until_callback>:
1000311c:	4b0d      	ldr	r3, [pc, #52]	@ (10003154 <sleep_until_callback+0x38>)
1000311e:	681a      	ldr	r2, [r3, #0]
10003120:	f3ef 8110 	mrs	r1, PRIMASK
10003124:	b672      	cpsid	i
10003126:	e8d2 cfcf 	ldaexb	ip, [r2]
1000312a:	2001      	movs	r0, #1
1000312c:	f1bc 0f00 	cmp.w	ip, #0
10003130:	d1f9      	bne.n	10003126 <sleep_until_callback+0xa>
10003132:	e8c2 0f4c 	strexb	ip, r0, [r2]
10003136:	f1bc 0f00 	cmp.w	ip, #0
1000313a:	d1f4      	bne.n	10003126 <sleep_until_callback+0xa>
1000313c:	f3bf 8f5f 	dmb	sy
10003140:	2200      	movs	r2, #0
10003142:	681b      	ldr	r3, [r3, #0]
10003144:	e8c3 2f8f 	stlb	r2, [r3]
10003148:	f381 8810 	msr	PRIMASK, r1
1000314c:	bf40      	sev
1000314e:	2000      	movs	r0, #0
10003150:	2100      	movs	r1, #0
10003152:	4770      	bx	lr
10003154:	20002fc8 	.word	0x20002fc8

10003158 <alarm_pool_irq_handler>:
10003158:	e92d 4ff0 	stmdb	sp!, {r4, r5, r6, r7, r8, r9, sl, fp, lr}
1000315c:	ed2d 8b02 	vpush	{d8}
10003160:	b085      	sub	sp, #20
10003162:	f3ef 8305 	mrs	r3, IPSR
10003166:	b2db      	uxtb	r3, r3
10003168:	3b10      	subs	r3, #16
1000316a:	089a      	lsrs	r2, r3, #2
1000316c:	bf18      	it	ne
1000316e:	2201      	movne	r2, #1
10003170:	f04f 0101 	mov.w	r1, #1
10003174:	f003 0b03 	and.w	fp, r3, #3
10003178:	bf18      	it	ne
1000317a:	4daf      	ldrne	r5, [pc, #700]	@ (10003438 <alarm_pool_irq_handler+0x2e0>)
1000317c:	4baf      	ldr	r3, [pc, #700]	@ (1000343c <alarm_pool_irq_handler+0x2e4>)
1000317e:	bf08      	it	eq
10003180:	4daf      	ldreq	r5, [pc, #700]	@ (10003440 <alarm_pool_irq_handler+0x2e8>)
10003182:	eb0b 0282 	add.w	r2, fp, r2, lsl #2
10003186:	f853 6022 	ldr.w	r6, [r3, r2, lsl #2]
1000318a:	fa01 f20b 	lsl.w	r2, r1, fp
1000318e:	f505 5341 	add.w	r3, r5, #12352	@ 0x3040
10003192:	ed9f 8ba7 	vldr	d8, [pc, #668]	@ 10003430 <alarm_pool_irq_handler+0x2d8>
10003196:	9201      	str	r2, [sp, #4]
10003198:	605a      	str	r2, [r3, #4]
1000319a:	e02f      	b.n	100031fc <alarm_pool_irq_handler+0xa4>
1000319c:	88b3      	ldrh	r3, [r6, #4]
1000319e:	041c      	lsls	r4, r3, #16
100031a0:	f140 8093 	bpl.w	100032ca <alarm_pool_irq_handler+0x172>
100031a4:	79b3      	ldrb	r3, [r6, #6]
100031a6:	2b00      	cmp	r3, #0
100031a8:	f040 80dd 	bne.w	10003366 <alarm_pool_irq_handler+0x20e>
100031ac:	f9b6 2008 	ldrsh.w	r2, [r6, #8]
100031b0:	2a00      	cmp	r2, #0
100031b2:	f2c0 811e 	blt.w	100033f2 <alarm_pool_irq_handler+0x29a>
100031b6:	6973      	ldr	r3, [r6, #20]
100031b8:	eb02 0242 	add.w	r2, r2, r2, lsl #1
100031bc:	eb03 03c2 	add.w	r3, r3, r2, lsl #3
100031c0:	e9d3 4702 	ldrd	r4, r7, [r3, #8]
100031c4:	f1b7 3fff 	cmp.w	r7, #4294967295	@ 0xffffffff
100031c8:	bf08      	it	eq
100031ca:	f1b4 3fff 	cmpeq.w	r4, #4294967295	@ 0xffffffff
100031ce:	d00e      	beq.n	100031ee <alarm_pool_irq_handler+0x96>
100031d0:	eb05 018b 	add.w	r1, r5, fp, lsl #2
100031d4:	6aab      	ldr	r3, [r5, #40]	@ 0x28
100031d6:	690a      	ldr	r2, [r1, #16]
100031d8:	1ad2      	subs	r2, r2, r3
100031da:	1ae3      	subs	r3, r4, r3
100031dc:	4293      	cmp	r3, r2
100031de:	d305      	bcc.n	100031ec <alarm_pool_irq_handler+0x94>
100031e0:	2301      	movs	r3, #1
100031e2:	6a2a      	ldr	r2, [r5, #32]
100031e4:	fa03 f30b 	lsl.w	r3, r3, fp
100031e8:	4213      	tst	r3, r2
100031ea:	d100      	bne.n	100031ee <alarm_pool_irq_handler+0x96>
100031ec:	610c      	str	r4, [r1, #16]
100031ee:	4628      	mov	r0, r5
100031f0:	f000 fc1c 	bl	10003a2c <timer_time_us_64>
100031f4:	42a0      	cmp	r0, r4
100031f6:	41b9      	sbcs	r1, r7
100031f8:	f2c0 80fb 	blt.w	100033f2 <alarm_pool_irq_handler+0x29a>
100031fc:	f9b6 3008 	ldrsh.w	r3, [r6, #8]
10003200:	9a01      	ldr	r2, [sp, #4]
10003202:	2b00      	cmp	r3, #0
10003204:	9300      	str	r3, [sp, #0]
10003206:	63ea      	str	r2, [r5, #60]	@ 0x3c
10003208:	dbc8      	blt.n	1000319c <alarm_pool_irq_handler+0x44>
1000320a:	f8d6 8014 	ldr.w	r8, [r6, #20]
1000320e:	eb03 0943 	add.w	r9, r3, r3, lsl #1
10003212:	4628      	mov	r0, r5
10003214:	eb08 07c9 	add.w	r7, r8, r9, lsl #3
10003218:	e9d7 4a02 	ldrd	r4, sl, [r7, #8]
1000321c:	f000 fc06 	bl	10003a2c <timer_time_us_64>
10003220:	42a0      	cmp	r0, r4
10003222:	eb71 010a 	sbcs.w	r1, r1, sl
10003226:	dbb9      	blt.n	1000319c <alarm_pool_irq_handler+0x44>
10003228:	f1ba 0f00 	cmp.w	sl, #0
1000322c:	f2c0 80c3 	blt.w	100033b6 <alarm_pool_irq_handler+0x25e>
10003230:	e9d7 3104 	ldrd	r3, r1, [r7, #16]
10003234:	4a83      	ldr	r2, [pc, #524]	@ (10003444 <alarm_pool_irq_handler+0x2ec>)
10003236:	4293      	cmp	r3, r2
10003238:	f000 80ed 	beq.w	10003416 <alarm_pool_irq_handler+0x2be>
1000323c:	887a      	ldrh	r2, [r7, #2]
1000323e:	f9b6 0008 	ldrsh.w	r0, [r6, #8]
10003242:	b292      	uxth	r2, r2
10003244:	ea42 4000 	orr.w	r0, r2, r0, lsl #16
10003248:	4798      	blx	r3
1000324a:	4602      	mov	r2, r0
1000324c:	460b      	mov	r3, r1
1000324e:	ea52 0103 	orrs.w	r1, r2, r3
10003252:	f000 80b0 	beq.w	100033b6 <alarm_pool_irq_handler+0x25e>
10003256:	2b00      	cmp	r3, #0
10003258:	f280 80d1 	bge.w	100033fe <alarm_pool_irq_handler+0x2a6>
1000325c:	ebb4 0e02 	subs.w	lr, r4, r2
10003260:	eb6a 0a03 	sbc.w	sl, sl, r3
10003264:	f938 3039 	ldrsh.w	r3, [r8, r9, lsl #3]
10003268:	e9c7 ea02 	strd	lr, sl, [r7, #8]
1000326c:	2b00      	cmp	r3, #0
1000326e:	db95      	blt.n	1000319c <alarm_pool_irq_handler+0x44>
10003270:	6971      	ldr	r1, [r6, #20]
10003272:	eb03 0243 	add.w	r2, r3, r3, lsl #1
10003276:	eb01 02c2 	add.w	r2, r1, r2, lsl #3
1000327a:	e9d2 7002 	ldrd	r7, r0, [r2, #8]
1000327e:	45be      	cmp	lr, r7
10003280:	eb7a 0c00 	sbcs.w	ip, sl, r0
10003284:	ea4f 0243 	mov.w	r2, r3, lsl #1
10003288:	db88      	blt.n	1000319c <alarm_pool_irq_handler+0x44>
1000328a:	46b4      	mov	ip, r6
1000328c:	f82c 3f08 	strh.w	r3, [ip, #8]!
10003290:	e006      	b.n	100032a0 <alarm_pool_irq_handler+0x148>
10003292:	eb03 0043 	add.w	r0, r3, r3, lsl #1
10003296:	eb01 00c0 	add.w	r0, r1, r0, lsl #3
1000329a:	005a      	lsls	r2, r3, #1
1000329c:	e9d0 7002 	ldrd	r7, r0, [r0, #8]
100032a0:	45be      	cmp	lr, r7
100032a2:	441a      	add	r2, r3
100032a4:	eb7a 0000 	sbcs.w	r0, sl, r0
100032a8:	eb01 04c2 	add.w	r4, r1, r2, lsl #3
100032ac:	db04      	blt.n	100032b8 <alarm_pool_irq_handler+0x160>
100032ae:	f931 3032 	ldrsh.w	r3, [r1, r2, lsl #3]
100032b2:	46a4      	mov	ip, r4
100032b4:	2b00      	cmp	r3, #0
100032b6:	daec      	bge.n	10003292 <alarm_pool_irq_handler+0x13a>
100032b8:	f828 3039 	strh.w	r3, [r8, r9, lsl #3]
100032bc:	9b00      	ldr	r3, [sp, #0]
100032be:	f8ac 3000 	strh.w	r3, [ip]
100032c2:	88b3      	ldrh	r3, [r6, #4]
100032c4:	041c      	lsls	r4, r3, #16
100032c6:	f53f af6d 	bmi.w	100031a4 <alarm_pool_irq_handler+0x4c>
100032ca:	6933      	ldr	r3, [r6, #16]
100032cc:	f3ef 8210 	mrs	r2, PRIMASK
100032d0:	b672      	cpsid	i
100032d2:	e8d3 0fcf 	ldaexb	r0, [r3]
100032d6:	2101      	movs	r1, #1
100032d8:	2800      	cmp	r0, #0
100032da:	d1fa      	bne.n	100032d2 <alarm_pool_irq_handler+0x17a>
100032dc:	e8c3 1f40 	strexb	r0, r1, [r3]
100032e0:	2800      	cmp	r0, #0
100032e2:	d1f6      	bne.n	100032d2 <alarm_pool_irq_handler+0x17a>
100032e4:	f3bf 8f5f 	dmb	sy
100032e8:	f64f 74ff 	movw	r4, #65535	@ 0xffff
100032ec:	88b0      	ldrh	r0, [r6, #4]
100032ee:	2300      	movs	r3, #0
100032f0:	6931      	ldr	r1, [r6, #16]
100032f2:	b200      	sxth	r0, r0
100032f4:	80b4      	strh	r4, [r6, #4]
100032f6:	e8c1 3f8f 	stlb	r3, [r1]
100032fa:	f382 8810 	msr	PRIMASK, r2
100032fe:	4298      	cmp	r0, r3
10003300:	f6ff af50 	blt.w	100031a4 <alarm_pool_irq_handler+0x4c>
10003304:	4607      	mov	r7, r0
10003306:	46a9      	mov	r9, r5
10003308:	6974      	ldr	r4, [r6, #20]
1000330a:	f106 0808 	add.w	r8, r6, #8
1000330e:	eb07 0e47 	add.w	lr, r7, r7, lsl #1
10003312:	eb04 03ce 	add.w	r3, r4, lr, lsl #3
10003316:	e9d3 5002 	ldrd	r5, r0, [r3, #8]
1000331a:	f9b6 3008 	ldrsh.w	r3, [r6, #8]
1000331e:	46c4      	mov	ip, r8
10003320:	2b00      	cmp	r3, #0
10003322:	db13      	blt.n	1000334c <alarm_pool_irq_handler+0x1f4>
10003324:	46b2      	mov	sl, r6
10003326:	9700      	str	r7, [sp, #0]
10003328:	e004      	b.n	10003334 <alarm_pool_irq_handler+0x1dc>
1000332a:	f934 3036 	ldrsh.w	r3, [r4, r6, lsl #3]
1000332e:	4694      	mov	ip, r2
10003330:	2b00      	cmp	r3, #0
10003332:	db09      	blt.n	10003348 <alarm_pool_irq_handler+0x1f0>
10003334:	eb03 0643 	add.w	r6, r3, r3, lsl #1
10003338:	eb04 02c6 	add.w	r2, r4, r6, lsl #3
1000333c:	e9d2 7102 	ldrd	r7, r1, [r2, #8]
10003340:	42bd      	cmp	r5, r7
10003342:	eb70 0101 	sbcs.w	r1, r0, r1
10003346:	daf0      	bge.n	1000332a <alarm_pool_irq_handler+0x1d2>
10003348:	4656      	mov	r6, sl
1000334a:	9f00      	ldr	r7, [sp, #0]
1000334c:	f8ac 7000 	strh.w	r7, [ip]
10003350:	f934 703e 	ldrsh.w	r7, [r4, lr, lsl #3]
10003354:	f824 303e 	strh.w	r3, [r4, lr, lsl #3]
10003358:	2f00      	cmp	r7, #0
1000335a:	dad8      	bge.n	1000330e <alarm_pool_irq_handler+0x1b6>
1000335c:	79b3      	ldrb	r3, [r6, #6]
1000335e:	464d      	mov	r5, r9
10003360:	2b00      	cmp	r3, #0
10003362:	f43f af23 	beq.w	100031ac <alarm_pool_irq_handler+0x54>
10003366:	2300      	movs	r3, #0
10003368:	71b3      	strb	r3, [r6, #6]
1000336a:	f9b6 3008 	ldrsh.w	r3, [r6, #8]
1000336e:	f106 0808 	add.w	r8, r6, #8
10003372:	1c58      	adds	r0, r3, #1
10003374:	d03d      	beq.n	100033f2 <alarm_pool_irq_handler+0x29a>
10003376:	461a      	mov	r2, r3
10003378:	6977      	ldr	r7, [r6, #20]
1000337a:	e003      	b.n	10003384 <alarm_pool_irq_handler+0x22c>
1000337c:	4680      	mov	r8, r0
1000337e:	1c59      	adds	r1, r3, #1
10003380:	f43f af16 	beq.w	100031b0 <alarm_pool_irq_handler+0x58>
10003384:	eb03 0143 	add.w	r1, r3, r3, lsl #1
10003388:	eb07 00c1 	add.w	r0, r7, r1, lsl #3
1000338c:	f8b0 c002 	ldrh.w	ip, [r0, #2]
10003390:	461c      	mov	r4, r3
10003392:	f41c 4f00 	tst.w	ip, #32768	@ 0x8000
10003396:	469e      	mov	lr, r3
10003398:	f937 3031 	ldrsh.w	r3, [r7, r1, lsl #3]
1000339c:	d0ee      	beq.n	1000337c <alarm_pool_irq_handler+0x224>
1000339e:	4294      	cmp	r4, r2
100033a0:	ed80 8b02 	vstr	d8, [r0, #8]
100033a4:	d005      	beq.n	100033b2 <alarm_pool_irq_handler+0x25a>
100033a6:	f8a8 3000 	strh.w	r3, [r8]
100033aa:	8932      	ldrh	r2, [r6, #8]
100033ac:	f827 2031 	strh.w	r2, [r7, r1, lsl #3]
100033b0:	8134      	strh	r4, [r6, #8]
100033b2:	4672      	mov	r2, lr
100033b4:	e7e3      	b.n	1000337e <alarm_pool_irq_handler+0x226>
100033b6:	f838 3039 	ldrh.w	r3, [r8, r9, lsl #3]
100033ba:	8133      	strh	r3, [r6, #8]
100033bc:	6933      	ldr	r3, [r6, #16]
100033be:	f3ef 8210 	mrs	r2, PRIMASK
100033c2:	b672      	cpsid	i
100033c4:	e8d3 0fcf 	ldaexb	r0, [r3]
100033c8:	2101      	movs	r1, #1
100033ca:	2800      	cmp	r0, #0
100033cc:	d1fa      	bne.n	100033c4 <alarm_pool_irq_handler+0x26c>
100033ce:	e8c3 1f40 	strexb	r0, r1, [r3]
100033d2:	2800      	cmp	r0, #0
100033d4:	d1f6      	bne.n	100033c4 <alarm_pool_irq_handler+0x26c>
100033d6:	f3bf 8f5f 	dmb	sy
100033da:	8873      	ldrh	r3, [r6, #2]
100033dc:	6931      	ldr	r1, [r6, #16]
100033de:	f828 3039 	strh.w	r3, [r8, r9, lsl #3]
100033e2:	9b00      	ldr	r3, [sp, #0]
100033e4:	8073      	strh	r3, [r6, #2]
100033e6:	2300      	movs	r3, #0
100033e8:	e8c1 3f8f 	stlb	r3, [r1]
100033ec:	f382 8810 	msr	PRIMASK, r2
100033f0:	e6d4      	b.n	1000319c <alarm_pool_irq_handler+0x44>
100033f2:	bf40      	sev
100033f4:	b005      	add	sp, #20
100033f6:	ecbd 8b02 	vpop	{d8}
100033fa:	e8bd 8ff0 	ldmia.w	sp!, {r4, r5, r6, r7, r8, r9, sl, fp, pc}
100033fe:	4628      	mov	r0, r5
10003400:	e9cd 2302 	strd	r2, r3, [sp, #8]
10003404:	f000 fb12 	bl	10003a2c <timer_time_us_64>
10003408:	9a02      	ldr	r2, [sp, #8]
1000340a:	9b03      	ldr	r3, [sp, #12]
1000340c:	eb10 0e02 	adds.w	lr, r0, r2
10003410:	eb43 0a01 	adc.w	sl, r3, r1
10003414:	e726      	b.n	10003264 <alarm_pool_irq_handler+0x10c>
10003416:	4608      	mov	r0, r1
10003418:	690b      	ldr	r3, [r1, #16]
1000341a:	9102      	str	r1, [sp, #8]
1000341c:	4798      	blx	r3
1000341e:	2800      	cmp	r0, #0
10003420:	d0c9      	beq.n	100033b6 <alarm_pool_irq_handler+0x25e>
10003422:	9902      	ldr	r1, [sp, #8]
10003424:	e9d1 2300 	ldrd	r2, r3, [r1]
10003428:	e711      	b.n	1000324e <alarm_pool_irq_handler+0xf6>
1000342a:	bf00      	nop
1000342c:	f3af 8000 	nop.w
10003430:	ffffffff 	.word	0xffffffff
10003434:	ffffffff 	.word	0xffffffff
10003438:	400b8000 	.word	0x400b8000
1000343c:	20002f98 	.word	0x20002f98
10003440:	400b0000 	.word	0x400b0000
10003444:	10003159 	.word	0x10003159

10003448 <runtime_init_default_alarm_pool>:
10003448:	e92d 4ff8 	stmdb	sp!, {r3, r4, r5, r6, r7, r8, r9, sl, fp, lr}
1000344c:	4c36      	ldr	r4, [pc, #216]	@ (10003528 <runtime_init_default_alarm_pool+0xe0>)
1000344e:	6925      	ldr	r5, [r4, #16]
10003450:	b12d      	cbz	r5, 1000345e <runtime_init_default_alarm_pool+0x16>
10003452:	e8bd 4ff8 	ldmia.w	sp!, {r3, r4, r5, r6, r7, r8, r9, sl, fp, lr}
10003456:	210a      	movs	r1, #10
10003458:	4834      	ldr	r0, [pc, #208]	@ (1000352c <runtime_init_default_alarm_pool+0xe4>)
1000345a:	f7ff be0f 	b.w	1000307c <lock_init>
1000345e:	f8df 80e4 	ldr.w	r8, [pc, #228]	@ 10003544 <runtime_init_default_alarm_pool+0xfc>
10003462:	2103      	movs	r1, #3
10003464:	4640      	mov	r0, r8
10003466:	f000 facf 	bl	10003a08 <timer_hardware_alarm_claim>
1000346a:	2603      	movs	r6, #3
1000346c:	f8c4 800c 	str.w	r8, [r4, #12]
10003470:	f7ff fbdc 	bl	10002c2c <next_striped_spin_lock_num>
10003474:	f04f 4c50 	mov.w	ip, #3489660928	@ 0xd0000000
10003478:	4b2d      	ldr	r3, [pc, #180]	@ (10003530 <runtime_init_default_alarm_pool+0xe8>)
1000347a:	7026      	strb	r6, [r4, #0]
1000347c:	4403      	add	r3, r0
1000347e:	6123      	str	r3, [r4, #16]
10003480:	f8dc 3000 	ldr.w	r3, [ip]
10003484:	210f      	movs	r1, #15
10003486:	7063      	strb	r3, [r4, #1]
10003488:	6963      	ldr	r3, [r4, #20]
1000348a:	8061      	strh	r1, [r4, #2]
1000348c:	831d      	strh	r5, [r3, #24]
1000348e:	f04f 0504 	mov.w	r5, #4
10003492:	f8a3 5078 	strh.w	r5, [r3, #120]	@ 0x78
10003496:	f04f 0505 	mov.w	r5, #5
1000349a:	f8a3 5090 	strh.w	r5, [r3, #144]	@ 0x90
1000349e:	f04f 0506 	mov.w	r5, #6
100034a2:	f8a3 50a8 	strh.w	r5, [r3, #168]	@ 0xa8
100034a6:	f04f 0507 	mov.w	r5, #7
100034aa:	210e      	movs	r1, #14
100034ac:	f64f 72ff 	movw	r2, #65535	@ 0xffff
100034b0:	2708      	movs	r7, #8
100034b2:	f04f 0e0a 	mov.w	lr, #10
100034b6:	f8a3 50c0 	strh.w	r5, [r3, #192]	@ 0xc0
100034ba:	f04f 0901 	mov.w	r9, #1
100034be:	f04f 0c0c 	mov.w	ip, #12
100034c2:	f04f 0b02 	mov.w	fp, #2
100034c6:	f04f 0a09 	mov.w	sl, #9
100034ca:	200d      	movs	r0, #13
100034cc:	f04f 050b 	mov.w	r5, #11
100034d0:	f8a3 1168 	strh.w	r1, [r3, #360]	@ 0x168
100034d4:	4917      	ldr	r1, [pc, #92]	@ (10003534 <runtime_init_default_alarm_pool+0xec>)
100034d6:	80a2      	strh	r2, [r4, #4]
100034d8:	f8a3 e108 	strh.w	lr, [r3, #264]	@ 0x108
100034dc:	60a1      	str	r1, [r4, #8]
100034de:	f8a3 b048 	strh.w	fp, [r3, #72]	@ 0x48
100034e2:	f8a3 a0f0 	strh.w	sl, [r3, #240]	@ 0xf0
100034e6:	f8a3 5120 	strh.w	r5, [r3, #288]	@ 0x120
100034ea:	f8a3 c138 	strh.w	ip, [r3, #312]	@ 0x138
100034ee:	f8a3 0150 	strh.w	r0, [r3, #336]	@ 0x150
100034f2:	f8a3 9030 	strh.w	r9, [r3, #48]	@ 0x30
100034f6:	f8a3 6060 	strh.w	r6, [r3, #96]	@ 0x60
100034fa:	f8a3 70d8 	strh.w	r7, [r3, #216]	@ 0xd8
100034fe:	801a      	strh	r2, [r3, #0]
10003500:	4b0d      	ldr	r3, [pc, #52]	@ (10003538 <runtime_init_default_alarm_pool+0xf0>)
10003502:	4630      	mov	r0, r6
10003504:	f8c8 7020 	str.w	r7, [r8, #32]
10003508:	490c      	ldr	r1, [pc, #48]	@ (1000353c <runtime_init_default_alarm_pool+0xf4>)
1000350a:	60dc      	str	r4, [r3, #12]
1000350c:	f7ff fc20 	bl	10002d50 <irq_set_exclusive_handler>
10003510:	4649      	mov	r1, r9
10003512:	4630      	mov	r0, r6
10003514:	f7ff fbda 	bl	10002ccc <irq_set_enabled>
10003518:	4b09      	ldr	r3, [pc, #36]	@ (10003540 <runtime_init_default_alarm_pool+0xf8>)
1000351a:	210a      	movs	r1, #10
1000351c:	641f      	str	r7, [r3, #64]	@ 0x40
1000351e:	4803      	ldr	r0, [pc, #12]	@ (1000352c <runtime_init_default_alarm_pool+0xe4>)
10003520:	e8bd 4ff8 	ldmia.w	sp!, {r3, r4, r5, r6, r7, r8, r9, sl, fp, lr}
10003524:	f7ff bdaa 	b.w	1000307c <lock_init>
10003528:	20001c54 	.word	0x20001c54
1000352c:	20002fc8 	.word	0x20002fc8
10003530:	200026c4 	.word	0x200026c4
10003534:	0010ffff 	.word	0x0010ffff
10003538:	20002f98 	.word	0x20002f98
1000353c:	10003159 	.word	0x10003159
10003540:	400b2000 	.word	0x400b2000
10003544:	400b0000 	.word	0x400b0000

10003548 <alarm_pool_get_default>:
10003548:	4800      	ldr	r0, [pc, #0]	@ (1000354c <alarm_pool_get_default+0x4>)
1000354a:	4770      	bx	lr
1000354c:	20001c54 	.word	0x20001c54

10003550 <alarm_pool_add_alarm_at>:
10003550:	b5f8      	push	{r3, r4, r5, r6, r7, lr}
10003552:	f89d 5020 	ldrb.w	r5, [sp, #32]
10003556:	4604      	mov	r4, r0
10003558:	4617      	mov	r7, r2
1000355a:	461e      	mov	r6, r3
1000355c:	b935      	cbnz	r5, 1000356c <alarm_pool_add_alarm_at+0x1c>
1000355e:	f000 fa6d 	bl	10003a3c <time_us_64>
10003562:	4287      	cmp	r7, r0
10003564:	eb66 0101 	sbc.w	r1, r6, r1
10003568:	2900      	cmp	r1, #0
1000356a:	db5c      	blt.n	10003626 <alarm_pool_add_alarm_at+0xd6>
1000356c:	6921      	ldr	r1, [r4, #16]
1000356e:	f3ef 8310 	mrs	r3, PRIMASK
10003572:	b672      	cpsid	i
10003574:	e8d1 0fcf 	ldaexb	r0, [r1]
10003578:	2201      	movs	r2, #1
1000357a:	2800      	cmp	r0, #0
1000357c:	d1fa      	bne.n	10003574 <alarm_pool_add_alarm_at+0x24>
1000357e:	e8c1 2f40 	strexb	r0, r2, [r1]
10003582:	2800      	cmp	r0, #0
10003584:	d1f6      	bne.n	10003574 <alarm_pool_add_alarm_at+0x24>
10003586:	f3bf 8f5f 	dmb	sy
1000358a:	f9b4 2002 	ldrsh.w	r2, [r4, #2]
1000358e:	6965      	ldr	r5, [r4, #20]
10003590:	eb02 0142 	add.w	r1, r2, r2, lsl #1
10003594:	2a00      	cmp	r2, #0
10003596:	ea4f 0cc1 	mov.w	ip, r1, lsl #3
1000359a:	6920      	ldr	r0, [r4, #16]
1000359c:	eb05 01c1 	add.w	r1, r5, r1, lsl #3
100035a0:	db39      	blt.n	10003616 <alarm_pool_add_alarm_at+0xc6>
100035a2:	f835 e00c 	ldrh.w	lr, [r5, ip]
100035a6:	f8a4 e002 	strh.w	lr, [r4, #2]
100035aa:	f04f 0e00 	mov.w	lr, #0
100035ae:	e8c0 ef8f 	stlb	lr, [r0]
100035b2:	f383 8810 	msr	PRIMASK, r3
100035b6:	8848      	ldrh	r0, [r1, #2]
100035b8:	9b06      	ldr	r3, [sp, #24]
100035ba:	3001      	adds	r0, #1
100035bc:	f3c0 000e 	ubfx	r0, r0, #0, #15
100035c0:	2801      	cmp	r0, #1
100035c2:	bf38      	it	cc
100035c4:	2001      	movcc	r0, #1
100035c6:	610b      	str	r3, [r1, #16]
100035c8:	9b07      	ldr	r3, [sp, #28]
100035ca:	8048      	strh	r0, [r1, #2]
100035cc:	614b      	str	r3, [r1, #20]
100035ce:	e9c1 7602 	strd	r7, r6, [r1, #8]
100035d2:	ea40 4002 	orr.w	r0, r0, r2, lsl #16
100035d6:	6923      	ldr	r3, [r4, #16]
100035d8:	f3ef 8110 	mrs	r1, PRIMASK
100035dc:	b672      	cpsid	i
100035de:	e8d3 7fcf 	ldaexb	r7, [r3]
100035e2:	2601      	movs	r6, #1
100035e4:	2f00      	cmp	r7, #0
100035e6:	d1fa      	bne.n	100035de <alarm_pool_add_alarm_at+0x8e>
100035e8:	e8c3 6f47 	strexb	r7, r6, [r3]
100035ec:	2f00      	cmp	r7, #0
100035ee:	d1f6      	bne.n	100035de <alarm_pool_add_alarm_at+0x8e>
100035f0:	f3bf 8f5f 	dmb	sy
100035f4:	88a3      	ldrh	r3, [r4, #4]
100035f6:	f825 300c 	strh.w	r3, [r5, ip]
100035fa:	80a2      	strh	r2, [r4, #4]
100035fc:	6923      	ldr	r3, [r4, #16]
100035fe:	e8c3 ef8f 	stlb	lr, [r3]
10003602:	f381 8810 	msr	PRIMASK, r1
10003606:	2201      	movs	r2, #1
10003608:	68e3      	ldr	r3, [r4, #12]
1000360a:	7821      	ldrb	r1, [r4, #0]
1000360c:	f503 5301 	add.w	r3, r3, #8256	@ 0x2040
10003610:	408a      	lsls	r2, r1
10003612:	605a      	str	r2, [r3, #4]
10003614:	bdf8      	pop	{r3, r4, r5, r6, r7, pc}
10003616:	2200      	movs	r2, #0
10003618:	e8c0 2f8f 	stlb	r2, [r0]
1000361c:	f383 8810 	msr	PRIMASK, r3
10003620:	f04f 30ff 	mov.w	r0, #4294967295	@ 0xffffffff
10003624:	bdf8      	pop	{r3, r4, r5, r6, r7, pc}
10003626:	4628      	mov	r0, r5
10003628:	bdf8      	pop	{r3, r4, r5, r6, r7, pc}
1000362a:	bf00      	nop

1000362c <alarm_pool_add_alarm_at_force_in_context>:
1000362c:	4601      	mov	r1, r0
1000362e:	b5f0      	push	{r4, r5, r6, r7, lr}
10003630:	6900      	ldr	r0, [r0, #16]
10003632:	f3ef 8710 	mrs	r7, PRIMASK
10003636:	b672      	cpsid	i
10003638:	e8d0 5fcf 	ldaexb	r5, [r0]
1000363c:	2401      	movs	r4, #1
1000363e:	2d00      	cmp	r5, #0
10003640:	d1fa      	bne.n	10003638 <alarm_pool_add_alarm_at_force_in_context+0xc>
10003642:	e8c0 4f45 	strexb	r5, r4, [r0]
10003646:	2d00      	cmp	r5, #0
10003648:	d1f6      	bne.n	10003638 <alarm_pool_add_alarm_at_force_in_context+0xc>
1000364a:	f3bf 8f5f 	dmb	sy
1000364e:	f9b1 e002 	ldrsh.w	lr, [r1, #2]
10003652:	694c      	ldr	r4, [r1, #20]
10003654:	eb0e 0c4e 	add.w	ip, lr, lr, lsl #1
10003658:	f1be 0f00 	cmp.w	lr, #0
1000365c:	ea4f 05cc 	mov.w	r5, ip, lsl #3
10003660:	6908      	ldr	r0, [r1, #16]
10003662:	eb04 0ccc 	add.w	ip, r4, ip, lsl #3
10003666:	db3c      	blt.n	100036e2 <alarm_pool_add_alarm_at_force_in_context+0xb6>
10003668:	5b66      	ldrh	r6, [r4, r5]
1000366a:	804e      	strh	r6, [r1, #2]
1000366c:	2600      	movs	r6, #0
1000366e:	e8c0 6f8f 	stlb	r6, [r0]
10003672:	f387 8810 	msr	PRIMASK, r7
10003676:	f8bc 0002 	ldrh.w	r0, [ip, #2]
1000367a:	e9cc 2302 	strd	r2, r3, [ip, #8]
1000367e:	3001      	adds	r0, #1
10003680:	f3c0 000e 	ubfx	r0, r0, #0, #15
10003684:	2801      	cmp	r0, #1
10003686:	bf38      	it	cc
10003688:	2001      	movcc	r0, #1
1000368a:	9b05      	ldr	r3, [sp, #20]
1000368c:	f8ac 0002 	strh.w	r0, [ip, #2]
10003690:	f8cc 3010 	str.w	r3, [ip, #16]
10003694:	9b06      	ldr	r3, [sp, #24]
10003696:	ea40 400e 	orr.w	r0, r0, lr, lsl #16
1000369a:	f8cc 3014 	str.w	r3, [ip, #20]
1000369e:	690b      	ldr	r3, [r1, #16]
100036a0:	f3ef 8210 	mrs	r2, PRIMASK
100036a4:	b672      	cpsid	i
100036a6:	e8d3 cfcf 	ldaexb	ip, [r3]
100036aa:	2701      	movs	r7, #1
100036ac:	f1bc 0f00 	cmp.w	ip, #0
100036b0:	d1f9      	bne.n	100036a6 <alarm_pool_add_alarm_at_force_in_context+0x7a>
100036b2:	e8c3 7f4c 	strexb	ip, r7, [r3]
100036b6:	f1bc 0f00 	cmp.w	ip, #0
100036ba:	d1f4      	bne.n	100036a6 <alarm_pool_add_alarm_at_force_in_context+0x7a>
100036bc:	f3bf 8f5f 	dmb	sy
100036c0:	888b      	ldrh	r3, [r1, #4]
100036c2:	5363      	strh	r3, [r4, r5]
100036c4:	f8a1 e004 	strh.w	lr, [r1, #4]
100036c8:	690b      	ldr	r3, [r1, #16]
100036ca:	e8c3 6f8f 	stlb	r6, [r3]
100036ce:	f382 8810 	msr	PRIMASK, r2
100036d2:	2201      	movs	r2, #1
100036d4:	68cb      	ldr	r3, [r1, #12]
100036d6:	7809      	ldrb	r1, [r1, #0]
100036d8:	f503 5301 	add.w	r3, r3, #8256	@ 0x2040
100036dc:	408a      	lsls	r2, r1
100036de:	605a      	str	r2, [r3, #4]
100036e0:	bdf0      	pop	{r4, r5, r6, r7, pc}
100036e2:	2300      	movs	r3, #0
100036e4:	e8c0 3f8f 	stlb	r3, [r0]
100036e8:	f387 8810 	msr	PRIMASK, r7
100036ec:	f04f 30ff 	mov.w	r0, #4294967295	@ 0xffffffff
100036f0:	bdf0      	pop	{r4, r5, r6, r7, pc}
100036f2:	bf00      	nop

100036f4 <alarm_pool_cancel_alarm>:
100036f4:	4603      	mov	r3, r0
100036f6:	8940      	ldrh	r0, [r0, #10]
100036f8:	ebb0 4f21 	cmp.w	r0, r1, asr #16
100036fc:	dd37      	ble.n	1000376e <alarm_pool_cancel_alarm+0x7a>
100036fe:	6958      	ldr	r0, [r3, #20]
10003700:	140a      	asrs	r2, r1, #16
10003702:	eb02 0242 	add.w	r2, r2, r2, lsl #1
10003706:	b510      	push	{r4, lr}
10003708:	eb00 00c2 	add.w	r0, r0, r2, lsl #3
1000370c:	691c      	ldr	r4, [r3, #16]
1000370e:	f3ef 8c10 	mrs	ip, PRIMASK
10003712:	b672      	cpsid	i
10003714:	e8d4 efcf 	ldaexb	lr, [r4]
10003718:	2201      	movs	r2, #1
1000371a:	f1be 0f00 	cmp.w	lr, #0
1000371e:	d1f9      	bne.n	10003714 <alarm_pool_cancel_alarm+0x20>
10003720:	e8c4 2f4e 	strexb	lr, r2, [r4]
10003724:	f1be 0f00 	cmp.w	lr, #0
10003728:	d1f4      	bne.n	10003714 <alarm_pool_cancel_alarm+0x20>
1000372a:	f3bf 8f5f 	dmb	sy
1000372e:	8842      	ldrh	r2, [r0, #2]
10003730:	b289      	uxth	r1, r1
10003732:	b292      	uxth	r2, r2
10003734:	428a      	cmp	r2, r1
10003736:	d007      	beq.n	10003748 <alarm_pool_cancel_alarm+0x54>
10003738:	2200      	movs	r2, #0
1000373a:	691b      	ldr	r3, [r3, #16]
1000373c:	e8c3 2f8f 	stlb	r2, [r3]
10003740:	f38c 8810 	msr	PRIMASK, ip
10003744:	2000      	movs	r0, #0
10003746:	bd10      	pop	{r4, pc}
10003748:	f442 4200 	orr.w	r2, r2, #32768	@ 0x8000
1000374c:	8042      	strh	r2, [r0, #2]
1000374e:	2101      	movs	r1, #1
10003750:	2200      	movs	r2, #0
10003752:	6918      	ldr	r0, [r3, #16]
10003754:	7199      	strb	r1, [r3, #6]
10003756:	e8c0 2f8f 	stlb	r2, [r0]
1000375a:	f38c 8810 	msr	PRIMASK, ip
1000375e:	781c      	ldrb	r4, [r3, #0]
10003760:	68da      	ldr	r2, [r3, #12]
10003762:	4608      	mov	r0, r1
10003764:	f502 5301 	add.w	r3, r2, #8256	@ 0x2040
10003768:	40a1      	lsls	r1, r4
1000376a:	6059      	str	r1, [r3, #4]
1000376c:	bd10      	pop	{r4, pc}
1000376e:	2000      	movs	r0, #0
10003770:	4770      	bx	lr
10003772:	bf00      	nop

10003774 <alarm_pool_core_num>:
10003774:	7840      	ldrb	r0, [r0, #1]
10003776:	4770      	bx	lr

10003778 <best_effort_wfe_or_timeout>:
10003778:	e92d 43f0 	stmdb	sp!, {r4, r5, r6, r7, r8, r9, lr}
1000377c:	4606      	mov	r6, r0
1000377e:	460d      	mov	r5, r1
10003780:	b083      	sub	sp, #12
10003782:	f3ef 8405 	mrs	r4, IPSR
10003786:	b2e4      	uxtb	r4, r4
10003788:	b13c      	cbz	r4, 1000379a <best_effort_wfe_or_timeout+0x22>
1000378a:	4b2d      	ldr	r3, [pc, #180]	@ (10003840 <best_effort_wfe_or_timeout+0xc8>)
1000378c:	6a5a      	ldr	r2, [r3, #36]	@ 0x24
1000378e:	42aa      	cmp	r2, r5
10003790:	d21c      	bcs.n	100037cc <best_effort_wfe_or_timeout+0x54>
10003792:	2000      	movs	r0, #0
10003794:	b003      	add	sp, #12
10003796:	e8bd 83f0 	ldmia.w	sp!, {r4, r5, r6, r7, r8, r9, pc}
1000379a:	4f2a      	ldr	r7, [pc, #168]	@ (10003844 <best_effort_wfe_or_timeout+0xcc>)
1000379c:	f8d7 900c 	ldr.w	r9, [r7, #12]
100037a0:	f897 8000 	ldrb.w	r8, [r7]
100037a4:	4648      	mov	r0, r9
100037a6:	f000 f941 	bl	10003a2c <timer_time_us_64>
100037aa:	f108 0804 	add.w	r8, r8, #4
100037ae:	f859 3028 	ldr.w	r3, [r9, r8, lsl #2]
100037b2:	1a1b      	subs	r3, r3, r0
100037b4:	1a30      	subs	r0, r6, r0
100037b6:	eb65 0101 	sbc.w	r1, r5, r1
100037ba:	4298      	cmp	r0, r3
100037bc:	f171 0100 	sbcs.w	r1, r1, #0
100037c0:	db10      	blt.n	100037e4 <best_effort_wfe_or_timeout+0x6c>
100037c2:	bf20      	wfe
100037c4:	4b1e      	ldr	r3, [pc, #120]	@ (10003840 <best_effort_wfe_or_timeout+0xc8>)
100037c6:	6a5a      	ldr	r2, [r3, #36]	@ 0x24
100037c8:	42aa      	cmp	r2, r5
100037ca:	d3e2      	bcc.n	10003792 <best_effort_wfe_or_timeout+0x1a>
100037cc:	bf14      	ite	ne
100037ce:	2401      	movne	r4, #1
100037d0:	2400      	moveq	r4, #0
100037d2:	6a9b      	ldr	r3, [r3, #40]	@ 0x28
100037d4:	42b3      	cmp	r3, r6
100037d6:	bf34      	ite	cc
100037d8:	4620      	movcc	r0, r4
100037da:	f044 0001 	orrcs.w	r0, r4, #1
100037de:	b003      	add	sp, #12
100037e0:	e8bd 83f0 	ldmia.w	sp!, {r4, r5, r6, r7, r8, r9, pc}
100037e4:	f000 f92a 	bl	10003a3c <time_us_64>
100037e8:	4286      	cmp	r6, r0
100037ea:	eb65 0101 	sbc.w	r1, r5, r1
100037ee:	2900      	cmp	r1, #0
100037f0:	db14      	blt.n	1000381c <best_effort_wfe_or_timeout+0xa4>
100037f2:	4b15      	ldr	r3, [pc, #84]	@ (10003848 <best_effort_wfe_or_timeout+0xd0>)
100037f4:	4638      	mov	r0, r7
100037f6:	e9cd 3400 	strd	r3, r4, [sp]
100037fa:	4632      	mov	r2, r6
100037fc:	462b      	mov	r3, r5
100037fe:	f7ff ff15 	bl	1000362c <alarm_pool_add_alarm_at_force_in_context>
10003802:	1e01      	subs	r1, r0, #0
10003804:	dd0a      	ble.n	1000381c <best_effort_wfe_or_timeout+0xa4>
10003806:	4b0e      	ldr	r3, [pc, #56]	@ (10003840 <best_effort_wfe_or_timeout+0xc8>)
10003808:	6a5a      	ldr	r2, [r3, #36]	@ 0x24
1000380a:	42aa      	cmp	r2, r5
1000380c:	d316      	bcc.n	1000383c <best_effort_wfe_or_timeout+0xc4>
1000380e:	6a9b      	ldr	r3, [r3, #40]	@ 0x28
10003810:	42b3      	cmp	r3, r6
10003812:	d311      	bcc.n	10003838 <best_effort_wfe_or_timeout+0xc0>
10003814:	480b      	ldr	r0, [pc, #44]	@ (10003844 <best_effort_wfe_or_timeout+0xcc>)
10003816:	f7ff ff6d 	bl	100036f4 <alarm_pool_cancel_alarm>
1000381a:	e7b6      	b.n	1000378a <best_effort_wfe_or_timeout+0x12>
1000381c:	4b08      	ldr	r3, [pc, #32]	@ (10003840 <best_effort_wfe_or_timeout+0xc8>)
1000381e:	6a5c      	ldr	r4, [r3, #36]	@ 0x24
10003820:	42ac      	cmp	r4, r5
10003822:	d3b6      	bcc.n	10003792 <best_effort_wfe_or_timeout+0x1a>
10003824:	1b64      	subs	r4, r4, r5
10003826:	bf18      	it	ne
10003828:	2401      	movne	r4, #1
1000382a:	6a9b      	ldr	r3, [r3, #40]	@ 0x28
1000382c:	42b3      	cmp	r3, r6
1000382e:	bf34      	ite	cc
10003830:	4620      	movcc	r0, r4
10003832:	f044 0001 	orrcs.w	r0, r4, #1
10003836:	e7ad      	b.n	10003794 <best_effort_wfe_or_timeout+0x1c>
10003838:	42aa      	cmp	r2, r5
1000383a:	d1eb      	bne.n	10003814 <best_effort_wfe_or_timeout+0x9c>
1000383c:	bf20      	wfe
1000383e:	e7e9      	b.n	10003814 <best_effort_wfe_or_timeout+0x9c>
10003840:	400b0000 	.word	0x400b0000
10003844:	20001c54 	.word	0x20001c54
10003848:	1000311d 	.word	0x1000311d

1000384c <alarm_pool_add_repeating_timer_us>:
1000384c:	e92d 41f0 	stmdb	sp!, {r4, r5, r6, r7, r8, lr}
10003850:	4604      	mov	r4, r0
10003852:	e9dd 1507 	ldrd	r1, r5, [sp, #28]
10003856:	ea52 0003 	orrs.w	r0, r2, r3
1000385a:	d072      	beq.n	10003942 <alarm_pool_add_repeating_timer_us+0xf6>
1000385c:	2b00      	cmp	r3, #0
1000385e:	4616      	mov	r6, r2
10003860:	461f      	mov	r7, r3
10003862:	db73      	blt.n	1000394c <alarm_pool_add_repeating_timer_us+0x100>
10003864:	9806      	ldr	r0, [sp, #24]
10003866:	e9c5 2300 	strd	r2, r3, [r5]
1000386a:	6128      	str	r0, [r5, #16]
1000386c:	60ac      	str	r4, [r5, #8]
1000386e:	6169      	str	r1, [r5, #20]
10003870:	f000 f8e4 	bl	10003a3c <time_us_64>
10003874:	f04f 32ff 	mov.w	r2, #4294967295	@ 0xffffffff
10003878:	f06f 4300 	mvn.w	r3, #2147483648	@ 0x80000000
1000387c:	1980      	adds	r0, r0, r6
1000387e:	eb47 0701 	adc.w	r7, r7, r1
10003882:	4282      	cmp	r2, r0
10003884:	eb73 0107 	sbcs.w	r1, r3, r7
10003888:	bf3c      	itt	cc
1000388a:	461f      	movcc	r7, r3
1000388c:	4610      	movcc	r0, r2
1000388e:	6923      	ldr	r3, [r4, #16]
10003890:	f3ef 8210 	mrs	r2, PRIMASK
10003894:	b672      	cpsid	i
10003896:	e8d3 6fcf 	ldaexb	r6, [r3]
1000389a:	2101      	movs	r1, #1
1000389c:	2e00      	cmp	r6, #0
1000389e:	d1fa      	bne.n	10003896 <alarm_pool_add_repeating_timer_us+0x4a>
100038a0:	e8c3 1f46 	strexb	r6, r1, [r3]
100038a4:	2e00      	cmp	r6, #0
100038a6:	d1f6      	bne.n	10003896 <alarm_pool_add_repeating_timer_us+0x4a>
100038a8:	f3bf 8f5f 	dmb	sy
100038ac:	f9b4 1002 	ldrsh.w	r1, [r4, #2]
100038b0:	6966      	ldr	r6, [r4, #20]
100038b2:	eb01 0341 	add.w	r3, r1, r1, lsl #1
100038b6:	2900      	cmp	r1, #0
100038b8:	ea4f 0cc3 	mov.w	ip, r3, lsl #3
100038bc:	f8d4 8010 	ldr.w	r8, [r4, #16]
100038c0:	eb06 03c3 	add.w	r3, r6, r3, lsl #3
100038c4:	db46      	blt.n	10003954 <alarm_pool_add_repeating_timer_us+0x108>
100038c6:	f836 e00c 	ldrh.w	lr, [r6, ip]
100038ca:	f8a4 e002 	strh.w	lr, [r4, #2]
100038ce:	f04f 0e00 	mov.w	lr, #0
100038d2:	e8c8 ef8f 	stlb	lr, [r8]
100038d6:	f382 8810 	msr	PRIMASK, r2
100038da:	885a      	ldrh	r2, [r3, #2]
100038dc:	e9c3 0702 	strd	r0, r7, [r3, #8]
100038e0:	3201      	adds	r2, #1
100038e2:	f3c2 020e 	ubfx	r2, r2, #0, #15
100038e6:	2a01      	cmp	r2, #1
100038e8:	bf38      	it	cc
100038ea:	2201      	movcc	r2, #1
100038ec:	481e      	ldr	r0, [pc, #120]	@ (10003968 <alarm_pool_add_repeating_timer_us+0x11c>)
100038ee:	805a      	strh	r2, [r3, #2]
100038f0:	615d      	str	r5, [r3, #20]
100038f2:	6118      	str	r0, [r3, #16]
100038f4:	ea42 4201 	orr.w	r2, r2, r1, lsl #16
100038f8:	6923      	ldr	r3, [r4, #16]
100038fa:	f3ef 8010 	mrs	r0, PRIMASK
100038fe:	b672      	cpsid	i
10003900:	e8d3 8fcf 	ldaexb	r8, [r3]
10003904:	2701      	movs	r7, #1
10003906:	f1b8 0f00 	cmp.w	r8, #0
1000390a:	d1f9      	bne.n	10003900 <alarm_pool_add_repeating_timer_us+0xb4>
1000390c:	e8c3 7f48 	strexb	r8, r7, [r3]
10003910:	f1b8 0f00 	cmp.w	r8, #0
10003914:	d1f4      	bne.n	10003900 <alarm_pool_add_repeating_timer_us+0xb4>
10003916:	f3bf 8f5f 	dmb	sy
1000391a:	88a3      	ldrh	r3, [r4, #4]
1000391c:	f826 300c 	strh.w	r3, [r6, ip]
10003920:	80a1      	strh	r1, [r4, #4]
10003922:	6923      	ldr	r3, [r4, #16]
10003924:	e8c3 ef8f 	stlb	lr, [r3]
10003928:	f380 8810 	msr	PRIMASK, r0
1000392c:	2001      	movs	r0, #1
1000392e:	7821      	ldrb	r1, [r4, #0]
10003930:	68e3      	ldr	r3, [r4, #12]
10003932:	fa00 f101 	lsl.w	r1, r0, r1
10003936:	f503 5301 	add.w	r3, r3, #8256	@ 0x2040
1000393a:	6059      	str	r1, [r3, #4]
1000393c:	60ea      	str	r2, [r5, #12]
1000393e:	e8bd 81f0 	ldmia.w	sp!, {r4, r5, r6, r7, r8, pc}
10003942:	2601      	movs	r6, #1
10003944:	2700      	movs	r7, #0
10003946:	4632      	mov	r2, r6
10003948:	463b      	mov	r3, r7
1000394a:	e78b      	b.n	10003864 <alarm_pool_add_repeating_timer_us+0x18>
1000394c:	4256      	negs	r6, r2
1000394e:	eb63 0743 	sbc.w	r7, r3, r3, lsl #1
10003952:	e787      	b.n	10003864 <alarm_pool_add_repeating_timer_us+0x18>
10003954:	2000      	movs	r0, #0
10003956:	e8c8 0f8f 	stlb	r0, [r8]
1000395a:	f382 8810 	msr	PRIMASK, r2
1000395e:	f04f 32ff 	mov.w	r2, #4294967295	@ 0xffffffff
10003962:	60ea      	str	r2, [r5, #12]
10003964:	e8bd 81f0 	ldmia.w	sp!, {r4, r5, r6, r7, r8, pc}
10003968:	10003159 	.word	0x10003159

1000396c <cancel_repeating_timer>:
1000396c:	4602      	mov	r2, r0
1000396e:	68c0      	ldr	r0, [r0, #12]
10003970:	b900      	cbnz	r0, 10003974 <cancel_repeating_timer+0x8>
10003972:	4770      	bx	lr
10003974:	6891      	ldr	r1, [r2, #8]
10003976:	1403      	asrs	r3, r0, #16
10003978:	f8b1 c00a 	ldrh.w	ip, [r1, #10]
1000397c:	ebbc 4f20 	cmp.w	ip, r0, asr #16
10003980:	dd3d      	ble.n	100039fe <cancel_repeating_timer+0x92>
10003982:	b530      	push	{r4, r5, lr}
10003984:	694c      	ldr	r4, [r1, #20]
10003986:	eb03 0343 	add.w	r3, r3, r3, lsl #1
1000398a:	eb04 0cc3 	add.w	ip, r4, r3, lsl #3
1000398e:	690b      	ldr	r3, [r1, #16]
10003990:	f3ef 8e10 	mrs	lr, PRIMASK
10003994:	b672      	cpsid	i
10003996:	e8d3 5fcf 	ldaexb	r5, [r3]
1000399a:	2401      	movs	r4, #1
1000399c:	2d00      	cmp	r5, #0
1000399e:	d1fa      	bne.n	10003996 <cancel_repeating_timer+0x2a>
100039a0:	e8c3 4f45 	strexb	r5, r4, [r3]
100039a4:	2d00      	cmp	r5, #0
100039a6:	d1f6      	bne.n	10003996 <cancel_repeating_timer+0x2a>
100039a8:	f3bf 8f5f 	dmb	sy
100039ac:	b283      	uxth	r3, r0
100039ae:	f8bc 0002 	ldrh.w	r0, [ip, #2]
100039b2:	b280      	uxth	r0, r0
100039b4:	4283      	cmp	r3, r0
100039b6:	d009      	beq.n	100039cc <cancel_repeating_timer+0x60>
100039b8:	2300      	movs	r3, #0
100039ba:	6909      	ldr	r1, [r1, #16]
100039bc:	e8c1 3f8f 	stlb	r3, [r1]
100039c0:	f38e 8810 	msr	PRIMASK, lr
100039c4:	2300      	movs	r3, #0
100039c6:	2000      	movs	r0, #0
100039c8:	60d3      	str	r3, [r2, #12]
100039ca:	bd30      	pop	{r4, r5, pc}
100039cc:	f443 4300 	orr.w	r3, r3, #32768	@ 0x8000
100039d0:	f8ac 3002 	strh.w	r3, [ip, #2]
100039d4:	f04f 0c01 	mov.w	ip, #1
100039d8:	2300      	movs	r3, #0
100039da:	6908      	ldr	r0, [r1, #16]
100039dc:	f881 c006 	strb.w	ip, [r1, #6]
100039e0:	e8c0 3f8f 	stlb	r3, [r0]
100039e4:	f38e 8810 	msr	PRIMASK, lr
100039e8:	68cb      	ldr	r3, [r1, #12]
100039ea:	7809      	ldrb	r1, [r1, #0]
100039ec:	f503 5301 	add.w	r3, r3, #8256	@ 0x2040
100039f0:	fa0c f101 	lsl.w	r1, ip, r1
100039f4:	6059      	str	r1, [r3, #4]
100039f6:	2300      	movs	r3, #0
100039f8:	4660      	mov	r0, ip
100039fa:	60d3      	str	r3, [r2, #12]
100039fc:	bd30      	pop	{r4, r5, pc}
100039fe:	2300      	movs	r3, #0
10003a00:	2000      	movs	r0, #0
10003a02:	60d3      	str	r3, [r2, #12]
10003a04:	4770      	bx	lr
10003a06:	bf00      	nop

10003a08 <timer_hardware_alarm_claim>:
10003a08:	b410      	push	{r4}
10003a0a:	4b05      	ldr	r3, [pc, #20]	@ (10003a20 <timer_hardware_alarm_claim+0x18>)
10003a0c:	4c05      	ldr	r4, [pc, #20]	@ (10003a24 <timer_hardware_alarm_claim+0x1c>)
10003a0e:	4a06      	ldr	r2, [pc, #24]	@ (10003a28 <timer_hardware_alarm_claim+0x20>)
10003a10:	42a0      	cmp	r0, r4
10003a12:	bf14      	ite	ne
10003a14:	4618      	movne	r0, r3
10003a16:	1c58      	addeq	r0, r3, #1
10003a18:	f85d 4b04 	ldr.w	r4, [sp], #4
10003a1c:	f7ff b89a 	b.w	10002b54 <hw_claim_or_assert>
10003a20:	20002af4 	.word	0x20002af4
10003a24:	400b8000 	.word	0x400b8000
10003a28:	10007e0c 	.word	0x10007e0c

10003a2c <timer_time_us_64>:
10003a2c:	4603      	mov	r3, r0
10003a2e:	6a41      	ldr	r1, [r0, #36]	@ 0x24
10003a30:	460a      	mov	r2, r1
10003a32:	6a98      	ldr	r0, [r3, #40]	@ 0x28
10003a34:	6a59      	ldr	r1, [r3, #36]	@ 0x24
10003a36:	428a      	cmp	r2, r1
10003a38:	d1fa      	bne.n	10003a30 <timer_time_us_64+0x4>
10003a3a:	4770      	bx	lr

10003a3c <time_us_64>:
10003a3c:	4b03      	ldr	r3, [pc, #12]	@ (10003a4c <time_us_64+0x10>)
10003a3e:	6a59      	ldr	r1, [r3, #36]	@ 0x24
10003a40:	460a      	mov	r2, r1
10003a42:	6a98      	ldr	r0, [r3, #40]	@ 0x28
10003a44:	6a59      	ldr	r1, [r3, #36]	@ 0x24
10003a46:	4291      	cmp	r1, r2
10003a48:	d1fa      	bne.n	10003a40 <time_us_64+0x4>
10003a4a:	4770      	bx	lr
10003a4c:	400b0000 	.word	0x400b0000

10003a50 <clock_configure_undivided>:
10003a50:	eb00 0c40 	add.w	ip, r0, r0, lsl #1
10003a54:	ea4f 0c8c 	mov.w	ip, ip, lsl #2
10003a58:	f10c 4c80 	add.w	ip, ip, #1073741824	@ 0x40000000
10003a5c:	f50c 3c80 	add.w	ip, ip, #65536	@ 0x10000
10003a60:	b5f0      	push	{r4, r5, r6, r7, lr}
10003a62:	4616      	mov	r6, r2
10003a64:	f8dc 2004 	ldr.w	r2, [ip, #4]
10003a68:	1f05      	subs	r5, r0, #4
10003a6a:	f5b2 3f80 	cmp.w	r2, #65536	@ 0x10000
10003a6e:	bf38      	it	cc
10003a70:	f44f 3280 	movcc.w	r2, #65536	@ 0x10000
10003a74:	b2ed      	uxtb	r5, r5
10003a76:	bf38      	it	cc
10003a78:	f8cc 2004 	strcc.w	r2, [ip, #4]
10003a7c:	2d01      	cmp	r5, #1
10003a7e:	d92a      	bls.n	10003ad6 <clock_configure_undivided+0x86>
10003a80:	f44f 6700 	mov.w	r7, #2048	@ 0x800
10003a84:	4c25      	ldr	r4, [pc, #148]	@ (10003b1c <clock_configure_undivided+0xcc>)
10003a86:	f50c 5240 	add.w	r2, ip, #12288	@ 0x3000
10003a8a:	6017      	str	r7, [r2, #0]
10003a8c:	f854 2020 	ldr.w	r2, [r4, r0, lsl #2]
10003a90:	b9b2      	cbnz	r2, 10003ac0 <clock_configure_undivided+0x70>
10003a92:	f8dc 2000 	ldr.w	r2, [ip]
10003a96:	2d01      	cmp	r5, #1
10003a98:	ea82 1246 	eor.w	r2, r2, r6, lsl #5
10003a9c:	f002 02e0 	and.w	r2, r2, #224	@ 0xe0
10003aa0:	f50c 5680 	add.w	r6, ip, #4096	@ 0x1000
10003aa4:	6032      	str	r2, [r6, #0]
10003aa6:	d92a      	bls.n	10003afe <clock_configure_undivided+0xae>
10003aa8:	f44f 6100 	mov.w	r1, #2048	@ 0x800
10003aac:	f844 3020 	str.w	r3, [r4, r0, lsl #2]
10003ab0:	f44f 3380 	mov.w	r3, #65536	@ 0x10000
10003ab4:	f50c 5200 	add.w	r2, ip, #8192	@ 0x2000
10003ab8:	6011      	str	r1, [r2, #0]
10003aba:	f8cc 3004 	str.w	r3, [ip, #4]
10003abe:	bdf0      	pop	{r4, r5, r6, r7, pc}
10003ac0:	6967      	ldr	r7, [r4, #20]
10003ac2:	fbb7 fef2 	udiv	lr, r7, r2
10003ac6:	f10e 0e01 	add.w	lr, lr, #1
10003aca:	eb0e 0e4e 	add.w	lr, lr, lr, lsl #1
10003ace:	f1be 0e03 	subs.w	lr, lr, #3
10003ad2:	d2fc      	bcs.n	10003ace <clock_configure_undivided+0x7e>
10003ad4:	e7dd      	b.n	10003a92 <clock_configure_undivided+0x42>
10003ad6:	2901      	cmp	r1, #1
10003ad8:	d1d2      	bne.n	10003a80 <clock_configure_undivided+0x30>
10003ada:	2403      	movs	r4, #3
10003adc:	f50c 5240 	add.w	r2, ip, #12288	@ 0x3000
10003ae0:	6014      	str	r4, [r2, #0]
10003ae2:	f8dc 2008 	ldr.w	r2, [ip, #8]
10003ae6:	07d2      	lsls	r2, r2, #31
10003ae8:	d5fb      	bpl.n	10003ae2 <clock_configure_undivided+0x92>
10003aea:	f8dc 2000 	ldr.w	r2, [ip]
10003aee:	4c0b      	ldr	r4, [pc, #44]	@ (10003b1c <clock_configure_undivided+0xcc>)
10003af0:	ea82 1246 	eor.w	r2, r2, r6, lsl #5
10003af4:	f002 02e0 	and.w	r2, r2, #224	@ 0xe0
10003af8:	f50c 5680 	add.w	r6, ip, #4096	@ 0x1000
10003afc:	6032      	str	r2, [r6, #0]
10003afe:	2201      	movs	r2, #1
10003b00:	f8dc 5000 	ldr.w	r5, [ip]
10003b04:	404d      	eors	r5, r1
10003b06:	f005 0503 	and.w	r5, r5, #3
10003b0a:	6035      	str	r5, [r6, #0]
10003b0c:	fa02 f101 	lsl.w	r1, r2, r1
10003b10:	f8dc 2008 	ldr.w	r2, [ip, #8]
10003b14:	420a      	tst	r2, r1
10003b16:	d0fb      	beq.n	10003b10 <clock_configure_undivided+0xc0>
10003b18:	e7c6      	b.n	10003aa8 <clock_configure_undivided+0x58>
10003b1a:	bf00      	nop
10003b1c:	20002afc 	.word	0x20002afc

10003b20 <clock_get_hz>:
10003b20:	4b01      	ldr	r3, [pc, #4]	@ (10003b28 <clock_get_hz+0x8>)
10003b22:	f853 0020 	ldr.w	r0, [r3, r0, lsl #2]
10003b26:	4770      	bx	lr
10003b28:	20002afc 	.word	0x20002afc

10003b2c <set_sys_clock_pll>:
10003b2c:	4b58      	ldr	r3, [pc, #352]	@ (10003c90 <set_sys_clock_pll+0x164>)
10003b2e:	e92d 43f0 	stmdb	sp!, {r4, r5, r6, r7, r8, r9, lr}
10003b32:	6c1c      	ldr	r4, [r3, #64]	@ 0x40
10003b34:	4617      	mov	r7, r2
10003b36:	f5b4 3f80 	cmp.w	r4, #65536	@ 0x10000
10003b3a:	bf38      	it	cc
10003b3c:	f44f 3280 	movcc.w	r2, #65536	@ 0x10000
10003b40:	b083      	sub	sp, #12
10003b42:	bf38      	it	cc
10003b44:	641a      	strcc	r2, [r3, #64]	@ 0x40
10003b46:	2203      	movs	r2, #3
10003b48:	4680      	mov	r8, r0
10003b4a:	460e      	mov	r6, r1
10003b4c:	4b51      	ldr	r3, [pc, #324]	@ (10003c94 <set_sys_clock_pll+0x168>)
10003b4e:	4d50      	ldr	r5, [pc, #320]	@ (10003c90 <set_sys_clock_pll+0x164>)
10003b50:	63da      	str	r2, [r3, #60]	@ 0x3c
10003b52:	6c6c      	ldr	r4, [r5, #68]	@ 0x44
10003b54:	07e3      	lsls	r3, r4, #31
10003b56:	d5fc      	bpl.n	10003b52 <set_sys_clock_pll+0x26>
10003b58:	6beb      	ldr	r3, [r5, #60]	@ 0x3c
10003b5a:	4a4f      	ldr	r2, [pc, #316]	@ (10003c98 <set_sys_clock_pll+0x16c>)
10003b5c:	f083 0320 	eor.w	r3, r3, #32
10003b60:	f003 03e0 	and.w	r3, r3, #224	@ 0xe0
10003b64:	63d3      	str	r3, [r2, #60]	@ 0x3c
10003b66:	6beb      	ldr	r3, [r5, #60]	@ 0x3c
10003b68:	4d49      	ldr	r5, [pc, #292]	@ (10003c90 <set_sys_clock_pll+0x164>)
10003b6a:	f083 0301 	eor.w	r3, r3, #1
10003b6e:	f003 0303 	and.w	r3, r3, #3
10003b72:	63d3      	str	r3, [r2, #60]	@ 0x3c
10003b74:	6c6c      	ldr	r4, [r5, #68]	@ 0x44
10003b76:	07a4      	lsls	r4, r4, #30
10003b78:	d5fc      	bpl.n	10003b74 <set_sys_clock_pll+0x48>
10003b7a:	f44f 6200 	mov.w	r2, #2048	@ 0x800
10003b7e:	f44f 3980 	mov.w	r9, #65536	@ 0x10000
10003b82:	4b46      	ldr	r3, [pc, #280]	@ (10003c9c <set_sys_clock_pll+0x170>)
10003b84:	4c46      	ldr	r4, [pc, #280]	@ (10003ca0 <set_sys_clock_pll+0x174>)
10003b86:	63da      	str	r2, [r3, #60]	@ 0x3c
10003b88:	4b46      	ldr	r3, [pc, #280]	@ (10003ca4 <set_sys_clock_pll+0x178>)
10003b8a:	4642      	mov	r2, r8
10003b8c:	6163      	str	r3, [r4, #20]
10003b8e:	2101      	movs	r1, #1
10003b90:	4633      	mov	r3, r6
10003b92:	f8c5 9040 	str.w	r9, [r5, #64]	@ 0x40
10003b96:	4844      	ldr	r0, [pc, #272]	@ (10003ca8 <set_sys_clock_pll+0x17c>)
10003b98:	9700      	str	r7, [sp, #0]
10003b9a:	f000 f957 	bl	10003e4c <pll_init>
10003b9e:	f44f 6100 	mov.w	r1, #2048	@ 0x800
10003ba2:	6b6b      	ldr	r3, [r5, #52]	@ 0x34
10003ba4:	fb07 f606 	mul.w	r6, r7, r6
10003ba8:	454b      	cmp	r3, r9
10003baa:	bf38      	it	cc
10003bac:	f8c5 9034 	strcc.w	r9, [r5, #52]	@ 0x34
10003bb0:	4b38      	ldr	r3, [pc, #224]	@ (10003c94 <set_sys_clock_pll+0x168>)
10003bb2:	6922      	ldr	r2, [r4, #16]
10003bb4:	fbb8 f6f6 	udiv	r6, r8, r6
10003bb8:	6319      	str	r1, [r3, #48]	@ 0x30
10003bba:	b13a      	cbz	r2, 10003bcc <set_sys_clock_pll+0xa0>
10003bbc:	6963      	ldr	r3, [r4, #20]
10003bbe:	fbb3 f3f2 	udiv	r3, r3, r2
10003bc2:	3301      	adds	r3, #1
10003bc4:	eb03 0343 	add.w	r3, r3, r3, lsl #1
10003bc8:	3b03      	subs	r3, #3
10003bca:	d2fd      	bcs.n	10003bc8 <set_sys_clock_pll+0x9c>
10003bcc:	4930      	ldr	r1, [pc, #192]	@ (10003c90 <set_sys_clock_pll+0x164>)
10003bce:	4a32      	ldr	r2, [pc, #200]	@ (10003c98 <set_sys_clock_pll+0x16c>)
10003bd0:	6b0b      	ldr	r3, [r1, #48]	@ 0x30
10003bd2:	f003 03e0 	and.w	r3, r3, #224	@ 0xe0
10003bd6:	6313      	str	r3, [r2, #48]	@ 0x30
10003bd8:	6b0b      	ldr	r3, [r1, #48]	@ 0x30
10003bda:	f083 0302 	eor.w	r3, r3, #2
10003bde:	f003 0303 	and.w	r3, r3, #3
10003be2:	6313      	str	r3, [r2, #48]	@ 0x30
10003be4:	6b8b      	ldr	r3, [r1, #56]	@ 0x38
10003be6:	0758      	lsls	r0, r3, #29
10003be8:	d5fc      	bpl.n	10003be4 <set_sys_clock_pll+0xb8>
10003bea:	f44f 6500 	mov.w	r5, #2048	@ 0x800
10003bee:	f44f 3380 	mov.w	r3, #65536	@ 0x10000
10003bf2:	4a2a      	ldr	r2, [pc, #168]	@ (10003c9c <set_sys_clock_pll+0x170>)
10003bf4:	6315      	str	r5, [r2, #48]	@ 0x30
10003bf6:	4a2d      	ldr	r2, [pc, #180]	@ (10003cac <set_sys_clock_pll+0x180>)
10003bf8:	634b      	str	r3, [r1, #52]	@ 0x34
10003bfa:	6122      	str	r2, [r4, #16]
10003bfc:	6c0a      	ldr	r2, [r1, #64]	@ 0x40
10003bfe:	429a      	cmp	r2, r3
10003c00:	f04f 0203 	mov.w	r2, #3
10003c04:	bf38      	it	cc
10003c06:	640b      	strcc	r3, [r1, #64]	@ 0x40
10003c08:	4b22      	ldr	r3, [pc, #136]	@ (10003c94 <set_sys_clock_pll+0x168>)
10003c0a:	4921      	ldr	r1, [pc, #132]	@ (10003c90 <set_sys_clock_pll+0x164>)
10003c0c:	63da      	str	r2, [r3, #60]	@ 0x3c
10003c0e:	6c4b      	ldr	r3, [r1, #68]	@ 0x44
10003c10:	07da      	lsls	r2, r3, #31
10003c12:	d5fc      	bpl.n	10003c0e <set_sys_clock_pll+0xe2>
10003c14:	6bcb      	ldr	r3, [r1, #60]	@ 0x3c
10003c16:	4a20      	ldr	r2, [pc, #128]	@ (10003c98 <set_sys_clock_pll+0x16c>)
10003c18:	f003 03e0 	and.w	r3, r3, #224	@ 0xe0
10003c1c:	63d3      	str	r3, [r2, #60]	@ 0x3c
10003c1e:	6bcb      	ldr	r3, [r1, #60]	@ 0x3c
10003c20:	491b      	ldr	r1, [pc, #108]	@ (10003c90 <set_sys_clock_pll+0x164>)
10003c22:	f083 0301 	eor.w	r3, r3, #1
10003c26:	f003 0303 	and.w	r3, r3, #3
10003c2a:	63d3      	str	r3, [r2, #60]	@ 0x3c
10003c2c:	6c4b      	ldr	r3, [r1, #68]	@ 0x44
10003c2e:	079b      	lsls	r3, r3, #30
10003c30:	d5fc      	bpl.n	10003c2c <set_sys_clock_pll+0x100>
10003c32:	f44f 3380 	mov.w	r3, #65536	@ 0x10000
10003c36:	f44f 6500 	mov.w	r5, #2048	@ 0x800
10003c3a:	4a18      	ldr	r2, [pc, #96]	@ (10003c9c <set_sys_clock_pll+0x170>)
10003c3c:	6166      	str	r6, [r4, #20]
10003c3e:	63d5      	str	r5, [r2, #60]	@ 0x3c
10003c40:	640b      	str	r3, [r1, #64]	@ 0x40
10003c42:	6cca      	ldr	r2, [r1, #76]	@ 0x4c
10003c44:	429a      	cmp	r2, r3
10003c46:	bf38      	it	cc
10003c48:	64cb      	strcc	r3, [r1, #76]	@ 0x4c
10003c4a:	f44f 6100 	mov.w	r1, #2048	@ 0x800
10003c4e:	4b11      	ldr	r3, [pc, #68]	@ (10003c94 <set_sys_clock_pll+0x168>)
10003c50:	69a2      	ldr	r2, [r4, #24]
10003c52:	6499      	str	r1, [r3, #72]	@ 0x48
10003c54:	b13a      	cbz	r2, 10003c66 <set_sys_clock_pll+0x13a>
10003c56:	6963      	ldr	r3, [r4, #20]
10003c58:	fbb3 f3f2 	udiv	r3, r3, r2
10003c5c:	3301      	adds	r3, #1
10003c5e:	eb03 0343 	add.w	r3, r3, r3, lsl #1
10003c62:	3b03      	subs	r3, #3
10003c64:	d2fd      	bcs.n	10003c62 <set_sys_clock_pll+0x136>
10003c66:	f44f 6000 	mov.w	r0, #2048	@ 0x800
10003c6a:	f44f 3180 	mov.w	r1, #65536	@ 0x10000
10003c6e:	4a08      	ldr	r2, [pc, #32]	@ (10003c90 <set_sys_clock_pll+0x164>)
10003c70:	4d09      	ldr	r5, [pc, #36]	@ (10003c98 <set_sys_clock_pll+0x16c>)
10003c72:	6c93      	ldr	r3, [r2, #72]	@ 0x48
10003c74:	f083 0340 	eor.w	r3, r3, #64	@ 0x40
10003c78:	f003 03e0 	and.w	r3, r3, #224	@ 0xe0
10003c7c:	64ab      	str	r3, [r5, #72]	@ 0x48
10003c7e:	4b07      	ldr	r3, [pc, #28]	@ (10003c9c <set_sys_clock_pll+0x170>)
10003c80:	4d08      	ldr	r5, [pc, #32]	@ (10003ca4 <set_sys_clock_pll+0x178>)
10003c82:	61a5      	str	r5, [r4, #24]
10003c84:	6498      	str	r0, [r3, #72]	@ 0x48
10003c86:	64d1      	str	r1, [r2, #76]	@ 0x4c
10003c88:	b003      	add	sp, #12
10003c8a:	e8bd 83f0 	ldmia.w	sp!, {r4, r5, r6, r7, r8, r9, pc}
10003c8e:	bf00      	nop
10003c90:	40010000 	.word	0x40010000
10003c94:	40013000 	.word	0x40013000
10003c98:	40011000 	.word	0x40011000
10003c9c:	40012000 	.word	0x40012000
10003ca0:	20002afc 	.word	0x20002afc
10003ca4:	02dc6c00 	.word	0x02dc6c00
10003ca8:	40050000 	.word	0x40050000
10003cac:	00b71b00 	.word	0x00b71b00

10003cb0 <check_sys_clock_khz>:
10003cb0:	e92d 4ff0 	stmdb	sp!, {r4, r5, r6, r7, r8, r9, sl, fp, lr}
10003cb4:	f44f 78a0 	mov.w	r8, #320	@ 0x140
10003cb8:	4699      	mov	r9, r3
10003cba:	b085      	sub	sp, #20
10003cbc:	e9cd 1202 	strd	r1, r2, [sp, #8]
10003cc0:	4c5f      	ldr	r4, [pc, #380]	@ (10003e40 <check_sys_clock_khz+0x190>)
10003cc2:	f8df a184 	ldr.w	sl, [pc, #388]	@ 10003e48 <check_sys_clock_khz+0x198>
10003cc6:	4554      	cmp	r4, sl
10003cc8:	d90a      	bls.n	10003ce0 <check_sys_clock_khz+0x30>
10003cca:	f108 38ff 	add.w	r8, r8, #4294967295	@ 0xffffffff
10003cce:	f5a4 543b 	sub.w	r4, r4, #11968	@ 0x2ec0
10003cd2:	f1b8 0f0f 	cmp.w	r8, #15
10003cd6:	f1a4 0420 	sub.w	r4, r4, #32
10003cda:	d1f4      	bne.n	10003cc6 <check_sys_clock_khz+0x16>
10003cdc:	2000      	movs	r0, #0
10003cde:	e069      	b.n	10003db4 <check_sys_clock_khz+0x104>
10003ce0:	2307      	movs	r3, #7
10003ce2:	f504 2237 	add.w	r2, r4, #749568	@ 0xb7000
10003ce6:	9401      	str	r4, [sp, #4]
10003ce8:	fb03 f403 	mul.w	r4, r3, r3
10003cec:	f502 72d8 	add.w	r2, r2, #432	@ 0x1b0
10003cf0:	fbb2 fef4 	udiv	lr, r2, r4
10003cf4:	4570      	cmp	r0, lr
10003cf6:	f04f 0c01 	mov.w	ip, #1
10003cfa:	f04f 0702 	mov.w	r7, #2
10003cfe:	f04f 0603 	mov.w	r6, #3
10003d02:	f04f 0504 	mov.w	r5, #4
10003d06:	f04f 0105 	mov.w	r1, #5
10003d0a:	d03f      	beq.n	10003d8c <check_sys_clock_khz+0xdc>
10003d0c:	f1b3 0e01 	subs.w	lr, r3, #1
10003d10:	f000 8094 	beq.w	10003e3c <check_sys_clock_khz+0x18c>
10003d14:	fb0e f403 	mul.w	r4, lr, r3
10003d18:	fbb2 fbf4 	udiv	fp, r2, r4
10003d1c:	4558      	cmp	r0, fp
10003d1e:	d04c      	beq.n	10003dba <check_sys_clock_khz+0x10a>
10003d20:	b319      	cbz	r1, 10003d6a <check_sys_clock_khz+0xba>
10003d22:	fb01 f403 	mul.w	r4, r1, r3
10003d26:	fbb2 fbf4 	udiv	fp, r2, r4
10003d2a:	4558      	cmp	r0, fp
10003d2c:	d04f      	beq.n	10003dce <check_sys_clock_khz+0x11e>
10003d2e:	b1e5      	cbz	r5, 10003d6a <check_sys_clock_khz+0xba>
10003d30:	fb05 f403 	mul.w	r4, r5, r3
10003d34:	fbb2 fbf4 	udiv	fp, r2, r4
10003d38:	4558      	cmp	r0, fp
10003d3a:	d053      	beq.n	10003de4 <check_sys_clock_khz+0x134>
10003d3c:	b1ae      	cbz	r6, 10003d6a <check_sys_clock_khz+0xba>
10003d3e:	fb06 f403 	mul.w	r4, r6, r3
10003d42:	fbb2 fbf4 	udiv	fp, r2, r4
10003d46:	4558      	cmp	r0, fp
10003d48:	d057      	beq.n	10003dfa <check_sys_clock_khz+0x14a>
10003d4a:	b177      	cbz	r7, 10003d6a <check_sys_clock_khz+0xba>
10003d4c:	fb07 f403 	mul.w	r4, r7, r3
10003d50:	fbb2 fbf4 	udiv	fp, r2, r4
10003d54:	4558      	cmp	r0, fp
10003d56:	d05b      	beq.n	10003e10 <check_sys_clock_khz+0x160>
10003d58:	f1bc 0f00 	cmp.w	ip, #0
10003d5c:	d005      	beq.n	10003d6a <check_sys_clock_khz+0xba>
10003d5e:	fb0c f403 	mul.w	r4, ip, r3
10003d62:	fbb2 fbf4 	udiv	fp, r2, r4
10003d66:	4583      	cmp	fp, r0
10003d68:	d05d      	beq.n	10003e26 <check_sys_clock_khz+0x176>
10003d6a:	4673      	mov	r3, lr
10003d6c:	fb03 f403 	mul.w	r4, r3, r3
10003d70:	fbb2 fef4 	udiv	lr, r2, r4
10003d74:	4570      	cmp	r0, lr
10003d76:	f101 31ff 	add.w	r1, r1, #4294967295	@ 0xffffffff
10003d7a:	f105 35ff 	add.w	r5, r5, #4294967295	@ 0xffffffff
10003d7e:	f106 36ff 	add.w	r6, r6, #4294967295	@ 0xffffffff
10003d82:	f107 37ff 	add.w	r7, r7, #4294967295	@ 0xffffffff
10003d86:	f10c 3cff 	add.w	ip, ip, #4294967295	@ 0xffffffff
10003d8a:	d1bf      	bne.n	10003d0c <check_sys_clock_khz+0x5c>
10003d8c:	fb04 2410 	mls	r4, r4, r0, r2
10003d90:	2c00      	cmp	r4, #0
10003d92:	d1bb      	bne.n	10003d0c <check_sys_clock_khz+0x5c>
10003d94:	469e      	mov	lr, r3
10003d96:	464a      	mov	r2, r9
10003d98:	f8dd b008 	ldr.w	fp, [sp, #8]
10003d9c:	f8dd 900c 	ldr.w	r9, [sp, #12]
10003da0:	2001      	movs	r0, #1
10003da2:	4928      	ldr	r1, [pc, #160]	@ (10003e44 <check_sys_clock_khz+0x194>)
10003da4:	fb01 f108 	mul.w	r1, r1, r8
10003da8:	f8cb 1000 	str.w	r1, [fp]
10003dac:	f8c9 3000 	str.w	r3, [r9]
10003db0:	f8c2 e000 	str.w	lr, [r2]
10003db4:	b005      	add	sp, #20
10003db6:	e8bd 8ff0 	ldmia.w	sp!, {r4, r5, r6, r7, r8, r9, sl, fp, pc}
10003dba:	fb04 2410 	mls	r4, r4, r0, r2
10003dbe:	2c00      	cmp	r4, #0
10003dc0:	d1ae      	bne.n	10003d20 <check_sys_clock_khz+0x70>
10003dc2:	464a      	mov	r2, r9
10003dc4:	f8dd b008 	ldr.w	fp, [sp, #8]
10003dc8:	f8dd 900c 	ldr.w	r9, [sp, #12]
10003dcc:	e7e8      	b.n	10003da0 <check_sys_clock_khz+0xf0>
10003dce:	fb04 2410 	mls	r4, r4, r0, r2
10003dd2:	2c00      	cmp	r4, #0
10003dd4:	d1ab      	bne.n	10003d2e <check_sys_clock_khz+0x7e>
10003dd6:	464a      	mov	r2, r9
10003dd8:	468e      	mov	lr, r1
10003dda:	f8dd b008 	ldr.w	fp, [sp, #8]
10003dde:	f8dd 900c 	ldr.w	r9, [sp, #12]
10003de2:	e7dd      	b.n	10003da0 <check_sys_clock_khz+0xf0>
10003de4:	fb04 2410 	mls	r4, r4, r0, r2
10003de8:	2c00      	cmp	r4, #0
10003dea:	d1a7      	bne.n	10003d3c <check_sys_clock_khz+0x8c>
10003dec:	464a      	mov	r2, r9
10003dee:	46ae      	mov	lr, r5
10003df0:	f8dd b008 	ldr.w	fp, [sp, #8]
10003df4:	f8dd 900c 	ldr.w	r9, [sp, #12]
10003df8:	e7d2      	b.n	10003da0 <check_sys_clock_khz+0xf0>
10003dfa:	fb04 2410 	mls	r4, r4, r0, r2
10003dfe:	2c00      	cmp	r4, #0
10003e00:	d1a3      	bne.n	10003d4a <check_sys_clock_khz+0x9a>
10003e02:	464a      	mov	r2, r9
10003e04:	46b6      	mov	lr, r6
10003e06:	f8dd b008 	ldr.w	fp, [sp, #8]
10003e0a:	f8dd 900c 	ldr.w	r9, [sp, #12]
10003e0e:	e7c7      	b.n	10003da0 <check_sys_clock_khz+0xf0>
10003e10:	fb04 2410 	mls	r4, r4, r0, r2
10003e14:	2c00      	cmp	r4, #0
10003e16:	d19f      	bne.n	10003d58 <check_sys_clock_khz+0xa8>
10003e18:	464a      	mov	r2, r9
10003e1a:	46be      	mov	lr, r7
10003e1c:	f8dd b008 	ldr.w	fp, [sp, #8]
10003e20:	f8dd 900c 	ldr.w	r9, [sp, #12]
10003e24:	e7bc      	b.n	10003da0 <check_sys_clock_khz+0xf0>
10003e26:	fb04 2410 	mls	r4, r4, r0, r2
10003e2a:	2c00      	cmp	r4, #0
10003e2c:	d19d      	bne.n	10003d6a <check_sys_clock_khz+0xba>
10003e2e:	464a      	mov	r2, r9
10003e30:	46e6      	mov	lr, ip
10003e32:	f8dd b008 	ldr.w	fp, [sp, #8]
10003e36:	f8dd 900c 	ldr.w	r9, [sp, #12]
10003e3a:	e7b1      	b.n	10003da0 <check_sys_clock_khz+0xf0>
10003e3c:	9c01      	ldr	r4, [sp, #4]
10003e3e:	e744      	b.n	10003cca <check_sys_clock_khz+0x1a>
10003e40:	002f2650 	.word	0x002f2650
10003e44:	00b71b00 	.word	0x00b71b00
10003e48:	000cf850 	.word	0x000cf850

10003e4c <pll_init>:
10003e4c:	b470      	push	{r4, r5, r6}
10003e4e:	9d03      	ldr	r5, [sp, #12]
10003e50:	6804      	ldr	r4, [r0, #0]
10003e52:	032d      	lsls	r5, r5, #12
10003e54:	ea45 4503 	orr.w	r5, r5, r3, lsl #16
10003e58:	4b1b      	ldr	r3, [pc, #108]	@ (10003ec8 <pll_init+0x7c>)
10003e5a:	2c00      	cmp	r4, #0
10003e5c:	fbb3 f3f1 	udiv	r3, r3, r1
10003e60:	fbb2 f6f3 	udiv	r6, r2, r3
10003e64:	db1f      	blt.n	10003ea6 <pll_init+0x5a>
10003e66:	4a19      	ldr	r2, [pc, #100]	@ (10003ecc <pll_init+0x80>)
10003e68:	4b19      	ldr	r3, [pc, #100]	@ (10003ed0 <pll_init+0x84>)
10003e6a:	4290      	cmp	r0, r2
10003e6c:	bf14      	ite	ne
10003e6e:	f44f 4280 	movne.w	r2, #16384	@ 0x4000
10003e72:	f44f 4200 	moveq.w	r2, #32768	@ 0x8000
10003e76:	4c17      	ldr	r4, [pc, #92]	@ (10003ed4 <pll_init+0x88>)
10003e78:	601a      	str	r2, [r3, #0]
10003e7a:	f503 5380 	add.w	r3, r3, #4096	@ 0x1000
10003e7e:	601a      	str	r2, [r3, #0]
10003e80:	68a3      	ldr	r3, [r4, #8]
10003e82:	ea32 0303 	bics.w	r3, r2, r3
10003e86:	d1fb      	bne.n	10003e80 <pll_init+0x34>
10003e88:	2221      	movs	r2, #33	@ 0x21
10003e8a:	f500 5340 	add.w	r3, r0, #12288	@ 0x3000
10003e8e:	3304      	adds	r3, #4
10003e90:	6001      	str	r1, [r0, #0]
10003e92:	6086      	str	r6, [r0, #8]
10003e94:	601a      	str	r2, [r3, #0]
10003e96:	6802      	ldr	r2, [r0, #0]
10003e98:	2a00      	cmp	r2, #0
10003e9a:	dafc      	bge.n	10003e96 <pll_init+0x4a>
10003e9c:	2208      	movs	r2, #8
10003e9e:	60c5      	str	r5, [r0, #12]
10003ea0:	601a      	str	r2, [r3, #0]
10003ea2:	bc70      	pop	{r4, r5, r6}
10003ea4:	4770      	bx	lr
10003ea6:	6803      	ldr	r3, [r0, #0]
10003ea8:	f003 033f 	and.w	r3, r3, #63	@ 0x3f
10003eac:	428b      	cmp	r3, r1
10003eae:	d1da      	bne.n	10003e66 <pll_init+0x1a>
10003eb0:	6883      	ldr	r3, [r0, #8]
10003eb2:	f3c3 030b 	ubfx	r3, r3, #0, #12
10003eb6:	42b3      	cmp	r3, r6
10003eb8:	d1d5      	bne.n	10003e66 <pll_init+0x1a>
10003eba:	68c3      	ldr	r3, [r0, #12]
10003ebc:	f403 23ee 	and.w	r3, r3, #487424	@ 0x77000
10003ec0:	42ab      	cmp	r3, r5
10003ec2:	d1d0      	bne.n	10003e66 <pll_init+0x1a>
10003ec4:	e7ed      	b.n	10003ea2 <pll_init+0x56>
10003ec6:	bf00      	nop
10003ec8:	00b71b00 	.word	0x00b71b00
10003ecc:	40058000 	.word	0x40058000
10003ed0:	40022000 	.word	0x40022000
10003ed4:	40020000 	.word	0x40020000

10003ed8 <watchdog_reboot>:
10003ed8:	b430      	push	{r4, r5}
10003eda:	f04f 4480 	mov.w	r4, #1073741824	@ 0x40000000
10003ede:	4b1c      	ldr	r3, [pc, #112]	@ (10003f50 <watchdog_reboot+0x78>)
10003ee0:	601c      	str	r4, [r3, #0]
10003ee2:	b1e0      	cbz	r0, 10003f1e <watchdog_reboot+0x46>
10003ee4:	4c1b      	ldr	r4, [pc, #108]	@ (10003f54 <watchdog_reboot+0x7c>)
10003ee6:	f5a3 5340 	sub.w	r3, r3, #12288	@ 0x3000
10003eea:	61dc      	str	r4, [r3, #28]
10003eec:	4c1a      	ldr	r4, [pc, #104]	@ (10003f58 <watchdog_reboot+0x80>)
10003eee:	f040 0001 	orr.w	r0, r0, #1
10003ef2:	4044      	eors	r4, r0
10003ef4:	621c      	str	r4, [r3, #32]
10003ef6:	6259      	str	r1, [r3, #36]	@ 0x24
10003ef8:	6298      	str	r0, [r3, #40]	@ 0x28
10003efa:	f04f 4580 	mov.w	r5, #1073741824	@ 0x40000000
10003efe:	f04f 61e0 	mov.w	r1, #117440512	@ 0x7000000
10003f02:	4b13      	ldr	r3, [pc, #76]	@ (10003f50 <watchdog_reboot+0x78>)
10003f04:	4815      	ldr	r0, [pc, #84]	@ (10003f5c <watchdog_reboot+0x84>)
10003f06:	4c16      	ldr	r4, [pc, #88]	@ (10003f60 <watchdog_reboot+0x88>)
10003f08:	601d      	str	r5, [r3, #0]
10003f0a:	6084      	str	r4, [r0, #8]
10003f0c:	6019      	str	r1, [r3, #0]
10003f0e:	b94a      	cbnz	r2, 10003f24 <watchdog_reboot+0x4c>
10003f10:	bc30      	pop	{r4, r5}
10003f12:	f04f 4200 	mov.w	r2, #2147483648	@ 0x80000000
10003f16:	f5a3 5380 	sub.w	r3, r3, #4096	@ 0x1000
10003f1a:	601a      	str	r2, [r3, #0]
10003f1c:	4770      	bx	lr
10003f1e:	4b11      	ldr	r3, [pc, #68]	@ (10003f64 <watchdog_reboot+0x8c>)
10003f20:	61d8      	str	r0, [r3, #28]
10003f22:	e7ea      	b.n	10003efa <watchdog_reboot+0x22>
10003f24:	f44f 737a 	mov.w	r3, #1000	@ 0x3e8
10003f28:	fb03 f202 	mul.w	r2, r3, r2
10003f2c:	f1b2 7f80 	cmp.w	r2, #16777216	@ 0x1000000
10003f30:	bf2a      	itet	cs
10003f32:	f06f 437f 	mvncs.w	r3, #4278190080	@ 0xff000000
10003f36:	4613      	movcc	r3, r2
10003f38:	461a      	movcs	r2, r3
10003f3a:	f04f 4180 	mov.w	r1, #1073741824	@ 0x40000000
10003f3e:	4c0a      	ldr	r4, [pc, #40]	@ (10003f68 <watchdog_reboot+0x90>)
10003f40:	4808      	ldr	r0, [pc, #32]	@ (10003f64 <watchdog_reboot+0x8c>)
10003f42:	6023      	str	r3, [r4, #0]
10003f44:	4b09      	ldr	r3, [pc, #36]	@ (10003f6c <watchdog_reboot+0x94>)
10003f46:	6042      	str	r2, [r0, #4]
10003f48:	bc30      	pop	{r4, r5}
10003f4a:	6019      	str	r1, [r3, #0]
10003f4c:	4770      	bx	lr
10003f4e:	bf00      	nop
10003f50:	400db000 	.word	0x400db000
10003f54:	b007c0d3 	.word	0xb007c0d3
10003f58:	4ff83f2d 	.word	0x4ff83f2d
10003f5c:	4001a000 	.word	0x4001a000
10003f60:	01fffff3 	.word	0x01fffff3
10003f64:	400d8000 	.word	0x400d8000
10003f68:	20002f6c 	.word	0x20002f6c
10003f6c:	400da000 	.word	0x400da000

10003f70 <tick_start>:
10003f70:	2301      	movs	r3, #1
10003f72:	eb00 0040 	add.w	r0, r0, r0, lsl #1
10003f76:	0080      	lsls	r0, r0, #2
10003f78:	f100 4080 	add.w	r0, r0, #1073741824	@ 0x40000000
10003f7c:	f500 1084 	add.w	r0, r0, #1081344	@ 0x108000
10003f80:	6041      	str	r1, [r0, #4]
10003f82:	6003      	str	r3, [r0, #0]
10003f84:	4770      	bx	lr
10003f86:	bf00      	nop

10003f88 <rom_reboot.constprop.0.isra.0>:
10003f88:	2300      	movs	r3, #0
10003f8a:	b570      	push	{r4, r5, r6, lr}
10003f8c:	8adb      	ldrh	r3, [r3, #22]
10003f8e:	4604      	mov	r4, r0
10003f90:	460d      	mov	r5, r1
10003f92:	2200      	movs	r2, #0
10003f94:	e842 f200 	tt	r2, r2
10003f98:	0252      	lsls	r2, r2, #9
10003f9a:	bf54      	ite	pl
10003f9c:	2110      	movpl	r1, #16
10003f9e:	2104      	movmi	r1, #4
10003fa0:	f244 2052 	movw	r0, #16978	@ 0x4252
10003fa4:	4798      	blx	r3
10003fa6:	4686      	mov	lr, r0
10003fa8:	462b      	mov	r3, r5
10003faa:	4622      	mov	r2, r4
10003fac:	46f4      	mov	ip, lr
10003fae:	e8bd 4070 	ldmia.w	sp!, {r4, r5, r6, lr}
10003fb2:	210a      	movs	r1, #10
10003fb4:	f44f 7081 	mov.w	r0, #258	@ 0x102
10003fb8:	4760      	bx	ip
10003fba:	bf00      	nop

10003fbc <rom_func_lookup>:
10003fbc:	2300      	movs	r3, #0
10003fbe:	8adb      	ldrh	r3, [r3, #22]
10003fc0:	2200      	movs	r2, #0
10003fc2:	e842 f200 	tt	r2, r2
10003fc6:	0252      	lsls	r2, r2, #9
10003fc8:	d401      	bmi.n	10003fce <rom_func_lookup+0x12>
10003fca:	2110      	movs	r1, #16
10003fcc:	4718      	bx	r3
10003fce:	2104      	movs	r1, #4
10003fd0:	4718      	bx	r3
10003fd2:	bf00      	nop

10003fd4 <rom_reset_usb_boot_extra>:
10003fd4:	b508      	push	{r3, lr}
10003fd6:	4603      	mov	r3, r0
10003fd8:	4608      	mov	r0, r1
10003fda:	1e19      	subs	r1, r3, #0
10003fdc:	db02      	blt.n	10003fe4 <rom_reset_usb_boot_extra+0x10>
10003fde:	b11a      	cbz	r2, 10003fe8 <rom_reset_usb_boot_extra+0x14>
10003fe0:	f040 0030 	orr.w	r0, r0, #48	@ 0x30
10003fe4:	f7ff ffd0 	bl	10003f88 <rom_reboot.constprop.0.isra.0>
10003fe8:	f040 0020 	orr.w	r0, r0, #32
10003fec:	e7fa      	b.n	10003fe4 <rom_reset_usb_boot_extra+0x10>
10003fee:	bf00      	nop

10003ff0 <runtime_init_bootrom_locking_enable>:
10003ff0:	4a03      	ldr	r2, [pc, #12]	@ (10004000 <runtime_init_bootrom_locking_enable+0x10>)
10003ff2:	f8d2 3828 	ldr.w	r3, [r2, #2088]	@ 0x828
10003ff6:	2b00      	cmp	r3, #0
10003ff8:	d0fb      	beq.n	10003ff2 <runtime_init_bootrom_locking_enable+0x2>
10003ffa:	f3bf 8f5f 	dmb	sy
10003ffe:	4770      	bx	lr
10004000:	400e0000 	.word	0x400e0000

10004004 <runtime_init_boot_locks_reset>:
10004004:	2100      	movs	r1, #0
10004006:	4b04      	ldr	r3, [pc, #16]	@ (10004018 <runtime_init_boot_locks_reset+0x14>)
10004008:	4a04      	ldr	r2, [pc, #16]	@ (1000401c <runtime_init_boot_locks_reset+0x18>)
1000400a:	f3bf 8f5f 	dmb	sy
1000400e:	f843 1b04 	str.w	r1, [r3], #4
10004012:	4293      	cmp	r3, r2
10004014:	d1f9      	bne.n	1000400a <runtime_init_boot_locks_reset+0x6>
10004016:	4770      	bx	lr
10004018:	400e080c 	.word	0x400e080c
1000401c:	400e082c 	.word	0x400e082c

10004020 <xosc_init>:
10004020:	b410      	push	{r4}
10004022:	f44f 708d 	mov.w	r0, #282	@ 0x11a
10004026:	f44f 642a 	mov.w	r4, #2720	@ 0xaa0
1000402a:	4a06      	ldr	r2, [pc, #24]	@ (10004044 <xosc_init+0x24>)
1000402c:	4b06      	ldr	r3, [pc, #24]	@ (10004048 <xosc_init+0x28>)
1000402e:	4907      	ldr	r1, [pc, #28]	@ (1000404c <xosc_init+0x2c>)
10004030:	6014      	str	r4, [r2, #0]
10004032:	60d0      	str	r0, [r2, #12]
10004034:	6019      	str	r1, [r3, #0]
10004036:	6853      	ldr	r3, [r2, #4]
10004038:	2b00      	cmp	r3, #0
1000403a:	dafc      	bge.n	10004036 <xosc_init+0x16>
1000403c:	f85d 4b04 	ldr.w	r4, [sp], #4
10004040:	4770      	bx	lr
10004042:	bf00      	nop
10004044:	40048000 	.word	0x40048000
10004048:	4004a000 	.word	0x4004a000
1000404c:	00fab000 	.word	0x00fab000

10004050 <first_per_core_initializer>:
10004050:	4770      	bx	lr
10004052:	bf00      	nop

10004054 <hard_assertion_failure>:
10004054:	b508      	push	{r3, lr}
10004056:	4801      	ldr	r0, [pc, #4]	@ (1000405c <hard_assertion_failure+0x8>)
10004058:	f7fe fd48 	bl	10002aec <panic>
1000405c:	10007e30 	.word	0x10007e30

10004060 <runtime_run_initializers>:
10004060:	b538      	push	{r3, r4, r5, lr}
10004062:	4c05      	ldr	r4, [pc, #20]	@ (10004078 <runtime_run_initializers+0x18>)
10004064:	4d05      	ldr	r5, [pc, #20]	@ (1000407c <runtime_run_initializers+0x1c>)
10004066:	42ac      	cmp	r4, r5
10004068:	d204      	bcs.n	10004074 <runtime_run_initializers+0x14>
1000406a:	f854 3b04 	ldr.w	r3, [r4], #4
1000406e:	4798      	blx	r3
10004070:	42ac      	cmp	r4, r5
10004072:	d3fa      	bcc.n	1000406a <runtime_run_initializers+0xa>
10004074:	bd38      	pop	{r3, r4, r5, pc}
10004076:	bf00      	nop
10004078:	10007c00 	.word	0x10007c00
1000407c:	10007c40 	.word	0x10007c40

10004080 <runtime_run_per_core_initializers>:
10004080:	b538      	push	{r3, r4, r5, lr}
10004082:	4c05      	ldr	r4, [pc, #20]	@ (10004098 <runtime_run_per_core_initializers+0x18>)
10004084:	4d05      	ldr	r5, [pc, #20]	@ (1000409c <runtime_run_per_core_initializers+0x1c>)
10004086:	42ac      	cmp	r4, r5
10004088:	d204      	bcs.n	10004094 <runtime_run_per_core_initializers+0x14>
1000408a:	f854 3b04 	ldr.w	r3, [r4], #4
1000408e:	4798      	blx	r3
10004090:	42ac      	cmp	r4, r5
10004092:	d3fa      	bcc.n	1000408a <runtime_run_per_core_initializers+0xa>
10004094:	bd38      	pop	{r3, r4, r5, pc}
10004096:	bf00      	nop
10004098:	10007c2c 	.word	0x10007c2c
1000409c:	10007c40 	.word	0x10007c40

100040a0 <runtime_init_early_resets>:
100040a0:	b410      	push	{r4}
100040a2:	4807      	ldr	r0, [pc, #28]	@ (100040c0 <runtime_init_early_resets+0x20>)
100040a4:	4c07      	ldr	r4, [pc, #28]	@ (100040c4 <runtime_init_early_resets+0x24>)
100040a6:	4b08      	ldr	r3, [pc, #32]	@ (100040c8 <runtime_init_early_resets+0x28>)
100040a8:	4a08      	ldr	r2, [pc, #32]	@ (100040cc <runtime_init_early_resets+0x2c>)
100040aa:	4909      	ldr	r1, [pc, #36]	@ (100040d0 <runtime_init_early_resets+0x30>)
100040ac:	6004      	str	r4, [r0, #0]
100040ae:	601a      	str	r2, [r3, #0]
100040b0:	688b      	ldr	r3, [r1, #8]
100040b2:	ea32 0303 	bics.w	r3, r2, r3
100040b6:	d1fb      	bne.n	100040b0 <runtime_init_early_resets+0x10>
100040b8:	f85d 4b04 	ldr.w	r4, [sp], #4
100040bc:	4770      	bx	lr
100040be:	bf00      	nop
100040c0:	40022000 	.word	0x40022000
100040c4:	efef3b7f 	.word	0xefef3b7f
100040c8:	40023000 	.word	0x40023000
100040cc:	03f3fff6 	.word	0x03f3fff6
100040d0:	40020000 	.word	0x40020000

100040d4 <runtime_init_usb_power_down>:
100040d4:	4b04      	ldr	r3, [pc, #16]	@ (100040e8 <runtime_init_usb_power_down+0x14>)
100040d6:	6cdb      	ldr	r3, [r3, #76]	@ 0x4c
100040d8:	f5b3 4f00 	cmp.w	r3, #32768	@ 0x8000
100040dc:	d103      	bne.n	100040e6 <runtime_init_usb_power_down+0x12>
100040de:	f44f 2280 	mov.w	r2, #262144	@ 0x40000
100040e2:	4b02      	ldr	r3, [pc, #8]	@ (100040ec <runtime_init_usb_power_down+0x18>)
100040e4:	64da      	str	r2, [r3, #76]	@ 0x4c
100040e6:	4770      	bx	lr
100040e8:	50110000 	.word	0x50110000
100040ec:	50112000 	.word	0x50112000

100040f0 <runtime_init_per_core_enable_coprocessors>:
100040f0:	f04f 22e0 	mov.w	r2, #3758153728	@ 0xe000e000
100040f4:	4b04      	ldr	r3, [pc, #16]	@ (10004108 <runtime_init_per_core_enable_coprocessors+0x18>)
100040f6:	f8d2 1d88 	ldr.w	r1, [r2, #3464]	@ 0xd88
100040fa:	430b      	orrs	r3, r1
100040fc:	f8c2 3d88 	str.w	r3, [r2, #3464]	@ 0xd88
10004100:	ee10 0430 			dcp_rcmp r0
10004104:	4770      	bx	lr
10004106:	bf00      	nop
10004108:	00300303 	.word	0x00300303

1000410c <runtime_init_post_clock_resets>:
1000410c:	f06f 4160 	mvn.w	r1, #3758096384	@ 0xe0000000
10004110:	4b04      	ldr	r3, [pc, #16]	@ (10004124 <runtime_init_post_clock_resets+0x18>)
10004112:	4a05      	ldr	r2, [pc, #20]	@ (10004128 <runtime_init_post_clock_resets+0x1c>)
10004114:	6019      	str	r1, [r3, #0]
10004116:	6893      	ldr	r3, [r2, #8]
10004118:	43db      	mvns	r3, r3
1000411a:	f033 4360 	bics.w	r3, r3, #3758096384	@ 0xe0000000
1000411e:	d1fa      	bne.n	10004116 <runtime_init_post_clock_resets+0xa>
10004120:	4770      	bx	lr
10004122:	bf00      	nop
10004124:	40023000 	.word	0x40023000
10004128:	40020000 	.word	0x40020000

1000412c <runtime_init_bootrom_reset>:
1000412c:	b510      	push	{r4, lr}
1000412e:	f245 2053 	movw	r0, #21075	@ 0x5253
10004132:	f7ff ff43 	bl	10003fbc <rom_func_lookup>
10004136:	e8bd 4010 	ldmia.w	sp!, {r4, lr}
1000413a:	4603      	mov	r3, r0
1000413c:	2004      	movs	r0, #4
1000413e:	4718      	bx	r3

10004140 <runtime_init_per_core_bootrom_reset>:
10004140:	b510      	push	{r4, lr}
10004142:	f245 2053 	movw	r0, #21075	@ 0x5253
10004146:	f7ff ff39 	bl	10003fbc <rom_func_lookup>
1000414a:	e8bd 4010 	ldmia.w	sp!, {r4, lr}
1000414e:	4603      	mov	r3, r0
10004150:	2001      	movs	r0, #1
10004152:	4718      	bx	r3

10004154 <runtime_init_spin_locks_reset>:
10004154:	f7fe bd8e 	b.w	10002c74 <spin_locks_reset>

10004158 <runtime_init_install_ram_vector_table>:
10004158:	4914      	ldr	r1, [pc, #80]	@ (100041ac <runtime_init_install_ram_vector_table+0x54>)
1000415a:	4b15      	ldr	r3, [pc, #84]	@ (100041b0 <runtime_init_install_ram_vector_table+0x58>)
1000415c:	b570      	push	{r4, r5, r6, lr}
1000415e:	1a5c      	subs	r4, r3, r1
10004160:	10a6      	asrs	r6, r4, #2
10004162:	2e44      	cmp	r6, #68	@ 0x44
10004164:	4632      	mov	r2, r6
10004166:	bf28      	it	cs
10004168:	2244      	movcs	r2, #68	@ 0x44
1000416a:	4d12      	ldr	r5, [pc, #72]	@ (100041b4 <runtime_init_install_ram_vector_table+0x5c>)
1000416c:	0092      	lsls	r2, r2, #2
1000416e:	4628      	mov	r0, r5
10004170:	f003 fb22 	bl	100077b8 <memcpy>
10004174:	f5b4 7f86 	cmp.w	r4, #268	@ 0x10c
10004178:	d813      	bhi.n	100041a2 <runtime_init_install_ram_vector_table+0x4a>
1000417a:	4a0f      	ldr	r2, [pc, #60]	@ (100041b8 <runtime_init_install_ram_vector_table+0x60>)
1000417c:	f1c6 0044 	rsb	r0, r6, #68	@ 0x44
10004180:	d012      	beq.n	100041a8 <runtime_init_install_ram_vector_table+0x50>
10004182:	192b      	adds	r3, r5, r4
10004184:	0841      	lsrs	r1, r0, #1
10004186:	eb03 01c1 	add.w	r1, r3, r1, lsl #3
1000418a:	e9c3 2200 	strd	r2, r2, [r3]
1000418e:	3308      	adds	r3, #8
10004190:	428b      	cmp	r3, r1
10004192:	d1fa      	bne.n	1000418a <runtime_init_install_ram_vector_table+0x32>
10004194:	07c3      	lsls	r3, r0, #31
10004196:	d504      	bpl.n	100041a2 <runtime_init_install_ram_vector_table+0x4a>
10004198:	f020 0001 	bic.w	r0, r0, #1
1000419c:	4430      	add	r0, r6
1000419e:	f845 2020 	str.w	r2, [r5, r0, lsl #2]
100041a2:	4b06      	ldr	r3, [pc, #24]	@ (100041bc <runtime_init_install_ram_vector_table+0x64>)
100041a4:	609d      	str	r5, [r3, #8]
100041a6:	bd70      	pop	{r4, r5, r6, pc}
100041a8:	2043      	movs	r0, #67	@ 0x43
100041aa:	e7f8      	b.n	1000419e <runtime_init_install_ram_vector_table+0x46>
100041ac:	10000000 	.word	0x10000000
100041b0:	10000110 	.word	0x10000110
100041b4:	20000000 	.word	0x20000000
100041b8:	10000111 	.word	0x10000111
100041bc:	e000ed00 	.word	0xe000ed00

100041c0 <runtime_init_clocks>:
100041c0:	2300      	movs	r3, #0
100041c2:	b570      	push	{r4, r5, r6, lr}
100041c4:	4c2b      	ldr	r4, [pc, #172]	@ (10004274 <runtime_init_clocks+0xb4>)
100041c6:	b082      	sub	sp, #8
100041c8:	f8c4 3084 	str.w	r3, [r4, #132]	@ 0x84
100041cc:	f7ff ff28 	bl	10004020 <xosc_init>
100041d0:	2201      	movs	r2, #1
100041d2:	4b29      	ldr	r3, [pc, #164]	@ (10004278 <runtime_init_clocks+0xb8>)
100041d4:	63da      	str	r2, [r3, #60]	@ 0x3c
100041d6:	6c63      	ldr	r3, [r4, #68]	@ 0x44
100041d8:	2b01      	cmp	r3, #1
100041da:	d1fc      	bne.n	100041d6 <runtime_init_clocks+0x16>
100041dc:	2103      	movs	r1, #3
100041de:	4a26      	ldr	r2, [pc, #152]	@ (10004278 <runtime_init_clocks+0xb8>)
100041e0:	4b24      	ldr	r3, [pc, #144]	@ (10004274 <runtime_init_clocks+0xb4>)
100041e2:	6311      	str	r1, [r2, #48]	@ 0x30
100041e4:	6b9c      	ldr	r4, [r3, #56]	@ 0x38
100041e6:	2c01      	cmp	r4, #1
100041e8:	d1fc      	bne.n	100041e4 <runtime_init_clocks+0x24>
100041ea:	2602      	movs	r6, #2
100041ec:	2505      	movs	r5, #5
100041ee:	4621      	mov	r1, r4
100041f0:	2305      	movs	r3, #5
100041f2:	4a22      	ldr	r2, [pc, #136]	@ (1000427c <runtime_init_clocks+0xbc>)
100041f4:	4822      	ldr	r0, [pc, #136]	@ (10004280 <runtime_init_clocks+0xc0>)
100041f6:	9600      	str	r6, [sp, #0]
100041f8:	f7ff fe28 	bl	10003e4c <pll_init>
100041fc:	4621      	mov	r1, r4
100041fe:	462b      	mov	r3, r5
10004200:	4a20      	ldr	r2, [pc, #128]	@ (10004284 <runtime_init_clocks+0xc4>)
10004202:	4821      	ldr	r0, [pc, #132]	@ (10004288 <runtime_init_clocks+0xc8>)
10004204:	9500      	str	r5, [sp, #0]
10004206:	f7ff fe21 	bl	10003e4c <pll_init>
1000420a:	2200      	movs	r2, #0
1000420c:	2004      	movs	r0, #4
1000420e:	4631      	mov	r1, r6
10004210:	4b1e      	ldr	r3, [pc, #120]	@ (1000428c <runtime_init_clocks+0xcc>)
10004212:	f7ff fc1d 	bl	10003a50 <clock_configure_undivided>
10004216:	4621      	mov	r1, r4
10004218:	4628      	mov	r0, r5
1000421a:	2200      	movs	r2, #0
1000421c:	4b1c      	ldr	r3, [pc, #112]	@ (10004290 <runtime_init_clocks+0xd0>)
1000421e:	f7ff fc17 	bl	10003a50 <clock_configure_undivided>
10004222:	2200      	movs	r2, #0
10004224:	2008      	movs	r0, #8
10004226:	4611      	mov	r1, r2
10004228:	4b1a      	ldr	r3, [pc, #104]	@ (10004294 <runtime_init_clocks+0xd4>)
1000422a:	f7ff fc11 	bl	10003a50 <clock_configure_undivided>
1000422e:	2200      	movs	r2, #0
10004230:	2009      	movs	r0, #9
10004232:	4611      	mov	r1, r2
10004234:	4b17      	ldr	r3, [pc, #92]	@ (10004294 <runtime_init_clocks+0xd4>)
10004236:	f7ff fc0b 	bl	10003a50 <clock_configure_undivided>
1000423a:	2200      	movs	r2, #0
1000423c:	2006      	movs	r0, #6
1000423e:	4611      	mov	r1, r2
10004240:	4b13      	ldr	r3, [pc, #76]	@ (10004290 <runtime_init_clocks+0xd0>)
10004242:	f7ff fc05 	bl	10003a50 <clock_configure_undivided>
10004246:	2200      	movs	r2, #0
10004248:	4b11      	ldr	r3, [pc, #68]	@ (10004290 <runtime_init_clocks+0xd0>)
1000424a:	2007      	movs	r0, #7
1000424c:	4611      	mov	r1, r2
1000424e:	f7ff fbff 	bl	10003a50 <clock_configure_undivided>
10004252:	2004      	movs	r0, #4
10004254:	f7ff fc64 	bl	10003b20 <clock_get_hz>
10004258:	2400      	movs	r4, #0
1000425a:	4b0f      	ldr	r3, [pc, #60]	@ (10004298 <runtime_init_clocks+0xd8>)
1000425c:	fba3 3500 	umull	r3, r5, r3, r0
10004260:	0cad      	lsrs	r5, r5, #18
10004262:	b2e0      	uxtb	r0, r4
10004264:	4629      	mov	r1, r5
10004266:	3401      	adds	r4, #1
10004268:	f7ff fe82 	bl	10003f70 <tick_start>
1000426c:	2c06      	cmp	r4, #6
1000426e:	d1f8      	bne.n	10004262 <runtime_init_clocks+0xa2>
10004270:	b002      	add	sp, #8
10004272:	bd70      	pop	{r4, r5, r6, pc}
10004274:	40010000 	.word	0x40010000
10004278:	40013000 	.word	0x40013000
1000427c:	59682f00 	.word	0x59682f00
10004280:	40050000 	.word	0x40050000
10004284:	47868c00 	.word	0x47868c00
10004288:	40058000 	.word	0x40058000
1000428c:	00b71b00 	.word	0x00b71b00
10004290:	08f0d180 	.word	0x08f0d180
10004294:	02dc6c00 	.word	0x02dc6c00
10004298:	431bde83 	.word	0x431bde83

1000429c <__wrap_malloc>:
1000429c:	b538      	push	{r3, r4, r5, lr}
1000429e:	4604      	mov	r4, r0
100042a0:	4809      	ldr	r0, [pc, #36]	@ (100042c8 <__wrap_malloc+0x2c>)
100042a2:	f003 fc99 	bl	10007bd8 <__mutex_enter_blocking_veneer>
100042a6:	4620      	mov	r0, r4
100042a8:	f002 ff36 	bl	10007118 <malloc>
100042ac:	4605      	mov	r5, r0
100042ae:	4806      	ldr	r0, [pc, #24]	@ (100042c8 <__wrap_malloc+0x2c>)
100042b0:	f003 fc8a 	bl	10007bc8 <__mutex_exit_veneer>
100042b4:	b12d      	cbz	r5, 100042c2 <__wrap_malloc+0x26>
100042b6:	4b05      	ldr	r3, [pc, #20]	@ (100042cc <__wrap_malloc+0x30>)
100042b8:	442c      	add	r4, r5
100042ba:	429c      	cmp	r4, r3
100042bc:	d801      	bhi.n	100042c2 <__wrap_malloc+0x26>
100042be:	4628      	mov	r0, r5
100042c0:	bd38      	pop	{r3, r4, r5, pc}
100042c2:	4803      	ldr	r0, [pc, #12]	@ (100042d0 <__wrap_malloc+0x34>)
100042c4:	f7fe fc12 	bl	10002aec <panic>
100042c8:	20002200 	.word	0x20002200
100042cc:	20080000 	.word	0x20080000
100042d0:	10007e3c 	.word	0x10007e3c

100042d4 <__wrap_free>:
100042d4:	b510      	push	{r4, lr}
100042d6:	4604      	mov	r4, r0
100042d8:	4805      	ldr	r0, [pc, #20]	@ (100042f0 <__wrap_free+0x1c>)
100042da:	f003 fc7d 	bl	10007bd8 <__mutex_enter_blocking_veneer>
100042de:	4620      	mov	r0, r4
100042e0:	f002 ff22 	bl	10007128 <free>
100042e4:	e8bd 4010 	ldmia.w	sp!, {r4, lr}
100042e8:	4801      	ldr	r0, [pc, #4]	@ (100042f0 <__wrap_free+0x1c>)
100042ea:	f003 bc6d 	b.w	10007bc8 <__mutex_exit_veneer>
100042ee:	bf00      	nop
100042f0:	20002200 	.word	0x20002200

100042f4 <_out_char>:
100042f4:	b900      	cbnz	r0, 100042f8 <_out_char+0x4>
100042f6:	4770      	bx	lr
100042f8:	f000 b92e 	b.w	10004558 <__wrap_putchar>

100042fc <weak_raw_vprintf>:
100042fc:	b510      	push	{r4, lr}
100042fe:	4b09      	ldr	r3, [pc, #36]	@ (10004324 <weak_raw_vprintf+0x28>)
10004300:	b084      	sub	sp, #16
10004302:	681c      	ldr	r4, [r3, #0]
10004304:	b14c      	cbz	r4, 1000431a <weak_raw_vprintf+0x1e>
10004306:	4603      	mov	r3, r0
10004308:	9100      	str	r1, [sp, #0]
1000430a:	f04f 32ff 	mov.w	r2, #4294967295	@ 0xffffffff
1000430e:	a903      	add	r1, sp, #12
10004310:	4805      	ldr	r0, [pc, #20]	@ (10004328 <weak_raw_vprintf+0x2c>)
10004312:	47a0      	blx	r4
10004314:	2001      	movs	r0, #1
10004316:	b004      	add	sp, #16
10004318:	bd10      	pop	{r4, pc}
1000431a:	f000 f95f 	bl	100045dc <__wrap_puts>
1000431e:	4620      	mov	r0, r4
10004320:	b004      	add	sp, #16
10004322:	bd10      	pop	{r4, pc}
10004324:	20002f68 	.word	0x20002f68
10004328:	100042f5 	.word	0x100042f5

1000432c <_exit>:
1000432c:	be00      	bkpt	0x0000
1000432e:	e7fd      	b.n	1000432c <_exit>

10004330 <_sbrk>:
10004330:	4a07      	ldr	r2, [pc, #28]	@ (10004350 <_sbrk+0x20>)
10004332:	4603      	mov	r3, r0
10004334:	6810      	ldr	r0, [r2, #0]
10004336:	b138      	cbz	r0, 10004348 <_sbrk+0x18>
10004338:	4906      	ldr	r1, [pc, #24]	@ (10004354 <_sbrk+0x24>)
1000433a:	4403      	add	r3, r0
1000433c:	428b      	cmp	r3, r1
1000433e:	bf8c      	ite	hi
10004340:	f04f 30ff 	movhi.w	r0, #4294967295	@ 0xffffffff
10004344:	6013      	strls	r3, [r2, #0]
10004346:	4770      	bx	lr
10004348:	4903      	ldr	r1, [pc, #12]	@ (10004358 <_sbrk+0x28>)
1000434a:	4608      	mov	r0, r1
1000434c:	6011      	str	r1, [r2, #0]
1000434e:	e7f3      	b.n	10004338 <_sbrk+0x8>
10004350:	20002b60 	.word	0x20002b60
10004354:	20080000 	.word	0x20080000
10004358:	20028820 	.word	0x20028820

1000435c <exit>:
1000435c:	b508      	push	{r3, lr}
1000435e:	f7ff ffe5 	bl	1000432c <_exit>
10004362:	bf00      	nop

10004364 <runtime_init>:
10004364:	b538      	push	{r3, r4, r5, lr}
10004366:	4c06      	ldr	r4, [pc, #24]	@ (10004380 <runtime_init+0x1c>)
10004368:	4d06      	ldr	r5, [pc, #24]	@ (10004384 <runtime_init+0x20>)
1000436a:	f7ff fe79 	bl	10004060 <runtime_run_initializers>
1000436e:	42ac      	cmp	r4, r5
10004370:	d204      	bcs.n	1000437c <runtime_init+0x18>
10004372:	f854 3b04 	ldr.w	r3, [r4], #4
10004376:	4798      	blx	r3
10004378:	42ac      	cmp	r4, r5
1000437a:	d3fa      	bcc.n	10004372 <runtime_init+0xe>
1000437c:	bd38      	pop	{r3, r4, r5, pc}
1000437e:	bf00      	nop
10004380:	10007c40 	.word	0x10007c40
10004384:	10007c48 	.word	0x10007c48

10004388 <stdio_out_chars_no_crlf>:
10004388:	6803      	ldr	r3, [r0, #0]
1000438a:	4608      	mov	r0, r1
1000438c:	4611      	mov	r1, r2
1000438e:	4718      	bx	r3

10004390 <stdio_out_chars_crlf>:
10004390:	e92d 41f0 	stmdb	sp!, {r4, r5, r6, r7, r8, lr}
10004394:	4615      	mov	r5, r2
10004396:	7d42      	ldrb	r2, [r0, #21]
10004398:	4607      	mov	r7, r0
1000439a:	4688      	mov	r8, r1
1000439c:	2a00      	cmp	r2, #0
1000439e:	d046      	beq.n	1000442e <stdio_out_chars_crlf+0x9e>
100043a0:	2d00      	cmp	r5, #0
100043a2:	dd1d      	ble.n	100043e0 <stdio_out_chars_crlf+0x50>
100043a4:	780b      	ldrb	r3, [r1, #0]
100043a6:	2b0a      	cmp	r3, #10
100043a8:	d023      	beq.n	100043f2 <stdio_out_chars_crlf+0x62>
100043aa:	2d01      	cmp	r5, #1
100043ac:	f04f 0c00 	mov.w	ip, #0
100043b0:	d018      	beq.n	100043e4 <stdio_out_chars_crlf+0x54>
100043b2:	4646      	mov	r6, r8
100043b4:	2401      	movs	r4, #1
100043b6:	f816 2f01 	ldrb.w	r2, [r6, #1]!
100043ba:	4621      	mov	r1, r4
100043bc:	2a0a      	cmp	r2, #10
100043be:	f104 0401 	add.w	r4, r4, #1
100043c2:	d022      	beq.n	1000440a <stdio_out_chars_crlf+0x7a>
100043c4:	42a5      	cmp	r5, r4
100043c6:	d1f6      	bne.n	100043b6 <stdio_out_chars_crlf+0x26>
100043c8:	4565      	cmp	r5, ip
100043ca:	dc0b      	bgt.n	100043e4 <stdio_out_chars_crlf+0x54>
100043cc:	eb08 0305 	add.w	r3, r8, r5
100043d0:	f813 3c01 	ldrb.w	r3, [r3, #-1]
100043d4:	f1a3 030d 	sub.w	r3, r3, #13
100043d8:	fab3 f383 	clz	r3, r3
100043dc:	095b      	lsrs	r3, r3, #5
100043de:	753b      	strb	r3, [r7, #20]
100043e0:	e8bd 81f0 	ldmia.w	sp!, {r4, r5, r6, r7, r8, pc}
100043e4:	683b      	ldr	r3, [r7, #0]
100043e6:	eba5 010c 	sub.w	r1, r5, ip
100043ea:	eb08 000c 	add.w	r0, r8, ip
100043ee:	4798      	blx	r3
100043f0:	e7ec      	b.n	100043cc <stdio_out_chars_crlf+0x3c>
100043f2:	7d03      	ldrb	r3, [r0, #20]
100043f4:	2b00      	cmp	r3, #0
100043f6:	d1d8      	bne.n	100043aa <stdio_out_chars_crlf+0x1a>
100043f8:	6803      	ldr	r3, [r0, #0]
100043fa:	2102      	movs	r1, #2
100043fc:	480f      	ldr	r0, [pc, #60]	@ (1000443c <stdio_out_chars_crlf+0xac>)
100043fe:	4798      	blx	r3
10004400:	2d01      	cmp	r5, #1
10004402:	d0e3      	beq.n	100043cc <stdio_out_chars_crlf+0x3c>
10004404:	f04f 0c01 	mov.w	ip, #1
10004408:	e7d3      	b.n	100043b2 <stdio_out_chars_crlf+0x22>
1000440a:	f816 3c01 	ldrb.w	r3, [r6, #-1]
1000440e:	2b0d      	cmp	r3, #13
10004410:	d0d8      	beq.n	100043c4 <stdio_out_chars_crlf+0x34>
10004412:	458c      	cmp	ip, r1
10004414:	eb08 000c 	add.w	r0, r8, ip
10004418:	eba1 010c 	sub.w	r1, r1, ip
1000441c:	da01      	bge.n	10004422 <stdio_out_chars_crlf+0x92>
1000441e:	683b      	ldr	r3, [r7, #0]
10004420:	4798      	blx	r3
10004422:	2102      	movs	r1, #2
10004424:	4805      	ldr	r0, [pc, #20]	@ (1000443c <stdio_out_chars_crlf+0xac>)
10004426:	683b      	ldr	r3, [r7, #0]
10004428:	4798      	blx	r3
1000442a:	46a4      	mov	ip, r4
1000442c:	e7ca      	b.n	100043c4 <stdio_out_chars_crlf+0x34>
1000442e:	4629      	mov	r1, r5
10004430:	4640      	mov	r0, r8
10004432:	683b      	ldr	r3, [r7, #0]
10004434:	e8bd 41f0 	ldmia.w	sp!, {r4, r5, r6, r7, r8, lr}
10004438:	4718      	bx	r3
1000443a:	bf00      	nop
1000443c:	1000a60c 	.word	0x1000a60c

10004440 <stdio_put_string>:
10004440:	e92d 47f0 	stmdb	sp!, {r4, r5, r6, r7, r8, r9, sl, lr}
10004444:	b082      	sub	sp, #8
10004446:	460d      	mov	r5, r1
10004448:	4691      	mov	r9, r2
1000444a:	461c      	mov	r4, r3
1000444c:	4606      	mov	r6, r0
1000444e:	f7ff faf5 	bl	10003a3c <time_us_64>
10004452:	f04f 3cff 	mov.w	ip, #4294967295	@ 0xffffffff
10004456:	f06f 4700 	mvn.w	r7, #2147483648	@ 0x80000000
1000445a:	4a2e      	ldr	r2, [pc, #184]	@ (10004514 <stdio_put_string+0xd4>)
1000445c:	1882      	adds	r2, r0, r2
1000445e:	f141 0300 	adc.w	r3, r1, #0
10004462:	4594      	cmp	ip, r2
10004464:	eb77 0103 	sbcs.w	r1, r7, r3
10004468:	bf3c      	itt	cc
1000446a:	4662      	movcc	r2, ip
1000446c:	463b      	movcc	r3, r7
1000446e:	482a      	ldr	r0, [pc, #168]	@ (10004518 <stdio_put_string+0xd8>)
10004470:	f003 fbba 	bl	10007be8 <__mutex_try_enter_block_until_veneer>
10004474:	1c6b      	adds	r3, r5, #1
10004476:	4680      	mov	r8, r0
10004478:	d040      	beq.n	100044fc <stdio_put_string+0xbc>
1000447a:	b30c      	cbz	r4, 100044c0 <stdio_put_string+0x80>
1000447c:	4f27      	ldr	r7, [pc, #156]	@ (1000451c <stdio_put_string+0xdc>)
1000447e:	4b28      	ldr	r3, [pc, #160]	@ (10004520 <stdio_put_string+0xe0>)
10004480:	681c      	ldr	r4, [r3, #0]
10004482:	b1b4      	cbz	r4, 100044b2 <stdio_put_string+0x72>
10004484:	f1b9 0f00 	cmp.w	r9, #0
10004488:	d11c      	bne.n	100044c4 <stdio_put_string+0x84>
1000448a:	f8df 909c 	ldr.w	r9, [pc, #156]	@ 10004528 <stdio_put_string+0xe8>
1000448e:	e001      	b.n	10004494 <stdio_put_string+0x54>
10004490:	6924      	ldr	r4, [r4, #16]
10004492:	b174      	cbz	r4, 100044b2 <stdio_put_string+0x72>
10004494:	6823      	ldr	r3, [r4, #0]
10004496:	2b00      	cmp	r3, #0
10004498:	d0fa      	beq.n	10004490 <stdio_put_string+0x50>
1000449a:	f8d9 3000 	ldr.w	r3, [r9]
1000449e:	b10b      	cbz	r3, 100044a4 <stdio_put_string+0x64>
100044a0:	429c      	cmp	r4, r3
100044a2:	d1f5      	bne.n	10004490 <stdio_put_string+0x50>
100044a4:	4620      	mov	r0, r4
100044a6:	462a      	mov	r2, r5
100044a8:	4631      	mov	r1, r6
100044aa:	47b8      	blx	r7
100044ac:	6924      	ldr	r4, [r4, #16]
100044ae:	2c00      	cmp	r4, #0
100044b0:	d1f0      	bne.n	10004494 <stdio_put_string+0x54>
100044b2:	f1b8 0f00 	cmp.w	r8, #0
100044b6:	d126      	bne.n	10004506 <stdio_put_string+0xc6>
100044b8:	4628      	mov	r0, r5
100044ba:	b002      	add	sp, #8
100044bc:	e8bd 87f0 	ldmia.w	sp!, {r4, r5, r6, r7, r8, r9, sl, pc}
100044c0:	4f18      	ldr	r7, [pc, #96]	@ (10004524 <stdio_put_string+0xe4>)
100044c2:	e7dc      	b.n	1000447e <stdio_put_string+0x3e>
100044c4:	f04f 0a0a 	mov.w	sl, #10
100044c8:	f8df 905c 	ldr.w	r9, [pc, #92]	@ 10004528 <stdio_put_string+0xe8>
100044cc:	e002      	b.n	100044d4 <stdio_put_string+0x94>
100044ce:	6924      	ldr	r4, [r4, #16]
100044d0:	2c00      	cmp	r4, #0
100044d2:	d0ee      	beq.n	100044b2 <stdio_put_string+0x72>
100044d4:	6823      	ldr	r3, [r4, #0]
100044d6:	2b00      	cmp	r3, #0
100044d8:	d0f9      	beq.n	100044ce <stdio_put_string+0x8e>
100044da:	f8d9 3000 	ldr.w	r3, [r9]
100044de:	b10b      	cbz	r3, 100044e4 <stdio_put_string+0xa4>
100044e0:	42a3      	cmp	r3, r4
100044e2:	d1f4      	bne.n	100044ce <stdio_put_string+0x8e>
100044e4:	462a      	mov	r2, r5
100044e6:	4631      	mov	r1, r6
100044e8:	4620      	mov	r0, r4
100044ea:	47b8      	blx	r7
100044ec:	2201      	movs	r2, #1
100044ee:	4620      	mov	r0, r4
100044f0:	f10d 0107 	add.w	r1, sp, #7
100044f4:	f88d a007 	strb.w	sl, [sp, #7]
100044f8:	47b8      	blx	r7
100044fa:	e7e8      	b.n	100044ce <stdio_put_string+0x8e>
100044fc:	4630      	mov	r0, r6
100044fe:	f003 f9d1 	bl	100078a4 <strlen>
10004502:	4605      	mov	r5, r0
10004504:	e7b9      	b.n	1000447a <stdio_put_string+0x3a>
10004506:	4804      	ldr	r0, [pc, #16]	@ (10004518 <stdio_put_string+0xd8>)
10004508:	f003 fb5e 	bl	10007bc8 <__mutex_exit_veneer>
1000450c:	4628      	mov	r0, r5
1000450e:	b002      	add	sp, #8
10004510:	e8bd 87f0 	ldmia.w	sp!, {r4, r5, r6, r7, r8, r9, sl, pc}
10004514:	000f4240 	.word	0x000f4240
10004518:	20002208 	.word	0x20002208
1000451c:	10004391 	.word	0x10004391
10004520:	20002b4c 	.word	0x20002b4c
10004524:	10004389 	.word	0x10004389
10004528:	20002b58 	.word	0x20002b58

1000452c <stdio_set_driver_enabled>:
1000452c:	4a08      	ldr	r2, [pc, #32]	@ (10004550 <stdio_set_driver_enabled+0x24>)
1000452e:	6813      	ldr	r3, [r2, #0]
10004530:	b923      	cbnz	r3, 1000453c <stdio_set_driver_enabled+0x10>
10004532:	e00a      	b.n	1000454a <stdio_set_driver_enabled+0x1e>
10004534:	f103 0210 	add.w	r2, r3, #16
10004538:	691b      	ldr	r3, [r3, #16]
1000453a:	b133      	cbz	r3, 1000454a <stdio_set_driver_enabled+0x1e>
1000453c:	4283      	cmp	r3, r0
1000453e:	d1f9      	bne.n	10004534 <stdio_set_driver_enabled+0x8>
10004540:	b929      	cbnz	r1, 1000454e <stdio_set_driver_enabled+0x22>
10004542:	6918      	ldr	r0, [r3, #16]
10004544:	6010      	str	r0, [r2, #0]
10004546:	6119      	str	r1, [r3, #16]
10004548:	4770      	bx	lr
1000454a:	b101      	cbz	r1, 1000454e <stdio_set_driver_enabled+0x22>
1000454c:	6010      	str	r0, [r2, #0]
1000454e:	4770      	bx	lr
10004550:	20002b4c 	.word	0x20002b4c

10004554 <stdio_init_all>:
10004554:	f000 ba6e 	b.w	10004a34 <stdio_usb_init>

10004558 <__wrap_putchar>:
10004558:	b5f0      	push	{r4, r5, r6, r7, lr}
1000455a:	b083      	sub	sp, #12
1000455c:	4606      	mov	r6, r0
1000455e:	f88d 0007 	strb.w	r0, [sp, #7]
10004562:	f7ff fa6b 	bl	10003a3c <time_us_64>
10004566:	f04f 35ff 	mov.w	r5, #4294967295	@ 0xffffffff
1000456a:	f06f 4400 	mvn.w	r4, #2147483648	@ 0x80000000
1000456e:	4a17      	ldr	r2, [pc, #92]	@ (100045cc <__wrap_putchar+0x74>)
10004570:	1882      	adds	r2, r0, r2
10004572:	f141 0300 	adc.w	r3, r1, #0
10004576:	4295      	cmp	r5, r2
10004578:	eb74 0103 	sbcs.w	r1, r4, r3
1000457c:	bf3c      	itt	cc
1000457e:	4623      	movcc	r3, r4
10004580:	462a      	movcc	r2, r5
10004582:	4813      	ldr	r0, [pc, #76]	@ (100045d0 <__wrap_putchar+0x78>)
10004584:	f003 fb30 	bl	10007be8 <__mutex_try_enter_block_until_veneer>
10004588:	4b12      	ldr	r3, [pc, #72]	@ (100045d4 <__wrap_putchar+0x7c>)
1000458a:	4607      	mov	r7, r0
1000458c:	681c      	ldr	r4, [r3, #0]
1000458e:	b19c      	cbz	r4, 100045b8 <__wrap_putchar+0x60>
10004590:	4d11      	ldr	r5, [pc, #68]	@ (100045d8 <__wrap_putchar+0x80>)
10004592:	e001      	b.n	10004598 <__wrap_putchar+0x40>
10004594:	6924      	ldr	r4, [r4, #16]
10004596:	b17c      	cbz	r4, 100045b8 <__wrap_putchar+0x60>
10004598:	6823      	ldr	r3, [r4, #0]
1000459a:	2b00      	cmp	r3, #0
1000459c:	d0fa      	beq.n	10004594 <__wrap_putchar+0x3c>
1000459e:	682b      	ldr	r3, [r5, #0]
100045a0:	b10b      	cbz	r3, 100045a6 <__wrap_putchar+0x4e>
100045a2:	429c      	cmp	r4, r3
100045a4:	d1f6      	bne.n	10004594 <__wrap_putchar+0x3c>
100045a6:	4620      	mov	r0, r4
100045a8:	2201      	movs	r2, #1
100045aa:	f10d 0107 	add.w	r1, sp, #7
100045ae:	f7ff feef 	bl	10004390 <stdio_out_chars_crlf>
100045b2:	6924      	ldr	r4, [r4, #16]
100045b4:	2c00      	cmp	r4, #0
100045b6:	d1ef      	bne.n	10004598 <__wrap_putchar+0x40>
100045b8:	b917      	cbnz	r7, 100045c0 <__wrap_putchar+0x68>
100045ba:	4630      	mov	r0, r6
100045bc:	b003      	add	sp, #12
100045be:	bdf0      	pop	{r4, r5, r6, r7, pc}
100045c0:	4803      	ldr	r0, [pc, #12]	@ (100045d0 <__wrap_putchar+0x78>)
100045c2:	f003 fb01 	bl	10007bc8 <__mutex_exit_veneer>
100045c6:	4630      	mov	r0, r6
100045c8:	b003      	add	sp, #12
100045ca:	bdf0      	pop	{r4, r5, r6, r7, pc}
100045cc:	000f4240 	.word	0x000f4240
100045d0:	20002208 	.word	0x20002208
100045d4:	20002b4c 	.word	0x20002b4c
100045d8:	20002b58 	.word	0x20002b58

100045dc <__wrap_puts>:
100045dc:	b538      	push	{r3, r4, r5, lr}
100045de:	4604      	mov	r4, r0
100045e0:	f003 f960 	bl	100078a4 <strlen>
100045e4:	2301      	movs	r3, #1
100045e6:	4605      	mov	r5, r0
100045e8:	461a      	mov	r2, r3
100045ea:	4620      	mov	r0, r4
100045ec:	4629      	mov	r1, r5
100045ee:	f7ff ff27 	bl	10004440 <stdio_put_string>
100045f2:	4b08      	ldr	r3, [pc, #32]	@ (10004614 <__wrap_puts+0x38>)
100045f4:	681c      	ldr	r4, [r3, #0]
100045f6:	b12c      	cbz	r4, 10004604 <__wrap_puts+0x28>
100045f8:	6863      	ldr	r3, [r4, #4]
100045fa:	b12b      	cbz	r3, 10004608 <__wrap_puts+0x2c>
100045fc:	4798      	blx	r3
100045fe:	6924      	ldr	r4, [r4, #16]
10004600:	2c00      	cmp	r4, #0
10004602:	d1f9      	bne.n	100045f8 <__wrap_puts+0x1c>
10004604:	4628      	mov	r0, r5
10004606:	bd38      	pop	{r3, r4, r5, pc}
10004608:	6924      	ldr	r4, [r4, #16]
1000460a:	2c00      	cmp	r4, #0
1000460c:	d1f4      	bne.n	100045f8 <__wrap_puts+0x1c>
1000460e:	4628      	mov	r0, r5
10004610:	bd38      	pop	{r3, r4, r5, pc}
10004612:	bf00      	nop
10004614:	20002b4c 	.word	0x20002b4c

10004618 <resetd_init>:
10004618:	4770      	bx	lr
1000461a:	bf00      	nop

1000461c <resetd_reset>:
1000461c:	2200      	movs	r2, #0
1000461e:	4b01      	ldr	r3, [pc, #4]	@ (10004624 <resetd_reset+0x8>)
10004620:	701a      	strb	r2, [r3, #0]
10004622:	4770      	bx	lr
10004624:	20028819 	.word	0x20028819

10004628 <resetd_open>:
10004628:	794b      	ldrb	r3, [r1, #5]
1000462a:	2bff      	cmp	r3, #255	@ 0xff
1000462c:	d10b      	bne.n	10004646 <resetd_open+0x1e>
1000462e:	7988      	ldrb	r0, [r1, #6]
10004630:	b948      	cbnz	r0, 10004646 <resetd_open+0x1e>
10004632:	79cb      	ldrb	r3, [r1, #7]
10004634:	2b01      	cmp	r3, #1
10004636:	d107      	bne.n	10004648 <resetd_open+0x20>
10004638:	2a08      	cmp	r2, #8
1000463a:	d905      	bls.n	10004648 <resetd_open+0x20>
1000463c:	4b03      	ldr	r3, [pc, #12]	@ (1000464c <resetd_open+0x24>)
1000463e:	788a      	ldrb	r2, [r1, #2]
10004640:	2009      	movs	r0, #9
10004642:	701a      	strb	r2, [r3, #0]
10004644:	4770      	bx	lr
10004646:	2000      	movs	r0, #0
10004648:	4770      	bx	lr
1000464a:	bf00      	nop
1000464c:	20028819 	.word	0x20028819

10004650 <resetd_xfer_cb>:
10004650:	2001      	movs	r0, #1
10004652:	4770      	bx	lr

10004654 <resetd_control_xfer_cb>:
10004654:	2901      	cmp	r1, #1
10004656:	d001      	beq.n	1000465c <resetd_control_xfer_cb+0x8>
10004658:	2001      	movs	r0, #1
1000465a:	4770      	bx	lr
1000465c:	b508      	push	{r3, lr}
1000465e:	4b10      	ldr	r3, [pc, #64]	@ (100046a0 <resetd_control_xfer_cb+0x4c>)
10004660:	8891      	ldrh	r1, [r2, #4]
10004662:	781b      	ldrb	r3, [r3, #0]
10004664:	4299      	cmp	r1, r3
10004666:	d001      	beq.n	1000466c <resetd_control_xfer_cb+0x18>
10004668:	2000      	movs	r0, #0
1000466a:	bd08      	pop	{r3, pc}
1000466c:	7853      	ldrb	r3, [r2, #1]
1000466e:	2b01      	cmp	r3, #1
10004670:	d008      	beq.n	10004684 <resetd_control_xfer_cb+0x30>
10004672:	2b02      	cmp	r3, #2
10004674:	d1f8      	bne.n	10004668 <resetd_control_xfer_cb+0x14>
10004676:	2100      	movs	r1, #0
10004678:	2264      	movs	r2, #100	@ 0x64
1000467a:	4608      	mov	r0, r1
1000467c:	f7ff fc2c 	bl	10003ed8 <watchdog_reboot>
10004680:	2001      	movs	r0, #1
10004682:	bd08      	pop	{r3, pc}
10004684:	8851      	ldrh	r1, [r2, #2]
10004686:	05cb      	lsls	r3, r1, #23
10004688:	bf48      	it	mi
1000468a:	0a48      	lsrmi	r0, r1, #9
1000468c:	f3c1 2240 	ubfx	r2, r1, #9, #1
10004690:	bf58      	it	pl
10004692:	f04f 30ff 	movpl.w	r0, #4294967295	@ 0xffffffff
10004696:	f001 017f 	and.w	r1, r1, #127	@ 0x7f
1000469a:	f7ff fc9b 	bl	10003fd4 <rom_reset_usb_boot_extra>
1000469e:	bf00      	nop
100046a0:	20028819 	.word	0x20028819

100046a4 <tud_descriptor_bos_cb>:
100046a4:	4800      	ldr	r0, [pc, #0]	@ (100046a8 <tud_descriptor_bos_cb+0x4>)
100046a6:	4770      	bx	lr
100046a8:	1000a6d8 	.word	0x1000a6d8

100046ac <tud_vendor_control_xfer_cb>:
100046ac:	2901      	cmp	r1, #1
100046ae:	d107      	bne.n	100046c0 <tud_vendor_control_xfer_cb+0x14>
100046b0:	7853      	ldrb	r3, [r2, #1]
100046b2:	2b01      	cmp	r3, #1
100046b4:	d102      	bne.n	100046bc <tud_vendor_control_xfer_cb+0x10>
100046b6:	8893      	ldrh	r3, [r2, #4]
100046b8:	2b07      	cmp	r3, #7
100046ba:	d003      	beq.n	100046c4 <tud_vendor_control_xfer_cb+0x18>
100046bc:	2000      	movs	r0, #0
100046be:	4770      	bx	lr
100046c0:	2001      	movs	r0, #1
100046c2:	4770      	bx	lr
100046c4:	4611      	mov	r1, r2
100046c6:	23a6      	movs	r3, #166	@ 0xa6
100046c8:	4a01      	ldr	r2, [pc, #4]	@ (100046d0 <tud_vendor_control_xfer_cb+0x24>)
100046ca:	f001 ba39 	b.w	10005b40 <tud_control_xfer>
100046ce:	bf00      	nop
100046d0:	1000a630 	.word	0x1000a630

100046d4 <usbd_app_driver_get_cb>:
100046d4:	4603      	mov	r3, r0
100046d6:	2201      	movs	r2, #1
100046d8:	4801      	ldr	r0, [pc, #4]	@ (100046e0 <usbd_app_driver_get_cb+0xc>)
100046da:	701a      	strb	r2, [r3, #0]
100046dc:	4770      	bx	lr
100046de:	bf00      	nop
100046e0:	1000a610 	.word	0x1000a610

100046e4 <tud_cdc_line_coding_cb>:
100046e4:	b508      	push	{r3, lr}
100046e6:	680b      	ldr	r3, [r1, #0]
100046e8:	f5b3 6f96 	cmp.w	r3, #1200	@ 0x4b0
100046ec:	d000      	beq.n	100046f0 <tud_cdc_line_coding_cb+0xc>
100046ee:	bd08      	pop	{r3, pc}
100046f0:	2200      	movs	r2, #0
100046f2:	f04f 30ff 	mov.w	r0, #4294967295	@ 0xffffffff
100046f6:	4611      	mov	r1, r2
100046f8:	f7ff fc6c 	bl	10003fd4 <rom_reset_usb_boot_extra>

100046fc <stdio_usb_set_chars_available_callback>:
100046fc:	4a02      	ldr	r2, [pc, #8]	@ (10004708 <stdio_usb_set_chars_available_callback+0xc>)
100046fe:	4b03      	ldr	r3, [pc, #12]	@ (1000470c <stdio_usb_set_chars_available_callback+0x10>)
10004700:	6010      	str	r0, [r2, #0]
10004702:	6019      	str	r1, [r3, #0]
10004704:	4770      	bx	lr
10004706:	bf00      	nop
10004708:	20002ae8 	.word	0x20002ae8
1000470c:	20002aec 	.word	0x20002aec

10004710 <timer_task>:
10004710:	4b18      	ldr	r3, [pc, #96]	@ (10004774 <timer_task+0x64>)
10004712:	b570      	push	{r4, r5, r6, lr}
10004714:	681a      	ldr	r2, [r3, #0]
10004716:	2a00      	cmp	r2, #0
10004718:	d028      	beq.n	1000476c <timer_task+0x5c>
1000471a:	f3ef 8110 	mrs	r1, PRIMASK
1000471e:	b672      	cpsid	i
10004720:	e8d2 4fcf 	ldaexb	r4, [r2]
10004724:	2001      	movs	r0, #1
10004726:	2c00      	cmp	r4, #0
10004728:	d1fa      	bne.n	10004720 <timer_task+0x10>
1000472a:	e8c2 0f44 	strexb	r4, r0, [r2]
1000472e:	2c00      	cmp	r4, #0
10004730:	d1f6      	bne.n	10004720 <timer_task+0x10>
10004732:	f3bf 8f5f 	dmb	sy
10004736:	2200      	movs	r2, #0
10004738:	4c0f      	ldr	r4, [pc, #60]	@ (10004778 <timer_task+0x68>)
1000473a:	6818      	ldr	r0, [r3, #0]
1000473c:	6059      	str	r1, [r3, #4]
1000473e:	7022      	strb	r2, [r4, #0]
10004740:	e8c0 2f8f 	stlb	r2, [r0]
10004744:	f381 8810 	msr	PRIMASK, r1
10004748:	2400      	movs	r4, #0
1000474a:	2500      	movs	r5, #0
1000474c:	4e0b      	ldr	r6, [pc, #44]	@ (1000477c <timer_task+0x6c>)
1000474e:	7830      	ldrb	r0, [r6, #0]
10004750:	f7fe fad2 	bl	10002cf8 <irq_is_enabled>
10004754:	b920      	cbnz	r0, 10004760 <timer_task+0x50>
10004756:	2400      	movs	r4, #0
10004758:	2500      	movs	r5, #0
1000475a:	4620      	mov	r0, r4
1000475c:	4629      	mov	r1, r5
1000475e:	bd70      	pop	{r4, r5, r6, pc}
10004760:	7830      	ldrb	r0, [r6, #0]
10004762:	f7fe fad9 	bl	10002d18 <irq_set_pending>
10004766:	4620      	mov	r0, r4
10004768:	4629      	mov	r1, r5
1000476a:	bd70      	pop	{r4, r5, r6, pc}
1000476c:	f44f 747a 	mov.w	r4, #1000	@ 0x3e8
10004770:	2500      	movs	r5, #0
10004772:	e7eb      	b.n	1000474c <timer_task+0x3c>
10004774:	20002f90 	.word	0x20002f90
10004778:	2002881b 	.word	0x2002881b
1000477c:	2002881a 	.word	0x2002881a

10004780 <usb_irq>:
10004780:	4b01      	ldr	r3, [pc, #4]	@ (10004788 <usb_irq+0x8>)
10004782:	7818      	ldrb	r0, [r3, #0]
10004784:	f7fe bac8 	b.w	10002d18 <irq_set_pending>
10004788:	2002881a 	.word	0x2002881a

1000478c <stdio_usb_in_chars>:
1000478c:	b538      	push	{r3, r4, r5, lr}
1000478e:	4604      	mov	r4, r0
10004790:	2000      	movs	r0, #0
10004792:	460d      	mov	r5, r1
10004794:	f001 fb04 	bl	10005da0 <tud_cdc_n_connected>
10004798:	b3a8      	cbz	r0, 10004806 <stdio_usb_in_chars+0x7a>
1000479a:	2000      	movs	r0, #0
1000479c:	f001 fb16 	bl	10005dcc <tud_cdc_n_available>
100047a0:	b388      	cbz	r0, 10004806 <stdio_usb_in_chars+0x7a>
100047a2:	f7ff f94b 	bl	10003a3c <time_us_64>
100047a6:	f04f 3eff 	mov.w	lr, #4294967295	@ 0xffffffff
100047aa:	f06f 4c00 	mvn.w	ip, #2147483648	@ 0x80000000
100047ae:	4a17      	ldr	r2, [pc, #92]	@ (1000480c <stdio_usb_in_chars+0x80>)
100047b0:	1882      	adds	r2, r0, r2
100047b2:	f141 0300 	adc.w	r3, r1, #0
100047b6:	4596      	cmp	lr, r2
100047b8:	eb7c 0103 	sbcs.w	r1, ip, r3
100047bc:	bf3c      	itt	cc
100047be:	4672      	movcc	r2, lr
100047c0:	4663      	movcc	r3, ip
100047c2:	4813      	ldr	r0, [pc, #76]	@ (10004810 <stdio_usb_in_chars+0x84>)
100047c4:	f003 fa10 	bl	10007be8 <__mutex_try_enter_block_until_veneer>
100047c8:	b1e8      	cbz	r0, 10004806 <stdio_usb_in_chars+0x7a>
100047ca:	2000      	movs	r0, #0
100047cc:	f001 fae8 	bl	10005da0 <tud_cdc_n_connected>
100047d0:	b958      	cbnz	r0, 100047ea <stdio_usb_in_chars+0x5e>
100047d2:	2100      	movs	r1, #0
100047d4:	f04f 30ff 	mov.w	r0, #4294967295	@ 0xffffffff
100047d8:	f000 fd0a 	bl	100051f0 <tud_task_ext>
100047dc:	f06f 0402 	mvn.w	r4, #2
100047e0:	480b      	ldr	r0, [pc, #44]	@ (10004810 <stdio_usb_in_chars+0x84>)
100047e2:	f003 f9f1 	bl	10007bc8 <__mutex_exit_veneer>
100047e6:	4620      	mov	r0, r4
100047e8:	bd38      	pop	{r3, r4, r5, pc}
100047ea:	2000      	movs	r0, #0
100047ec:	f001 faee 	bl	10005dcc <tud_cdc_n_available>
100047f0:	2800      	cmp	r0, #0
100047f2:	d0ee      	beq.n	100047d2 <stdio_usb_in_chars+0x46>
100047f4:	4621      	mov	r1, r4
100047f6:	462a      	mov	r2, r5
100047f8:	2000      	movs	r0, #0
100047fa:	f001 faf1 	bl	10005de0 <tud_cdc_n_read>
100047fe:	4604      	mov	r4, r0
10004800:	2800      	cmp	r0, #0
10004802:	d1ed      	bne.n	100047e0 <stdio_usb_in_chars+0x54>
10004804:	e7ea      	b.n	100047dc <stdio_usb_in_chars+0x50>
10004806:	f06f 0402 	mvn.w	r4, #2
1000480a:	e7ec      	b.n	100047e6 <stdio_usb_in_chars+0x5a>
1000480c:	000f4240 	.word	0x000f4240
10004810:	20002fcc 	.word	0x20002fcc

10004814 <stdio_usb_out_flush>:
10004814:	b508      	push	{r3, lr}
10004816:	f7ff f911 	bl	10003a3c <time_us_64>
1000481a:	f04f 3eff 	mov.w	lr, #4294967295	@ 0xffffffff
1000481e:	f06f 4c00 	mvn.w	ip, #2147483648	@ 0x80000000
10004822:	4a0f      	ldr	r2, [pc, #60]	@ (10004860 <stdio_usb_out_flush+0x4c>)
10004824:	1882      	adds	r2, r0, r2
10004826:	f141 0300 	adc.w	r3, r1, #0
1000482a:	4596      	cmp	lr, r2
1000482c:	eb7c 0103 	sbcs.w	r1, ip, r3
10004830:	bf3c      	itt	cc
10004832:	4672      	movcc	r2, lr
10004834:	4663      	movcc	r3, ip
10004836:	480b      	ldr	r0, [pc, #44]	@ (10004864 <stdio_usb_out_flush+0x50>)
10004838:	f003 f9d6 	bl	10007be8 <__mutex_try_enter_block_until_veneer>
1000483c:	b170      	cbz	r0, 1000485c <stdio_usb_out_flush+0x48>
1000483e:	f04f 30ff 	mov.w	r0, #4294967295	@ 0xffffffff
10004842:	2100      	movs	r1, #0
10004844:	f000 fcd4 	bl	100051f0 <tud_task_ext>
10004848:	2000      	movs	r0, #0
1000484a:	f001 fb11 	bl	10005e70 <tud_cdc_n_write_flush>
1000484e:	2800      	cmp	r0, #0
10004850:	d1f5      	bne.n	1000483e <stdio_usb_out_flush+0x2a>
10004852:	e8bd 4008 	ldmia.w	sp!, {r3, lr}
10004856:	4803      	ldr	r0, [pc, #12]	@ (10004864 <stdio_usb_out_flush+0x50>)
10004858:	f003 b9b6 	b.w	10007bc8 <__mutex_exit_veneer>
1000485c:	bd08      	pop	{r3, pc}
1000485e:	bf00      	nop
10004860:	000f4240 	.word	0x000f4240
10004864:	20002fcc 	.word	0x20002fcc

10004868 <stdio_usb_out_chars>:
10004868:	e92d 43f8 	stmdb	sp!, {r3, r4, r5, r6, r7, r8, r9, lr}
1000486c:	4680      	mov	r8, r0
1000486e:	460f      	mov	r7, r1
10004870:	f7ff f8e4 	bl	10003a3c <time_us_64>
10004874:	f04f 35ff 	mov.w	r5, #4294967295	@ 0xffffffff
10004878:	f06f 4400 	mvn.w	r4, #2147483648	@ 0x80000000
1000487c:	4a33      	ldr	r2, [pc, #204]	@ (1000494c <stdio_usb_out_chars+0xe4>)
1000487e:	1882      	adds	r2, r0, r2
10004880:	f141 0300 	adc.w	r3, r1, #0
10004884:	4295      	cmp	r5, r2
10004886:	eb74 0103 	sbcs.w	r1, r4, r3
1000488a:	bf3c      	itt	cc
1000488c:	462a      	movcc	r2, r5
1000488e:	4623      	movcc	r3, r4
10004890:	482f      	ldr	r0, [pc, #188]	@ (10004950 <stdio_usb_out_chars+0xe8>)
10004892:	f003 f9a9 	bl	10007be8 <__mutex_try_enter_block_until_veneer>
10004896:	b908      	cbnz	r0, 1000489c <stdio_usb_out_chars+0x34>
10004898:	e8bd 83f8 	ldmia.w	sp!, {r3, r4, r5, r6, r7, r8, r9, pc}
1000489c:	2000      	movs	r0, #0
1000489e:	f001 fa7f 	bl	10005da0 <tud_cdc_n_connected>
100048a2:	2800      	cmp	r0, #0
100048a4:	d047      	beq.n	10004936 <stdio_usb_out_chars+0xce>
100048a6:	2f00      	cmp	r7, #0
100048a8:	dd40      	ble.n	1000492c <stdio_usb_out_chars+0xc4>
100048aa:	2500      	movs	r5, #0
100048ac:	f8df 90a8 	ldr.w	r9, [pc, #168]	@ 10004958 <stdio_usb_out_chars+0xf0>
100048b0:	4e28      	ldr	r6, [pc, #160]	@ (10004954 <stdio_usb_out_chars+0xec>)
100048b2:	e013      	b.n	100048dc <stdio_usb_out_chars+0x74>
100048b4:	4622      	mov	r2, r4
100048b6:	2000      	movs	r0, #0
100048b8:	f001 fb20 	bl	10005efc <tud_cdc_n_write>
100048bc:	2100      	movs	r1, #0
100048be:	4604      	mov	r4, r0
100048c0:	f04f 30ff 	mov.w	r0, #4294967295	@ 0xffffffff
100048c4:	f000 fc94 	bl	100051f0 <tud_task_ext>
100048c8:	2000      	movs	r0, #0
100048ca:	f001 fad1 	bl	10005e70 <tud_cdc_n_write_flush>
100048ce:	f7ff f8b5 	bl	10003a3c <time_us_64>
100048d2:	e9c9 0100 	strd	r0, r1, [r9]
100048d6:	4425      	add	r5, r4
100048d8:	42af      	cmp	r7, r5
100048da:	dd27      	ble.n	1000492c <stdio_usb_out_chars+0xc4>
100048dc:	2000      	movs	r0, #0
100048de:	f001 fb2d 	bl	10005f3c <tud_cdc_n_write_available>
100048e2:	1b7c      	subs	r4, r7, r5
100048e4:	4284      	cmp	r4, r0
100048e6:	bfa8      	it	ge
100048e8:	4604      	movge	r4, r0
100048ea:	eb08 0105 	add.w	r1, r8, r5
100048ee:	2c00      	cmp	r4, #0
100048f0:	d1e0      	bne.n	100048b4 <stdio_usb_out_chars+0x4c>
100048f2:	4621      	mov	r1, r4
100048f4:	f04f 30ff 	mov.w	r0, #4294967295	@ 0xffffffff
100048f8:	f000 fc7a 	bl	100051f0 <tud_task_ext>
100048fc:	4620      	mov	r0, r4
100048fe:	f001 fab7 	bl	10005e70 <tud_cdc_n_write_flush>
10004902:	4620      	mov	r0, r4
10004904:	f001 fa4c 	bl	10005da0 <tud_cdc_n_connected>
10004908:	b180      	cbz	r0, 1000492c <stdio_usb_out_chars+0xc4>
1000490a:	4620      	mov	r0, r4
1000490c:	f001 fb16 	bl	10005f3c <tud_cdc_n_write_available>
10004910:	2800      	cmp	r0, #0
10004912:	d1e1      	bne.n	100048d8 <stdio_usb_out_chars+0x70>
10004914:	f7ff f892 	bl	10003a3c <time_us_64>
10004918:	f8d9 3000 	ldr.w	r3, [r9]
1000491c:	f8d9 2004 	ldr.w	r2, [r9, #4]
10004920:	199b      	adds	r3, r3, r6
10004922:	f142 0200 	adc.w	r2, r2, #0
10004926:	4283      	cmp	r3, r0
10004928:	418a      	sbcs	r2, r1
1000492a:	d2d5      	bcs.n	100048d8 <stdio_usb_out_chars+0x70>
1000492c:	4808      	ldr	r0, [pc, #32]	@ (10004950 <stdio_usb_out_chars+0xe8>)
1000492e:	e8bd 43f8 	ldmia.w	sp!, {r3, r4, r5, r6, r7, r8, r9, lr}
10004932:	f003 b949 	b.w	10007bc8 <__mutex_exit_veneer>
10004936:	2000      	movs	r0, #0
10004938:	2100      	movs	r1, #0
1000493a:	4b07      	ldr	r3, [pc, #28]	@ (10004958 <stdio_usb_out_chars+0xf0>)
1000493c:	e9c3 0100 	strd	r0, r1, [r3]
10004940:	e8bd 43f8 	ldmia.w	sp!, {r3, r4, r5, r6, r7, r8, r9, lr}
10004944:	4802      	ldr	r0, [pc, #8]	@ (10004950 <stdio_usb_out_chars+0xe8>)
10004946:	f003 b93f 	b.w	10007bc8 <__mutex_exit_veneer>
1000494a:	bf00      	nop
1000494c:	000f4240 	.word	0x000f4240
10004950:	20002fcc 	.word	0x20002fcc
10004954:	0007a120 	.word	0x0007a120
10004958:	20002390 	.word	0x20002390

1000495c <low_priority_worker_irq>:
1000495c:	b530      	push	{r4, r5, lr}
1000495e:	2100      	movs	r1, #0
10004960:	b085      	sub	sp, #20
10004962:	482e      	ldr	r0, [pc, #184]	@ (10004a1c <low_priority_worker_irq+0xc0>)
10004964:	f003 f944 	bl	10007bf0 <__mutex_try_enter_veneer>
10004968:	b9f0      	cbnz	r0, 100049a8 <low_priority_worker_irq+0x4c>
1000496a:	4b2d      	ldr	r3, [pc, #180]	@ (10004a20 <low_priority_worker_irq+0xc4>)
1000496c:	681a      	ldr	r2, [r3, #0]
1000496e:	b1ca      	cbz	r2, 100049a4 <low_priority_worker_irq+0x48>
10004970:	f3ef 8110 	mrs	r1, PRIMASK
10004974:	b672      	cpsid	i
10004976:	e8d2 5fcf 	ldaexb	r5, [r2]
1000497a:	2401      	movs	r4, #1
1000497c:	2d00      	cmp	r5, #0
1000497e:	d1fa      	bne.n	10004976 <low_priority_worker_irq+0x1a>
10004980:	e8c2 4f45 	strexb	r5, r4, [r2]
10004984:	2d00      	cmp	r5, #0
10004986:	d1f6      	bne.n	10004976 <low_priority_worker_irq+0x1a>
10004988:	f3bf 8f5f 	dmb	sy
1000498c:	4c25      	ldr	r4, [pc, #148]	@ (10004a24 <low_priority_worker_irq+0xc8>)
1000498e:	681d      	ldr	r5, [r3, #0]
10004990:	7822      	ldrb	r2, [r4, #0]
10004992:	6059      	str	r1, [r3, #4]
10004994:	b2d3      	uxtb	r3, r2
10004996:	2201      	movs	r2, #1
10004998:	7022      	strb	r2, [r4, #0]
1000499a:	e8c5 0f8f 	stlb	r0, [r5]
1000499e:	f381 8810 	msr	PRIMASK, r1
100049a2:	b1cb      	cbz	r3, 100049d8 <low_priority_worker_irq+0x7c>
100049a4:	b005      	add	sp, #20
100049a6:	bd30      	pop	{r4, r5, pc}
100049a8:	2100      	movs	r1, #0
100049aa:	f04f 30ff 	mov.w	r0, #4294967295	@ 0xffffffff
100049ae:	f000 fc1f 	bl	100051f0 <tud_task_ext>
100049b2:	2000      	movs	r0, #0
100049b4:	f001 fa0a 	bl	10005dcc <tud_cdc_n_available>
100049b8:	4604      	mov	r4, r0
100049ba:	4818      	ldr	r0, [pc, #96]	@ (10004a1c <low_priority_worker_irq+0xc0>)
100049bc:	f003 f904 	bl	10007bc8 <__mutex_exit_veneer>
100049c0:	2c00      	cmp	r4, #0
100049c2:	d0ef      	beq.n	100049a4 <low_priority_worker_irq+0x48>
100049c4:	4b18      	ldr	r3, [pc, #96]	@ (10004a28 <low_priority_worker_irq+0xcc>)
100049c6:	681b      	ldr	r3, [r3, #0]
100049c8:	2b00      	cmp	r3, #0
100049ca:	d0eb      	beq.n	100049a4 <low_priority_worker_irq+0x48>
100049cc:	4a17      	ldr	r2, [pc, #92]	@ (10004a2c <low_priority_worker_irq+0xd0>)
100049ce:	6810      	ldr	r0, [r2, #0]
100049d0:	b005      	add	sp, #20
100049d2:	e8bd 4030 	ldmia.w	sp!, {r4, r5, lr}
100049d6:	4718      	bx	r3
100049d8:	f7fe fdb6 	bl	10003548 <alarm_pool_get_default>
100049dc:	4604      	mov	r4, r0
100049de:	f7ff f82d 	bl	10003a3c <time_us_64>
100049e2:	f04f 3cff 	mov.w	ip, #4294967295	@ 0xffffffff
100049e6:	f06f 4500 	mvn.w	r5, #2147483648	@ 0x80000000
100049ea:	f510 727a 	adds.w	r2, r0, #1000	@ 0x3e8
100049ee:	f141 0300 	adc.w	r3, r1, #0
100049f2:	4594      	cmp	ip, r2
100049f4:	eb75 0103 	sbcs.w	r1, r5, r3
100049f8:	bf38      	it	cc
100049fa:	462b      	movcc	r3, r5
100049fc:	f04f 0100 	mov.w	r1, #0
10004a00:	f04f 0501 	mov.w	r5, #1
10004a04:	4620      	mov	r0, r4
10004a06:	4c0a      	ldr	r4, [pc, #40]	@ (10004a30 <low_priority_worker_irq+0xd4>)
10004a08:	bf38      	it	cc
10004a0a:	4662      	movcc	r2, ip
10004a0c:	e9cd 1501 	strd	r1, r5, [sp, #4]
10004a10:	9400      	str	r4, [sp, #0]
10004a12:	f7fe fd9d 	bl	10003550 <alarm_pool_add_alarm_at>
10004a16:	b005      	add	sp, #20
10004a18:	bd30      	pop	{r4, r5, pc}
10004a1a:	bf00      	nop
10004a1c:	20002fcc 	.word	0x20002fcc
10004a20:	20002f90 	.word	0x20002f90
10004a24:	2002881b 	.word	0x2002881b
10004a28:	20002ae8 	.word	0x20002ae8
10004a2c:	20002aec 	.word	0x20002aec
10004a30:	10004711 	.word	0x10004711

10004a34 <stdio_usb_init>:
10004a34:	f04f 4350 	mov.w	r3, #3489660928	@ 0xd0000000
10004a38:	b530      	push	{r4, r5, lr}
10004a3a:	b085      	sub	sp, #20
10004a3c:	681c      	ldr	r4, [r3, #0]
10004a3e:	f7fe fd83 	bl	10003548 <alarm_pool_get_default>
10004a42:	f7fe fe97 	bl	10003774 <alarm_pool_core_num>
10004a46:	42a0      	cmp	r0, r4
10004a48:	d002      	beq.n	10004a50 <stdio_usb_init+0x1c>
10004a4a:	2000      	movs	r0, #0
10004a4c:	b005      	add	sp, #20
10004a4e:	bd30      	pop	{r4, r5, pc}
10004a50:	2100      	movs	r1, #0
10004a52:	4b2a      	ldr	r3, [pc, #168]	@ (10004afc <stdio_usb_init+0xc8>)
10004a54:	4608      	mov	r0, r1
10004a56:	781b      	ldrb	r3, [r3, #0]
10004a58:	f001 fd38 	bl	100064cc <tusb_rhport_init>
10004a5c:	4828      	ldr	r0, [pc, #160]	@ (10004b00 <stdio_usb_init+0xcc>)
10004a5e:	6803      	ldr	r3, [r0, #0]
10004a60:	2b00      	cmp	r3, #0
10004a62:	d047      	beq.n	10004af4 <stdio_usb_init+0xc0>
10004a64:	2001      	movs	r0, #1
10004a66:	f7fe faf5 	bl	10003054 <user_irq_claim_unused>
10004a6a:	4603      	mov	r3, r0
10004a6c:	4c25      	ldr	r4, [pc, #148]	@ (10004b04 <stdio_usb_init+0xd0>)
10004a6e:	4926      	ldr	r1, [pc, #152]	@ (10004b08 <stdio_usb_init+0xd4>)
10004a70:	b2c0      	uxtb	r0, r0
10004a72:	7023      	strb	r3, [r4, #0]
10004a74:	f7fe f96c 	bl	10002d50 <irq_set_exclusive_handler>
10004a78:	7820      	ldrb	r0, [r4, #0]
10004a7a:	2101      	movs	r1, #1
10004a7c:	f7fe f926 	bl	10002ccc <irq_set_enabled>
10004a80:	200e      	movs	r0, #14
10004a82:	f7fe f955 	bl	10002d30 <irq_has_shared_handler>
10004a86:	bb40      	cbnz	r0, 10004ada <stdio_usb_init+0xa6>
10004a88:	4b20      	ldr	r3, [pc, #128]	@ (10004b0c <stdio_usb_init+0xd8>)
10004a8a:	2501      	movs	r5, #1
10004a8c:	e9c3 0000 	strd	r0, r0, [r3]
10004a90:	f7fe fd5a 	bl	10003548 <alarm_pool_get_default>
10004a94:	4604      	mov	r4, r0
10004a96:	f7fe ffd1 	bl	10003a3c <time_us_64>
10004a9a:	f04f 3eff 	mov.w	lr, #4294967295	@ 0xffffffff
10004a9e:	f06f 4c00 	mvn.w	ip, #2147483648	@ 0x80000000
10004aa2:	f510 727a 	adds.w	r2, r0, #1000	@ 0x3e8
10004aa6:	f141 0300 	adc.w	r3, r1, #0
10004aaa:	4596      	cmp	lr, r2
10004aac:	eb7c 0103 	sbcs.w	r1, ip, r3
10004ab0:	f04f 0100 	mov.w	r1, #0
10004ab4:	4620      	mov	r0, r4
10004ab6:	4c16      	ldr	r4, [pc, #88]	@ (10004b10 <stdio_usb_init+0xdc>)
10004ab8:	bf3c      	itt	cc
10004aba:	4672      	movcc	r2, lr
10004abc:	4663      	movcc	r3, ip
10004abe:	e9cd 1501 	strd	r1, r5, [sp, #4]
10004ac2:	9400      	str	r4, [sp, #0]
10004ac4:	f7fe fd44 	bl	10003550 <alarm_pool_add_alarm_at>
10004ac8:	2800      	cmp	r0, #0
10004aca:	dbbe      	blt.n	10004a4a <stdio_usb_init+0x16>
10004acc:	2101      	movs	r1, #1
10004ace:	4811      	ldr	r0, [pc, #68]	@ (10004b14 <stdio_usb_init+0xe0>)
10004ad0:	f7ff fd2c 	bl	1000452c <stdio_set_driver_enabled>
10004ad4:	2001      	movs	r0, #1
10004ad6:	b005      	add	sp, #20
10004ad8:	bd30      	pop	{r4, r5, pc}
10004ada:	2001      	movs	r0, #1
10004adc:	f7fe f8b2 	bl	10002c44 <spin_lock_claim_unused>
10004ae0:	4601      	mov	r1, r0
10004ae2:	480a      	ldr	r0, [pc, #40]	@ (10004b0c <stdio_usb_init+0xd8>)
10004ae4:	f7fe fb12 	bl	1000310c <critical_section_init_with_lock_num>
10004ae8:	2200      	movs	r2, #0
10004aea:	200e      	movs	r0, #14
10004aec:	490a      	ldr	r1, [pc, #40]	@ (10004b18 <stdio_usb_init+0xe4>)
10004aee:	f7fe f95f 	bl	10002db0 <irq_add_shared_handler>
10004af2:	e7eb      	b.n	10004acc <stdio_usb_init+0x98>
10004af4:	f7fe faee 	bl	100030d4 <mutex_init>
10004af8:	e7b4      	b.n	10004a64 <stdio_usb_init+0x30>
10004afa:	bf00      	nop
10004afc:	1000a7f0 	.word	0x1000a7f0
10004b00:	20002fcc 	.word	0x20002fcc
10004b04:	2002881a 	.word	0x2002881a
10004b08:	1000495d 	.word	0x1000495d
10004b0c:	20002f90 	.word	0x20002f90
10004b10:	10004711 	.word	0x10004711
10004b14:	20001c6c 	.word	0x20001c6c
10004b18:	10004781 	.word	0x10004781

10004b1c <tud_descriptor_device_cb>:
10004b1c:	4800      	ldr	r0, [pc, #0]	@ (10004b20 <tud_descriptor_device_cb+0x4>)
10004b1e:	4770      	bx	lr
10004b20:	1000a774 	.word	0x1000a774

10004b24 <tud_descriptor_configuration_cb>:
10004b24:	4800      	ldr	r0, [pc, #0]	@ (10004b28 <tud_descriptor_configuration_cb+0x4>)
10004b26:	4770      	bx	lr
10004b28:	1000a720 	.word	0x1000a720

10004b2c <tud_descriptor_string_cb>:
10004b2c:	b538      	push	{r3, r4, r5, lr}
10004b2e:	4b18      	ldr	r3, [pc, #96]	@ (10004b90 <tud_descriptor_string_cb+0x64>)
10004b30:	4604      	mov	r4, r0
10004b32:	781a      	ldrb	r2, [r3, #0]
10004b34:	b30a      	cbz	r2, 10004b7a <tud_descriptor_string_cb+0x4e>
10004b36:	b944      	cbnz	r4, 10004b4a <tud_descriptor_string_cb+0x1e>
10004b38:	f240 4209 	movw	r2, #1033	@ 0x409
10004b3c:	f44f 7341 	mov.w	r3, #772	@ 0x304
10004b40:	4d14      	ldr	r5, [pc, #80]	@ (10004b94 <tud_descriptor_string_cb+0x68>)
10004b42:	806a      	strh	r2, [r5, #2]
10004b44:	4813      	ldr	r0, [pc, #76]	@ (10004b94 <tud_descriptor_string_cb+0x68>)
10004b46:	802b      	strh	r3, [r5, #0]
10004b48:	bd38      	pop	{r3, r4, r5, pc}
10004b4a:	2c05      	cmp	r4, #5
10004b4c:	d81d      	bhi.n	10004b8a <tud_descriptor_string_cb+0x5e>
10004b4e:	4b12      	ldr	r3, [pc, #72]	@ (10004b98 <tud_descriptor_string_cb+0x6c>)
10004b50:	4d10      	ldr	r5, [pc, #64]	@ (10004b94 <tud_descriptor_string_cb+0x68>)
10004b52:	f853 1024 	ldr.w	r1, [r3, r4, lsl #2]
10004b56:	4628      	mov	r0, r5
10004b58:	2300      	movs	r3, #0
10004b5a:	3901      	subs	r1, #1
10004b5c:	e003      	b.n	10004b66 <tud_descriptor_string_cb+0x3a>
10004b5e:	2b13      	cmp	r3, #19
10004b60:	f820 2f02 	strh.w	r2, [r0, #2]!
10004b64:	d00e      	beq.n	10004b84 <tud_descriptor_string_cb+0x58>
10004b66:	f811 2f01 	ldrb.w	r2, [r1, #1]!
10004b6a:	3301      	adds	r3, #1
10004b6c:	b2db      	uxtb	r3, r3
10004b6e:	2a00      	cmp	r2, #0
10004b70:	d1f5      	bne.n	10004b5e <tud_descriptor_string_cb+0x32>
10004b72:	005b      	lsls	r3, r3, #1
10004b74:	f443 7340 	orr.w	r3, r3, #768	@ 0x300
10004b78:	e7e4      	b.n	10004b44 <tud_descriptor_string_cb+0x18>
10004b7a:	2111      	movs	r1, #17
10004b7c:	4618      	mov	r0, r3
10004b7e:	f000 f825 	bl	10004bcc <pico_get_unique_board_id_string>
10004b82:	e7d8      	b.n	10004b36 <tud_descriptor_string_cb+0xa>
10004b84:	f44f 734a 	mov.w	r3, #808	@ 0x328
10004b88:	e7dc      	b.n	10004b44 <tud_descriptor_string_cb+0x18>
10004b8a:	2000      	movs	r0, #0
10004b8c:	bd38      	pop	{r3, r4, r5, pc}
10004b8e:	bf00      	nop
10004b90:	20002fd8 	.word	0x20002fd8
10004b94:	20002b24 	.word	0x20002b24
10004b98:	1000a708 	.word	0x1000a708

10004b9c <_retrieve_unique_id_on_boot>:
10004b9c:	b500      	push	{lr}
10004b9e:	f245 3047 	movw	r0, #21319	@ 0x5347
10004ba2:	b08b      	sub	sp, #44	@ 0x2c
10004ba4:	f7ff fa0a 	bl	10003fbc <rom_func_lookup>
10004ba8:	2201      	movs	r2, #1
10004baa:	4603      	mov	r3, r0
10004bac:	2109      	movs	r1, #9
10004bae:	a801      	add	r0, sp, #4
10004bb0:	4798      	blx	r3
10004bb2:	e9dd 3203 	ldrd	r3, r2, [sp, #12]
10004bb6:	4904      	ldr	r1, [pc, #16]	@ (10004bc8 <_retrieve_unique_id_on_boot+0x2c>)
10004bb8:	ba12      	rev	r2, r2
10004bba:	ba1b      	rev	r3, r3
10004bbc:	e9c1 2300 	strd	r2, r3, [r1]
10004bc0:	b00b      	add	sp, #44	@ 0x2c
10004bc2:	f85d fb04 	ldr.w	pc, [sp], #4
10004bc6:	bf00      	nop
10004bc8:	20002fb8 	.word	0x20002fb8

10004bcc <pico_get_unique_board_id_string>:
10004bcc:	2901      	cmp	r1, #1
10004bce:	f101 33ff 	add.w	r3, r1, #4294967295	@ 0xffffffff
10004bd2:	f000 80b3 	beq.w	10004d3c <pico_get_unique_board_id_string+0x170>
10004bd6:	495d      	ldr	r1, [pc, #372]	@ (10004d4c <pico_get_unique_board_id_string+0x180>)
10004bd8:	780a      	ldrb	r2, [r1, #0]
10004bda:	ea4f 1c12 	mov.w	ip, r2, lsr #4
10004bde:	2a9f      	cmp	r2, #159	@ 0x9f
10004be0:	bf8c      	ite	hi
10004be2:	f10c 0c37 	addhi.w	ip, ip, #55	@ 0x37
10004be6:	f10c 0c30 	addls.w	ip, ip, #48	@ 0x30
10004bea:	2b01      	cmp	r3, #1
10004bec:	f880 c000 	strb.w	ip, [r0]
10004bf0:	f000 80a7 	beq.w	10004d42 <pico_get_unique_board_id_string+0x176>
10004bf4:	f002 020f 	and.w	r2, r2, #15
10004bf8:	2a09      	cmp	r2, #9
10004bfa:	bf8c      	ite	hi
10004bfc:	3237      	addhi	r2, #55	@ 0x37
10004bfe:	3230      	addls	r2, #48	@ 0x30
10004c00:	2b02      	cmp	r3, #2
10004c02:	7042      	strb	r2, [r0, #1]
10004c04:	f000 809d 	beq.w	10004d42 <pico_get_unique_board_id_string+0x176>
10004c08:	784a      	ldrb	r2, [r1, #1]
10004c0a:	ea4f 1c12 	mov.w	ip, r2, lsr #4
10004c0e:	2a9f      	cmp	r2, #159	@ 0x9f
10004c10:	bf8c      	ite	hi
10004c12:	f10c 0c37 	addhi.w	ip, ip, #55	@ 0x37
10004c16:	f10c 0c30 	addls.w	ip, ip, #48	@ 0x30
10004c1a:	2b03      	cmp	r3, #3
10004c1c:	f880 c002 	strb.w	ip, [r0, #2]
10004c20:	f000 808f 	beq.w	10004d42 <pico_get_unique_board_id_string+0x176>
10004c24:	f002 020f 	and.w	r2, r2, #15
10004c28:	2a09      	cmp	r2, #9
10004c2a:	bf8c      	ite	hi
10004c2c:	3237      	addhi	r2, #55	@ 0x37
10004c2e:	3230      	addls	r2, #48	@ 0x30
10004c30:	2b04      	cmp	r3, #4
10004c32:	70c2      	strb	r2, [r0, #3]
10004c34:	f000 8085 	beq.w	10004d42 <pico_get_unique_board_id_string+0x176>
10004c38:	788a      	ldrb	r2, [r1, #2]
10004c3a:	ea4f 1c12 	mov.w	ip, r2, lsr #4
10004c3e:	2a9f      	cmp	r2, #159	@ 0x9f
10004c40:	bf8c      	ite	hi
10004c42:	f10c 0c37 	addhi.w	ip, ip, #55	@ 0x37
10004c46:	f10c 0c30 	addls.w	ip, ip, #48	@ 0x30
10004c4a:	2b05      	cmp	r3, #5
10004c4c:	f880 c004 	strb.w	ip, [r0, #4]
10004c50:	d077      	beq.n	10004d42 <pico_get_unique_board_id_string+0x176>
10004c52:	f002 020f 	and.w	r2, r2, #15
10004c56:	2a09      	cmp	r2, #9
10004c58:	bf8c      	ite	hi
10004c5a:	3237      	addhi	r2, #55	@ 0x37
10004c5c:	3230      	addls	r2, #48	@ 0x30
10004c5e:	2b06      	cmp	r3, #6
10004c60:	7142      	strb	r2, [r0, #5]
10004c62:	d06e      	beq.n	10004d42 <pico_get_unique_board_id_string+0x176>
10004c64:	78ca      	ldrb	r2, [r1, #3]
10004c66:	ea4f 1c12 	mov.w	ip, r2, lsr #4
10004c6a:	2a9f      	cmp	r2, #159	@ 0x9f
10004c6c:	bf8c      	ite	hi
10004c6e:	f10c 0c37 	addhi.w	ip, ip, #55	@ 0x37
10004c72:	f10c 0c30 	addls.w	ip, ip, #48	@ 0x30
10004c76:	2b07      	cmp	r3, #7
10004c78:	f880 c006 	strb.w	ip, [r0, #6]
10004c7c:	d061      	beq.n	10004d42 <pico_get_unique_board_id_string+0x176>
10004c7e:	f002 020f 	and.w	r2, r2, #15
10004c82:	2a09      	cmp	r2, #9
10004c84:	bf8c      	ite	hi
10004c86:	3237      	addhi	r2, #55	@ 0x37
10004c88:	3230      	addls	r2, #48	@ 0x30
10004c8a:	2b08      	cmp	r3, #8
10004c8c:	71c2      	strb	r2, [r0, #7]
10004c8e:	d058      	beq.n	10004d42 <pico_get_unique_board_id_string+0x176>
10004c90:	790a      	ldrb	r2, [r1, #4]
10004c92:	ea4f 1c12 	mov.w	ip, r2, lsr #4
10004c96:	2a9f      	cmp	r2, #159	@ 0x9f
10004c98:	bf8c      	ite	hi
10004c9a:	f10c 0c37 	addhi.w	ip, ip, #55	@ 0x37
10004c9e:	f10c 0c30 	addls.w	ip, ip, #48	@ 0x30
10004ca2:	2b09      	cmp	r3, #9
10004ca4:	f880 c008 	strb.w	ip, [r0, #8]
10004ca8:	d04b      	beq.n	10004d42 <pico_get_unique_board_id_string+0x176>
10004caa:	f002 020f 	and.w	r2, r2, #15
10004cae:	2a09      	cmp	r2, #9
10004cb0:	bf8c      	ite	hi
10004cb2:	3237      	addhi	r2, #55	@ 0x37
10004cb4:	3230      	addls	r2, #48	@ 0x30
10004cb6:	2b0a      	cmp	r3, #10
10004cb8:	7242      	strb	r2, [r0, #9]
10004cba:	d042      	beq.n	10004d42 <pico_get_unique_board_id_string+0x176>
10004cbc:	794a      	ldrb	r2, [r1, #5]
10004cbe:	ea4f 1c12 	mov.w	ip, r2, lsr #4
10004cc2:	2a9f      	cmp	r2, #159	@ 0x9f
10004cc4:	bf8c      	ite	hi
10004cc6:	f10c 0c37 	addhi.w	ip, ip, #55	@ 0x37
10004cca:	f10c 0c30 	addls.w	ip, ip, #48	@ 0x30
10004cce:	2b0b      	cmp	r3, #11
10004cd0:	f880 c00a 	strb.w	ip, [r0, #10]
10004cd4:	d035      	beq.n	10004d42 <pico_get_unique_board_id_string+0x176>
10004cd6:	f002 020f 	and.w	r2, r2, #15
10004cda:	2a09      	cmp	r2, #9
10004cdc:	bf8c      	ite	hi
10004cde:	3237      	addhi	r2, #55	@ 0x37
10004ce0:	3230      	addls	r2, #48	@ 0x30
10004ce2:	2b0c      	cmp	r3, #12
10004ce4:	72c2      	strb	r2, [r0, #11]
10004ce6:	d02c      	beq.n	10004d42 <pico_get_unique_board_id_string+0x176>
10004ce8:	798a      	ldrb	r2, [r1, #6]
10004cea:	ea4f 1c12 	mov.w	ip, r2, lsr #4
10004cee:	2a9f      	cmp	r2, #159	@ 0x9f
10004cf0:	bf8c      	ite	hi
10004cf2:	f10c 0c37 	addhi.w	ip, ip, #55	@ 0x37
10004cf6:	f10c 0c30 	addls.w	ip, ip, #48	@ 0x30
10004cfa:	2b0d      	cmp	r3, #13
10004cfc:	f880 c00c 	strb.w	ip, [r0, #12]
10004d00:	d01f      	beq.n	10004d42 <pico_get_unique_board_id_string+0x176>
10004d02:	f002 020f 	and.w	r2, r2, #15
10004d06:	2a09      	cmp	r2, #9
10004d08:	bf8c      	ite	hi
10004d0a:	3237      	addhi	r2, #55	@ 0x37
10004d0c:	3230      	addls	r2, #48	@ 0x30
10004d0e:	2b0e      	cmp	r3, #14
10004d10:	7342      	strb	r2, [r0, #13]
10004d12:	d016      	beq.n	10004d42 <pico_get_unique_board_id_string+0x176>
10004d14:	79ca      	ldrb	r2, [r1, #7]
10004d16:	0911      	lsrs	r1, r2, #4
10004d18:	2a9f      	cmp	r2, #159	@ 0x9f
10004d1a:	bf8c      	ite	hi
10004d1c:	3137      	addhi	r1, #55	@ 0x37
10004d1e:	3130      	addls	r1, #48	@ 0x30
10004d20:	2b0f      	cmp	r3, #15
10004d22:	7381      	strb	r1, [r0, #14]
10004d24:	d00d      	beq.n	10004d42 <pico_get_unique_board_id_string+0x176>
10004d26:	f002 020f 	and.w	r2, r2, #15
10004d2a:	2a09      	cmp	r2, #9
10004d2c:	bf94      	ite	ls
10004d2e:	3230      	addls	r2, #48	@ 0x30
10004d30:	3237      	addhi	r2, #55	@ 0x37
10004d32:	2b10      	cmp	r3, #16
10004d34:	73c2      	strb	r2, [r0, #15]
10004d36:	bf18      	it	ne
10004d38:	3010      	addne	r0, #16
10004d3a:	d002      	beq.n	10004d42 <pico_get_unique_board_id_string+0x176>
10004d3c:	2300      	movs	r3, #0
10004d3e:	7003      	strb	r3, [r0, #0]
10004d40:	4770      	bx	lr
10004d42:	4418      	add	r0, r3
10004d44:	2300      	movs	r3, #0
10004d46:	7003      	strb	r3, [r0, #0]
10004d48:	4770      	bx	lr
10004d4a:	bf00      	nop
10004d4c:	20002fb8 	.word	0x20002fb8

10004d50 <dcd_init>:
10004d50:	b570      	push	{r4, r5, r6, lr}
10004d52:	f000 f92d 	bl	10004fb0 <rp2040_usb_init>
10004d56:	230c      	movs	r3, #12
10004d58:	2640      	movs	r6, #64	@ 0x40
10004d5a:	4c19      	ldr	r4, [pc, #100]	@ (10004dc0 <dcd_init+0x70>)
10004d5c:	22ff      	movs	r2, #255	@ 0xff
10004d5e:	67a3      	str	r3, [r4, #120]	@ 0x78
10004d60:	200e      	movs	r0, #14
10004d62:	4918      	ldr	r1, [pc, #96]	@ (10004dc4 <dcd_init+0x74>)
10004d64:	f7fe f824 	bl	10002db0 <irq_add_shared_handler>
10004d68:	4632      	mov	r2, r6
10004d6a:	2100      	movs	r1, #0
10004d6c:	4816      	ldr	r0, [pc, #88]	@ (10004dc8 <dcd_init+0x78>)
10004d6e:	f002 fcab 	bl	100076c8 <memset>
10004d72:	2501      	movs	r5, #1
10004d74:	2300      	movs	r3, #0
10004d76:	2180      	movs	r1, #128	@ 0x80
10004d78:	4813      	ldr	r0, [pc, #76]	@ (10004dc8 <dcd_init+0x78>)
10004d7a:	4a14      	ldr	r2, [pc, #80]	@ (10004dcc <dcd_init+0x7c>)
10004d7c:	8441      	strh	r1, [r0, #34]	@ 0x22
10004d7e:	7045      	strb	r5, [r0, #1]
10004d80:	8306      	strh	r6, [r0, #24]
10004d82:	8706      	strh	r6, [r0, #56]	@ 0x38
10004d84:	6082      	str	r2, [r0, #8]
10004d86:	6043      	str	r3, [r0, #4]
10004d88:	6013      	str	r3, [r2, #0]
10004d8a:	f842 3c04 	str.w	r3, [r2, #-4]
10004d8e:	f880 3021 	strb.w	r3, [r0, #33]	@ 0x21
10004d92:	f880 303b 	strb.w	r3, [r0, #59]	@ 0x3b
10004d96:	6243      	str	r3, [r0, #36]	@ 0x24
10004d98:	4b0d      	ldr	r3, [pc, #52]	@ (10004dd0 <dcd_init+0x80>)
10004d9a:	f04f 5600 	mov.w	r6, #536870912	@ 0x20000000
10004d9e:	60c3      	str	r3, [r0, #12]
10004da0:	62c3      	str	r3, [r0, #44]	@ 0x2c
10004da2:	3b80      	subs	r3, #128	@ 0x80
10004da4:	6283      	str	r3, [r0, #40]	@ 0x28
10004da6:	f002 ff27 	bl	10007bf8 <__reset_non_control_endpoints_veneer>
10004daa:	f44f 3280 	mov.w	r2, #65536	@ 0x10000
10004dae:	4909      	ldr	r1, [pc, #36]	@ (10004dd4 <dcd_init+0x84>)
10004db0:	4b09      	ldr	r3, [pc, #36]	@ (10004dd8 <dcd_init+0x88>)
10004db2:	6425      	str	r5, [r4, #64]	@ 0x40
10004db4:	4628      	mov	r0, r5
10004db6:	64e6      	str	r6, [r4, #76]	@ 0x4c
10004db8:	f8c4 1090 	str.w	r1, [r4, #144]	@ 0x90
10004dbc:	64da      	str	r2, [r3, #76]	@ 0x4c
10004dbe:	bd70      	pop	{r4, r5, r6, pc}
10004dc0:	50110000 	.word	0x50110000
10004dc4:	200010f5 	.word	0x200010f5
10004dc8:	20002b68 	.word	0x20002b68
10004dcc:	50100084 	.word	0x50100084
10004dd0:	50100100 	.word	0x50100100
10004dd4:	0001d010 	.word	0x0001d010
10004dd8:	50112000 	.word	0x50112000

10004ddc <dcd_int_enable>:
10004ddc:	2101      	movs	r1, #1
10004dde:	200e      	movs	r0, #14
10004de0:	f7fd bf74 	b.w	10002ccc <irq_set_enabled>

10004de4 <dcd_set_address>:
10004de4:	2200      	movs	r2, #0
10004de6:	4802      	ldr	r0, [pc, #8]	@ (10004df0 <dcd_set_address+0xc>)
10004de8:	4611      	mov	r1, r2
10004dea:	f000 b901 	b.w	10004ff0 <hw_endpoint_xfer_start>
10004dee:	bf00      	nop
10004df0:	20002b88 	.word	0x20002b88

10004df4 <dcd_sof_enable>:
10004df4:	4b04      	ldr	r3, [pc, #16]	@ (10004e08 <dcd_sof_enable+0x14>)
10004df6:	7019      	strb	r1, [r3, #0]
10004df8:	b121      	cbz	r1, 10004e04 <dcd_sof_enable+0x10>
10004dfa:	f44f 3200 	mov.w	r2, #131072	@ 0x20000
10004dfe:	4b03      	ldr	r3, [pc, #12]	@ (10004e0c <dcd_sof_enable+0x18>)
10004e00:	f8c3 2090 	str.w	r2, [r3, #144]	@ 0x90
10004e04:	4770      	bx	lr
10004e06:	bf00      	nop
10004e08:	20028815 	.word	0x20028815
10004e0c:	50112000 	.word	0x50112000

10004e10 <dcd_edpt0_status_complete>:
10004e10:	780b      	ldrb	r3, [r1, #0]
10004e12:	065b      	lsls	r3, r3, #25
10004e14:	d102      	bne.n	10004e1c <dcd_edpt0_status_complete+0xc>
10004e16:	784b      	ldrb	r3, [r1, #1]
10004e18:	2b05      	cmp	r3, #5
10004e1a:	d000      	beq.n	10004e1e <dcd_edpt0_status_complete+0xe>
10004e1c:	4770      	bx	lr
10004e1e:	884b      	ldrh	r3, [r1, #2]
10004e20:	4a01      	ldr	r2, [pc, #4]	@ (10004e28 <dcd_edpt0_status_complete+0x18>)
10004e22:	b2db      	uxtb	r3, r3
10004e24:	6013      	str	r3, [r2, #0]
10004e26:	4770      	bx	lr
10004e28:	50110000 	.word	0x50110000

10004e2c <dcd_edpt_open>:
10004e2c:	78cb      	ldrb	r3, [r1, #3]
10004e2e:	e92d 41f0 	stmdb	sp!, {r4, r5, r6, r7, r8, lr}
10004e32:	f003 0e03 	and.w	lr, r3, #3
10004e36:	f1be 0f01 	cmp.w	lr, #1
10004e3a:	f3c3 0001 	ubfx	r0, r3, #0, #2
10004e3e:	d05b      	beq.n	10004ef8 <dcd_edpt_open+0xcc>
10004e40:	2700      	movs	r7, #0
10004e42:	f891 c002 	ldrb.w	ip, [r1, #2]
10004e46:	4c34      	ldr	r4, [pc, #208]	@ (10004f18 <dcd_edpt_open+0xec>)
10004e48:	f00c 027f 	and.w	r2, ip, #127	@ 0x7f
10004e4c:	0056      	lsls	r6, r2, #1
10004e4e:	8889      	ldrh	r1, [r1, #4]
10004e50:	eb06 13dc 	add.w	r3, r6, ip, lsr #7
10004e54:	eb04 1343 	add.w	r3, r4, r3, lsl #5
10004e58:	ea4f 15dc 	mov.w	r5, ip, lsr #7
10004e5c:	76d8      	strb	r0, [r3, #27]
10004e5e:	f3c1 010a 	ubfx	r1, r1, #0, #11
10004e62:	f085 0001 	eor.w	r0, r5, #1
10004e66:	f883 c002 	strb.w	ip, [r3, #2]
10004e6a:	8319      	strh	r1, [r3, #24]
10004e6c:	7058      	strb	r0, [r3, #1]
10004e6e:	70df      	strb	r7, [r3, #3]
10004e70:	00d3      	lsls	r3, r2, #3
10004e72:	bb8d      	cbnz	r5, 10004ed8 <dcd_edpt_open+0xac>
10004e74:	4829      	ldr	r0, [pc, #164]	@ (10004f1c <dcd_edpt_open+0xf0>)
10004e76:	3304      	adds	r3, #4
10004e78:	eb04 1c82 	add.w	ip, r4, r2, lsl #6
10004e7c:	eb03 0800 	add.w	r8, r3, r0
10004e80:	f8cc 8008 	str.w	r8, [ip, #8]
10004e84:	501f      	str	r7, [r3, r0]
10004e86:	b382      	cbz	r2, 10004eea <dcd_edpt_open+0xbe>
10004e88:	4b25      	ldr	r3, [pc, #148]	@ (10004f20 <dcd_edpt_open+0xf4>)
10004e8a:	00d2      	lsls	r2, r2, #3
10004e8c:	4413      	add	r3, r2
10004e8e:	f8cc 3004 	str.w	r3, [ip, #4]
10004e92:	4b24      	ldr	r3, [pc, #144]	@ (10004f24 <dcd_edpt_open+0xf8>)
10004e94:	313f      	adds	r1, #63	@ 0x3f
10004e96:	681a      	ldr	r2, [r3, #0]
10004e98:	f021 013f 	bic.w	r1, r1, #63	@ 0x3f
10004e9c:	f1be 0f02 	cmp.w	lr, #2
10004ea0:	bf08      	it	eq
10004ea2:	0049      	lsleq	r1, r1, #1
10004ea4:	4411      	add	r1, r2
10004ea6:	6019      	str	r1, [r3, #0]
10004ea8:	4b1f      	ldr	r3, [pc, #124]	@ (10004f28 <dcd_edpt_open+0xfc>)
10004eaa:	1977      	adds	r7, r6, r5
10004eac:	eb04 1747 	add.w	r7, r4, r7, lsl #5
10004eb0:	4299      	cmp	r1, r3
10004eb2:	60fa      	str	r2, [r7, #12]
10004eb4:	d82b      	bhi.n	10004f0e <dcd_edpt_open+0xe2>
10004eb6:	442e      	add	r6, r5
10004eb8:	eb04 1346 	add.w	r3, r4, r6, lsl #5
10004ebc:	7ed9      	ldrb	r1, [r3, #27]
10004ebe:	f082 42a0 	eor.w	r2, r2, #1342177280	@ 0x50000000
10004ec2:	f482 1280 	eor.w	r2, r2, #1048576	@ 0x100000
10004ec6:	685b      	ldr	r3, [r3, #4]
10004ec8:	ea42 6281 	orr.w	r2, r2, r1, lsl #26
10004ecc:	f042 4200 	orr.w	r2, r2, #2147483648	@ 0x80000000
10004ed0:	601a      	str	r2, [r3, #0]
10004ed2:	2001      	movs	r0, #1
10004ed4:	e8bd 81f0 	ldmia.w	sp!, {r4, r5, r6, r7, r8, pc}
10004ed8:	4810      	ldr	r0, [pc, #64]	@ (10004f1c <dcd_edpt_open+0xf0>)
10004eda:	eb04 1c82 	add.w	ip, r4, r2, lsl #6
10004ede:	4403      	add	r3, r0
10004ee0:	f8cc 3028 	str.w	r3, [ip, #40]	@ 0x28
10004ee4:	f840 7032 	str.w	r7, [r0, r2, lsl #3]
10004ee8:	b94a      	cbnz	r2, 10004efe <dcd_edpt_open+0xd2>
10004eea:	2200      	movs	r2, #0
10004eec:	490f      	ldr	r1, [pc, #60]	@ (10004f2c <dcd_edpt_open+0x100>)
10004eee:	eb04 1345 	add.w	r3, r4, r5, lsl #5
10004ef2:	60d9      	str	r1, [r3, #12]
10004ef4:	605a      	str	r2, [r3, #4]
10004ef6:	e7ec      	b.n	10004ed2 <dcd_edpt_open+0xa6>
10004ef8:	2000      	movs	r0, #0
10004efa:	e8bd 81f0 	ldmia.w	sp!, {r4, r5, r6, r7, r8, pc}
10004efe:	00d2      	lsls	r2, r2, #3
10004f00:	f102 42a0 	add.w	r2, r2, #1342177280	@ 0x50000000
10004f04:	f502 1280 	add.w	r2, r2, #1048576	@ 0x100000
10004f08:	f8cc 2024 	str.w	r2, [ip, #36]	@ 0x24
10004f0c:	e7c1      	b.n	10004e92 <dcd_edpt_open+0x66>
10004f0e:	f7ff f8a1 	bl	10004054 <hard_assertion_failure>
10004f12:	68fa      	ldr	r2, [r7, #12]
10004f14:	e7cf      	b.n	10004eb6 <dcd_edpt_open+0x8a>
10004f16:	bf00      	nop
10004f18:	20002b68 	.word	0x20002b68
10004f1c:	50100080 	.word	0x50100080
10004f20:	50100004 	.word	0x50100004
10004f24:	20002f74 	.word	0x20002f74
10004f28:	50100fff 	.word	0x50100fff
10004f2c:	50100100 	.word	0x50100100

10004f30 <dcd_edpt_close_all>:
10004f30:	f002 be62 	b.w	10007bf8 <__reset_non_control_endpoints_veneer>

10004f34 <dcd_edpt_xfer>:
10004f34:	468c      	mov	ip, r1
10004f36:	b508      	push	{r3, lr}
10004f38:	4611      	mov	r1, r2
10004f3a:	4807      	ldr	r0, [pc, #28]	@ (10004f58 <dcd_edpt_xfer+0x24>)
10004f3c:	461a      	mov	r2, r3
10004f3e:	f00c 037f 	and.w	r3, ip, #127	@ 0x7f
10004f42:	ea4f 1cdc 	mov.w	ip, ip, lsr #7
10004f46:	eb0c 0c43 	add.w	ip, ip, r3, lsl #1
10004f4a:	eb00 104c 	add.w	r0, r0, ip, lsl #5
10004f4e:	f000 f84f 	bl	10004ff0 <hw_endpoint_xfer_start>
10004f52:	2001      	movs	r0, #1
10004f54:	bd08      	pop	{r3, pc}
10004f56:	bf00      	nop
10004f58:	20002b68 	.word	0x20002b68

10004f5c <dcd_edpt_stall>:
10004f5c:	f011 027f 	ands.w	r2, r1, #127	@ 0x7f
10004f60:	d105      	bne.n	10004f6e <dcd_edpt_stall+0x12>
10004f62:	2900      	cmp	r1, #0
10004f64:	bf0c      	ite	eq
10004f66:	2002      	moveq	r0, #2
10004f68:	2001      	movne	r0, #1
10004f6a:	4b06      	ldr	r3, [pc, #24]	@ (10004f84 <dcd_edpt_stall+0x28>)
10004f6c:	6698      	str	r0, [r3, #104]	@ 0x68
10004f6e:	09c9      	lsrs	r1, r1, #7
10004f70:	4b05      	ldr	r3, [pc, #20]	@ (10004f88 <dcd_edpt_stall+0x2c>)
10004f72:	eb01 0042 	add.w	r0, r1, r2, lsl #1
10004f76:	eb03 1040 	add.w	r0, r3, r0, lsl #5
10004f7a:	f44f 6200 	mov.w	r2, #2048	@ 0x800
10004f7e:	2100      	movs	r1, #0
10004f80:	f002 be2e 	b.w	10007be0 <___hw_endpoint_buffer_control_update32_veneer>
10004f84:	50112000 	.word	0x50112000
10004f88:	20002b68 	.word	0x20002b68

10004f8c <dcd_edpt_clear_stall>:
10004f8c:	f011 037f 	ands.w	r3, r1, #127	@ 0x7f
10004f90:	d100      	bne.n	10004f94 <dcd_edpt_clear_stall+0x8>
10004f92:	4770      	bx	lr
10004f94:	2200      	movs	r2, #0
10004f96:	4805      	ldr	r0, [pc, #20]	@ (10004fac <dcd_edpt_clear_stall+0x20>)
10004f98:	005b      	lsls	r3, r3, #1
10004f9a:	eb03 13d1 	add.w	r3, r3, r1, lsr #7
10004f9e:	eb00 1043 	add.w	r0, r0, r3, lsl #5
10004fa2:	f46f 6100 	mvn.w	r1, #2048	@ 0x800
10004fa6:	70c2      	strb	r2, [r0, #3]
10004fa8:	f002 be1a 	b.w	10007be0 <___hw_endpoint_buffer_control_update32_veneer>
10004fac:	20002b68 	.word	0x20002b68

10004fb0 <rp2040_usb_init>:
10004fb0:	f04f 5280 	mov.w	r2, #268435456	@ 0x10000000
10004fb4:	4809      	ldr	r0, [pc, #36]	@ (10004fdc <rp2040_usb_init+0x2c>)
10004fb6:	490a      	ldr	r1, [pc, #40]	@ (10004fe0 <rp2040_usb_init+0x30>)
10004fb8:	b508      	push	{r3, lr}
10004fba:	4b0a      	ldr	r3, [pc, #40]	@ (10004fe4 <rp2040_usb_init+0x34>)
10004fbc:	6002      	str	r2, [r0, #0]
10004fbe:	600a      	str	r2, [r1, #0]
10004fc0:	6899      	ldr	r1, [r3, #8]
10004fc2:	43c9      	mvns	r1, r1
10004fc4:	f011 5180 	ands.w	r1, r1, #268435456	@ 0x10000000
10004fc8:	d1fa      	bne.n	10004fc0 <rp2040_usb_init+0x10>
10004fca:	f44f 5280 	mov.w	r2, #4096	@ 0x1000
10004fce:	4806      	ldr	r0, [pc, #24]	@ (10004fe8 <rp2040_usb_init+0x38>)
10004fd0:	f002 fb7a 	bl	100076c8 <memset>
10004fd4:	2209      	movs	r2, #9
10004fd6:	4b05      	ldr	r3, [pc, #20]	@ (10004fec <rp2040_usb_init+0x3c>)
10004fd8:	675a      	str	r2, [r3, #116]	@ 0x74
10004fda:	bd08      	pop	{r3, pc}
10004fdc:	40022000 	.word	0x40022000
10004fe0:	40023000 	.word	0x40023000
10004fe4:	40020000 	.word	0x40020000
10004fe8:	50100000 	.word	0x50100000
10004fec:	50110000 	.word	0x50110000

10004ff0 <hw_endpoint_xfer_start>:
10004ff0:	2300      	movs	r3, #0
10004ff2:	f04f 0c01 	mov.w	ip, #1
10004ff6:	b510      	push	{r4, lr}
10004ff8:	f880 c01a 	strb.w	ip, [r0, #26]
10004ffc:	8282      	strh	r2, [r0, #20]
10004ffe:	82c3      	strh	r3, [r0, #22]
10005000:	6101      	str	r1, [r0, #16]
10005002:	4604      	mov	r4, r0
10005004:	f002 fde4 	bl	10007bd0 <__e15_is_bulkin_ep_veneer>
10005008:	b120      	cbz	r0, 10005014 <hw_endpoint_xfer_start+0x24>
1000500a:	f44f 3200 	mov.w	r2, #131072	@ 0x20000
1000500e:	4b07      	ldr	r3, [pc, #28]	@ (1000502c <hw_endpoint_xfer_start+0x3c>)
10005010:	f8c3 2090 	str.w	r2, [r3, #144]	@ 0x90
10005014:	4620      	mov	r0, r4
10005016:	f002 fdd3 	bl	10007bc0 <__e15_is_critical_frame_period_veneer>
1000501a:	b110      	cbz	r0, 10005022 <hw_endpoint_xfer_start+0x32>
1000501c:	2301      	movs	r3, #1
1000501e:	7723      	strb	r3, [r4, #28]
10005020:	bd10      	pop	{r4, pc}
10005022:	4620      	mov	r0, r4
10005024:	e8bd 4010 	ldmia.w	sp!, {r4, lr}
10005028:	f002 bdc6 	b.w	10007bb8 <__hw_endpoint_start_next_buffer_veneer>
1000502c:	50112000 	.word	0x50112000

10005030 <configuration_reset>:
10005030:	e92d 41f0 	stmdb	sp!, {r4, r5, r6, r7, r8, lr}
10005034:	2400      	movs	r4, #0
10005036:	4e1d      	ldr	r6, [pc, #116]	@ (100050ac <configuration_reset+0x7c>)
10005038:	4605      	mov	r5, r0
1000503a:	4623      	mov	r3, r4
1000503c:	7832      	ldrb	r2, [r6, #0]
1000503e:	f8df 8078 	ldr.w	r8, [pc, #120]	@ 100050b8 <configuration_reset+0x88>
10005042:	4f1b      	ldr	r7, [pc, #108]	@ (100050b0 <configuration_reset+0x80>)
10005044:	e00d      	b.n	10005062 <configuration_reset+0x32>
10005046:	683b      	ldr	r3, [r7, #0]
10005048:	eb13 1344 	adds.w	r3, r3, r4, lsl #5
1000504c:	d024      	beq.n	10005098 <configuration_reset+0x68>
1000504e:	68db      	ldr	r3, [r3, #12]
10005050:	4628      	mov	r0, r5
10005052:	4798      	blx	r3
10005054:	7832      	ldrb	r2, [r6, #0]
10005056:	3401      	adds	r4, #1
10005058:	b2e4      	uxtb	r4, r4
1000505a:	1c51      	adds	r1, r2, #1
1000505c:	42a1      	cmp	r1, r4
1000505e:	4623      	mov	r3, r4
10005060:	db06      	blt.n	10005070 <configuration_reset+0x40>
10005062:	42a2      	cmp	r2, r4
10005064:	eba3 0302 	sub.w	r3, r3, r2
10005068:	d8ed      	bhi.n	10005046 <configuration_reset+0x16>
1000506a:	eb08 1343 	add.w	r3, r8, r3, lsl #5
1000506e:	e7ee      	b.n	1000504e <configuration_reset+0x1e>
10005070:	2254      	movs	r2, #84	@ 0x54
10005072:	2100      	movs	r1, #0
10005074:	480f      	ldr	r0, [pc, #60]	@ (100050b4 <configuration_reset+0x84>)
10005076:	f002 fb27 	bl	100076c8 <memset>
1000507a:	f04f 33ff 	mov.w	r3, #4294967295	@ 0xffffffff
1000507e:	480d      	ldr	r0, [pc, #52]	@ (100050b4 <configuration_reset+0x84>)
10005080:	2220      	movs	r2, #32
10005082:	1d04      	adds	r4, r0, #4
10005084:	6043      	str	r3, [r0, #4]
10005086:	e9c4 3301 	strd	r3, r3, [r4, #4]
1000508a:	60e3      	str	r3, [r4, #12]
1000508c:	21ff      	movs	r1, #255	@ 0xff
1000508e:	e8bd 41f0 	ldmia.w	sp!, {r4, r5, r6, r7, r8, lr}
10005092:	3014      	adds	r0, #20
10005094:	f002 bb18 	b.w	100076c8 <memset>
10005098:	f04f 23e0 	mov.w	r3, #3758153728	@ 0xe000e000
1000509c:	f8d3 3df0 	ldr.w	r3, [r3, #3568]	@ 0xdf0
100050a0:	07db      	lsls	r3, r3, #31
100050a2:	d500      	bpl.n	100050a6 <configuration_reset+0x76>
100050a4:	be00      	bkpt	0x0000
100050a6:	e8bd 81f0 	ldmia.w	sp!, {r4, r5, r6, r7, r8, pc}
100050aa:	bf00      	nop
100050ac:	20028814 	.word	0x20028814
100050b0:	20002520 	.word	0x20002520
100050b4:	200026f0 	.word	0x200026f0
100050b8:	1000a788 	.word	0x1000a788

100050bc <tud_event_hook_cb>:
100050bc:	4770      	bx	lr
100050be:	bf00      	nop

100050c0 <tud_sof_cb>:
100050c0:	4770      	bx	lr
100050c2:	bf00      	nop

100050c4 <tud_descriptor_device_qualifier_cb>:
100050c4:	2000      	movs	r0, #0
100050c6:	4770      	bx	lr

100050c8 <tud_descriptor_other_speed_configuration_cb>:
100050c8:	2000      	movs	r0, #0
100050ca:	4770      	bx	lr

100050cc <tud_mount_cb>:
100050cc:	4770      	bx	lr
100050ce:	bf00      	nop

100050d0 <tud_umount_cb>:
100050d0:	4770      	bx	lr
100050d2:	bf00      	nop

100050d4 <tud_suspend_cb>:
100050d4:	4770      	bx	lr
100050d6:	bf00      	nop

100050d8 <tud_resume_cb>:
100050d8:	4770      	bx	lr
100050da:	bf00      	nop

100050dc <tud_mounted>:
100050dc:	4b02      	ldr	r3, [pc, #8]	@ (100050e8 <tud_mounted+0xc>)
100050de:	7858      	ldrb	r0, [r3, #1]
100050e0:	3800      	subs	r0, #0
100050e2:	bf18      	it	ne
100050e4:	2001      	movne	r0, #1
100050e6:	4770      	bx	lr
100050e8:	200026f0 	.word	0x200026f0

100050ec <tud_suspended>:
100050ec:	4b02      	ldr	r3, [pc, #8]	@ (100050f8 <tud_suspended+0xc>)
100050ee:	7818      	ldrb	r0, [r3, #0]
100050f0:	f3c0 0080 	ubfx	r0, r0, #2, #1
100050f4:	4770      	bx	lr
100050f6:	bf00      	nop
100050f8:	200026f0 	.word	0x200026f0

100050fc <tud_rhport_init>:
100050fc:	e92d 47f0 	stmdb	sp!, {r4, r5, r6, r7, r8, r9, sl, lr}
10005100:	f8df a0e4 	ldr.w	sl, [pc, #228]	@ 100051e8 <tud_rhport_init+0xec>
10005104:	f89a 3000 	ldrb.w	r3, [sl]
10005108:	2bff      	cmp	r3, #255	@ 0xff
1000510a:	d156      	bne.n	100051ba <tud_rhport_init+0xbe>
1000510c:	460e      	mov	r6, r1
1000510e:	2900      	cmp	r1, #0
10005110:	d03e      	beq.n	10005190 <tud_rhport_init+0x94>
10005112:	2100      	movs	r1, #0
10005114:	2254      	movs	r2, #84	@ 0x54
10005116:	4607      	mov	r7, r0
10005118:	4829      	ldr	r0, [pc, #164]	@ (100051c0 <tud_rhport_init+0xc4>)
1000511a:	f002 fad5 	bl	100076c8 <memset>
1000511e:	2200      	movs	r2, #0
10005120:	4c28      	ldr	r4, [pc, #160]	@ (100051c4 <tud_rhport_init+0xc8>)
10005122:	4b29      	ldr	r3, [pc, #164]	@ (100051c8 <tud_rhport_init+0xcc>)
10005124:	4620      	mov	r0, r4
10005126:	701a      	strb	r2, [r3, #0]
10005128:	f7fd ffd4 	bl	100030d4 <mutex_init>
1000512c:	4b27      	ldr	r3, [pc, #156]	@ (100051cc <tud_rhport_init+0xd0>)
1000512e:	4828      	ldr	r0, [pc, #160]	@ (100051d0 <tud_rhport_init+0xd4>)
10005130:	601c      	str	r4, [r3, #0]
10005132:	4c28      	ldr	r4, [pc, #160]	@ (100051d4 <tud_rhport_init+0xd8>)
10005134:	f7fd ffdc 	bl	100030f0 <critical_section_init>
10005138:	4620      	mov	r0, r4
1000513a:	f001 fdab 	bl	10006c94 <tu_fifo_clear>
1000513e:	4a26      	ldr	r2, [pc, #152]	@ (100051d8 <tud_rhport_init+0xdc>)
10005140:	4b26      	ldr	r3, [pc, #152]	@ (100051dc <tud_rhport_init+0xe0>)
10005142:	6014      	str	r4, [r2, #0]
10005144:	b123      	cbz	r3, 10005150 <tud_rhport_init+0x54>
10005146:	4826      	ldr	r0, [pc, #152]	@ (100051e0 <tud_rhport_init+0xe4>)
10005148:	f7ff fac4 	bl	100046d4 <usbd_app_driver_get_cb>
1000514c:	4b25      	ldr	r3, [pc, #148]	@ (100051e4 <tud_rhport_init+0xe8>)
1000514e:	6018      	str	r0, [r3, #0]
10005150:	2400      	movs	r4, #0
10005152:	4d23      	ldr	r5, [pc, #140]	@ (100051e0 <tud_rhport_init+0xe4>)
10005154:	4623      	mov	r3, r4
10005156:	782a      	ldrb	r2, [r5, #0]
10005158:	f8df 9090 	ldr.w	r9, [pc, #144]	@ 100051ec <tud_rhport_init+0xf0>
1000515c:	f8df 8084 	ldr.w	r8, [pc, #132]	@ 100051e4 <tud_rhport_init+0xe8>
10005160:	e00e      	b.n	10005180 <tud_rhport_init+0x84>
10005162:	f8d8 3000 	ldr.w	r3, [r8]
10005166:	eb13 1344 	adds.w	r3, r3, r4, lsl #5
1000516a:	d011      	beq.n	10005190 <tud_rhport_init+0x94>
1000516c:	685b      	ldr	r3, [r3, #4]
1000516e:	b17b      	cbz	r3, 10005190 <tud_rhport_init+0x94>
10005170:	4798      	blx	r3
10005172:	782a      	ldrb	r2, [r5, #0]
10005174:	3401      	adds	r4, #1
10005176:	b2e4      	uxtb	r4, r4
10005178:	1c51      	adds	r1, r2, #1
1000517a:	42a1      	cmp	r1, r4
1000517c:	4623      	mov	r3, r4
1000517e:	db11      	blt.n	100051a4 <tud_rhport_init+0xa8>
10005180:	42a2      	cmp	r2, r4
10005182:	d8ee      	bhi.n	10005162 <tud_rhport_init+0x66>
10005184:	1a9b      	subs	r3, r3, r2
10005186:	eb09 1343 	add.w	r3, r9, r3, lsl #5
1000518a:	685b      	ldr	r3, [r3, #4]
1000518c:	2b00      	cmp	r3, #0
1000518e:	d1ef      	bne.n	10005170 <tud_rhport_init+0x74>
10005190:	f04f 23e0 	mov.w	r3, #3758153728	@ 0xe000e000
10005194:	f8d3 3df0 	ldr.w	r3, [r3, #3568]	@ 0xdf0
10005198:	07db      	lsls	r3, r3, #31
1000519a:	d500      	bpl.n	1000519e <tud_rhport_init+0xa2>
1000519c:	be00      	bkpt	0x0000
1000519e:	2000      	movs	r0, #0
100051a0:	e8bd 87f0 	ldmia.w	sp!, {r4, r5, r6, r7, r8, r9, sl, pc}
100051a4:	4631      	mov	r1, r6
100051a6:	4638      	mov	r0, r7
100051a8:	f88a 7000 	strb.w	r7, [sl]
100051ac:	f7ff fdd0 	bl	10004d50 <dcd_init>
100051b0:	2800      	cmp	r0, #0
100051b2:	d0ed      	beq.n	10005190 <tud_rhport_init+0x94>
100051b4:	4638      	mov	r0, r7
100051b6:	f7ff fe11 	bl	10004ddc <dcd_int_enable>
100051ba:	2001      	movs	r0, #1
100051bc:	e8bd 87f0 	ldmia.w	sp!, {r4, r5, r6, r7, r8, r9, sl, pc}
100051c0:	200026f0 	.word	0x200026f0
100051c4:	200026e8 	.word	0x200026e8
100051c8:	20028816 	.word	0x20028816
100051cc:	20002744 	.word	0x20002744
100051d0:	20001c98 	.word	0x20001c98
100051d4:	20001c84 	.word	0x20001c84
100051d8:	20002748 	.word	0x20002748
100051dc:	100046d5 	.word	0x100046d5
100051e0:	20028814 	.word	0x20028814
100051e4:	20002520 	.word	0x20002520
100051e8:	20001ca0 	.word	0x20001ca0
100051ec:	1000a788 	.word	0x1000a788

100051f0 <tud_task_ext>:
100051f0:	e92d 4ff0 	stmdb	sp!, {r4, r5, r6, r7, r8, r9, sl, fp, lr}
100051f4:	f8df 92c8 	ldr.w	r9, [pc, #712]	@ 100054c0 <tud_task_ext+0x2d0>
100051f8:	b08b      	sub	sp, #44	@ 0x2c
100051fa:	f899 3000 	ldrb.w	r3, [r9]
100051fe:	2bff      	cmp	r3, #255	@ 0xff
10005200:	f000 80f1 	beq.w	100053e6 <tud_task_ext+0x1f6>
10005204:	4ca8      	ldr	r4, [pc, #672]	@ (100054a8 <tud_task_ext+0x2b8>)
10005206:	4da9      	ldr	r5, [pc, #676]	@ (100054ac <tud_task_ext+0x2bc>)
10005208:	f8df a2b0 	ldr.w	sl, [pc, #688]	@ 100054bc <tud_task_ext+0x2cc>
1000520c:	f8df b2b4 	ldr.w	fp, [pc, #692]	@ 100054c4 <tud_task_ext+0x2d4>
10005210:	6826      	ldr	r6, [r4, #0]
10005212:	6973      	ldr	r3, [r6, #20]
10005214:	f3ef 8210 	mrs	r2, PRIMASK
10005218:	b672      	cpsid	i
1000521a:	e8d3 0fcf 	ldaexb	r0, [r3]
1000521e:	2101      	movs	r1, #1
10005220:	2800      	cmp	r0, #0
10005222:	d1fa      	bne.n	1000521a <tud_task_ext+0x2a>
10005224:	e8c3 1f40 	strexb	r0, r1, [r3]
10005228:	2800      	cmp	r0, #0
1000522a:	d1f6      	bne.n	1000521a <tud_task_ext+0x2a>
1000522c:	f3bf 8f5f 	dmb	sy
10005230:	61b2      	str	r2, [r6, #24]
10005232:	4630      	mov	r0, r6
10005234:	a907      	add	r1, sp, #28
10005236:	f001 fb77 	bl	10006928 <tu_fifo_read>
1000523a:	2300      	movs	r3, #0
1000523c:	6972      	ldr	r2, [r6, #20]
1000523e:	e8c2 3f8f 	stlb	r3, [r2]
10005242:	69b3      	ldr	r3, [r6, #24]
10005244:	f383 8810 	msr	PRIMASK, r3
10005248:	2800      	cmp	r0, #0
1000524a:	f000 80cc 	beq.w	100053e6 <tud_task_ext+0x1f6>
1000524e:	f89d 301d 	ldrb.w	r3, [sp, #29]
10005252:	3b01      	subs	r3, #1
10005254:	2b07      	cmp	r3, #7
10005256:	f200 837d 	bhi.w	10005954 <tud_task_ext+0x764>
1000525a:	e8df f003 	tbb	[pc, r3]
1000525e:	b1a7      	.short	0xb1a7
10005260:	358e9d95 	.word	0x358e9d95
10005264:	040a      	.short	0x040a
10005266:	9b08      	ldr	r3, [sp, #32]
10005268:	2b00      	cmp	r3, #0
1000526a:	d0d1      	beq.n	10005210 <tud_task_ext+0x20>
1000526c:	9809      	ldr	r0, [sp, #36]	@ 0x24
1000526e:	4798      	blx	r3
10005270:	e7ce      	b.n	10005210 <tud_task_ext+0x20>
10005272:	f89d 1020 	ldrb.w	r1, [sp, #32]
10005276:	f001 067f 	and.w	r6, r1, #127	@ 0x7f
1000527a:	eb05 0046 	add.w	r0, r5, r6, lsl #1
1000527e:	eb00 10d1 	add.w	r0, r0, r1, lsr #7
10005282:	f890 3034 	ldrb.w	r3, [r0, #52]	@ 0x34
10005286:	f023 0301 	bic.w	r3, r3, #1
1000528a:	f880 3034 	strb.w	r3, [r0, #52]	@ 0x34
1000528e:	f890 3034 	ldrb.w	r3, [r0, #52]	@ 0x34
10005292:	f023 0304 	bic.w	r3, r3, #4
10005296:	f880 3034 	strb.w	r3, [r0, #52]	@ 0x34
1000529a:	2e00      	cmp	r6, #0
1000529c:	f000 80a6 	beq.w	100053ec <tud_task_ext+0x1fc>
100052a0:	7d03      	ldrb	r3, [r0, #20]
100052a2:	f89a 2000 	ldrb.w	r2, [sl]
100052a6:	4293      	cmp	r3, r2
100052a8:	f080 8093 	bcs.w	100053d2 <tud_task_ext+0x1e2>
100052ac:	4a80      	ldr	r2, [pc, #512]	@ (100054b0 <tud_task_ext+0x2c0>)
100052ae:	6812      	ldr	r2, [r2, #0]
100052b0:	eb12 1343 	adds.w	r3, r2, r3, lsl #5
100052b4:	f000 8090 	beq.w	100053d8 <tud_task_ext+0x1e8>
100052b8:	699e      	ldr	r6, [r3, #24]
100052ba:	f89d 2021 	ldrb.w	r2, [sp, #33]	@ 0x21
100052be:	9b09      	ldr	r3, [sp, #36]	@ 0x24
100052c0:	f89d 001c 	ldrb.w	r0, [sp, #28]
100052c4:	47b0      	blx	r6
100052c6:	e7a3      	b.n	10005210 <tud_task_ext+0x20>
100052c8:	f89b 3000 	ldrb.w	r3, [fp]
100052cc:	2b00      	cmp	r3, #0
100052ce:	f000 8083 	beq.w	100053d8 <tud_task_ext+0x1e8>
100052d2:	f89b 3000 	ldrb.w	r3, [fp]
100052d6:	3b01      	subs	r3, #1
100052d8:	b2db      	uxtb	r3, r3
100052da:	f88b 3000 	strb.w	r3, [fp]
100052de:	f89b 3000 	ldrb.w	r3, [fp]
100052e2:	f003 00ff 	and.w	r0, r3, #255	@ 0xff
100052e6:	2b00      	cmp	r3, #0
100052e8:	d192      	bne.n	10005210 <tud_task_ext+0x20>
100052ea:	4f70      	ldr	r7, [pc, #448]	@ (100054ac <tud_task_ext+0x2bc>)
100052ec:	f89d 801c 	ldrb.w	r8, [sp, #28]
100052f0:	783b      	ldrb	r3, [r7, #0]
100052f2:	f043 0301 	orr.w	r3, r3, #1
100052f6:	703b      	strb	r3, [r7, #0]
100052f8:	f897 3034 	ldrb.w	r3, [r7, #52]	@ 0x34
100052fc:	f360 0300 	bfi	r3, r0, #0, #1
10005300:	f887 3034 	strb.w	r3, [r7, #52]	@ 0x34
10005304:	f897 3034 	ldrb.w	r3, [r7, #52]	@ 0x34
10005308:	f360 0382 	bfi	r3, r0, #2, #1
1000530c:	f887 3034 	strb.w	r3, [r7, #52]	@ 0x34
10005310:	f897 3035 	ldrb.w	r3, [r7, #53]	@ 0x35
10005314:	f360 0300 	bfi	r3, r0, #0, #1
10005318:	f887 3035 	strb.w	r3, [r7, #53]	@ 0x35
1000531c:	f897 3035 	ldrb.w	r3, [r7, #53]	@ 0x35
10005320:	f360 0382 	bfi	r3, r0, #2, #1
10005324:	f887 3035 	strb.w	r3, [r7, #53]	@ 0x35
10005328:	f000 fc6c 	bl	10005c04 <usbd_control_set_complete_callback>
1000532c:	f89d 3020 	ldrb.w	r3, [sp, #32]
10005330:	f003 0260 	and.w	r2, r3, #96	@ 0x60
10005334:	2a60      	cmp	r2, #96	@ 0x60
10005336:	d06c      	beq.n	10005412 <tud_task_ext+0x222>
10005338:	2a40      	cmp	r2, #64	@ 0x40
1000533a:	d07c      	beq.n	10005436 <tud_task_ext+0x246>
1000533c:	f003 031f 	and.w	r3, r3, #31
10005340:	2b01      	cmp	r3, #1
10005342:	f000 80c1 	beq.w	100054c8 <tud_task_ext+0x2d8>
10005346:	2b02      	cmp	r3, #2
10005348:	f000 8081 	beq.w	1000544e <tud_task_ext+0x25e>
1000534c:	2b00      	cmp	r3, #0
1000534e:	d160      	bne.n	10005412 <tud_task_ext+0x222>
10005350:	2a20      	cmp	r2, #32
10005352:	f000 81e9 	beq.w	10005728 <tud_task_ext+0x538>
10005356:	2a00      	cmp	r2, #0
10005358:	d15b      	bne.n	10005412 <tud_task_ext+0x222>
1000535a:	f89d 3021 	ldrb.w	r3, [sp, #33]	@ 0x21
1000535e:	2b09      	cmp	r3, #9
10005360:	d857      	bhi.n	10005412 <tud_task_ext+0x222>
10005362:	e8df f013 	tbh	[pc, r3, lsl #1]
10005366:	01b0      	.short	0x01b0
10005368:	005601a2 	.word	0x005601a2
1000536c:	005601c1 	.word	0x005601c1
10005370:	016b0195 	.word	0x016b0195
10005374:	01600056 	.word	0x01600056
10005378:	00f4      	.short	0x00f4
1000537a:	782b      	ldrb	r3, [r5, #0]
1000537c:	07d9      	lsls	r1, r3, #31
1000537e:	f57f af47 	bpl.w	10005210 <tud_task_ext+0x20>
10005382:	f7ff fea9 	bl	100050d8 <tud_resume_cb>
10005386:	e743      	b.n	10005210 <tud_task_ext+0x20>
10005388:	78eb      	ldrb	r3, [r5, #3]
1000538a:	07da      	lsls	r2, r3, #31
1000538c:	f57f af40 	bpl.w	10005210 <tud_task_ext+0x20>
10005390:	9808      	ldr	r0, [sp, #32]
10005392:	f7ff fe95 	bl	100050c0 <tud_sof_cb>
10005396:	e73b      	b.n	10005210 <tud_task_ext+0x20>
10005398:	782b      	ldrb	r3, [r5, #0]
1000539a:	07d8      	lsls	r0, r3, #31
1000539c:	f57f af38 	bpl.w	10005210 <tud_task_ext+0x20>
100053a0:	7828      	ldrb	r0, [r5, #0]
100053a2:	f3c0 00c0 	ubfx	r0, r0, #3, #1
100053a6:	f7ff fe95 	bl	100050d4 <tud_suspend_cb>
100053aa:	e731      	b.n	10005210 <tud_task_ext+0x20>
100053ac:	f89d 001c 	ldrb.w	r0, [sp, #28]
100053b0:	f7ff fe3e 	bl	10005030 <configuration_reset>
100053b4:	f000 fc1c 	bl	10005bf0 <usbd_control_reset>
100053b8:	f89d 3020 	ldrb.w	r3, [sp, #32]
100053bc:	70ab      	strb	r3, [r5, #2]
100053be:	e727      	b.n	10005210 <tud_task_ext+0x20>
100053c0:	f89d 001c 	ldrb.w	r0, [sp, #28]
100053c4:	f7ff fe34 	bl	10005030 <configuration_reset>
100053c8:	f000 fc12 	bl	10005bf0 <usbd_control_reset>
100053cc:	f7ff fe80 	bl	100050d0 <tud_umount_cb>
100053d0:	e71e      	b.n	10005210 <tud_task_ext+0x20>
100053d2:	1c50      	adds	r0, r2, #1
100053d4:	4298      	cmp	r0, r3
100053d6:	da11      	bge.n	100053fc <tud_task_ext+0x20c>
100053d8:	f04f 23e0 	mov.w	r3, #3758153728	@ 0xe000e000
100053dc:	f8d3 3df0 	ldr.w	r3, [r3, #3568]	@ 0xdf0
100053e0:	07dc      	lsls	r4, r3, #31
100053e2:	d500      	bpl.n	100053e6 <tud_task_ext+0x1f6>
100053e4:	be00      	bkpt	0x0000
100053e6:	b00b      	add	sp, #44	@ 0x2c
100053e8:	e8bd 8ff0 	ldmia.w	sp!, {r4, r5, r6, r7, r8, r9, sl, fp, pc}
100053ec:	9b09      	ldr	r3, [sp, #36]	@ 0x24
100053ee:	f89d 2021 	ldrb.w	r2, [sp, #33]	@ 0x21
100053f2:	f89d 001c 	ldrb.w	r0, [sp, #28]
100053f6:	f000 fc19 	bl	10005c2c <usbd_control_xfer_cb>
100053fa:	e709      	b.n	10005210 <tud_task_ext+0x20>
100053fc:	1a9b      	subs	r3, r3, r2
100053fe:	4a2d      	ldr	r2, [pc, #180]	@ (100054b4 <tud_task_ext+0x2c4>)
10005400:	eb02 1343 	add.w	r3, r2, r3, lsl #5
10005404:	e758      	b.n	100052b8 <tud_task_ext+0xc8>
10005406:	f7ff fb8d 	bl	10004b24 <tud_descriptor_configuration_cb>
1000540a:	4602      	mov	r2, r0
1000540c:	2800      	cmp	r0, #0
1000540e:	f040 8182 	bne.w	10005716 <tud_task_ext+0x526>
10005412:	f04f 23e0 	mov.w	r3, #3758153728	@ 0xe000e000
10005416:	f8d3 3df0 	ldr.w	r3, [r3, #3568]	@ 0xdf0
1000541a:	07de      	lsls	r6, r3, #31
1000541c:	d500      	bpl.n	10005420 <tud_task_ext+0x230>
1000541e:	be00      	bkpt	0x0000
10005420:	f89d 001c 	ldrb.w	r0, [sp, #28]
10005424:	2100      	movs	r1, #0
10005426:	f7ff fd99 	bl	10004f5c <dcd_edpt_stall>
1000542a:	2180      	movs	r1, #128	@ 0x80
1000542c:	f89d 001c 	ldrb.w	r0, [sp, #28]
10005430:	f7ff fd94 	bl	10004f5c <dcd_edpt_stall>
10005434:	e6ec      	b.n	10005210 <tud_task_ext+0x20>
10005436:	4820      	ldr	r0, [pc, #128]	@ (100054b8 <tud_task_ext+0x2c8>)
10005438:	f000 fbe4 	bl	10005c04 <usbd_control_set_complete_callback>
1000543c:	2101      	movs	r1, #1
1000543e:	4640      	mov	r0, r8
10005440:	aa08      	add	r2, sp, #32
10005442:	f7ff f933 	bl	100046ac <tud_vendor_control_xfer_cb>
10005446:	2800      	cmp	r0, #0
10005448:	f47f aee2 	bne.w	10005210 <tud_task_ext+0x20>
1000544c:	e7e8      	b.n	10005420 <tud_task_ext+0x230>
1000544e:	f89d 1024 	ldrb.w	r1, [sp, #36]	@ 0x24
10005452:	f011 0f70 	tst.w	r1, #112	@ 0x70
10005456:	d1dc      	bne.n	10005412 <tud_task_ext+0x222>
10005458:	f001 067f 	and.w	r6, r1, #127	@ 0x7f
1000545c:	eb07 0046 	add.w	r0, r7, r6, lsl #1
10005460:	4b16      	ldr	r3, [pc, #88]	@ (100054bc <tud_task_ext+0x2cc>)
10005462:	eb00 10d1 	add.w	r0, r0, r1, lsr #7
10005466:	781b      	ldrb	r3, [r3, #0]
10005468:	7d00      	ldrb	r0, [r0, #20]
1000546a:	0076      	lsls	r6, r6, #1
1000546c:	9601      	str	r6, [sp, #4]
1000546e:	4298      	cmp	r0, r3
10005470:	ea4f 16d1 	mov.w	r6, r1, lsr #7
10005474:	9600      	str	r6, [sp, #0]
10005476:	d359      	bcc.n	1000552c <tud_task_ext+0x33c>
10005478:	1c5e      	adds	r6, r3, #1
1000547a:	4286      	cmp	r6, r0
1000547c:	f2c0 8166 	blt.w	1000574c <tud_task_ext+0x55c>
10005480:	1ac0      	subs	r0, r0, r3
10005482:	4b0c      	ldr	r3, [pc, #48]	@ (100054b4 <tud_task_ext+0x2c4>)
10005484:	eb03 1640 	add.w	r6, r3, r0, lsl #5
10005488:	2a00      	cmp	r2, #0
1000548a:	f000 8163 	beq.w	10005754 <tud_task_ext+0x564>
1000548e:	6970      	ldr	r0, [r6, #20]
10005490:	f000 fbb8 	bl	10005c04 <usbd_control_set_complete_callback>
10005494:	2101      	movs	r1, #1
10005496:	4640      	mov	r0, r8
10005498:	6973      	ldr	r3, [r6, #20]
1000549a:	aa08      	add	r2, sp, #32
1000549c:	4798      	blx	r3
1000549e:	2800      	cmp	r0, #0
100054a0:	f47f aeb6 	bne.w	10005210 <tud_task_ext+0x20>
100054a4:	e7bc      	b.n	10005420 <tud_task_ext+0x230>
100054a6:	bf00      	nop
100054a8:	20002748 	.word	0x20002748
100054ac:	200026f0 	.word	0x200026f0
100054b0:	20002520 	.word	0x20002520
100054b4:	1000a788 	.word	0x1000a788
100054b8:	100046ad 	.word	0x100046ad
100054bc:	20028814 	.word	0x20028814
100054c0:	20001ca0 	.word	0x20001ca0
100054c4:	20028816 	.word	0x20028816
100054c8:	f89d 3024 	ldrb.w	r3, [sp, #36]	@ 0x24
100054cc:	2b0f      	cmp	r3, #15
100054ce:	d8a7      	bhi.n	10005420 <tud_task_ext+0x230>
100054d0:	4aae      	ldr	r2, [pc, #696]	@ (1000578c <tud_task_ext+0x59c>)
100054d2:	443b      	add	r3, r7
100054d4:	791b      	ldrb	r3, [r3, #4]
100054d6:	7812      	ldrb	r2, [r2, #0]
100054d8:	4293      	cmp	r3, r2
100054da:	d332      	bcc.n	10005542 <tud_task_ext+0x352>
100054dc:	1c51      	adds	r1, r2, #1
100054de:	4299      	cmp	r1, r3
100054e0:	db9e      	blt.n	10005420 <tud_task_ext+0x230>
100054e2:	4eab      	ldr	r6, [pc, #684]	@ (10005790 <tud_task_ext+0x5a0>)
100054e4:	1a9b      	subs	r3, r3, r2
100054e6:	eb06 1643 	add.w	r6, r6, r3, lsl #5
100054ea:	6970      	ldr	r0, [r6, #20]
100054ec:	f000 fb8a 	bl	10005c04 <usbd_control_set_complete_callback>
100054f0:	2101      	movs	r1, #1
100054f2:	4640      	mov	r0, r8
100054f4:	6973      	ldr	r3, [r6, #20]
100054f6:	aa08      	add	r2, sp, #32
100054f8:	4798      	blx	r3
100054fa:	2800      	cmp	r0, #0
100054fc:	f47f ae88 	bne.w	10005210 <tud_task_ext+0x20>
10005500:	f89d 3020 	ldrb.w	r3, [sp, #32]
10005504:	f013 0660 	ands.w	r6, r3, #96	@ 0x60
10005508:	d18a      	bne.n	10005420 <tud_task_ext+0x230>
1000550a:	f89d 3021 	ldrb.w	r3, [sp, #33]	@ 0x21
1000550e:	3b0a      	subs	r3, #10
10005510:	2b01      	cmp	r3, #1
10005512:	d885      	bhi.n	10005420 <tud_task_ext+0x230>
10005514:	f000 fb76 	bl	10005c04 <usbd_control_set_complete_callback>
10005518:	f89d 3021 	ldrb.w	r3, [sp, #33]	@ 0x21
1000551c:	2b0a      	cmp	r3, #10
1000551e:	f000 81f2 	beq.w	10005906 <tud_task_ext+0x716>
10005522:	4640      	mov	r0, r8
10005524:	a908      	add	r1, sp, #32
10005526:	f000 faf1 	bl	10005b0c <tud_control_status>
1000552a:	e671      	b.n	10005210 <tud_task_ext+0x20>
1000552c:	4b99      	ldr	r3, [pc, #612]	@ (10005794 <tud_task_ext+0x5a4>)
1000552e:	681b      	ldr	r3, [r3, #0]
10005530:	eb03 1640 	add.w	r6, r3, r0, lsl #5
10005534:	2a00      	cmp	r2, #0
10005536:	f000 810d 	beq.w	10005754 <tud_task_ext+0x564>
1000553a:	2e00      	cmp	r6, #0
1000553c:	f43f af70 	beq.w	10005420 <tud_task_ext+0x230>
10005540:	e7a5      	b.n	1000548e <tud_task_ext+0x29e>
10005542:	4a94      	ldr	r2, [pc, #592]	@ (10005794 <tud_task_ext+0x5a4>)
10005544:	6816      	ldr	r6, [r2, #0]
10005546:	eb16 1643 	adds.w	r6, r6, r3, lsl #5
1000554a:	d1ce      	bne.n	100054ea <tud_task_ext+0x2fa>
1000554c:	e768      	b.n	10005420 <tud_task_ext+0x230>
1000554e:	787b      	ldrb	r3, [r7, #1]
10005550:	f89d 6022 	ldrb.w	r6, [sp, #34]	@ 0x22
10005554:	429e      	cmp	r6, r3
10005556:	f000 814f 	beq.w	100057f8 <tud_task_ext+0x608>
1000555a:	787b      	ldrb	r3, [r7, #1]
1000555c:	2b00      	cmp	r3, #0
1000555e:	f040 81be 	bne.w	100058de <tud_task_ext+0x6ee>
10005562:	707e      	strb	r6, [r7, #1]
10005564:	2e00      	cmp	r6, #0
10005566:	f000 8145 	beq.w	100057f4 <tud_task_ext+0x604>
1000556a:	1e70      	subs	r0, r6, #1
1000556c:	b2c0      	uxtb	r0, r0
1000556e:	f7ff fad9 	bl	10004b24 <tud_descriptor_configuration_cb>
10005572:	4603      	mov	r3, r0
10005574:	2800      	cmp	r0, #0
10005576:	f000 815f 	beq.w	10005838 <tud_task_ext+0x648>
1000557a:	7842      	ldrb	r2, [r0, #1]
1000557c:	2a02      	cmp	r2, #2
1000557e:	f040 815b 	bne.w	10005838 <tud_task_ext+0x648>
10005582:	79c1      	ldrb	r1, [r0, #7]
10005584:	f103 0609 	add.w	r6, r3, #9
10005588:	f3c1 1240 	ubfx	r2, r1, #5, #1
1000558c:	0112      	lsls	r2, r2, #4
1000558e:	f3c1 1180 	ubfx	r1, r1, #6, #1
10005592:	ea42 1241 	orr.w	r2, r2, r1, lsl #5
10005596:	4631      	mov	r1, r6
10005598:	7838      	ldrb	r0, [r7, #0]
1000559a:	f020 0030 	bic.w	r0, r0, #48	@ 0x30
1000559e:	4302      	orrs	r2, r0
100055a0:	703a      	strb	r2, [r7, #0]
100055a2:	885a      	ldrh	r2, [r3, #2]
100055a4:	f8cd 800c 	str.w	r8, [sp, #12]
100055a8:	189a      	adds	r2, r3, r2
100055aa:	9201      	str	r2, [sp, #4]
100055ac:	9b01      	ldr	r3, [sp, #4]
100055ae:	428b      	cmp	r3, r1
100055b0:	f240 81a4 	bls.w	100058fc <tud_task_ext+0x70c>
100055b4:	784a      	ldrb	r2, [r1, #1]
100055b6:	2a0b      	cmp	r2, #11
100055b8:	f000 81af 	beq.w	1000591a <tud_task_ext+0x72a>
100055bc:	2301      	movs	r3, #1
100055be:	2a04      	cmp	r2, #4
100055c0:	f040 813a 	bne.w	10005838 <tud_task_ext+0x648>
100055c4:	2600      	movs	r6, #0
100055c6:	9a01      	ldr	r2, [sp, #4]
100055c8:	9600      	str	r6, [sp, #0]
100055ca:	1a52      	subs	r2, r2, r1
100055cc:	b292      	uxth	r2, r2
100055ce:	9202      	str	r2, [sp, #8]
100055d0:	4a6e      	ldr	r2, [pc, #440]	@ (1000578c <tud_task_ext+0x59c>)
100055d2:	9304      	str	r3, [sp, #16]
100055d4:	7812      	ldrb	r2, [r2, #0]
100055d6:	e01d      	b.n	10005614 <tud_task_ext+0x424>
100055d8:	4b6e      	ldr	r3, [pc, #440]	@ (10005794 <tud_task_ext+0x5a4>)
100055da:	681b      	ldr	r3, [r3, #0]
100055dc:	eb13 1846 	adds.w	r8, r3, r6, lsl #5
100055e0:	f000 812a 	beq.w	10005838 <tud_task_ext+0x648>
100055e4:	9a02      	ldr	r2, [sp, #8]
100055e6:	f8d8 3010 	ldr.w	r3, [r8, #16]
100055ea:	9803      	ldr	r0, [sp, #12]
100055ec:	9105      	str	r1, [sp, #20]
100055ee:	4798      	blx	r3
100055f0:	2808      	cmp	r0, #8
100055f2:	4602      	mov	r2, r0
100055f4:	9905      	ldr	r1, [sp, #20]
100055f6:	f106 0301 	add.w	r3, r6, #1
100055fa:	d903      	bls.n	10005604 <tud_task_ext+0x414>
100055fc:	9802      	ldr	r0, [sp, #8]
100055fe:	4290      	cmp	r0, r2
10005600:	f080 80ff 	bcs.w	10005802 <tud_task_ext+0x612>
10005604:	b2de      	uxtb	r6, r3
10005606:	4b61      	ldr	r3, [pc, #388]	@ (1000578c <tud_task_ext+0x59c>)
10005608:	9600      	str	r6, [sp, #0]
1000560a:	781a      	ldrb	r2, [r3, #0]
1000560c:	1c53      	adds	r3, r2, #1
1000560e:	429e      	cmp	r6, r3
10005610:	f300 8112 	bgt.w	10005838 <tud_task_ext+0x648>
10005614:	9b00      	ldr	r3, [sp, #0]
10005616:	42b2      	cmp	r2, r6
10005618:	eba3 0202 	sub.w	r2, r3, r2
1000561c:	d8dc      	bhi.n	100055d8 <tud_task_ext+0x3e8>
1000561e:	4b5c      	ldr	r3, [pc, #368]	@ (10005790 <tud_task_ext+0x5a0>)
10005620:	eb03 1842 	add.w	r8, r3, r2, lsl #5
10005624:	e7de      	b.n	100055e4 <tud_task_ext+0x3f4>
10005626:	787b      	ldrb	r3, [r7, #1]
10005628:	4640      	mov	r0, r8
1000562a:	f88d 301a 	strb.w	r3, [sp, #26]
1000562e:	f10d 021a 	add.w	r2, sp, #26
10005632:	2301      	movs	r3, #1
10005634:	a908      	add	r1, sp, #32
10005636:	f000 fa83 	bl	10005b40 <tud_control_xfer>
1000563a:	e5e9      	b.n	10005210 <tud_task_ext+0x20>
1000563c:	f8bd 0022 	ldrh.w	r0, [sp, #34]	@ 0x22
10005640:	0a03      	lsrs	r3, r0, #8
10005642:	3b01      	subs	r3, #1
10005644:	0a02      	lsrs	r2, r0, #8
10005646:	b2c0      	uxtb	r0, r0
10005648:	2b0e      	cmp	r3, #14
1000564a:	f63f aee9 	bhi.w	10005420 <tud_task_ext+0x230>
1000564e:	a101      	add	r1, pc, #4	@ (adr r1, 10005654 <tud_task_ext+0x464>)
10005650:	f851 f023 	ldr.w	pc, [r1, r3, lsl #2]
10005654:	10005869 	.word	0x10005869
10005658:	10005705 	.word	0x10005705
1000565c:	100058a5 	.word	0x100058a5
10005660:	10005421 	.word	0x10005421
10005664:	10005421 	.word	0x10005421
10005668:	10005887 	.word	0x10005887
1000566c:	10005705 	.word	0x10005705
10005670:	10005421 	.word	0x10005421
10005674:	10005421 	.word	0x10005421
10005678:	10005421 	.word	0x10005421
1000567c:	10005421 	.word	0x10005421
10005680:	10005421 	.word	0x10005421
10005684:	10005421 	.word	0x10005421
10005688:	10005421 	.word	0x10005421
1000568c:	1000585b 	.word	0x1000585b
10005690:	a808      	add	r0, sp, #32
10005692:	f000 fabd 	bl	10005c10 <usbd_control_set_request>
10005696:	4640      	mov	r0, r8
10005698:	f89d 1022 	ldrb.w	r1, [sp, #34]	@ 0x22
1000569c:	f7ff fba2 	bl	10004de4 <dcd_set_address>
100056a0:	783b      	ldrb	r3, [r7, #0]
100056a2:	f043 0302 	orr.w	r3, r3, #2
100056a6:	703b      	strb	r3, [r7, #0]
100056a8:	e5b2      	b.n	10005210 <tud_task_ext+0x20>
100056aa:	f8bd 3022 	ldrh.w	r3, [sp, #34]	@ 0x22
100056ae:	2b01      	cmp	r3, #1
100056b0:	f47f aeb6 	bne.w	10005420 <tud_task_ext+0x230>
100056b4:	783b      	ldrb	r3, [r7, #0]
100056b6:	4640      	mov	r0, r8
100056b8:	f023 0308 	bic.w	r3, r3, #8
100056bc:	a908      	add	r1, sp, #32
100056be:	703b      	strb	r3, [r7, #0]
100056c0:	f000 fa24 	bl	10005b0c <tud_control_status>
100056c4:	e5a4      	b.n	10005210 <tud_task_ext+0x20>
100056c6:	4640      	mov	r0, r8
100056c8:	783b      	ldrb	r3, [r7, #0]
100056ca:	089a      	lsrs	r2, r3, #2
100056cc:	f002 0202 	and.w	r2, r2, #2
100056d0:	f3c3 1340 	ubfx	r3, r3, #5, #1
100056d4:	4313      	orrs	r3, r2
100056d6:	f8ad 301a 	strh.w	r3, [sp, #26]
100056da:	f10d 021a 	add.w	r2, sp, #26
100056de:	2302      	movs	r3, #2
100056e0:	a908      	add	r1, sp, #32
100056e2:	f000 fa2d 	bl	10005b40 <tud_control_xfer>
100056e6:	e593      	b.n	10005210 <tud_task_ext+0x20>
100056e8:	f8bd 3022 	ldrh.w	r3, [sp, #34]	@ 0x22
100056ec:	2b01      	cmp	r3, #1
100056ee:	f47f ae97 	bne.w	10005420 <tud_task_ext+0x230>
100056f2:	783b      	ldrb	r3, [r7, #0]
100056f4:	4640      	mov	r0, r8
100056f6:	f043 0308 	orr.w	r3, r3, #8
100056fa:	a908      	add	r1, sp, #32
100056fc:	703b      	strb	r3, [r7, #0]
100056fe:	f000 fa05 	bl	10005b0c <tud_control_status>
10005702:	e585      	b.n	10005210 <tud_task_ext+0x20>
10005704:	2a02      	cmp	r2, #2
10005706:	f43f ae7e 	beq.w	10005406 <tud_task_ext+0x216>
1000570a:	f7ff fcdd 	bl	100050c8 <tud_descriptor_other_speed_configuration_cb>
1000570e:	4602      	mov	r2, r0
10005710:	2800      	cmp	r0, #0
10005712:	f43f ae85 	beq.w	10005420 <tud_task_ext+0x230>
10005716:	4640      	mov	r0, r8
10005718:	8853      	ldrh	r3, [r2, #2]
1000571a:	a908      	add	r1, sp, #32
1000571c:	f000 fa10 	bl	10005b40 <tud_control_xfer>
10005720:	2800      	cmp	r0, #0
10005722:	f47f ad75 	bne.w	10005210 <tud_task_ext+0x20>
10005726:	e67b      	b.n	10005420 <tud_task_ext+0x230>
10005728:	f89d 3024 	ldrb.w	r3, [sp, #36]	@ 0x24
1000572c:	2b0f      	cmp	r3, #15
1000572e:	f63f ae77 	bhi.w	10005420 <tud_task_ext+0x230>
10005732:	4a16      	ldr	r2, [pc, #88]	@ (1000578c <tud_task_ext+0x59c>)
10005734:	443b      	add	r3, r7
10005736:	791b      	ldrb	r3, [r3, #4]
10005738:	7812      	ldrb	r2, [r2, #0]
1000573a:	4293      	cmp	r3, r2
1000573c:	d21d      	bcs.n	1000577a <tud_task_ext+0x58a>
1000573e:	4a15      	ldr	r2, [pc, #84]	@ (10005794 <tud_task_ext+0x5a4>)
10005740:	6816      	ldr	r6, [r2, #0]
10005742:	eb16 1643 	adds.w	r6, r6, r3, lsl #5
10005746:	f47f aea2 	bne.w	1000548e <tud_task_ext+0x29e>
1000574a:	e669      	b.n	10005420 <tud_task_ext+0x230>
1000574c:	2a00      	cmp	r2, #0
1000574e:	f47f ae67 	bne.w	10005420 <tud_task_ext+0x230>
10005752:	2600      	movs	r6, #0
10005754:	f89d 2021 	ldrb.w	r2, [sp, #33]	@ 0x21
10005758:	f002 03fd 	and.w	r3, r2, #253	@ 0xfd
1000575c:	2b01      	cmp	r3, #1
1000575e:	d01b      	beq.n	10005798 <tud_task_ext+0x5a8>
10005760:	2a00      	cmp	r2, #0
10005762:	f47f ae56 	bne.w	10005412 <tud_task_ext+0x222>
10005766:	9b01      	ldr	r3, [sp, #4]
10005768:	9a00      	ldr	r2, [sp, #0]
1000576a:	443b      	add	r3, r7
1000576c:	4413      	add	r3, r2
1000576e:	f893 3034 	ldrb.w	r3, [r3, #52]	@ 0x34
10005772:	4640      	mov	r0, r8
10005774:	f3c3 0340 	ubfx	r3, r3, #1, #1
10005778:	e7ad      	b.n	100056d6 <tud_task_ext+0x4e6>
1000577a:	1c51      	adds	r1, r2, #1
1000577c:	4299      	cmp	r1, r3
1000577e:	f6ff ae4f 	blt.w	10005420 <tud_task_ext+0x230>
10005782:	4e03      	ldr	r6, [pc, #12]	@ (10005790 <tud_task_ext+0x5a0>)
10005784:	1a9b      	subs	r3, r3, r2
10005786:	eb06 1643 	add.w	r6, r6, r3, lsl #5
1000578a:	e680      	b.n	1000548e <tud_task_ext+0x29e>
1000578c:	20028814 	.word	0x20028814
10005790:	1000a788 	.word	0x1000a788
10005794:	20002520 	.word	0x20002520
10005798:	f8bd 3022 	ldrh.w	r3, [sp, #34]	@ 0x22
1000579c:	b9b3      	cbnz	r3, 100057cc <tud_task_ext+0x5dc>
1000579e:	2a01      	cmp	r2, #1
100057a0:	f899 0000 	ldrb.w	r0, [r9]
100057a4:	f000 8086 	beq.w	100058b4 <tud_task_ext+0x6c4>
100057a8:	f7ff fbd8 	bl	10004f5c <dcd_edpt_stall>
100057ac:	9b01      	ldr	r3, [sp, #4]
100057ae:	9a00      	ldr	r2, [sp, #0]
100057b0:	443b      	add	r3, r7
100057b2:	4413      	add	r3, r2
100057b4:	f893 2034 	ldrb.w	r2, [r3, #52]	@ 0x34
100057b8:	f042 0202 	orr.w	r2, r2, #2
100057bc:	f883 2034 	strb.w	r2, [r3, #52]	@ 0x34
100057c0:	f893 2034 	ldrb.w	r2, [r3, #52]	@ 0x34
100057c4:	f042 0201 	orr.w	r2, r2, #1
100057c8:	f883 2034 	strb.w	r2, [r3, #52]	@ 0x34
100057cc:	2e00      	cmp	r6, #0
100057ce:	f43f ad1f 	beq.w	10005210 <tud_task_ext+0x20>
100057d2:	6970      	ldr	r0, [r6, #20]
100057d4:	f000 fa16 	bl	10005c04 <usbd_control_set_complete_callback>
100057d8:	6973      	ldr	r3, [r6, #20]
100057da:	2101      	movs	r1, #1
100057dc:	aa08      	add	r2, sp, #32
100057de:	4640      	mov	r0, r8
100057e0:	4798      	blx	r3
100057e2:	2000      	movs	r0, #0
100057e4:	f000 fa0e 	bl	10005c04 <usbd_control_set_complete_callback>
100057e8:	f897 3035 	ldrb.w	r3, [r7, #53]	@ 0x35
100057ec:	07df      	lsls	r7, r3, #31
100057ee:	f53f ad0f 	bmi.w	10005210 <tud_task_ext+0x20>
100057f2:	e696      	b.n	10005522 <tud_task_ext+0x332>
100057f4:	f7ff fc6c 	bl	100050d0 <tud_umount_cb>
100057f8:	4640      	mov	r0, r8
100057fa:	a908      	add	r1, sp, #32
100057fc:	f000 f986 	bl	10005b0c <tud_control_status>
10005800:	e506      	b.n	10005210 <tud_task_ext+0x20>
10005802:	9b04      	ldr	r3, [sp, #16]
10005804:	2b01      	cmp	r3, #1
10005806:	f000 809e 	beq.w	10005946 <tud_task_ext+0x756>
1000580a:	2b00      	cmp	r3, #0
1000580c:	f000 808a 	beq.w	10005924 <tud_task_ext+0x734>
10005810:	2000      	movs	r0, #0
10005812:	f891 8002 	ldrb.w	r8, [r1, #2]
10005816:	e005      	b.n	10005824 <tud_task_ext+0x634>
10005818:	f88c 6004 	strb.w	r6, [ip, #4]
1000581c:	fa5f fc80 	uxtb.w	ip, r0
10005820:	4563      	cmp	r3, ip
10005822:	d97f      	bls.n	10005924 <tud_task_ext+0x734>
10005824:	eb08 0c00 	add.w	ip, r8, r0
10005828:	fa57 fc8c 	uxtab	ip, r7, ip
1000582c:	f89c e004 	ldrb.w	lr, [ip, #4]
10005830:	3001      	adds	r0, #1
10005832:	f1be 0fff 	cmp.w	lr, #255	@ 0xff
10005836:	d0ef      	beq.n	10005818 <tud_task_ext+0x628>
10005838:	f04f 23e0 	mov.w	r3, #3758153728	@ 0xe000e000
1000583c:	f8d3 3df0 	ldr.w	r3, [r3, #3568]	@ 0xdf0
10005840:	07da      	lsls	r2, r3, #31
10005842:	d500      	bpl.n	10005846 <tud_task_ext+0x656>
10005844:	be00      	bkpt	0x0000
10005846:	f04f 23e0 	mov.w	r3, #3758153728	@ 0xe000e000
1000584a:	f8d3 3df0 	ldr.w	r3, [r3, #3568]	@ 0xdf0
1000584e:	07db      	lsls	r3, r3, #31
10005850:	d500      	bpl.n	10005854 <tud_task_ext+0x664>
10005852:	be00      	bkpt	0x0000
10005854:	2300      	movs	r3, #0
10005856:	707b      	strb	r3, [r7, #1]
10005858:	e5e2      	b.n	10005420 <tud_task_ext+0x230>
1000585a:	f7fe ff23 	bl	100046a4 <tud_descriptor_bos_cb>
1000585e:	4602      	mov	r2, r0
10005860:	2800      	cmp	r0, #0
10005862:	f47f af58 	bne.w	10005716 <tud_task_ext+0x526>
10005866:	e5db      	b.n	10005420 <tud_task_ext+0x230>
10005868:	f7ff f958 	bl	10004b1c <tud_descriptor_device_cb>
1000586c:	4602      	mov	r2, r0
1000586e:	2800      	cmp	r0, #0
10005870:	f43f adcf 	beq.w	10005412 <tud_task_ext+0x222>
10005874:	4640      	mov	r0, r8
10005876:	2312      	movs	r3, #18
10005878:	a908      	add	r1, sp, #32
1000587a:	f000 f961 	bl	10005b40 <tud_control_xfer>
1000587e:	2800      	cmp	r0, #0
10005880:	f47f acc6 	bne.w	10005210 <tud_task_ext+0x20>
10005884:	e5cc      	b.n	10005420 <tud_task_ext+0x230>
10005886:	f7ff fc1d 	bl	100050c4 <tud_descriptor_device_qualifier_cb>
1000588a:	4602      	mov	r2, r0
1000588c:	2800      	cmp	r0, #0
1000588e:	f43f adc7 	beq.w	10005420 <tud_task_ext+0x230>
10005892:	4640      	mov	r0, r8
10005894:	7813      	ldrb	r3, [r2, #0]
10005896:	a908      	add	r1, sp, #32
10005898:	f000 f952 	bl	10005b40 <tud_control_xfer>
1000589c:	2800      	cmp	r0, #0
1000589e:	f47f acb7 	bne.w	10005210 <tud_task_ext+0x20>
100058a2:	e5bd      	b.n	10005420 <tud_task_ext+0x230>
100058a4:	f8bd 1024 	ldrh.w	r1, [sp, #36]	@ 0x24
100058a8:	f7ff f940 	bl	10004b2c <tud_descriptor_string_cb>
100058ac:	4602      	mov	r2, r0
100058ae:	2800      	cmp	r0, #0
100058b0:	d1ef      	bne.n	10005892 <tud_task_ext+0x6a2>
100058b2:	e5b5      	b.n	10005420 <tud_task_ext+0x230>
100058b4:	9302      	str	r3, [sp, #8]
100058b6:	f7ff fb69 	bl	10004f8c <dcd_edpt_clear_stall>
100058ba:	9a01      	ldr	r2, [sp, #4]
100058bc:	9b00      	ldr	r3, [sp, #0]
100058be:	443a      	add	r2, r7
100058c0:	441a      	add	r2, r3
100058c2:	f892 1034 	ldrb.w	r1, [r2, #52]	@ 0x34
100058c6:	9b02      	ldr	r3, [sp, #8]
100058c8:	f363 0141 	bfi	r1, r3, #1, #1
100058cc:	f882 1034 	strb.w	r1, [r2, #52]	@ 0x34
100058d0:	f892 1034 	ldrb.w	r1, [r2, #52]	@ 0x34
100058d4:	f363 0100 	bfi	r1, r3, #0, #1
100058d8:	f882 1034 	strb.w	r1, [r2, #52]	@ 0x34
100058dc:	e776      	b.n	100057cc <tud_task_ext+0x5dc>
100058de:	2100      	movs	r1, #0
100058e0:	4640      	mov	r0, r8
100058e2:	f7ff fa87 	bl	10004df4 <dcd_sof_enable>
100058e6:	4640      	mov	r0, r8
100058e8:	f7ff fb22 	bl	10004f30 <dcd_edpt_close_all>
100058ec:	78bb      	ldrb	r3, [r7, #2]
100058ee:	4640      	mov	r0, r8
100058f0:	9300      	str	r3, [sp, #0]
100058f2:	f7ff fb9d 	bl	10005030 <configuration_reset>
100058f6:	9b00      	ldr	r3, [sp, #0]
100058f8:	70bb      	strb	r3, [r7, #2]
100058fa:	e632      	b.n	10005562 <tud_task_ext+0x372>
100058fc:	f8dd 800c 	ldr.w	r8, [sp, #12]
10005900:	f7ff fbe4 	bl	100050cc <tud_mount_cb>
10005904:	e778      	b.n	100057f8 <tud_task_ext+0x608>
10005906:	4640      	mov	r0, r8
10005908:	2301      	movs	r3, #1
1000590a:	a908      	add	r1, sp, #32
1000590c:	f10d 021a 	add.w	r2, sp, #26
10005910:	f88d 601a 	strb.w	r6, [sp, #26]
10005914:	f000 f914 	bl	10005b40 <tud_control_xfer>
10005918:	e47a      	b.n	10005210 <tud_task_ext+0x20>
1000591a:	780a      	ldrb	r2, [r1, #0]
1000591c:	78cb      	ldrb	r3, [r1, #3]
1000591e:	4411      	add	r1, r2
10005920:	784a      	ldrb	r2, [r1, #1]
10005922:	e64c      	b.n	100055be <tud_task_ext+0x3ce>
10005924:	4633      	mov	r3, r6
10005926:	4810      	ldr	r0, [pc, #64]	@ (10005968 <tud_task_ext+0x778>)
10005928:	9204      	str	r2, [sp, #16]
1000592a:	9102      	str	r1, [sp, #8]
1000592c:	f000 fe76 	bl	1000661c <tu_edpt_bind_driver>
10005930:	4b0e      	ldr	r3, [pc, #56]	@ (1000596c <tud_task_ext+0x77c>)
10005932:	9a04      	ldr	r2, [sp, #16]
10005934:	9902      	ldr	r1, [sp, #8]
10005936:	781b      	ldrb	r3, [r3, #0]
10005938:	4411      	add	r1, r2
1000593a:	9a00      	ldr	r2, [sp, #0]
1000593c:	3301      	adds	r3, #1
1000593e:	4293      	cmp	r3, r2
10005940:	f6bf ae34 	bge.w	100055ac <tud_task_ext+0x3bc>
10005944:	e778      	b.n	10005838 <tud_task_ext+0x648>
10005946:	f8d8 c010 	ldr.w	ip, [r8, #16]
1000594a:	4809      	ldr	r0, [pc, #36]	@ (10005970 <tud_task_ext+0x780>)
1000594c:	4584      	cmp	ip, r0
1000594e:	bf08      	it	eq
10005950:	2302      	moveq	r3, #2
10005952:	e75d      	b.n	10005810 <tud_task_ext+0x620>
10005954:	f04f 23e0 	mov.w	r3, #3758153728	@ 0xe000e000
10005958:	f8d3 3df0 	ldr.w	r3, [r3, #3568]	@ 0xdf0
1000595c:	07db      	lsls	r3, r3, #31
1000595e:	f57f ac57 	bpl.w	10005210 <tud_task_ext+0x20>
10005962:	be00      	bkpt	0x0000
10005964:	e454      	b.n	10005210 <tud_task_ext+0x20>
10005966:	bf00      	nop
10005968:	20002704 	.word	0x20002704
1000596c:	20028814 	.word	0x20028814
10005970:	1000603d 	.word	0x1000603d

10005974 <usbd_open_edpt_pair>:
10005974:	e92d 4ff8 	stmdb	sp!, {r3, r4, r5, r6, r7, r8, r9, sl, fp, lr}
10005978:	9f0a      	ldr	r7, [sp, #40]	@ 0x28
1000597a:	2a00      	cmp	r2, #0
1000597c:	d040      	beq.n	10005a00 <usbd_open_edpt_pair+0x8c>
1000597e:	460c      	mov	r4, r1
10005980:	461e      	mov	r6, r3
10005982:	4615      	mov	r5, r2
10005984:	f04f 0a00 	mov.w	sl, #0
10005988:	f8df 907c 	ldr.w	r9, [pc, #124]	@ 10005a08 <usbd_open_edpt_pair+0x94>
1000598c:	f8df 807c 	ldr.w	r8, [pc, #124]	@ 10005a0c <usbd_open_edpt_pair+0x98>
10005990:	e018      	b.n	100059c4 <usbd_open_edpt_pair+0x50>
10005992:	4620      	mov	r0, r4
10005994:	f898 1002 	ldrb.w	r1, [r8, #2]
10005998:	f899 b000 	ldrb.w	fp, [r9]
1000599c:	f000 fe0e 	bl	100065bc <tu_edpt_validate>
100059a0:	b1e0      	cbz	r0, 100059dc <usbd_open_edpt_pair+0x68>
100059a2:	4621      	mov	r1, r4
100059a4:	4658      	mov	r0, fp
100059a6:	f7ff fa41 	bl	10004e2c <dcd_edpt_open>
100059aa:	b1f0      	cbz	r0, 100059ea <usbd_open_edpt_pair+0x76>
100059ac:	78a2      	ldrb	r2, [r4, #2]
100059ae:	f10a 0a01 	add.w	sl, sl, #1
100059b2:	09d1      	lsrs	r1, r2, #7
100059b4:	bf16      	itet	ne
100059b6:	9b0b      	ldrne	r3, [sp, #44]	@ 0x2c
100059b8:	703a      	strbeq	r2, [r7, #0]
100059ba:	701a      	strbne	r2, [r3, #0]
100059bc:	7822      	ldrb	r2, [r4, #0]
100059be:	45aa      	cmp	sl, r5
100059c0:	4414      	add	r4, r2
100059c2:	d01d      	beq.n	10005a00 <usbd_open_edpt_pair+0x8c>
100059c4:	7862      	ldrb	r2, [r4, #1]
100059c6:	2a05      	cmp	r2, #5
100059c8:	d10f      	bne.n	100059ea <usbd_open_edpt_pair+0x76>
100059ca:	78e1      	ldrb	r1, [r4, #3]
100059cc:	f001 0103 	and.w	r1, r1, #3
100059d0:	42b1      	cmp	r1, r6
100059d2:	d10a      	bne.n	100059ea <usbd_open_edpt_pair+0x76>
100059d4:	78a2      	ldrb	r2, [r4, #2]
100059d6:	f012 0f70 	tst.w	r2, #112	@ 0x70
100059da:	d0da      	beq.n	10005992 <usbd_open_edpt_pair+0x1e>
100059dc:	f04f 23e0 	mov.w	r3, #3758153728	@ 0xe000e000
100059e0:	f8d3 3df0 	ldr.w	r3, [r3, #3568]	@ 0xdf0
100059e4:	07da      	lsls	r2, r3, #31
100059e6:	d500      	bpl.n	100059ea <usbd_open_edpt_pair+0x76>
100059e8:	be00      	bkpt	0x0000
100059ea:	f04f 23e0 	mov.w	r3, #3758153728	@ 0xe000e000
100059ee:	f8d3 3df0 	ldr.w	r3, [r3, #3568]	@ 0xdf0
100059f2:	07db      	lsls	r3, r3, #31
100059f4:	d402      	bmi.n	100059fc <usbd_open_edpt_pair+0x88>
100059f6:	2000      	movs	r0, #0
100059f8:	e8bd 8ff8 	ldmia.w	sp!, {r3, r4, r5, r6, r7, r8, r9, sl, fp, pc}
100059fc:	be00      	bkpt	0x0000
100059fe:	e7fa      	b.n	100059f6 <usbd_open_edpt_pair+0x82>
10005a00:	2001      	movs	r0, #1
10005a02:	e8bd 8ff8 	ldmia.w	sp!, {r3, r4, r5, r6, r7, r8, r9, sl, fp, pc}
10005a06:	bf00      	nop
10005a08:	20001ca0 	.word	0x20001ca0
10005a0c:	200026f0 	.word	0x200026f0

10005a10 <usbd_edpt_open>:
10005a10:	b538      	push	{r3, r4, r5, lr}
10005a12:	788b      	ldrb	r3, [r1, #2]
10005a14:	f013 0f70 	tst.w	r3, #112	@ 0x70
10005a18:	d008      	beq.n	10005a2c <usbd_edpt_open+0x1c>
10005a1a:	f04f 23e0 	mov.w	r3, #3758153728	@ 0xe000e000
10005a1e:	f8d3 3df0 	ldr.w	r3, [r3, #3568]	@ 0xdf0
10005a22:	07db      	lsls	r3, r3, #31
10005a24:	d500      	bpl.n	10005a28 <usbd_edpt_open+0x18>
10005a26:	be00      	bkpt	0x0000
10005a28:	2000      	movs	r0, #0
10005a2a:	bd38      	pop	{r3, r4, r5, pc}
10005a2c:	4a07      	ldr	r2, [pc, #28]	@ (10005a4c <usbd_edpt_open+0x3c>)
10005a2e:	4b08      	ldr	r3, [pc, #32]	@ (10005a50 <usbd_edpt_open+0x40>)
10005a30:	460c      	mov	r4, r1
10005a32:	4608      	mov	r0, r1
10005a34:	7891      	ldrb	r1, [r2, #2]
10005a36:	781d      	ldrb	r5, [r3, #0]
10005a38:	f000 fdc0 	bl	100065bc <tu_edpt_validate>
10005a3c:	2800      	cmp	r0, #0
10005a3e:	d0ec      	beq.n	10005a1a <usbd_edpt_open+0xa>
10005a40:	4621      	mov	r1, r4
10005a42:	4628      	mov	r0, r5
10005a44:	e8bd 4038 	ldmia.w	sp!, {r3, r4, r5, lr}
10005a48:	f7ff b9f0 	b.w	10004e2c <dcd_edpt_open>
10005a4c:	200026f0 	.word	0x200026f0
10005a50:	20001ca0 	.word	0x20001ca0

10005a54 <usbd_edpt_claim>:
10005a54:	460b      	mov	r3, r1
10005a56:	4a06      	ldr	r2, [pc, #24]	@ (10005a70 <usbd_edpt_claim+0x1c>)
10005a58:	4806      	ldr	r0, [pc, #24]	@ (10005a74 <usbd_edpt_claim+0x20>)
10005a5a:	6811      	ldr	r1, [r2, #0]
10005a5c:	09da      	lsrs	r2, r3, #7
10005a5e:	3234      	adds	r2, #52	@ 0x34
10005a60:	f003 037f 	and.w	r3, r3, #127	@ 0x7f
10005a64:	eb02 0343 	add.w	r3, r2, r3, lsl #1
10005a68:	4418      	add	r0, r3
10005a6a:	f000 bd61 	b.w	10006530 <tu_edpt_claim>
10005a6e:	bf00      	nop
10005a70:	20002744 	.word	0x20002744
10005a74:	200026f0 	.word	0x200026f0

10005a78 <usbd_edpt_release>:
10005a78:	460b      	mov	r3, r1
10005a7a:	4a06      	ldr	r2, [pc, #24]	@ (10005a94 <usbd_edpt_release+0x1c>)
10005a7c:	4806      	ldr	r0, [pc, #24]	@ (10005a98 <usbd_edpt_release+0x20>)
10005a7e:	6811      	ldr	r1, [r2, #0]
10005a80:	09da      	lsrs	r2, r3, #7
10005a82:	3234      	adds	r2, #52	@ 0x34
10005a84:	f003 037f 	and.w	r3, r3, #127	@ 0x7f
10005a88:	eb02 0343 	add.w	r3, r2, r3, lsl #1
10005a8c:	4418      	add	r0, r3
10005a8e:	f000 bd79 	b.w	10006584 <tu_edpt_release>
10005a92:	bf00      	nop
10005a94:	20002744 	.word	0x20002744
10005a98:	200026f0 	.word	0x200026f0

10005a9c <usbd_edpt_xfer>:
10005a9c:	b510      	push	{r4, lr}
10005a9e:	4819      	ldr	r0, [pc, #100]	@ (10005b04 <usbd_edpt_xfer+0x68>)
10005aa0:	f001 0c7f 	and.w	ip, r1, #127	@ 0x7f
10005aa4:	eb00 004c 	add.w	r0, r0, ip, lsl #1
10005aa8:	eb00 10d1 	add.w	r0, r0, r1, lsr #7
10005aac:	f890 c034 	ldrb.w	ip, [r0, #52]	@ 0x34
10005ab0:	f01c 0f01 	tst.w	ip, #1
10005ab4:	d008      	beq.n	10005ac8 <usbd_edpt_xfer+0x2c>
10005ab6:	f04f 23e0 	mov.w	r3, #3758153728	@ 0xe000e000
10005aba:	f8d3 3df0 	ldr.w	r3, [r3, #3568]	@ 0xdf0
10005abe:	07da      	lsls	r2, r3, #31
10005ac0:	d500      	bpl.n	10005ac4 <usbd_edpt_xfer+0x28>
10005ac2:	be00      	bkpt	0x0000
10005ac4:	2000      	movs	r0, #0
10005ac6:	bd10      	pop	{r4, pc}
10005ac8:	f100 0430 	add.w	r4, r0, #48	@ 0x30
10005acc:	f894 c004 	ldrb.w	ip, [r4, #4]
10005ad0:	480d      	ldr	r0, [pc, #52]	@ (10005b08 <usbd_edpt_xfer+0x6c>)
10005ad2:	f04c 0c01 	orr.w	ip, ip, #1
10005ad6:	7800      	ldrb	r0, [r0, #0]
10005ad8:	f884 c004 	strb.w	ip, [r4, #4]
10005adc:	f7ff fa2a 	bl	10004f34 <dcd_edpt_xfer>
10005ae0:	2800      	cmp	r0, #0
10005ae2:	d1f0      	bne.n	10005ac6 <usbd_edpt_xfer+0x2a>
10005ae4:	f04f 21e0 	mov.w	r1, #3758153728	@ 0xe000e000
10005ae8:	7922      	ldrb	r2, [r4, #4]
10005aea:	f360 0200 	bfi	r2, r0, #0, #1
10005aee:	7122      	strb	r2, [r4, #4]
10005af0:	7922      	ldrb	r2, [r4, #4]
10005af2:	f360 0282 	bfi	r2, r0, #2, #1
10005af6:	7122      	strb	r2, [r4, #4]
10005af8:	f8d1 3df0 	ldr.w	r3, [r1, #3568]	@ 0xdf0
10005afc:	07db      	lsls	r3, r3, #31
10005afe:	d5e1      	bpl.n	10005ac4 <usbd_edpt_xfer+0x28>
10005b00:	be00      	bkpt	0x0000
10005b02:	e7df      	b.n	10005ac4 <usbd_edpt_xfer+0x28>
10005b04:	200026f0 	.word	0x200026f0
10005b08:	20001ca0 	.word	0x20001ca0

10005b0c <tud_control_status>:
10005b0c:	b530      	push	{r4, r5, lr}
10005b0e:	4c0b      	ldr	r4, [pc, #44]	@ (10005b3c <tud_control_status+0x30>)
10005b10:	468c      	mov	ip, r1
10005b12:	46a6      	mov	lr, r4
10005b14:	4605      	mov	r5, r0
10005b16:	6808      	ldr	r0, [r1, #0]
10005b18:	6849      	ldr	r1, [r1, #4]
10005b1a:	2300      	movs	r3, #0
10005b1c:	e8ae 0003 	stmia.w	lr!, {r0, r1}
10005b20:	f89c 1000 	ldrb.w	r1, [ip]
10005b24:	4628      	mov	r0, r5
10005b26:	43c9      	mvns	r1, r1
10005b28:	e9c4 3302 	strd	r3, r3, [r4, #8]
10005b2c:	e8bd 4030 	ldmia.w	sp!, {r4, r5, lr}
10005b30:	461a      	mov	r2, r3
10005b32:	f001 0180 	and.w	r1, r1, #128	@ 0x80
10005b36:	f7ff bfb1 	b.w	10005a9c <usbd_edpt_xfer>
10005b3a:	bf00      	nop
10005b3c:	200026b0 	.word	0x200026b0

10005b40 <tud_control_xfer>:
10005b40:	e92d 41f0 	stmdb	sp!, {r4, r5, r6, r7, r8, lr}
10005b44:	4f28      	ldr	r7, [pc, #160]	@ (10005be8 <tud_control_xfer+0xa8>)
10005b46:	f04f 0800 	mov.w	r8, #0
10005b4a:	46be      	mov	lr, r7
10005b4c:	468c      	mov	ip, r1
10005b4e:	4606      	mov	r6, r0
10005b50:	6808      	ldr	r0, [r1, #0]
10005b52:	6849      	ldr	r1, [r1, #4]
10005b54:	60ba      	str	r2, [r7, #8]
10005b56:	e8ae 0003 	stmia.w	lr!, {r0, r1}
10005b5a:	f8a7 800e 	strh.w	r8, [r7, #14]
10005b5e:	4615      	mov	r5, r2
10005b60:	f8bc 2006 	ldrh.w	r2, [ip, #6]
10005b64:	4293      	cmp	r3, r2
10005b66:	bf28      	it	cs
10005b68:	4613      	movcs	r3, r2
10005b6a:	81bb      	strh	r3, [r7, #12]
10005b6c:	b19a      	cbz	r2, 10005b96 <tud_control_xfer+0x56>
10005b6e:	461c      	mov	r4, r3
10005b70:	b333      	cbz	r3, 10005bc0 <tud_control_xfer+0x80>
10005b72:	b1dd      	cbz	r5, 10005bac <tud_control_xfer+0x6c>
10005b74:	f997 3000 	ldrsb.w	r3, [r7]
10005b78:	2c40      	cmp	r4, #64	@ 0x40
10005b7a:	bf28      	it	cs
10005b7c:	2440      	movcs	r4, #64	@ 0x40
10005b7e:	2b00      	cmp	r3, #0
10005b80:	db29      	blt.n	10005bd6 <tud_control_xfer+0x96>
10005b82:	4641      	mov	r1, r8
10005b84:	4623      	mov	r3, r4
10005b86:	4630      	mov	r0, r6
10005b88:	4a18      	ldr	r2, [pc, #96]	@ (10005bec <tud_control_xfer+0xac>)
10005b8a:	f7ff ff87 	bl	10005a9c <usbd_edpt_xfer>
10005b8e:	b168      	cbz	r0, 10005bac <tud_control_xfer+0x6c>
10005b90:	2001      	movs	r0, #1
10005b92:	e8bd 81f0 	ldmia.w	sp!, {r4, r5, r6, r7, r8, pc}
10005b96:	f89c 1000 	ldrb.w	r1, [ip]
10005b9a:	4613      	mov	r3, r2
10005b9c:	43c9      	mvns	r1, r1
10005b9e:	4630      	mov	r0, r6
10005ba0:	f001 0180 	and.w	r1, r1, #128	@ 0x80
10005ba4:	f7ff ff7a 	bl	10005a9c <usbd_edpt_xfer>
10005ba8:	2800      	cmp	r0, #0
10005baa:	d1f1      	bne.n	10005b90 <tud_control_xfer+0x50>
10005bac:	f04f 23e0 	mov.w	r3, #3758153728	@ 0xe000e000
10005bb0:	f8d3 3df0 	ldr.w	r3, [r3, #3568]	@ 0xdf0
10005bb4:	07db      	lsls	r3, r3, #31
10005bb6:	d500      	bpl.n	10005bba <tud_control_xfer+0x7a>
10005bb8:	be00      	bkpt	0x0000
10005bba:	2000      	movs	r0, #0
10005bbc:	e8bd 81f0 	ldmia.w	sp!, {r4, r5, r6, r7, r8, pc}
10005bc0:	461a      	mov	r2, r3
10005bc2:	7839      	ldrb	r1, [r7, #0]
10005bc4:	f001 0180 	and.w	r1, r1, #128	@ 0x80
10005bc8:	4623      	mov	r3, r4
10005bca:	4630      	mov	r0, r6
10005bcc:	f7ff ff66 	bl	10005a9c <usbd_edpt_xfer>
10005bd0:	2800      	cmp	r0, #0
10005bd2:	d1dd      	bne.n	10005b90 <tud_control_xfer+0x50>
10005bd4:	e7ea      	b.n	10005bac <tud_control_xfer+0x6c>
10005bd6:	4622      	mov	r2, r4
10005bd8:	4629      	mov	r1, r5
10005bda:	4804      	ldr	r0, [pc, #16]	@ (10005bec <tud_control_xfer+0xac>)
10005bdc:	f001 fdec 	bl	100077b8 <memcpy>
10005be0:	2180      	movs	r1, #128	@ 0x80
10005be2:	4a02      	ldr	r2, [pc, #8]	@ (10005bec <tud_control_xfer+0xac>)
10005be4:	e7f0      	b.n	10005bc8 <tud_control_xfer+0x88>
10005be6:	bf00      	nop
10005be8:	200026b0 	.word	0x200026b0
10005bec:	20002670 	.word	0x20002670

10005bf0 <usbd_control_reset>:
10005bf0:	2200      	movs	r2, #0
10005bf2:	4b03      	ldr	r3, [pc, #12]	@ (10005c00 <usbd_control_reset+0x10>)
10005bf4:	e9c3 2200 	strd	r2, r2, [r3]
10005bf8:	e9c3 2202 	strd	r2, r2, [r3, #8]
10005bfc:	611a      	str	r2, [r3, #16]
10005bfe:	4770      	bx	lr
10005c00:	200026b0 	.word	0x200026b0

10005c04 <usbd_control_set_complete_callback>:
10005c04:	4b01      	ldr	r3, [pc, #4]	@ (10005c0c <usbd_control_set_complete_callback+0x8>)
10005c06:	6118      	str	r0, [r3, #16]
10005c08:	4770      	bx	lr
10005c0a:	bf00      	nop
10005c0c:	200026b0 	.word	0x200026b0

10005c10 <usbd_control_set_request>:
10005c10:	b430      	push	{r4, r5}
10005c12:	4602      	mov	r2, r0
10005c14:	4c04      	ldr	r4, [pc, #16]	@ (10005c28 <usbd_control_set_request+0x18>)
10005c16:	2500      	movs	r5, #0
10005c18:	4623      	mov	r3, r4
10005c1a:	6800      	ldr	r0, [r0, #0]
10005c1c:	6851      	ldr	r1, [r2, #4]
10005c1e:	e9c4 5502 	strd	r5, r5, [r4, #8]
10005c22:	bc30      	pop	{r4, r5}
10005c24:	c303      	stmia	r3!, {r0, r1}
10005c26:	4770      	bx	lr
10005c28:	200026b0 	.word	0x200026b0

10005c2c <usbd_control_xfer_cb>:
10005c2c:	b570      	push	{r4, r5, r6, lr}
10005c2e:	4c3d      	ldr	r4, [pc, #244]	@ (10005d24 <usbd_control_xfer_cb+0xf8>)
10005c30:	09c9      	lsrs	r1, r1, #7
10005c32:	7822      	ldrb	r2, [r4, #0]
10005c34:	4606      	mov	r6, r0
10005c36:	ebb1 1fd2 	cmp.w	r1, r2, lsr #7
10005c3a:	461d      	mov	r5, r3
10005c3c:	b082      	sub	sp, #8
10005c3e:	d017      	beq.n	10005c70 <usbd_control_xfer_cb+0x44>
10005c40:	b153      	cbz	r3, 10005c58 <usbd_control_xfer_cb+0x2c>
10005c42:	f04f 23e0 	mov.w	r3, #3758153728	@ 0xe000e000
10005c46:	f8d3 3df0 	ldr.w	r3, [r3, #3568]	@ 0xdf0
10005c4a:	07db      	lsls	r3, r3, #31
10005c4c:	d402      	bmi.n	10005c54 <usbd_control_xfer_cb+0x28>
10005c4e:	2000      	movs	r0, #0
10005c50:	b002      	add	sp, #8
10005c52:	bd70      	pop	{r4, r5, r6, pc}
10005c54:	be00      	bkpt	0x0000
10005c56:	e7fa      	b.n	10005c4e <usbd_control_xfer_cb+0x22>
10005c58:	4621      	mov	r1, r4
10005c5a:	f7ff f8d9 	bl	10004e10 <dcd_edpt0_status_complete>
10005c5e:	6923      	ldr	r3, [r4, #16]
10005c60:	b11b      	cbz	r3, 10005c6a <usbd_control_xfer_cb+0x3e>
10005c62:	4622      	mov	r2, r4
10005c64:	2103      	movs	r1, #3
10005c66:	4630      	mov	r0, r6
10005c68:	4798      	blx	r3
10005c6a:	2001      	movs	r0, #1
10005c6c:	b002      	add	sp, #8
10005c6e:	bd70      	pop	{r4, r5, r6, pc}
10005c70:	f994 3000 	ldrsb.w	r3, [r4]
10005c74:	2b00      	cmp	r3, #0
10005c76:	db06      	blt.n	10005c86 <usbd_control_xfer_cb+0x5a>
10005c78:	68a0      	ldr	r0, [r4, #8]
10005c7a:	2800      	cmp	r0, #0
10005c7c:	d0e7      	beq.n	10005c4e <usbd_control_xfer_cb+0x22>
10005c7e:	462a      	mov	r2, r5
10005c80:	4929      	ldr	r1, [pc, #164]	@ (10005d28 <usbd_control_xfer_cb+0xfc>)
10005c82:	f001 fd99 	bl	100077b8 <memcpy>
10005c86:	89e0      	ldrh	r0, [r4, #14]
10005c88:	68a1      	ldr	r1, [r4, #8]
10005c8a:	88e3      	ldrh	r3, [r4, #6]
10005c8c:	4428      	add	r0, r5
10005c8e:	b280      	uxth	r0, r0
10005c90:	4429      	add	r1, r5
10005c92:	4283      	cmp	r3, r0
10005c94:	81e0      	strh	r0, [r4, #14]
10005c96:	60a1      	str	r1, [r4, #8]
10005c98:	d016      	beq.n	10005cc8 <usbd_control_xfer_cb+0x9c>
10005c9a:	2d3f      	cmp	r5, #63	@ 0x3f
10005c9c:	d914      	bls.n	10005cc8 <usbd_control_xfer_cb+0x9c>
10005c9e:	89a2      	ldrh	r2, [r4, #12]
10005ca0:	f994 4000 	ldrsb.w	r4, [r4]
10005ca4:	1a13      	subs	r3, r2, r0
10005ca6:	b29b      	uxth	r3, r3
10005ca8:	2b40      	cmp	r3, #64	@ 0x40
10005caa:	bf28      	it	cs
10005cac:	2340      	movcs	r3, #64	@ 0x40
10005cae:	2c00      	cmp	r4, #0
10005cb0:	db27      	blt.n	10005d02 <usbd_control_xfer_cb+0xd6>
10005cb2:	4290      	cmp	r0, r2
10005cb4:	f04f 0100 	mov.w	r1, #0
10005cb8:	d031      	beq.n	10005d1e <usbd_control_xfer_cb+0xf2>
10005cba:	4a1b      	ldr	r2, [pc, #108]	@ (10005d28 <usbd_control_xfer_cb+0xfc>)
10005cbc:	4630      	mov	r0, r6
10005cbe:	f7ff feed 	bl	10005a9c <usbd_edpt_xfer>
10005cc2:	2800      	cmp	r0, #0
10005cc4:	d1d1      	bne.n	10005c6a <usbd_control_xfer_cb+0x3e>
10005cc6:	e7bc      	b.n	10005c42 <usbd_control_xfer_cb+0x16>
10005cc8:	6923      	ldr	r3, [r4, #16]
10005cca:	b123      	cbz	r3, 10005cd6 <usbd_control_xfer_cb+0xaa>
10005ccc:	2102      	movs	r1, #2
10005cce:	4630      	mov	r0, r6
10005cd0:	4a14      	ldr	r2, [pc, #80]	@ (10005d24 <usbd_control_xfer_cb+0xf8>)
10005cd2:	4798      	blx	r3
10005cd4:	b160      	cbz	r0, 10005cf0 <usbd_control_xfer_cb+0xc4>
10005cd6:	7821      	ldrb	r1, [r4, #0]
10005cd8:	2300      	movs	r3, #0
10005cda:	43c9      	mvns	r1, r1
10005cdc:	4630      	mov	r0, r6
10005cde:	461a      	mov	r2, r3
10005ce0:	f001 0180 	and.w	r1, r1, #128	@ 0x80
10005ce4:	f7ff feda 	bl	10005a9c <usbd_edpt_xfer>
10005ce8:	2800      	cmp	r0, #0
10005cea:	d0aa      	beq.n	10005c42 <usbd_control_xfer_cb+0x16>
10005cec:	2001      	movs	r0, #1
10005cee:	e7bd      	b.n	10005c6c <usbd_control_xfer_cb+0x40>
10005cf0:	4601      	mov	r1, r0
10005cf2:	4630      	mov	r0, r6
10005cf4:	f7ff f932 	bl	10004f5c <dcd_edpt_stall>
10005cf8:	2180      	movs	r1, #128	@ 0x80
10005cfa:	4630      	mov	r0, r6
10005cfc:	f7ff f92e 	bl	10004f5c <dcd_edpt_stall>
10005d00:	e7b3      	b.n	10005c6a <usbd_control_xfer_cb+0x3e>
10005d02:	4290      	cmp	r0, r2
10005d04:	d008      	beq.n	10005d18 <usbd_control_xfer_cb+0xec>
10005d06:	461a      	mov	r2, r3
10005d08:	4807      	ldr	r0, [pc, #28]	@ (10005d28 <usbd_control_xfer_cb+0xfc>)
10005d0a:	9301      	str	r3, [sp, #4]
10005d0c:	f001 fd54 	bl	100077b8 <memcpy>
10005d10:	2180      	movs	r1, #128	@ 0x80
10005d12:	4a05      	ldr	r2, [pc, #20]	@ (10005d28 <usbd_control_xfer_cb+0xfc>)
10005d14:	9b01      	ldr	r3, [sp, #4]
10005d16:	e7d1      	b.n	10005cbc <usbd_control_xfer_cb+0x90>
10005d18:	2180      	movs	r1, #128	@ 0x80
10005d1a:	2200      	movs	r2, #0
10005d1c:	e7ce      	b.n	10005cbc <usbd_control_xfer_cb+0x90>
10005d1e:	460a      	mov	r2, r1
10005d20:	e7cc      	b.n	10005cbc <usbd_control_xfer_cb+0x90>
10005d22:	bf00      	nop
10005d24:	200026b0 	.word	0x200026b0
10005d28:	20002670 	.word	0x20002670

10005d2c <_prep_out_transaction.isra.0>:
10005d2c:	e92d 41f0 	stmdb	sp!, {r4, r5, r6, r7, r8, lr}
10005d30:	4604      	mov	r4, r0
10005d32:	f7ff f9d3 	bl	100050dc <tud_mounted>
10005d36:	b908      	cbnz	r0, 10005d3c <_prep_out_transaction.isra.0+0x10>
10005d38:	e8bd 81f0 	ldmia.w	sp!, {r4, r5, r6, r7, r8, pc}
10005d3c:	f7ff f9d6 	bl	100050ec <tud_suspended>
10005d40:	4605      	mov	r5, r0
10005d42:	2800      	cmp	r0, #0
10005d44:	d1f8      	bne.n	10005d38 <_prep_out_transaction.isra.0+0xc>
10005d46:	23c8      	movs	r3, #200	@ 0xc8
10005d48:	fb04 f303 	mul.w	r3, r4, r3
10005d4c:	4e12      	ldr	r6, [pc, #72]	@ (10005d98 <_prep_out_transaction.isra.0+0x6c>)
10005d4e:	18f7      	adds	r7, r6, r3
10005d50:	78f9      	ldrb	r1, [r7, #3]
10005d52:	2900      	cmp	r1, #0
10005d54:	d0f0      	beq.n	10005d38 <_prep_out_transaction.isra.0+0xc>
10005d56:	3310      	adds	r3, #16
10005d58:	441e      	add	r6, r3
10005d5a:	4630      	mov	r0, r6
10005d5c:	f000 fdd2 	bl	10006904 <tu_fifo_remaining>
10005d60:	283f      	cmp	r0, #63	@ 0x3f
10005d62:	d9e9      	bls.n	10005d38 <_prep_out_transaction.isra.0+0xc>
10005d64:	4628      	mov	r0, r5
10005d66:	78f9      	ldrb	r1, [r7, #3]
10005d68:	f7ff fe74 	bl	10005a54 <usbd_edpt_claim>
10005d6c:	2800      	cmp	r0, #0
10005d6e:	d0e3      	beq.n	10005d38 <_prep_out_transaction.isra.0+0xc>
10005d70:	4630      	mov	r0, r6
10005d72:	f000 fdc7 	bl	10006904 <tu_fifo_remaining>
10005d76:	283f      	cmp	r0, #63	@ 0x3f
10005d78:	78f9      	ldrb	r1, [r7, #3]
10005d7a:	d908      	bls.n	10005d8e <_prep_out_transaction.isra.0+0x62>
10005d7c:	4a07      	ldr	r2, [pc, #28]	@ (10005d9c <_prep_out_transaction.isra.0+0x70>)
10005d7e:	4628      	mov	r0, r5
10005d80:	eb02 12c4 	add.w	r2, r2, r4, lsl #7
10005d84:	2340      	movs	r3, #64	@ 0x40
10005d86:	e8bd 41f0 	ldmia.w	sp!, {r4, r5, r6, r7, r8, lr}
10005d8a:	f7ff be87 	b.w	10005a9c <usbd_edpt_xfer>
10005d8e:	4628      	mov	r0, r5
10005d90:	e8bd 41f0 	ldmia.w	sp!, {r4, r5, r6, r7, r8, lr}
10005d94:	f7ff be70 	b.w	10005a78 <usbd_edpt_release>
10005d98:	200025a8 	.word	0x200025a8
10005d9c:	20002524 	.word	0x20002524

10005da0 <tud_cdc_n_connected>:
10005da0:	b510      	push	{r4, lr}
10005da2:	4604      	mov	r4, r0
10005da4:	f7ff f99a 	bl	100050dc <tud_mounted>
10005da8:	b908      	cbnz	r0, 10005dae <tud_cdc_n_connected+0xe>
10005daa:	2000      	movs	r0, #0
10005dac:	bd10      	pop	{r4, pc}
10005dae:	f7ff f99d 	bl	100050ec <tud_suspended>
10005db2:	2800      	cmp	r0, #0
10005db4:	d1f9      	bne.n	10005daa <tud_cdc_n_connected+0xa>
10005db6:	22c8      	movs	r2, #200	@ 0xc8
10005db8:	4b03      	ldr	r3, [pc, #12]	@ (10005dc8 <tud_cdc_n_connected+0x28>)
10005dba:	fb02 3304 	mla	r3, r2, r4, r3
10005dbe:	7918      	ldrb	r0, [r3, #4]
10005dc0:	f000 0001 	and.w	r0, r0, #1
10005dc4:	bd10      	pop	{r4, pc}
10005dc6:	bf00      	nop
10005dc8:	200025a8 	.word	0x200025a8

10005dcc <tud_cdc_n_available>:
10005dcc:	22c8      	movs	r2, #200	@ 0xc8
10005dce:	b508      	push	{r3, lr}
10005dd0:	4b02      	ldr	r3, [pc, #8]	@ (10005ddc <tud_cdc_n_available+0x10>)
10005dd2:	fb02 3000 	mla	r0, r2, r0, r3
10005dd6:	f000 fd7b 	bl	100068d0 <tu_fifo_count>
10005dda:	bd08      	pop	{r3, pc}
10005ddc:	200025b8 	.word	0x200025b8

10005de0 <tud_cdc_n_read>:
10005de0:	e92d 43f8 	stmdb	sp!, {r3, r4, r5, r6, r7, r8, r9, lr}
10005de4:	f64f 73ff 	movw	r3, #65535	@ 0xffff
10005de8:	24c8      	movs	r4, #200	@ 0xc8
10005dea:	429a      	cmp	r2, r3
10005dec:	bf28      	it	cs
10005dee:	461a      	movcs	r2, r3
10005df0:	fb00 f404 	mul.w	r4, r0, r4
10005df4:	f8df 8074 	ldr.w	r8, [pc, #116]	@ 10005e6c <tud_cdc_n_read+0x8c>
10005df8:	f104 0510 	add.w	r5, r4, #16
10005dfc:	4445      	add	r5, r8
10005dfe:	4606      	mov	r6, r0
10005e00:	b292      	uxth	r2, r2
10005e02:	4628      	mov	r0, r5
10005e04:	f000 fdda 	bl	100069bc <tu_fifo_read_n>
10005e08:	4607      	mov	r7, r0
10005e0a:	f7ff f967 	bl	100050dc <tud_mounted>
10005e0e:	b910      	cbnz	r0, 10005e16 <tud_cdc_n_read+0x36>
10005e10:	4638      	mov	r0, r7
10005e12:	e8bd 83f8 	ldmia.w	sp!, {r3, r4, r5, r6, r7, r8, r9, pc}
10005e16:	f7ff f969 	bl	100050ec <tud_suspended>
10005e1a:	4681      	mov	r9, r0
10005e1c:	2800      	cmp	r0, #0
10005e1e:	d1f7      	bne.n	10005e10 <tud_cdc_n_read+0x30>
10005e20:	44a0      	add	r8, r4
10005e22:	f898 3003 	ldrb.w	r3, [r8, #3]
10005e26:	2b00      	cmp	r3, #0
10005e28:	d0f2      	beq.n	10005e10 <tud_cdc_n_read+0x30>
10005e2a:	4628      	mov	r0, r5
10005e2c:	f000 fd6a 	bl	10006904 <tu_fifo_remaining>
10005e30:	283f      	cmp	r0, #63	@ 0x3f
10005e32:	d9ed      	bls.n	10005e10 <tud_cdc_n_read+0x30>
10005e34:	4648      	mov	r0, r9
10005e36:	f898 1003 	ldrb.w	r1, [r8, #3]
10005e3a:	f7ff fe0b 	bl	10005a54 <usbd_edpt_claim>
10005e3e:	2800      	cmp	r0, #0
10005e40:	d0e6      	beq.n	10005e10 <tud_cdc_n_read+0x30>
10005e42:	4628      	mov	r0, r5
10005e44:	f000 fd5e 	bl	10006904 <tu_fifo_remaining>
10005e48:	283f      	cmp	r0, #63	@ 0x3f
10005e4a:	f898 1003 	ldrb.w	r1, [r8, #3]
10005e4e:	d907      	bls.n	10005e60 <tud_cdc_n_read+0x80>
10005e50:	4a05      	ldr	r2, [pc, #20]	@ (10005e68 <tud_cdc_n_read+0x88>)
10005e52:	4648      	mov	r0, r9
10005e54:	2340      	movs	r3, #64	@ 0x40
10005e56:	eb02 12c6 	add.w	r2, r2, r6, lsl #7
10005e5a:	f7ff fe1f 	bl	10005a9c <usbd_edpt_xfer>
10005e5e:	e7d7      	b.n	10005e10 <tud_cdc_n_read+0x30>
10005e60:	4648      	mov	r0, r9
10005e62:	f7ff fe09 	bl	10005a78 <usbd_edpt_release>
10005e66:	e7d3      	b.n	10005e10 <tud_cdc_n_read+0x30>
10005e68:	20002524 	.word	0x20002524
10005e6c:	200025a8 	.word	0x200025a8

10005e70 <tud_cdc_n_write_flush>:
10005e70:	e92d 41f0 	stmdb	sp!, {r4, r5, r6, r7, r8, lr}
10005e74:	4604      	mov	r4, r0
10005e76:	f7ff f931 	bl	100050dc <tud_mounted>
10005e7a:	b910      	cbnz	r0, 10005e82 <tud_cdc_n_write_flush+0x12>
10005e7c:	2000      	movs	r0, #0
10005e7e:	e8bd 81f0 	ldmia.w	sp!, {r4, r5, r6, r7, r8, pc}
10005e82:	f7ff f933 	bl	100050ec <tud_suspended>
10005e86:	4605      	mov	r5, r0
10005e88:	2800      	cmp	r0, #0
10005e8a:	d1f7      	bne.n	10005e7c <tud_cdc_n_write_flush+0xc>
10005e8c:	26c8      	movs	r6, #200	@ 0xc8
10005e8e:	fb04 f606 	mul.w	r6, r4, r6
10005e92:	f8df 8064 	ldr.w	r8, [pc, #100]	@ 10005ef8 <tud_cdc_n_write_flush+0x88>
10005e96:	f106 0724 	add.w	r7, r6, #36	@ 0x24
10005e9a:	4447      	add	r7, r8
10005e9c:	4638      	mov	r0, r7
10005e9e:	f000 fd17 	bl	100068d0 <tu_fifo_count>
10005ea2:	2800      	cmp	r0, #0
10005ea4:	d0ea      	beq.n	10005e7c <tud_cdc_n_write_flush+0xc>
10005ea6:	44b0      	add	r8, r6
10005ea8:	4628      	mov	r0, r5
10005eaa:	f898 1002 	ldrb.w	r1, [r8, #2]
10005eae:	f7ff fdd1 	bl	10005a54 <usbd_edpt_claim>
10005eb2:	2800      	cmp	r0, #0
10005eb4:	d0e2      	beq.n	10005e7c <tud_cdc_n_write_flush+0xc>
10005eb6:	4e0f      	ldr	r6, [pc, #60]	@ (10005ef4 <tud_cdc_n_write_flush+0x84>)
10005eb8:	4638      	mov	r0, r7
10005eba:	eb06 16c4 	add.w	r6, r6, r4, lsl #7
10005ebe:	4631      	mov	r1, r6
10005ec0:	2240      	movs	r2, #64	@ 0x40
10005ec2:	f000 fd7b 	bl	100069bc <tu_fifo_read_n>
10005ec6:	f898 1002 	ldrb.w	r1, [r8, #2]
10005eca:	4604      	mov	r4, r0
10005ecc:	b168      	cbz	r0, 10005eea <tud_cdc_n_write_flush+0x7a>
10005ece:	4603      	mov	r3, r0
10005ed0:	4632      	mov	r2, r6
10005ed2:	4628      	mov	r0, r5
10005ed4:	f7ff fde2 	bl	10005a9c <usbd_edpt_xfer>
10005ed8:	b950      	cbnz	r0, 10005ef0 <tud_cdc_n_write_flush+0x80>
10005eda:	f04f 23e0 	mov.w	r3, #3758153728	@ 0xe000e000
10005ede:	f8d3 3df0 	ldr.w	r3, [r3, #3568]	@ 0xdf0
10005ee2:	07db      	lsls	r3, r3, #31
10005ee4:	d5ca      	bpl.n	10005e7c <tud_cdc_n_write_flush+0xc>
10005ee6:	be00      	bkpt	0x0000
10005ee8:	e7c8      	b.n	10005e7c <tud_cdc_n_write_flush+0xc>
10005eea:	f7ff fdc5 	bl	10005a78 <usbd_edpt_release>
10005eee:	e7c5      	b.n	10005e7c <tud_cdc_n_write_flush+0xc>
10005ef0:	4620      	mov	r0, r4
10005ef2:	e7c4      	b.n	10005e7e <tud_cdc_n_write_flush+0xe>
10005ef4:	20002564 	.word	0x20002564
10005ef8:	200025a8 	.word	0x200025a8

10005efc <tud_cdc_n_write>:
10005efc:	b538      	push	{r3, r4, r5, lr}
10005efe:	f64f 75ff 	movw	r5, #65535	@ 0xffff
10005f02:	23c8      	movs	r3, #200	@ 0xc8
10005f04:	42aa      	cmp	r2, r5
10005f06:	bf28      	it	cs
10005f08:	462a      	movcs	r2, r5
10005f0a:	4c0b      	ldr	r4, [pc, #44]	@ (10005f38 <tud_cdc_n_write+0x3c>)
10005f0c:	b292      	uxth	r2, r2
10005f0e:	fb03 4400 	mla	r4, r3, r0, r4
10005f12:	4605      	mov	r5, r0
10005f14:	4620      	mov	r0, r4
10005f16:	f000 fe0f 	bl	10006b38 <tu_fifo_write_n>
10005f1a:	4603      	mov	r3, r0
10005f1c:	4620      	mov	r0, r4
10005f1e:	461c      	mov	r4, r3
10005f20:	f000 fcd6 	bl	100068d0 <tu_fifo_count>
10005f24:	283f      	cmp	r0, #63	@ 0x3f
10005f26:	d801      	bhi.n	10005f2c <tud_cdc_n_write+0x30>
10005f28:	4620      	mov	r0, r4
10005f2a:	bd38      	pop	{r3, r4, r5, pc}
10005f2c:	4628      	mov	r0, r5
10005f2e:	f7ff ff9f 	bl	10005e70 <tud_cdc_n_write_flush>
10005f32:	4620      	mov	r0, r4
10005f34:	bd38      	pop	{r3, r4, r5, pc}
10005f36:	bf00      	nop
10005f38:	200025cc 	.word	0x200025cc

10005f3c <tud_cdc_n_write_available>:
10005f3c:	22c8      	movs	r2, #200	@ 0xc8
10005f3e:	b508      	push	{r3, lr}
10005f40:	4b02      	ldr	r3, [pc, #8]	@ (10005f4c <tud_cdc_n_write_available+0x10>)
10005f42:	fb02 3000 	mla	r0, r2, r0, r3
10005f46:	f000 fcdd 	bl	10006904 <tu_fifo_remaining>
10005f4a:	bd08      	pop	{r3, pc}
10005f4c:	200025cc 	.word	0x200025cc

10005f50 <cdcd_init>:
10005f50:	b5f0      	push	{r4, r5, r6, r7, lr}
10005f52:	2400      	movs	r4, #0
10005f54:	b083      	sub	sp, #12
10005f56:	22c8      	movs	r2, #200	@ 0xc8
10005f58:	2100      	movs	r1, #0
10005f5a:	4817      	ldr	r0, [pc, #92]	@ (10005fb8 <cdcd_init+0x68>)
10005f5c:	f001 fbb4 	bl	100076c8 <memset>
10005f60:	23ff      	movs	r3, #255	@ 0xff
10005f62:	f44f 31e1 	mov.w	r1, #115200	@ 0x1c200
10005f66:	2208      	movs	r2, #8
10005f68:	4814      	ldr	r0, [pc, #80]	@ (10005fbc <cdcd_init+0x6c>)
10005f6a:	7004      	strb	r4, [r0, #0]
10005f6c:	4812      	ldr	r0, [pc, #72]	@ (10005fb8 <cdcd_init+0x68>)
10005f6e:	9400      	str	r4, [sp, #0]
10005f70:	4607      	mov	r7, r0
10005f72:	7143      	strb	r3, [r0, #5]
10005f74:	6081      	str	r1, [r0, #8]
10005f76:	7382      	strb	r2, [r0, #14]
10005f78:	f100 0138 	add.w	r1, r0, #56	@ 0x38
10005f7c:	2301      	movs	r3, #1
10005f7e:	2240      	movs	r2, #64	@ 0x40
10005f80:	3010      	adds	r0, #16
10005f82:	f000 fc75 	bl	10006870 <tu_fifo_config>
10005f86:	2301      	movs	r3, #1
10005f88:	2240      	movs	r2, #64	@ 0x40
10005f8a:	f107 0178 	add.w	r1, r7, #120	@ 0x78
10005f8e:	9300      	str	r3, [sp, #0]
10005f90:	f107 06b8 	add.w	r6, r7, #184	@ 0xb8
10005f94:	f107 0024 	add.w	r0, r7, #36	@ 0x24
10005f98:	f000 fc6a 	bl	10006870 <tu_fifo_config>
10005f9c:	f107 05c0 	add.w	r5, r7, #192	@ 0xc0
10005fa0:	4630      	mov	r0, r6
10005fa2:	f7fd f897 	bl	100030d4 <mutex_init>
10005fa6:	4628      	mov	r0, r5
10005fa8:	f7fd f894 	bl	100030d4 <mutex_init>
10005fac:	e9c7 4607 	strd	r4, r6, [r7, #28]
10005fb0:	e9c7 540c 	strd	r5, r4, [r7, #48]	@ 0x30
10005fb4:	b003      	add	sp, #12
10005fb6:	bdf0      	pop	{r4, r5, r6, r7, pc}
10005fb8:	200025a8 	.word	0x200025a8
10005fbc:	200025a4 	.word	0x200025a4

10005fc0 <cdcd_deinit>:
10005fc0:	4a0a      	ldr	r2, [pc, #40]	@ (10005fec <cdcd_deinit+0x2c>)
10005fc2:	6b11      	ldr	r1, [r2, #48]	@ 0x30
10005fc4:	6a13      	ldr	r3, [r2, #32]
10005fc6:	b161      	cbz	r1, 10005fe2 <cdcd_deinit+0x22>
10005fc8:	b13b      	cbz	r3, 10005fda <cdcd_deinit+0x1a>
10005fca:	2300      	movs	r3, #0
10005fcc:	e9c2 330c 	strd	r3, r3, [r2, #48]	@ 0x30
10005fd0:	61d3      	str	r3, [r2, #28]
10005fd2:	2300      	movs	r3, #0
10005fd4:	6213      	str	r3, [r2, #32]
10005fd6:	2001      	movs	r0, #1
10005fd8:	4770      	bx	lr
10005fda:	2001      	movs	r0, #1
10005fdc:	e9c2 330c 	strd	r3, r3, [r2, #48]	@ 0x30
10005fe0:	4770      	bx	lr
10005fe2:	2b00      	cmp	r3, #0
10005fe4:	d0f7      	beq.n	10005fd6 <cdcd_deinit+0x16>
10005fe6:	61d1      	str	r1, [r2, #28]
10005fe8:	e7f3      	b.n	10005fd2 <cdcd_deinit+0x12>
10005fea:	bf00      	nop
10005fec:	200025a8 	.word	0x200025a8

10005ff0 <cdcd_reset>:
10005ff0:	2200      	movs	r2, #0
10005ff2:	b510      	push	{r4, lr}
10005ff4:	4c0e      	ldr	r4, [pc, #56]	@ (10006030 <cdcd_reset+0x40>)
10005ff6:	480f      	ldr	r0, [pc, #60]	@ (10006034 <cdcd_reset+0x44>)
10005ff8:	7823      	ldrb	r3, [r4, #0]
10005ffa:	6002      	str	r2, [r0, #0]
10005ffc:	7102      	strb	r2, [r0, #4]
10005ffe:	07da      	lsls	r2, r3, #31
10006000:	d507      	bpl.n	10006012 <cdcd_reset+0x22>
10006002:	079b      	lsls	r3, r3, #30
10006004:	d50b      	bpl.n	1000601e <cdcd_reset+0x2e>
10006006:	e8bd 4010 	ldmia.w	sp!, {r4, lr}
1000600a:	2101      	movs	r1, #1
1000600c:	480a      	ldr	r0, [pc, #40]	@ (10006038 <cdcd_reset+0x48>)
1000600e:	f000 be5d 	b.w	10006ccc <tu_fifo_set_overwritable>
10006012:	3010      	adds	r0, #16
10006014:	f000 fe3e 	bl	10006c94 <tu_fifo_clear>
10006018:	7823      	ldrb	r3, [r4, #0]
1000601a:	079b      	lsls	r3, r3, #30
1000601c:	d4f3      	bmi.n	10006006 <cdcd_reset+0x16>
1000601e:	4806      	ldr	r0, [pc, #24]	@ (10006038 <cdcd_reset+0x48>)
10006020:	f000 fe38 	bl	10006c94 <tu_fifo_clear>
10006024:	e8bd 4010 	ldmia.w	sp!, {r4, lr}
10006028:	2101      	movs	r1, #1
1000602a:	4803      	ldr	r0, [pc, #12]	@ (10006038 <cdcd_reset+0x48>)
1000602c:	f000 be4e 	b.w	10006ccc <tu_fifo_set_overwritable>
10006030:	200025a4 	.word	0x200025a4
10006034:	200025a8 	.word	0x200025a8
10006038:	200025cc 	.word	0x200025cc

1000603c <cdcd_open>:
1000603c:	b5f0      	push	{r4, r5, r6, r7, lr}
1000603e:	794b      	ldrb	r3, [r1, #5]
10006040:	b083      	sub	sp, #12
10006042:	2b02      	cmp	r3, #2
10006044:	d102      	bne.n	1000604c <cdcd_open+0x10>
10006046:	798b      	ldrb	r3, [r1, #6]
10006048:	2b02      	cmp	r3, #2
1000604a:	d003      	beq.n	10006054 <cdcd_open+0x18>
1000604c:	2500      	movs	r5, #0
1000604e:	4628      	mov	r0, r5
10006050:	b003      	add	sp, #12
10006052:	bdf0      	pop	{r4, r5, r6, r7, pc}
10006054:	4f27      	ldr	r7, [pc, #156]	@ (100060f4 <cdcd_open+0xb8>)
10006056:	78bb      	ldrb	r3, [r7, #2]
10006058:	b13b      	cbz	r3, 1000606a <cdcd_open+0x2e>
1000605a:	f04f 23e0 	mov.w	r3, #3758153728	@ 0xe000e000
1000605e:	f8d3 3df0 	ldr.w	r3, [r3, #3568]	@ 0xdf0
10006062:	07db      	lsls	r3, r3, #31
10006064:	d5f2      	bpl.n	1000604c <cdcd_open+0x10>
10006066:	be00      	bkpt	0x0000
10006068:	e7f0      	b.n	1000604c <cdcd_open+0x10>
1000606a:	788b      	ldrb	r3, [r1, #2]
1000606c:	4606      	mov	r6, r0
1000606e:	703b      	strb	r3, [r7, #0]
10006070:	780b      	ldrb	r3, [r1, #0]
10006072:	18cc      	adds	r4, r1, r3
10006074:	7861      	ldrb	r1, [r4, #1]
10006076:	2924      	cmp	r1, #36	@ 0x24
10006078:	bf08      	it	eq
1000607a:	2509      	moveq	r5, #9
1000607c:	d007      	beq.n	1000608e <cdcd_open+0x52>
1000607e:	e036      	b.n	100060ee <cdcd_open+0xb2>
10006080:	7823      	ldrb	r3, [r4, #0]
10006082:	441c      	add	r4, r3
10006084:	7861      	ldrb	r1, [r4, #1]
10006086:	442b      	add	r3, r5
10006088:	2924      	cmp	r1, #36	@ 0x24
1000608a:	b29d      	uxth	r5, r3
1000608c:	d107      	bne.n	1000609e <cdcd_open+0x62>
1000608e:	42aa      	cmp	r2, r5
10006090:	d2f6      	bcs.n	10006080 <cdcd_open+0x44>
10006092:	2000      	movs	r0, #0
10006094:	f7ff fe4a 	bl	10005d2c <_prep_out_transaction.isra.0>
10006098:	4628      	mov	r0, r5
1000609a:	b003      	add	sp, #12
1000609c:	bdf0      	pop	{r4, r5, r6, r7, pc}
1000609e:	460b      	mov	r3, r1
100060a0:	2905      	cmp	r1, #5
100060a2:	d016      	beq.n	100060d2 <cdcd_open+0x96>
100060a4:	2b04      	cmp	r3, #4
100060a6:	d1f4      	bne.n	10006092 <cdcd_open+0x56>
100060a8:	7963      	ldrb	r3, [r4, #5]
100060aa:	2b0a      	cmp	r3, #10
100060ac:	d1f1      	bne.n	10006092 <cdcd_open+0x56>
100060ae:	4b12      	ldr	r3, [pc, #72]	@ (100060f8 <cdcd_open+0xbc>)
100060b0:	7827      	ldrb	r7, [r4, #0]
100060b2:	9301      	str	r3, [sp, #4]
100060b4:	3301      	adds	r3, #1
100060b6:	9300      	str	r3, [sp, #0]
100060b8:	2302      	movs	r3, #2
100060ba:	4630      	mov	r0, r6
100060bc:	461a      	mov	r2, r3
100060be:	19e1      	adds	r1, r4, r7
100060c0:	f7ff fc58 	bl	10005974 <usbd_open_edpt_pair>
100060c4:	2800      	cmp	r0, #0
100060c6:	d0c8      	beq.n	1000605a <cdcd_open+0x1e>
100060c8:	350e      	adds	r5, #14
100060ca:	fa17 f585 	uxtah	r5, r7, r5
100060ce:	b2ad      	uxth	r5, r5
100060d0:	e7df      	b.n	10006092 <cdcd_open+0x56>
100060d2:	4621      	mov	r1, r4
100060d4:	4630      	mov	r0, r6
100060d6:	f7ff fc9b 	bl	10005a10 <usbd_edpt_open>
100060da:	2800      	cmp	r0, #0
100060dc:	d0bd      	beq.n	1000605a <cdcd_open+0x1e>
100060de:	78a3      	ldrb	r3, [r4, #2]
100060e0:	707b      	strb	r3, [r7, #1]
100060e2:	7823      	ldrb	r3, [r4, #0]
100060e4:	195a      	adds	r2, r3, r5
100060e6:	441c      	add	r4, r3
100060e8:	7863      	ldrb	r3, [r4, #1]
100060ea:	b295      	uxth	r5, r2
100060ec:	e7da      	b.n	100060a4 <cdcd_open+0x68>
100060ee:	460b      	mov	r3, r1
100060f0:	2509      	movs	r5, #9
100060f2:	e7d5      	b.n	100060a0 <cdcd_open+0x64>
100060f4:	200025a8 	.word	0x200025a8
100060f8:	200025aa 	.word	0x200025aa

100060fc <cdcd_control_xfer_cb>:
100060fc:	7813      	ldrb	r3, [r2, #0]
100060fe:	f003 0360 	and.w	r3, r3, #96	@ 0x60
10006102:	2b20      	cmp	r3, #32
10006104:	d108      	bne.n	10006118 <cdcd_control_xfer_cb+0x1c>
10006106:	b570      	push	{r4, r5, r6, lr}
10006108:	4c26      	ldr	r4, [pc, #152]	@ (100061a4 <cdcd_control_xfer_cb+0xa8>)
1000610a:	8893      	ldrh	r3, [r2, #4]
1000610c:	f894 c000 	ldrb.w	ip, [r4]
10006110:	459c      	cmp	ip, r3
10006112:	d003      	beq.n	1000611c <cdcd_control_xfer_cb+0x20>
10006114:	2000      	movs	r0, #0
10006116:	bd70      	pop	{r4, r5, r6, pc}
10006118:	2000      	movs	r0, #0
1000611a:	4770      	bx	lr
1000611c:	7853      	ldrb	r3, [r2, #1]
1000611e:	3b20      	subs	r3, #32
10006120:	2b03      	cmp	r3, #3
10006122:	d8f7      	bhi.n	10006114 <cdcd_control_xfer_cb+0x18>
10006124:	e8df f003 	tbb	[pc, r3]
10006128:	020d2327 	.word	0x020d2327
1000612c:	2901      	cmp	r1, #1
1000612e:	d02e      	beq.n	1000618e <cdcd_control_xfer_cb+0x92>
10006130:	2903      	cmp	r1, #3
10006132:	d11e      	bne.n	10006172 <cdcd_control_xfer_cb+0x76>
10006134:	4b1c      	ldr	r3, [pc, #112]	@ (100061a8 <cdcd_control_xfer_cb+0xac>)
10006136:	b1e3      	cbz	r3, 10006172 <cdcd_control_xfer_cb+0x76>
10006138:	2000      	movs	r0, #0
1000613a:	8851      	ldrh	r1, [r2, #2]
1000613c:	f3af 8000 	nop.w
10006140:	e017      	b.n	10006172 <cdcd_control_xfer_cb+0x76>
10006142:	2901      	cmp	r1, #1
10006144:	d023      	beq.n	1000618e <cdcd_control_xfer_cb+0x92>
10006146:	2903      	cmp	r1, #3
10006148:	d113      	bne.n	10006172 <cdcd_control_xfer_cb+0x76>
1000614a:	8855      	ldrh	r5, [r2, #2]
1000614c:	4817      	ldr	r0, [pc, #92]	@ (100061ac <cdcd_control_xfer_cb+0xb0>)
1000614e:	f005 0601 	and.w	r6, r5, #1
10006152:	f086 0101 	eor.w	r1, r6, #1
10006156:	7125      	strb	r5, [r4, #4]
10006158:	f000 fdb8 	bl	10006ccc <tu_fifo_set_overwritable>
1000615c:	4b14      	ldr	r3, [pc, #80]	@ (100061b0 <cdcd_control_xfer_cb+0xb4>)
1000615e:	b143      	cbz	r3, 10006172 <cdcd_control_xfer_cb+0x76>
10006160:	4631      	mov	r1, r6
10006162:	2000      	movs	r0, #0
10006164:	f3c5 0240 	ubfx	r2, r5, #1, #1
10006168:	f3af 8000 	nop.w
1000616c:	e001      	b.n	10006172 <cdcd_control_xfer_cb+0x76>
1000616e:	2901      	cmp	r1, #1
10006170:	d011      	beq.n	10006196 <cdcd_control_xfer_cb+0x9a>
10006172:	2001      	movs	r0, #1
10006174:	bd70      	pop	{r4, r5, r6, pc}
10006176:	2901      	cmp	r1, #1
10006178:	d00d      	beq.n	10006196 <cdcd_control_xfer_cb+0x9a>
1000617a:	2903      	cmp	r1, #3
1000617c:	d1f9      	bne.n	10006172 <cdcd_control_xfer_cb+0x76>
1000617e:	4b0d      	ldr	r3, [pc, #52]	@ (100061b4 <cdcd_control_xfer_cb+0xb8>)
10006180:	2b00      	cmp	r3, #0
10006182:	d0f6      	beq.n	10006172 <cdcd_control_xfer_cb+0x76>
10006184:	2000      	movs	r0, #0
10006186:	490c      	ldr	r1, [pc, #48]	@ (100061b8 <cdcd_control_xfer_cb+0xbc>)
10006188:	f7fe faac 	bl	100046e4 <tud_cdc_line_coding_cb>
1000618c:	e7f1      	b.n	10006172 <cdcd_control_xfer_cb+0x76>
1000618e:	4611      	mov	r1, r2
10006190:	f7ff fcbc 	bl	10005b0c <tud_control_status>
10006194:	e7ed      	b.n	10006172 <cdcd_control_xfer_cb+0x76>
10006196:	4611      	mov	r1, r2
10006198:	2307      	movs	r3, #7
1000619a:	4a07      	ldr	r2, [pc, #28]	@ (100061b8 <cdcd_control_xfer_cb+0xbc>)
1000619c:	f7ff fcd0 	bl	10005b40 <tud_control_xfer>
100061a0:	e7e7      	b.n	10006172 <cdcd_control_xfer_cb+0x76>
100061a2:	bf00      	nop
100061a4:	200025a8 	.word	0x200025a8
100061a8:	00000000 	.word	0x00000000
100061ac:	200025cc 	.word	0x200025cc
100061b0:	00000000 	.word	0x00000000
100061b4:	100046e5 	.word	0x100046e5
100061b8:	200025b0 	.word	0x200025b0

100061bc <cdcd_xfer_cb>:
100061bc:	e92d 43f8 	stmdb	sp!, {r3, r4, r5, r6, r7, r8, r9, lr}
100061c0:	4e35      	ldr	r6, [pc, #212]	@ (10006298 <cdcd_xfer_cb+0xdc>)
100061c2:	460c      	mov	r4, r1
100061c4:	78f2      	ldrb	r2, [r6, #3]
100061c6:	4607      	mov	r7, r0
100061c8:	428a      	cmp	r2, r1
100061ca:	461d      	mov	r5, r3
100061cc:	d03d      	beq.n	1000624a <cdcd_xfer_cb+0x8e>
100061ce:	78b3      	ldrb	r3, [r6, #2]
100061d0:	428b      	cmp	r3, r1
100061d2:	d012      	beq.n	100061fa <cdcd_xfer_cb+0x3e>
100061d4:	f04f 23e0 	mov.w	r3, #3758153728	@ 0xe000e000
100061d8:	f8d3 3df0 	ldr.w	r3, [r3, #3568]	@ 0xdf0
100061dc:	07db      	lsls	r3, r3, #31
100061de:	d432      	bmi.n	10006246 <cdcd_xfer_cb+0x8a>
100061e0:	2000      	movs	r0, #0
100061e2:	e8bd 83f8 	ldmia.w	sp!, {r3, r4, r5, r6, r7, r8, r9, pc}
100061e6:	4b2d      	ldr	r3, [pc, #180]	@ (1000629c <cdcd_xfer_cb+0xe0>)
100061e8:	b123      	cbz	r3, 100061f4 <cdcd_xfer_cb+0x38>
100061ea:	482d      	ldr	r0, [pc, #180]	@ (100062a0 <cdcd_xfer_cb+0xe4>)
100061ec:	f000 fb80 	bl	100068f0 <tu_fifo_empty>
100061f0:	2800      	cmp	r0, #0
100061f2:	d04d      	beq.n	10006290 <cdcd_xfer_cb+0xd4>
100061f4:	2000      	movs	r0, #0
100061f6:	f7ff fd99 	bl	10005d2c <_prep_out_transaction.isra.0>
100061fa:	78b3      	ldrb	r3, [r6, #2]
100061fc:	42a3      	cmp	r3, r4
100061fe:	d001      	beq.n	10006204 <cdcd_xfer_cb+0x48>
10006200:	2001      	movs	r0, #1
10006202:	e7ee      	b.n	100061e2 <cdcd_xfer_cb+0x26>
10006204:	4b27      	ldr	r3, [pc, #156]	@ (100062a4 <cdcd_xfer_cb+0xe8>)
10006206:	b113      	cbz	r3, 1000620e <cdcd_xfer_cb+0x52>
10006208:	2000      	movs	r0, #0
1000620a:	f3af 8000 	nop.w
1000620e:	2000      	movs	r0, #0
10006210:	f7ff fe2e 	bl	10005e70 <tud_cdc_n_write_flush>
10006214:	2800      	cmp	r0, #0
10006216:	d1f3      	bne.n	10006200 <cdcd_xfer_cb+0x44>
10006218:	4823      	ldr	r0, [pc, #140]	@ (100062a8 <cdcd_xfer_cb+0xec>)
1000621a:	f000 fb59 	bl	100068d0 <tu_fifo_count>
1000621e:	2800      	cmp	r0, #0
10006220:	d1ee      	bne.n	10006200 <cdcd_xfer_cb+0x44>
10006222:	2d00      	cmp	r5, #0
10006224:	d0ec      	beq.n	10006200 <cdcd_xfer_cb+0x44>
10006226:	f015 053f 	ands.w	r5, r5, #63	@ 0x3f
1000622a:	d1e9      	bne.n	10006200 <cdcd_xfer_cb+0x44>
1000622c:	4638      	mov	r0, r7
1000622e:	78b1      	ldrb	r1, [r6, #2]
10006230:	f7ff fc10 	bl	10005a54 <usbd_edpt_claim>
10006234:	2800      	cmp	r0, #0
10006236:	d0e3      	beq.n	10006200 <cdcd_xfer_cb+0x44>
10006238:	462b      	mov	r3, r5
1000623a:	462a      	mov	r2, r5
1000623c:	4638      	mov	r0, r7
1000623e:	78b1      	ldrb	r1, [r6, #2]
10006240:	f7ff fc2c 	bl	10005a9c <usbd_edpt_xfer>
10006244:	e7dc      	b.n	10006200 <cdcd_xfer_cb+0x44>
10006246:	be00      	bkpt	0x0000
10006248:	e7ca      	b.n	100061e0 <cdcd_xfer_cb+0x24>
1000624a:	b29a      	uxth	r2, r3
1000624c:	4917      	ldr	r1, [pc, #92]	@ (100062ac <cdcd_xfer_cb+0xf0>)
1000624e:	f106 0010 	add.w	r0, r6, #16
10006252:	f000 fc71 	bl	10006b38 <tu_fifo_write_n>
10006256:	4b16      	ldr	r3, [pc, #88]	@ (100062b0 <cdcd_xfer_cb+0xf4>)
10006258:	2b00      	cmp	r3, #0
1000625a:	d0c4      	beq.n	100061e6 <cdcd_xfer_cb+0x2a>
1000625c:	7973      	ldrb	r3, [r6, #5]
1000625e:	2bff      	cmp	r3, #255	@ 0xff
10006260:	d0c1      	beq.n	100061e6 <cdcd_xfer_cb+0x2a>
10006262:	2d00      	cmp	r5, #0
10006264:	d0bf      	beq.n	100061e6 <cdcd_xfer_cb+0x2a>
10006266:	f8df 8044 	ldr.w	r8, [pc, #68]	@ 100062ac <cdcd_xfer_cb+0xf0>
1000626a:	eb08 0905 	add.w	r9, r8, r5
1000626e:	e002      	b.n	10006276 <cdcd_xfer_cb+0xba>
10006270:	45c8      	cmp	r8, r9
10006272:	d0b8      	beq.n	100061e6 <cdcd_xfer_cb+0x2a>
10006274:	7973      	ldrb	r3, [r6, #5]
10006276:	f818 2b01 	ldrb.w	r2, [r8], #1
1000627a:	429a      	cmp	r2, r3
1000627c:	d1f8      	bne.n	10006270 <cdcd_xfer_cb+0xb4>
1000627e:	4808      	ldr	r0, [pc, #32]	@ (100062a0 <cdcd_xfer_cb+0xe4>)
10006280:	f000 fb36 	bl	100068f0 <tu_fifo_empty>
10006284:	2800      	cmp	r0, #0
10006286:	d1f3      	bne.n	10006270 <cdcd_xfer_cb+0xb4>
10006288:	7971      	ldrb	r1, [r6, #5]
1000628a:	f3af 8000 	nop.w
1000628e:	e7ef      	b.n	10006270 <cdcd_xfer_cb+0xb4>
10006290:	f3af 8000 	nop.w
10006294:	e7ae      	b.n	100061f4 <cdcd_xfer_cb+0x38>
10006296:	bf00      	nop
10006298:	200025a8 	.word	0x200025a8
1000629c:	00000000 	.word	0x00000000
100062a0:	200025b8 	.word	0x200025b8
100062a4:	00000000 	.word	0x00000000
100062a8:	200025cc 	.word	0x200025cc
100062ac:	20002524 	.word	0x20002524
100062b0:	00000000 	.word	0x00000000

100062b4 <vendord_init>:
100062b4:	b5f0      	push	{r4, r5, r6, r7, lr}
100062b6:	f44f 7213 	mov.w	r2, #588	@ 0x24c
100062ba:	b085      	sub	sp, #20
100062bc:	2100      	movs	r1, #0
100062be:	4812      	ldr	r0, [pc, #72]	@ (10006308 <vendord_init+0x54>)
100062c0:	f001 fa02 	bl	100076c8 <memset>
100062c4:	2640      	movs	r6, #64	@ 0x40
100062c6:	2300      	movs	r3, #0
100062c8:	f44f 7580 	mov.w	r5, #256	@ 0x100
100062cc:	4f0e      	ldr	r7, [pc, #56]	@ (10006308 <vendord_init+0x54>)
100062ce:	4c0f      	ldr	r4, [pc, #60]	@ (1000630c <vendord_init+0x58>)
100062d0:	f507 72a6 	add.w	r2, r7, #332	@ 0x14c
100062d4:	4619      	mov	r1, r3
100062d6:	e9cd 4602 	strd	r4, r6, [sp, #8]
100062da:	9200      	str	r2, [sp, #0]
100062dc:	9501      	str	r5, [sp, #4]
100062de:	461a      	mov	r2, r3
100062e0:	f507 7094 	add.w	r0, r7, #296	@ 0x128
100062e4:	f000 f9c6 	bl	10006674 <tu_edpt_stream_init>
100062e8:	2300      	movs	r3, #0
100062ea:	4638      	mov	r0, r7
100062ec:	f107 0128 	add.w	r1, r7, #40	@ 0x28
100062f0:	4434      	add	r4, r6
100062f2:	9100      	str	r1, [sp, #0]
100062f4:	2201      	movs	r2, #1
100062f6:	4619      	mov	r1, r3
100062f8:	e9cd 4602 	strd	r4, r6, [sp, #8]
100062fc:	9501      	str	r5, [sp, #4]
100062fe:	3004      	adds	r0, #4
10006300:	f000 f9b8 	bl	10006674 <tu_edpt_stream_init>
10006304:	b005      	add	sp, #20
10006306:	bdf0      	pop	{r4, r5, r6, r7, pc}
10006308:	20002898 	.word	0x20002898
1000630c:	20002818 	.word	0x20002818

10006310 <vendord_deinit>:
10006310:	b508      	push	{r3, lr}
10006312:	4805      	ldr	r0, [pc, #20]	@ (10006328 <vendord_deinit+0x18>)
10006314:	f000 f9da 	bl	100066cc <tu_edpt_stream_deinit>
10006318:	4b03      	ldr	r3, [pc, #12]	@ (10006328 <vendord_deinit+0x18>)
1000631a:	f5a3 7092 	sub.w	r0, r3, #292	@ 0x124
1000631e:	f000 f9d5 	bl	100066cc <tu_edpt_stream_deinit>
10006322:	2001      	movs	r0, #1
10006324:	bd08      	pop	{r3, pc}
10006326:	bf00      	nop
10006328:	200029c0 	.word	0x200029c0

1000632c <vendord_reset>:
1000632c:	b538      	push	{r3, r4, r5, lr}
1000632e:	2500      	movs	r5, #0
10006330:	4c06      	ldr	r4, [pc, #24]	@ (1000634c <vendord_reset+0x20>)
10006332:	f504 7098 	add.w	r0, r4, #304	@ 0x130
10006336:	7025      	strb	r5, [r4, #0]
10006338:	f000 fcac 	bl	10006c94 <tu_fifo_clear>
1000633c:	f104 000c 	add.w	r0, r4, #12
10006340:	f000 fca8 	bl	10006c94 <tu_fifo_clear>
10006344:	f884 5129 	strb.w	r5, [r4, #297]	@ 0x129
10006348:	7165      	strb	r5, [r4, #5]
1000634a:	bd38      	pop	{r3, r4, r5, pc}
1000634c:	20002898 	.word	0x20002898

10006350 <vendord_open>:
10006350:	e92d 43f8 	stmdb	sp!, {r3, r4, r5, r6, r7, r8, r9, lr}
10006354:	794b      	ldrb	r3, [r1, #5]
10006356:	2bff      	cmp	r3, #255	@ 0xff
10006358:	d151      	bne.n	100063fe <vendord_open+0xae>
1000635a:	4e35      	ldr	r6, [pc, #212]	@ (10006430 <vendord_open+0xe0>)
1000635c:	f896 3129 	ldrb.w	r3, [r6, #297]	@ 0x129
10006360:	2b00      	cmp	r3, #0
10006362:	d14c      	bne.n	100063fe <vendord_open+0xae>
10006364:	f896 8005 	ldrb.w	r8, [r6, #5]
10006368:	f1b8 0f00 	cmp.w	r8, #0
1000636c:	d147      	bne.n	100063fe <vendord_open+0xae>
1000636e:	788b      	ldrb	r3, [r1, #2]
10006370:	780c      	ldrb	r4, [r1, #0]
10006372:	7033      	strb	r3, [r6, #0]
10006374:	790b      	ldrb	r3, [r1, #4]
10006376:	460f      	mov	r7, r1
10006378:	440c      	add	r4, r1
1000637a:	b3ab      	cbz	r3, 100063e8 <vendord_open+0x98>
1000637c:	4681      	mov	r9, r0
1000637e:	18a5      	adds	r5, r4, r2
10006380:	e003      	b.n	1000638a <vendord_open+0x3a>
10006382:	42a5      	cmp	r5, r4
10006384:	d930      	bls.n	100063e8 <vendord_open+0x98>
10006386:	7823      	ldrb	r3, [r4, #0]
10006388:	441c      	add	r4, r3
1000638a:	7863      	ldrb	r3, [r4, #1]
1000638c:	2b05      	cmp	r3, #5
1000638e:	d1f8      	bne.n	10006382 <vendord_open+0x32>
10006390:	42ac      	cmp	r4, r5
10006392:	d229      	bcs.n	100063e8 <vendord_open+0x98>
10006394:	4621      	mov	r1, r4
10006396:	4648      	mov	r0, r9
10006398:	f7ff fb3a 	bl	10005a10 <usbd_edpt_open>
1000639c:	b340      	cbz	r0, 100063f0 <vendord_open+0xa0>
1000639e:	78a3      	ldrb	r3, [r4, #2]
100063a0:	09db      	lsrs	r3, r3, #7
100063a2:	d12f      	bne.n	10006404 <vendord_open+0xb4>
100063a4:	4823      	ldr	r0, [pc, #140]	@ (10006434 <vendord_open+0xe4>)
100063a6:	f000 fc75 	bl	10006c94 <tu_fifo_clear>
100063aa:	78a3      	ldrb	r3, [r4, #2]
100063ac:	f896 2128 	ldrb.w	r2, [r6, #296]	@ 0x128
100063b0:	f886 3129 	strb.w	r3, [r6, #297]	@ 0x129
100063b4:	88a3      	ldrh	r3, [r4, #4]
100063b6:	4648      	mov	r0, r9
100063b8:	f3c3 030a 	ubfx	r3, r3, #0, #11
100063bc:	f5a3 7300 	sub.w	r3, r3, #512	@ 0x200
100063c0:	fab3 f383 	clz	r3, r3
100063c4:	095b      	lsrs	r3, r3, #5
100063c6:	f363 0241 	bfi	r2, r3, #1, #1
100063ca:	491b      	ldr	r1, [pc, #108]	@ (10006438 <vendord_open+0xe8>)
100063cc:	f886 2128 	strb.w	r2, [r6, #296]	@ 0x128
100063d0:	f000 f9ea 	bl	100067a8 <tu_edpt_stream_read_xfer>
100063d4:	b160      	cbz	r0, 100063f0 <vendord_open+0xa0>
100063d6:	7823      	ldrb	r3, [r4, #0]
100063d8:	793a      	ldrb	r2, [r7, #4]
100063da:	f108 0801 	add.w	r8, r8, #1
100063de:	441c      	add	r4, r3
100063e0:	fa5f f388 	uxtb.w	r3, r8
100063e4:	429a      	cmp	r2, r3
100063e6:	d8d0      	bhi.n	1000638a <vendord_open+0x3a>
100063e8:	1be1      	subs	r1, r4, r7
100063ea:	b288      	uxth	r0, r1
100063ec:	e8bd 83f8 	ldmia.w	sp!, {r3, r4, r5, r6, r7, r8, r9, pc}
100063f0:	f04f 23e0 	mov.w	r3, #3758153728	@ 0xe000e000
100063f4:	f8d3 3df0 	ldr.w	r3, [r3, #3568]	@ 0xdf0
100063f8:	07db      	lsls	r3, r3, #31
100063fa:	d500      	bpl.n	100063fe <vendord_open+0xae>
100063fc:	be00      	bkpt	0x0000
100063fe:	2000      	movs	r0, #0
10006400:	e8bd 83f8 	ldmia.w	sp!, {r3, r4, r5, r6, r7, r8, r9, pc}
10006404:	480d      	ldr	r0, [pc, #52]	@ (1000643c <vendord_open+0xec>)
10006406:	f000 fc45 	bl	10006c94 <tu_fifo_clear>
1000640a:	78a3      	ldrb	r3, [r4, #2]
1000640c:	7932      	ldrb	r2, [r6, #4]
1000640e:	7173      	strb	r3, [r6, #5]
10006410:	88a3      	ldrh	r3, [r4, #4]
10006412:	490b      	ldr	r1, [pc, #44]	@ (10006440 <vendord_open+0xf0>)
10006414:	f3c3 030a 	ubfx	r3, r3, #0, #11
10006418:	f5a3 7300 	sub.w	r3, r3, #512	@ 0x200
1000641c:	fab3 f383 	clz	r3, r3
10006420:	095b      	lsrs	r3, r3, #5
10006422:	f363 0241 	bfi	r2, r3, #1, #1
10006426:	2000      	movs	r0, #0
10006428:	7132      	strb	r2, [r6, #4]
1000642a:	f000 f985 	bl	10006738 <tu_edpt_stream_write_xfer>
1000642e:	e7d2      	b.n	100063d6 <vendord_open+0x86>
10006430:	20002898 	.word	0x20002898
10006434:	200029c8 	.word	0x200029c8
10006438:	200029c0 	.word	0x200029c0
1000643c:	200028a4 	.word	0x200028a4
10006440:	2000289c 	.word	0x2000289c

10006444 <vendord_xfer_cb>:
10006444:	b570      	push	{r4, r5, r6, lr}
10006446:	4c1b      	ldr	r4, [pc, #108]	@ (100064b4 <vendord_xfer_cb+0x70>)
10006448:	4606      	mov	r6, r0
1000644a:	f894 c129 	ldrb.w	ip, [r4, #297]	@ 0x129
1000644e:	461d      	mov	r5, r3
10006450:	458c      	cmp	ip, r1
10006452:	d011      	beq.n	10006478 <vendord_xfer_cb+0x34>
10006454:	7963      	ldrb	r3, [r4, #5]
10006456:	428b      	cmp	r3, r1
10006458:	d001      	beq.n	1000645e <vendord_xfer_cb+0x1a>
1000645a:	2000      	movs	r0, #0
1000645c:	bd70      	pop	{r4, r5, r6, pc}
1000645e:	4b16      	ldr	r3, [pc, #88]	@ (100064b8 <vendord_xfer_cb+0x74>)
10006460:	b11b      	cbz	r3, 1000646a <vendord_xfer_cb+0x26>
10006462:	2000      	movs	r0, #0
10006464:	b2a9      	uxth	r1, r5
10006466:	f3af 8000 	nop.w
1000646a:	4630      	mov	r0, r6
1000646c:	4913      	ldr	r1, [pc, #76]	@ (100064bc <vendord_xfer_cb+0x78>)
1000646e:	f000 f963 	bl	10006738 <tu_edpt_stream_write_xfer>
10006472:	b1c8      	cbz	r0, 100064a8 <vendord_xfer_cb+0x64>
10006474:	2001      	movs	r0, #1
10006476:	bd70      	pop	{r4, r5, r6, pc}
10006478:	f8b4 3134 	ldrh.w	r3, [r4, #308]	@ 0x134
1000647c:	b963      	cbnz	r3, 10006498 <vendord_xfer_cb+0x54>
1000647e:	4b10      	ldr	r3, [pc, #64]	@ (100064c0 <vendord_xfer_cb+0x7c>)
10006480:	b123      	cbz	r3, 1000648c <vendord_xfer_cb+0x48>
10006482:	2000      	movs	r0, #0
10006484:	490f      	ldr	r1, [pc, #60]	@ (100064c4 <vendord_xfer_cb+0x80>)
10006486:	b2aa      	uxth	r2, r5
10006488:	f3af 8000 	nop.w
1000648c:	4630      	mov	r0, r6
1000648e:	490e      	ldr	r1, [pc, #56]	@ (100064c8 <vendord_xfer_cb+0x84>)
10006490:	f000 f98a 	bl	100067a8 <tu_edpt_stream_read_xfer>
10006494:	2001      	movs	r0, #1
10006496:	e7ee      	b.n	10006476 <vendord_xfer_cb+0x32>
10006498:	f8d4 112c 	ldr.w	r1, [r4, #300]	@ 0x12c
1000649c:	b2aa      	uxth	r2, r5
1000649e:	f504 7098 	add.w	r0, r4, #304	@ 0x130
100064a2:	f000 fb49 	bl	10006b38 <tu_fifo_write_n>
100064a6:	e7ea      	b.n	1000647e <vendord_xfer_cb+0x3a>
100064a8:	462a      	mov	r2, r5
100064aa:	4630      	mov	r0, r6
100064ac:	4903      	ldr	r1, [pc, #12]	@ (100064bc <vendord_xfer_cb+0x78>)
100064ae:	f000 f90f 	bl	100066d0 <tu_edpt_stream_write_zlp_if_needed>
100064b2:	e7df      	b.n	10006474 <vendord_xfer_cb+0x30>
100064b4:	20002898 	.word	0x20002898
100064b8:	00000000 	.word	0x00000000
100064bc:	2000289c 	.word	0x2000289c
100064c0:	00000000 	.word	0x00000000
100064c4:	20002818 	.word	0x20002818
100064c8:	200029c0 	.word	0x200029c0

100064cc <tusb_rhport_init>:
100064cc:	b510      	push	{r4, lr}
100064ce:	b082      	sub	sp, #8
100064d0:	b1c9      	cbz	r1, 10006506 <tusb_rhport_init+0x3a>
100064d2:	2801      	cmp	r0, #1
100064d4:	d80c      	bhi.n	100064f0 <tusb_rhport_init+0x24>
100064d6:	780b      	ldrb	r3, [r1, #0]
100064d8:	b153      	cbz	r3, 100064f0 <tusb_rhport_init+0x24>
100064da:	4c14      	ldr	r4, [pc, #80]	@ (1000652c <tusb_rhport_init+0x60>)
100064dc:	2b01      	cmp	r3, #1
100064de:	5423      	strb	r3, [r4, r0]
100064e0:	d002      	beq.n	100064e8 <tusb_rhport_init+0x1c>
100064e2:	2001      	movs	r0, #1
100064e4:	b002      	add	sp, #8
100064e6:	bd10      	pop	{r4, pc}
100064e8:	f7fe fe08 	bl	100050fc <tud_rhport_init>
100064ec:	2800      	cmp	r0, #0
100064ee:	d1f8      	bne.n	100064e2 <tusb_rhport_init+0x16>
100064f0:	f04f 23e0 	mov.w	r3, #3758153728	@ 0xe000e000
100064f4:	f8d3 3df0 	ldr.w	r3, [r3, #3568]	@ 0xdf0
100064f8:	07db      	lsls	r3, r3, #31
100064fa:	d402      	bmi.n	10006502 <tusb_rhport_init+0x36>
100064fc:	2000      	movs	r0, #0
100064fe:	b002      	add	sp, #8
10006500:	bd10      	pop	{r4, pc}
10006502:	be00      	bkpt	0x0000
10006504:	e7fa      	b.n	100064fc <tusb_rhport_init+0x30>
10006506:	2401      	movs	r4, #1
10006508:	4608      	mov	r0, r1
1000650a:	a901      	add	r1, sp, #4
1000650c:	f8ad 4004 	strh.w	r4, [sp, #4]
10006510:	f7fe fdf4 	bl	100050fc <tud_rhport_init>
10006514:	b938      	cbnz	r0, 10006526 <tusb_rhport_init+0x5a>
10006516:	f04f 23e0 	mov.w	r3, #3758153728	@ 0xe000e000
1000651a:	f8d3 3df0 	ldr.w	r3, [r3, #3568]	@ 0xdf0
1000651e:	07da      	lsls	r2, r3, #31
10006520:	d5ed      	bpl.n	100064fe <tusb_rhport_init+0x32>
10006522:	be00      	bkpt	0x0000
10006524:	e7eb      	b.n	100064fe <tusb_rhport_init+0x32>
10006526:	4b01      	ldr	r3, [pc, #4]	@ (1000652c <tusb_rhport_init+0x60>)
10006528:	701c      	strb	r4, [r3, #0]
1000652a:	e7e8      	b.n	100064fe <tusb_rhport_init+0x32>
1000652c:	200026e4 	.word	0x200026e4

10006530 <tu_edpt_claim>:
10006530:	b5f8      	push	{r3, r4, r5, r6, r7, lr}
10006532:	7803      	ldrb	r3, [r0, #0]
10006534:	f013 0401 	ands.w	r4, r3, #1
10006538:	d11a      	bne.n	10006570 <tu_edpt_claim+0x40>
1000653a:	7803      	ldrb	r3, [r0, #0]
1000653c:	4605      	mov	r5, r0
1000653e:	075a      	lsls	r2, r3, #29
10006540:	f3c3 0780 	ubfx	r7, r3, #2, #1
10006544:	d501      	bpl.n	1000654a <tu_edpt_claim+0x1a>
10006546:	4620      	mov	r0, r4
10006548:	bdf8      	pop	{r3, r4, r5, r6, r7, pc}
1000654a:	460e      	mov	r6, r1
1000654c:	f04f 31ff 	mov.w	r1, #4294967295	@ 0xffffffff
10006550:	4630      	mov	r0, r6
10006552:	f001 fb2d 	bl	10007bb0 <__mutex_enter_timeout_ms_veneer>
10006556:	782b      	ldrb	r3, [r5, #0]
10006558:	f013 0401 	ands.w	r4, r3, #1
1000655c:	d10b      	bne.n	10006576 <tu_edpt_claim+0x46>
1000655e:	782b      	ldrb	r3, [r5, #0]
10006560:	075b      	lsls	r3, r3, #29
10006562:	d409      	bmi.n	10006578 <tu_edpt_claim+0x48>
10006564:	782b      	ldrb	r3, [r5, #0]
10006566:	2401      	movs	r4, #1
10006568:	f043 0304 	orr.w	r3, r3, #4
1000656c:	702b      	strb	r3, [r5, #0]
1000656e:	e003      	b.n	10006578 <tu_edpt_claim+0x48>
10006570:	2400      	movs	r4, #0
10006572:	4620      	mov	r0, r4
10006574:	bdf8      	pop	{r3, r4, r5, r6, r7, pc}
10006576:	463c      	mov	r4, r7
10006578:	4630      	mov	r0, r6
1000657a:	f001 fb25 	bl	10007bc8 <__mutex_exit_veneer>
1000657e:	4620      	mov	r0, r4
10006580:	bdf8      	pop	{r3, r4, r5, r6, r7, pc}
10006582:	bf00      	nop

10006584 <tu_edpt_release>:
10006584:	b570      	push	{r4, r5, r6, lr}
10006586:	460c      	mov	r4, r1
10006588:	4605      	mov	r5, r0
1000658a:	f04f 31ff 	mov.w	r1, #4294967295	@ 0xffffffff
1000658e:	4620      	mov	r0, r4
10006590:	f001 fb0e 	bl	10007bb0 <__mutex_enter_timeout_ms_veneer>
10006594:	782b      	ldrb	r3, [r5, #0]
10006596:	f3c3 0680 	ubfx	r6, r3, #2, #1
1000659a:	075b      	lsls	r3, r3, #29
1000659c:	d508      	bpl.n	100065b0 <tu_edpt_release+0x2c>
1000659e:	782b      	ldrb	r3, [r5, #0]
100065a0:	f013 0301 	ands.w	r3, r3, #1
100065a4:	bf11      	iteee	ne
100065a6:	2600      	movne	r6, #0
100065a8:	782a      	ldrbeq	r2, [r5, #0]
100065aa:	f363 0282 	bfieq	r2, r3, #2, #1
100065ae:	702a      	strbeq	r2, [r5, #0]
100065b0:	4620      	mov	r0, r4
100065b2:	f001 fb09 	bl	10007bc8 <__mutex_exit_veneer>
100065b6:	4630      	mov	r0, r6
100065b8:	bd70      	pop	{r4, r5, r6, pc}
100065ba:	bf00      	nop

100065bc <tu_edpt_validate>:
100065bc:	78c3      	ldrb	r3, [r0, #3]
100065be:	8882      	ldrh	r2, [r0, #4]
100065c0:	f003 0003 	and.w	r0, r3, #3
100065c4:	2802      	cmp	r0, #2
100065c6:	f3c2 020a 	ubfx	r2, r2, #0, #11
100065ca:	d015      	beq.n	100065f8 <tu_edpt_validate+0x3c>
100065cc:	2803      	cmp	r0, #3
100065ce:	d00a      	beq.n	100065e6 <tu_edpt_validate+0x2a>
100065d0:	2801      	cmp	r0, #1
100065d2:	d11c      	bne.n	1000660e <tu_edpt_validate+0x52>
100065d4:	2902      	cmp	r1, #2
100065d6:	f240 33ff 	movw	r3, #1023	@ 0x3ff
100065da:	bf08      	it	eq
100065dc:	f44f 6380 	moveq.w	r3, #1024	@ 0x400
100065e0:	4293      	cmp	r3, r2
100065e2:	d30d      	bcc.n	10006600 <tu_edpt_validate+0x44>
100065e4:	4770      	bx	lr
100065e6:	2902      	cmp	r1, #2
100065e8:	bf14      	ite	ne
100065ea:	2340      	movne	r3, #64	@ 0x40
100065ec:	f44f 6380 	moveq.w	r3, #1024	@ 0x400
100065f0:	4293      	cmp	r3, r2
100065f2:	d305      	bcc.n	10006600 <tu_edpt_validate+0x44>
100065f4:	2001      	movs	r0, #1
100065f6:	4770      	bx	lr
100065f8:	2902      	cmp	r1, #2
100065fa:	d00a      	beq.n	10006612 <tu_edpt_validate+0x56>
100065fc:	2a40      	cmp	r2, #64	@ 0x40
100065fe:	d9f9      	bls.n	100065f4 <tu_edpt_validate+0x38>
10006600:	f04f 23e0 	mov.w	r3, #3758153728	@ 0xe000e000
10006604:	f8d3 3df0 	ldr.w	r3, [r3, #3568]	@ 0xdf0
10006608:	07db      	lsls	r3, r3, #31
1000660a:	d500      	bpl.n	1000660e <tu_edpt_validate+0x52>
1000660c:	be00      	bkpt	0x0000
1000660e:	2000      	movs	r0, #0
10006610:	4770      	bx	lr
10006612:	f5b2 7f00 	cmp.w	r2, #512	@ 0x200
10006616:	d0ed      	beq.n	100065f4 <tu_edpt_validate+0x38>
10006618:	e7f2      	b.n	10006600 <tu_edpt_validate+0x44>
1000661a:	bf00      	nop

1000661c <tu_edpt_bind_driver>:
1000661c:	440a      	add	r2, r1
1000661e:	4291      	cmp	r1, r2
10006620:	d226      	bcs.n	10006670 <tu_edpt_bind_driver+0x54>
10006622:	f891 c001 	ldrb.w	ip, [r1, #1]
10006626:	f1bc 0f05 	cmp.w	ip, #5
1000662a:	d005      	beq.n	10006638 <tu_edpt_bind_driver+0x1c>
1000662c:	f891 c000 	ldrb.w	ip, [r1]
10006630:	4461      	add	r1, ip
10006632:	428a      	cmp	r2, r1
10006634:	d8f5      	bhi.n	10006622 <tu_edpt_bind_driver+0x6>
10006636:	4770      	bx	lr
10006638:	b500      	push	{lr}
1000663a:	f891 c002 	ldrb.w	ip, [r1, #2]
1000663e:	f00c 0e7f 	and.w	lr, ip, #127	@ 0x7f
10006642:	eb00 0e4e 	add.w	lr, r0, lr, lsl #1
10006646:	ea4f 1cdc 	mov.w	ip, ip, lsr #7
1000664a:	f80e 300c 	strb.w	r3, [lr, ip]
1000664e:	f891 c000 	ldrb.w	ip, [r1]
10006652:	4461      	add	r1, ip
10006654:	428a      	cmp	r2, r1
10006656:	d909      	bls.n	1000666c <tu_edpt_bind_driver+0x50>
10006658:	f891 c001 	ldrb.w	ip, [r1, #1]
1000665c:	f1bc 0f05 	cmp.w	ip, #5
10006660:	d0eb      	beq.n	1000663a <tu_edpt_bind_driver+0x1e>
10006662:	f891 c000 	ldrb.w	ip, [r1]
10006666:	4461      	add	r1, ip
10006668:	428a      	cmp	r2, r1
1000666a:	d8f5      	bhi.n	10006658 <tu_edpt_bind_driver+0x3c>
1000666c:	f85d fb04 	ldr.w	pc, [sp], #4
10006670:	4770      	bx	lr
10006672:	bf00      	nop

10006674 <tu_edpt_stream_init>:
10006674:	e92d 41f0 	stmdb	sp!, {r4, r5, r6, r7, r8, lr}
10006678:	468e      	mov	lr, r1
1000667a:	b082      	sub	sp, #8
1000667c:	9300      	str	r3, [sp, #0]
1000667e:	f890 c000 	ldrb.w	ip, [r0]
10006682:	9e08      	ldr	r6, [sp, #32]
10006684:	f8bd 7024 	ldrh.w	r7, [sp, #36]	@ 0x24
10006688:	f36e 0c00 	bfi	ip, lr, #0, #1
1000668c:	4604      	mov	r4, r0
1000668e:	4615      	mov	r5, r2
10006690:	2301      	movs	r3, #1
10006692:	4631      	mov	r1, r6
10006694:	463a      	mov	r2, r7
10006696:	f800 cb08 	strb.w	ip, [r0], #8
1000669a:	f8bd 802c 	ldrh.w	r8, [sp, #44]	@ 0x2c
1000669e:	f000 f8e7 	bl	10006870 <tu_fifo_config>
100066a2:	b106      	cbz	r6, 100066a6 <tu_edpt_stream_init+0x32>
100066a4:	b93f      	cbnz	r7, 100066b6 <tu_edpt_stream_init+0x42>
100066a6:	2001      	movs	r0, #1
100066a8:	9b0a      	ldr	r3, [sp, #40]	@ 0x28
100066aa:	f8a4 8002 	strh.w	r8, [r4, #2]
100066ae:	6063      	str	r3, [r4, #4]
100066b0:	b002      	add	sp, #8
100066b2:	e8bd 81f0 	ldmia.w	sp!, {r4, r5, r6, r7, r8, pc}
100066b6:	f104 061c 	add.w	r6, r4, #28
100066ba:	4630      	mov	r0, r6
100066bc:	f7fc fd0a 	bl	100030d4 <mutex_init>
100066c0:	b10d      	cbz	r5, 100066c6 <tu_edpt_stream_init+0x52>
100066c2:	4635      	mov	r5, r6
100066c4:	2600      	movs	r6, #0
100066c6:	e9c4 5605 	strd	r5, r6, [r4, #20]
100066ca:	e7ec      	b.n	100066a6 <tu_edpt_stream_init+0x32>

100066cc <tu_edpt_stream_deinit>:
100066cc:	2001      	movs	r0, #1
100066ce:	4770      	bx	lr

100066d0 <tu_edpt_stream_write_zlp_if_needed>:
100066d0:	b5f8      	push	{r3, r4, r5, r6, r7, lr}
100066d2:	4607      	mov	r7, r0
100066d4:	4608      	mov	r0, r1
100066d6:	f240 13ff 	movw	r3, #511	@ 0x1ff
100066da:	4615      	mov	r5, r2
100066dc:	f810 2b08 	ldrb.w	r2, [r0], #8
100066e0:	460c      	mov	r4, r1
100066e2:	f012 0f02 	tst.w	r2, #2
100066e6:	bf0c      	ite	eq
100066e8:	263f      	moveq	r6, #63	@ 0x3f
100066ea:	461e      	movne	r6, r3
100066ec:	f000 f8f0 	bl	100068d0 <tu_fifo_count>
100066f0:	b928      	cbnz	r0, 100066fe <tu_edpt_stream_write_zlp_if_needed+0x2e>
100066f2:	b125      	cbz	r5, 100066fe <tu_edpt_stream_write_zlp_if_needed+0x2e>
100066f4:	422e      	tst	r6, r5
100066f6:	d102      	bne.n	100066fe <tu_edpt_stream_write_zlp_if_needed+0x2e>
100066f8:	7823      	ldrb	r3, [r4, #0]
100066fa:	07da      	lsls	r2, r3, #31
100066fc:	d501      	bpl.n	10006702 <tu_edpt_stream_write_zlp_if_needed+0x32>
100066fe:	2000      	movs	r0, #0
10006700:	bdf8      	pop	{r3, r4, r5, r6, r7, pc}
10006702:	4638      	mov	r0, r7
10006704:	7861      	ldrb	r1, [r4, #1]
10006706:	f7ff f9a5 	bl	10005a54 <usbd_edpt_claim>
1000670a:	2800      	cmp	r0, #0
1000670c:	d0f7      	beq.n	100066fe <tu_edpt_stream_write_zlp_if_needed+0x2e>
1000670e:	7823      	ldrb	r3, [r4, #0]
10006710:	f013 0301 	ands.w	r3, r3, #1
10006714:	d007      	beq.n	10006726 <tu_edpt_stream_write_zlp_if_needed+0x56>
10006716:	f04f 23e0 	mov.w	r3, #3758153728	@ 0xe000e000
1000671a:	f8d3 3df0 	ldr.w	r3, [r3, #3568]	@ 0xdf0
1000671e:	07db      	lsls	r3, r3, #31
10006720:	d5ed      	bpl.n	100066fe <tu_edpt_stream_write_zlp_if_needed+0x2e>
10006722:	be00      	bkpt	0x0000
10006724:	e7eb      	b.n	100066fe <tu_edpt_stream_write_zlp_if_needed+0x2e>
10006726:	461a      	mov	r2, r3
10006728:	4638      	mov	r0, r7
1000672a:	7861      	ldrb	r1, [r4, #1]
1000672c:	f7ff f9b6 	bl	10005a9c <usbd_edpt_xfer>
10006730:	2800      	cmp	r0, #0
10006732:	d0f0      	beq.n	10006716 <tu_edpt_stream_write_zlp_if_needed+0x46>
10006734:	bdf8      	pop	{r3, r4, r5, r6, r7, pc}
10006736:	bf00      	nop

10006738 <tu_edpt_stream_write_xfer>:
10006738:	b570      	push	{r4, r5, r6, lr}
1000673a:	f101 0508 	add.w	r5, r1, #8
1000673e:	4606      	mov	r6, r0
10006740:	4628      	mov	r0, r5
10006742:	460c      	mov	r4, r1
10006744:	f000 f8c4 	bl	100068d0 <tu_fifo_count>
10006748:	b110      	cbz	r0, 10006750 <tu_edpt_stream_write_xfer+0x18>
1000674a:	7823      	ldrb	r3, [r4, #0]
1000674c:	07da      	lsls	r2, r3, #31
1000674e:	d501      	bpl.n	10006754 <tu_edpt_stream_write_xfer+0x1c>
10006750:	2000      	movs	r0, #0
10006752:	bd70      	pop	{r4, r5, r6, pc}
10006754:	4630      	mov	r0, r6
10006756:	7861      	ldrb	r1, [r4, #1]
10006758:	f7ff f97c 	bl	10005a54 <usbd_edpt_claim>
1000675c:	2800      	cmp	r0, #0
1000675e:	d0f7      	beq.n	10006750 <tu_edpt_stream_write_xfer+0x18>
10006760:	4628      	mov	r0, r5
10006762:	8862      	ldrh	r2, [r4, #2]
10006764:	6861      	ldr	r1, [r4, #4]
10006766:	f000 f929 	bl	100069bc <tu_fifo_read_n>
1000676a:	7823      	ldrb	r3, [r4, #0]
1000676c:	4605      	mov	r5, r0
1000676e:	f003 0301 	and.w	r3, r3, #1
10006772:	b140      	cbz	r0, 10006786 <tu_edpt_stream_write_xfer+0x4e>
10006774:	b173      	cbz	r3, 10006794 <tu_edpt_stream_write_xfer+0x5c>
10006776:	f04f 23e0 	mov.w	r3, #3758153728	@ 0xe000e000
1000677a:	f8d3 3df0 	ldr.w	r3, [r3, #3568]	@ 0xdf0
1000677e:	07db      	lsls	r3, r3, #31
10006780:	d5e6      	bpl.n	10006750 <tu_edpt_stream_write_xfer+0x18>
10006782:	be00      	bkpt	0x0000
10006784:	e7e4      	b.n	10006750 <tu_edpt_stream_write_xfer+0x18>
10006786:	2b00      	cmp	r3, #0
10006788:	d1e2      	bne.n	10006750 <tu_edpt_stream_write_xfer+0x18>
1000678a:	4630      	mov	r0, r6
1000678c:	7861      	ldrb	r1, [r4, #1]
1000678e:	f7ff f973 	bl	10005a78 <usbd_edpt_release>
10006792:	e7dd      	b.n	10006750 <tu_edpt_stream_write_xfer+0x18>
10006794:	4603      	mov	r3, r0
10006796:	6862      	ldr	r2, [r4, #4]
10006798:	4630      	mov	r0, r6
1000679a:	7861      	ldrb	r1, [r4, #1]
1000679c:	f7ff f97e 	bl	10005a9c <usbd_edpt_xfer>
100067a0:	2800      	cmp	r0, #0
100067a2:	d0e8      	beq.n	10006776 <tu_edpt_stream_write_xfer+0x3e>
100067a4:	4628      	mov	r0, r5
100067a6:	bd70      	pop	{r4, r5, r6, pc}

100067a8 <tu_edpt_stream_read_xfer>:
100067a8:	898a      	ldrh	r2, [r1, #12]
100067aa:	e92d 41f0 	stmdb	sp!, {r4, r5, r6, r7, r8, lr}
100067ae:	780b      	ldrb	r3, [r1, #0]
100067b0:	460c      	mov	r4, r1
100067b2:	4606      	mov	r6, r0
100067b4:	b922      	cbnz	r2, 100067c0 <tu_edpt_stream_read_xfer+0x18>
100067b6:	07dd      	lsls	r5, r3, #31
100067b8:	d534      	bpl.n	10006824 <tu_edpt_stream_read_xfer+0x7c>
100067ba:	2000      	movs	r0, #0
100067bc:	e8bd 81f0 	ldmia.w	sp!, {r4, r5, r6, r7, r8, pc}
100067c0:	f104 0708 	add.w	r7, r4, #8
100067c4:	0799      	lsls	r1, r3, #30
100067c6:	4638      	mov	r0, r7
100067c8:	bf47      	ittee	mi
100067ca:	f44f 487e 	movmi.w	r8, #65024	@ 0xfe00
100067ce:	f44f 7500 	movmi.w	r5, #512	@ 0x200
100067d2:	f64f 78c0 	movwpl	r8, #65472	@ 0xffc0
100067d6:	2540      	movpl	r5, #64	@ 0x40
100067d8:	f000 f894 	bl	10006904 <tu_fifo_remaining>
100067dc:	4285      	cmp	r5, r0
100067de:	d8ec      	bhi.n	100067ba <tu_edpt_stream_read_xfer+0x12>
100067e0:	7823      	ldrb	r3, [r4, #0]
100067e2:	07da      	lsls	r2, r3, #31
100067e4:	d4e9      	bmi.n	100067ba <tu_edpt_stream_read_xfer+0x12>
100067e6:	4630      	mov	r0, r6
100067e8:	7861      	ldrb	r1, [r4, #1]
100067ea:	f7ff f933 	bl	10005a54 <usbd_edpt_claim>
100067ee:	2800      	cmp	r0, #0
100067f0:	d0e3      	beq.n	100067ba <tu_edpt_stream_read_xfer+0x12>
100067f2:	4638      	mov	r0, r7
100067f4:	f000 f886 	bl	10006904 <tu_fifo_remaining>
100067f8:	7823      	ldrb	r3, [r4, #0]
100067fa:	4285      	cmp	r5, r0
100067fc:	f003 0301 	and.w	r3, r3, #1
10006800:	d82d      	bhi.n	1000685e <tu_edpt_stream_read_xfer+0xb6>
10006802:	b9bb      	cbnz	r3, 10006834 <tu_edpt_stream_read_xfer+0x8c>
10006804:	8865      	ldrh	r5, [r4, #2]
10006806:	ea08 0800 	and.w	r8, r8, r0
1000680a:	4545      	cmp	r5, r8
1000680c:	bf28      	it	cs
1000680e:	4645      	movcs	r5, r8
10006810:	7861      	ldrb	r1, [r4, #1]
10006812:	b35d      	cbz	r5, 1000686c <tu_edpt_stream_read_xfer+0xc4>
10006814:	6862      	ldr	r2, [r4, #4]
10006816:	462b      	mov	r3, r5
10006818:	4630      	mov	r0, r6
1000681a:	f7ff f93f 	bl	10005a9c <usbd_edpt_xfer>
1000681e:	b148      	cbz	r0, 10006834 <tu_edpt_stream_read_xfer+0x8c>
10006820:	4628      	mov	r0, r5
10006822:	e7cb      	b.n	100067bc <tu_edpt_stream_read_xfer+0x14>
10006824:	7849      	ldrb	r1, [r1, #1]
10006826:	f7ff f915 	bl	10005a54 <usbd_edpt_claim>
1000682a:	2800      	cmp	r0, #0
1000682c:	d0c5      	beq.n	100067ba <tu_edpt_stream_read_xfer+0x12>
1000682e:	7823      	ldrb	r3, [r4, #0]
10006830:	07d8      	lsls	r0, r3, #31
10006832:	d507      	bpl.n	10006844 <tu_edpt_stream_read_xfer+0x9c>
10006834:	f04f 23e0 	mov.w	r3, #3758153728	@ 0xe000e000
10006838:	f8d3 3df0 	ldr.w	r3, [r3, #3568]	@ 0xdf0
1000683c:	07db      	lsls	r3, r3, #31
1000683e:	d5bc      	bpl.n	100067ba <tu_edpt_stream_read_xfer+0x12>
10006840:	be00      	bkpt	0x0000
10006842:	e7ba      	b.n	100067ba <tu_edpt_stream_read_xfer+0x12>
10006844:	8863      	ldrh	r3, [r4, #2]
10006846:	7861      	ldrb	r1, [r4, #1]
10006848:	b13b      	cbz	r3, 1000685a <tu_edpt_stream_read_xfer+0xb2>
1000684a:	6862      	ldr	r2, [r4, #4]
1000684c:	4630      	mov	r0, r6
1000684e:	f7ff f925 	bl	10005a9c <usbd_edpt_xfer>
10006852:	2800      	cmp	r0, #0
10006854:	d0ee      	beq.n	10006834 <tu_edpt_stream_read_xfer+0x8c>
10006856:	8860      	ldrh	r0, [r4, #2]
10006858:	e7b0      	b.n	100067bc <tu_edpt_stream_read_xfer+0x14>
1000685a:	461a      	mov	r2, r3
1000685c:	e7f6      	b.n	1000684c <tu_edpt_stream_read_xfer+0xa4>
1000685e:	2b00      	cmp	r3, #0
10006860:	d1ab      	bne.n	100067ba <tu_edpt_stream_read_xfer+0x12>
10006862:	4630      	mov	r0, r6
10006864:	7861      	ldrb	r1, [r4, #1]
10006866:	f7ff f907 	bl	10005a78 <usbd_edpt_release>
1000686a:	e7a6      	b.n	100067ba <tu_edpt_stream_read_xfer+0x12>
1000686c:	462a      	mov	r2, r5
1000686e:	e7d2      	b.n	10006816 <tu_edpt_stream_read_xfer+0x6e>

10006870 <tu_fifo_config>:
10006870:	e92d 41f0 	stmdb	sp!, {r4, r5, r6, r7, r8, lr}
10006874:	f5b2 4f00 	cmp.w	r2, #32768	@ 0x8000
10006878:	f89d 8018 	ldrb.w	r8, [sp, #24]
1000687c:	d824      	bhi.n	100068c8 <tu_fifo_config+0x58>
1000687e:	4604      	mov	r4, r0
10006880:	68c0      	ldr	r0, [r0, #12]
10006882:	4617      	mov	r7, r2
10006884:	460e      	mov	r6, r1
10006886:	461d      	mov	r5, r3
10006888:	b118      	cbz	r0, 10006892 <tu_fifo_config+0x22>
1000688a:	f04f 31ff 	mov.w	r1, #4294967295	@ 0xffffffff
1000688e:	f001 f98f 	bl	10007bb0 <__mutex_enter_timeout_ms_veneer>
10006892:	6920      	ldr	r0, [r4, #16]
10006894:	b118      	cbz	r0, 1000689e <tu_fifo_config+0x2e>
10006896:	f04f 31ff 	mov.w	r1, #4294967295	@ 0xffffffff
1000689a:	f001 f989 	bl	10007bb0 <__mutex_enter_timeout_ms_veneer>
1000689e:	2200      	movs	r2, #0
100068a0:	f3c5 030e 	ubfx	r3, r5, #0, #15
100068a4:	68e0      	ldr	r0, [r4, #12]
100068a6:	ea43 33c8 	orr.w	r3, r3, r8, lsl #15
100068aa:	8162      	strh	r2, [r4, #10]
100068ac:	6026      	str	r6, [r4, #0]
100068ae:	80a7      	strh	r7, [r4, #4]
100068b0:	80e3      	strh	r3, [r4, #6]
100068b2:	8122      	strh	r2, [r4, #8]
100068b4:	b108      	cbz	r0, 100068ba <tu_fifo_config+0x4a>
100068b6:	f001 f987 	bl	10007bc8 <__mutex_exit_veneer>
100068ba:	6920      	ldr	r0, [r4, #16]
100068bc:	b108      	cbz	r0, 100068c2 <tu_fifo_config+0x52>
100068be:	f001 f983 	bl	10007bc8 <__mutex_exit_veneer>
100068c2:	2001      	movs	r0, #1
100068c4:	e8bd 81f0 	ldmia.w	sp!, {r4, r5, r6, r7, r8, pc}
100068c8:	2000      	movs	r0, #0
100068ca:	e8bd 81f0 	ldmia.w	sp!, {r4, r5, r6, r7, r8, pc}
100068ce:	bf00      	nop

100068d0 <tu_fifo_count>:
100068d0:	8903      	ldrh	r3, [r0, #8]
100068d2:	8942      	ldrh	r2, [r0, #10]
100068d4:	b29b      	uxth	r3, r3
100068d6:	b292      	uxth	r2, r2
100068d8:	8880      	ldrh	r0, [r0, #4]
100068da:	4293      	cmp	r3, r2
100068dc:	bf36      	itet	cc
100068de:	ebc2 0240 	rsbcc	r2, r2, r0, lsl #1
100068e2:	1a9b      	subcs	r3, r3, r2
100068e4:	189b      	addcc	r3, r3, r2
100068e6:	b29b      	uxth	r3, r3
100068e8:	4298      	cmp	r0, r3
100068ea:	bf28      	it	cs
100068ec:	4618      	movcs	r0, r3
100068ee:	4770      	bx	lr

100068f0 <tu_fifo_empty>:
100068f0:	8902      	ldrh	r2, [r0, #8]
100068f2:	8943      	ldrh	r3, [r0, #10]
100068f4:	b290      	uxth	r0, r2
100068f6:	b29b      	uxth	r3, r3
100068f8:	1ac0      	subs	r0, r0, r3
100068fa:	fab0 f080 	clz	r0, r0
100068fe:	0940      	lsrs	r0, r0, #5
10006900:	4770      	bx	lr
10006902:	bf00      	nop

10006904 <tu_fifo_remaining>:
10006904:	8903      	ldrh	r3, [r0, #8]
10006906:	8942      	ldrh	r2, [r0, #10]
10006908:	b29b      	uxth	r3, r3
1000690a:	8880      	ldrh	r0, [r0, #4]
1000690c:	b292      	uxth	r2, r2
1000690e:	4293      	cmp	r3, r2
10006910:	bf36      	itet	cc
10006912:	ebc2 0240 	rsbcc	r2, r2, r0, lsl #1
10006916:	1a9b      	subcs	r3, r3, r2
10006918:	189b      	addcc	r3, r3, r2
1000691a:	b29b      	uxth	r3, r3
1000691c:	4298      	cmp	r0, r3
1000691e:	bf86      	itte	hi
10006920:	1ac0      	subhi	r0, r0, r3
10006922:	b280      	uxthhi	r0, r0
10006924:	2000      	movls	r0, #0
10006926:	4770      	bx	lr

10006928 <tu_fifo_read>:
10006928:	b538      	push	{r3, r4, r5, lr}
1000692a:	4604      	mov	r4, r0
1000692c:	6900      	ldr	r0, [r0, #16]
1000692e:	460d      	mov	r5, r1
10006930:	b118      	cbz	r0, 1000693a <tu_fifo_read+0x12>
10006932:	f04f 31ff 	mov.w	r1, #4294967295	@ 0xffffffff
10006936:	f001 f93b 	bl	10007bb0 <__mutex_enter_timeout_ms_veneer>
1000693a:	8921      	ldrh	r1, [r4, #8]
1000693c:	8963      	ldrh	r3, [r4, #10]
1000693e:	b289      	uxth	r1, r1
10006940:	b29b      	uxth	r3, r3
10006942:	88a2      	ldrh	r2, [r4, #4]
10006944:	4299      	cmp	r1, r3
10006946:	bf36      	itet	cc
10006948:	ebc3 0042 	rsbcc	r0, r3, r2, lsl #1
1000694c:	1ac8      	subcs	r0, r1, r3
1000694e:	1840      	addcc	r0, r0, r1
10006950:	b280      	uxth	r0, r0
10006952:	b350      	cbz	r0, 100069aa <tu_fifo_read+0x82>
10006954:	4282      	cmp	r2, r0
10006956:	d209      	bcs.n	1000696c <tu_fifo_read+0x44>
10006958:	4291      	cmp	r1, r2
1000695a:	bf2c      	ite	cs
1000695c:	1a89      	subcs	r1, r1, r2
1000695e:	1889      	addcc	r1, r1, r2
10006960:	b28b      	uxth	r3, r1
10006962:	429a      	cmp	r2, r3
10006964:	8163      	strh	r3, [r4, #10]
10006966:	d803      	bhi.n	10006970 <tu_fifo_read+0x48>
10006968:	1a9b      	subs	r3, r3, r2
1000696a:	b29b      	uxth	r3, r3
1000696c:	429a      	cmp	r2, r3
1000696e:	d9fb      	bls.n	10006968 <tu_fifo_read+0x40>
10006970:	88e2      	ldrh	r2, [r4, #6]
10006972:	6821      	ldr	r1, [r4, #0]
10006974:	f3c2 020e 	ubfx	r2, r2, #0, #15
10006978:	fb02 1103 	mla	r1, r2, r3, r1
1000697c:	4628      	mov	r0, r5
1000697e:	f000 ff1b 	bl	100077b8 <memcpy>
10006982:	8961      	ldrh	r1, [r4, #10]
10006984:	2501      	movs	r5, #1
10006986:	b289      	uxth	r1, r1
10006988:	1c4b      	adds	r3, r1, #1
1000698a:	b29b      	uxth	r3, r3
1000698c:	4299      	cmp	r1, r3
1000698e:	88a2      	ldrh	r2, [r4, #4]
10006990:	d90e      	bls.n	100069b0 <tu_fifo_read+0x88>
10006992:	2300      	movs	r3, #0
10006994:	fa02 f105 	lsl.w	r1, r2, r5
10006998:	1a5b      	subs	r3, r3, r1
1000699a:	b29b      	uxth	r3, r3
1000699c:	6920      	ldr	r0, [r4, #16]
1000699e:	8163      	strh	r3, [r4, #10]
100069a0:	b108      	cbz	r0, 100069a6 <tu_fifo_read+0x7e>
100069a2:	f001 f911 	bl	10007bc8 <__mutex_exit_veneer>
100069a6:	4628      	mov	r0, r5
100069a8:	bd38      	pop	{r3, r4, r5, pc}
100069aa:	4605      	mov	r5, r0
100069ac:	8963      	ldrh	r3, [r4, #10]
100069ae:	b29b      	uxth	r3, r3
100069b0:	ebb3 0f42 	cmp.w	r3, r2, lsl #1
100069b4:	ea4f 0142 	mov.w	r1, r2, lsl #1
100069b8:	dbf0      	blt.n	1000699c <tu_fifo_read+0x74>
100069ba:	e7ed      	b.n	10006998 <tu_fifo_read+0x70>

100069bc <tu_fifo_read_n>:
100069bc:	e92d 47f0 	stmdb	sp!, {r4, r5, r6, r7, r8, r9, sl, lr}
100069c0:	4606      	mov	r6, r0
100069c2:	6900      	ldr	r0, [r0, #16]
100069c4:	4688      	mov	r8, r1
100069c6:	4691      	mov	r9, r2
100069c8:	b118      	cbz	r0, 100069d2 <tu_fifo_read_n+0x16>
100069ca:	f04f 31ff 	mov.w	r1, #4294967295	@ 0xffffffff
100069ce:	f001 f8ef 	bl	10007bb0 <__mutex_enter_timeout_ms_veneer>
100069d2:	8933      	ldrh	r3, [r6, #8]
100069d4:	8974      	ldrh	r4, [r6, #10]
100069d6:	b29b      	uxth	r3, r3
100069d8:	b2a4      	uxth	r4, r4
100069da:	88b5      	ldrh	r5, [r6, #4]
100069dc:	42a3      	cmp	r3, r4
100069de:	bf36      	itet	cc
100069e0:	ebc4 0745 	rsbcc	r7, r4, r5, lsl #1
100069e4:	1b1f      	subcs	r7, r3, r4
100069e6:	18ff      	addcc	r7, r7, r3
100069e8:	b2bf      	uxth	r7, r7
100069ea:	2f00      	cmp	r7, #0
100069ec:	d04a      	beq.n	10006a84 <tu_fifo_read_n+0xc8>
100069ee:	42bd      	cmp	r5, r7
100069f0:	d340      	bcc.n	10006a74 <tu_fifo_read_n+0xb8>
100069f2:	45b9      	cmp	r9, r7
100069f4:	bf28      	it	cs
100069f6:	46b9      	movcs	r9, r7
100069f8:	42a5      	cmp	r5, r4
100069fa:	fa1f f789 	uxth.w	r7, r9
100069fe:	d803      	bhi.n	10006a08 <tu_fifo_read_n+0x4c>
10006a00:	1b64      	subs	r4, r4, r5
10006a02:	b2a4      	uxth	r4, r4
10006a04:	42a5      	cmp	r5, r4
10006a06:	d9fb      	bls.n	10006a00 <tu_fifo_read_n+0x44>
10006a08:	f8b6 a006 	ldrh.w	sl, [r6, #6]
10006a0c:	1b2b      	subs	r3, r5, r4
10006a0e:	6831      	ldr	r1, [r6, #0]
10006a10:	b29b      	uxth	r3, r3
10006a12:	f3ca 020e 	ubfx	r2, sl, #0, #15
10006a16:	429f      	cmp	r7, r3
10006a18:	4692      	mov	sl, r2
10006a1a:	fb02 1104 	mla	r1, r2, r4, r1
10006a1e:	d923      	bls.n	10006a68 <tu_fifo_read_n+0xac>
10006a20:	fb13 f302 	smulbb	r3, r3, r2
10006a24:	fa1f f983 	uxth.w	r9, r3
10006a28:	464a      	mov	r2, r9
10006a2a:	4640      	mov	r0, r8
10006a2c:	1b7d      	subs	r5, r7, r5
10006a2e:	f000 fec3 	bl	100077b8 <memcpy>
10006a32:	1962      	adds	r2, r4, r5
10006a34:	fb12 f20a 	smulbb	r2, r2, sl
10006a38:	6831      	ldr	r1, [r6, #0]
10006a3a:	eb08 0009 	add.w	r0, r8, r9
10006a3e:	b292      	uxth	r2, r2
10006a40:	f000 feba 	bl	100077b8 <memcpy>
10006a44:	8972      	ldrh	r2, [r6, #10]
10006a46:	88b5      	ldrh	r5, [r6, #4]
10006a48:	b292      	uxth	r2, r2
10006a4a:	19d3      	adds	r3, r2, r7
10006a4c:	b29b      	uxth	r3, r3
10006a4e:	429a      	cmp	r2, r3
10006a50:	d91a      	bls.n	10006a88 <tu_fifo_read_n+0xcc>
10006a52:	006a      	lsls	r2, r5, #1
10006a54:	1a9b      	subs	r3, r3, r2
10006a56:	b29b      	uxth	r3, r3
10006a58:	6930      	ldr	r0, [r6, #16]
10006a5a:	8173      	strh	r3, [r6, #10]
10006a5c:	b108      	cbz	r0, 10006a62 <tu_fifo_read_n+0xa6>
10006a5e:	f001 f8b3 	bl	10007bc8 <__mutex_exit_veneer>
10006a62:	4638      	mov	r0, r7
10006a64:	e8bd 87f0 	ldmia.w	sp!, {r4, r5, r6, r7, r8, r9, sl, pc}
10006a68:	4640      	mov	r0, r8
10006a6a:	fb07 f202 	mul.w	r2, r7, r2
10006a6e:	f000 fea3 	bl	100077b8 <memcpy>
10006a72:	e7e7      	b.n	10006a44 <tu_fifo_read_n+0x88>
10006a74:	42ab      	cmp	r3, r5
10006a76:	bf2c      	ite	cs
10006a78:	1b5b      	subcs	r3, r3, r5
10006a7a:	195b      	addcc	r3, r3, r5
10006a7c:	b29c      	uxth	r4, r3
10006a7e:	462f      	mov	r7, r5
10006a80:	8174      	strh	r4, [r6, #10]
10006a82:	e7b6      	b.n	100069f2 <tu_fifo_read_n+0x36>
10006a84:	8973      	ldrh	r3, [r6, #10]
10006a86:	b29b      	uxth	r3, r3
10006a88:	ebb3 0f45 	cmp.w	r3, r5, lsl #1
10006a8c:	ea4f 0245 	mov.w	r2, r5, lsl #1
10006a90:	dbe2      	blt.n	10006a58 <tu_fifo_read_n+0x9c>
10006a92:	e7df      	b.n	10006a54 <tu_fifo_read_n+0x98>

10006a94 <tu_fifo_write>:
10006a94:	b5f8      	push	{r3, r4, r5, r6, r7, lr}
10006a96:	4604      	mov	r4, r0
10006a98:	68c0      	ldr	r0, [r0, #12]
10006a9a:	460e      	mov	r6, r1
10006a9c:	b118      	cbz	r0, 10006aa6 <tu_fifo_write+0x12>
10006a9e:	f04f 31ff 	mov.w	r1, #4294967295	@ 0xffffffff
10006aa2:	f001 f885 	bl	10007bb0 <__mutex_enter_timeout_ms_veneer>
10006aa6:	8925      	ldrh	r5, [r4, #8]
10006aa8:	8923      	ldrh	r3, [r4, #8]
10006aaa:	8961      	ldrh	r1, [r4, #10]
10006aac:	b29b      	uxth	r3, r3
10006aae:	b289      	uxth	r1, r1
10006ab0:	88a2      	ldrh	r2, [r4, #4]
10006ab2:	428b      	cmp	r3, r1
10006ab4:	bf36      	itet	cc
10006ab6:	ebc1 0142 	rsbcc	r1, r1, r2, lsl #1
10006aba:	1a5b      	subcs	r3, r3, r1
10006abc:	185b      	addcc	r3, r3, r1
10006abe:	b29b      	uxth	r3, r3
10006ac0:	429a      	cmp	r2, r3
10006ac2:	b2ad      	uxth	r5, r5
10006ac4:	d808      	bhi.n	10006ad8 <tu_fifo_write+0x44>
10006ac6:	79e7      	ldrb	r7, [r4, #7]
10006ac8:	09ff      	lsrs	r7, r7, #7
10006aca:	d105      	bne.n	10006ad8 <tu_fifo_write+0x44>
10006acc:	68e0      	ldr	r0, [r4, #12]
10006ace:	b108      	cbz	r0, 10006ad4 <tu_fifo_write+0x40>
10006ad0:	f001 f87a 	bl	10007bc8 <__mutex_exit_veneer>
10006ad4:	4638      	mov	r0, r7
10006ad6:	bdf8      	pop	{r3, r4, r5, r6, r7, pc}
10006ad8:	4295      	cmp	r5, r2
10006ada:	bf28      	it	cs
10006adc:	462b      	movcs	r3, r5
10006ade:	d318      	bcc.n	10006b12 <tu_fifo_write+0x7e>
10006ae0:	1a9b      	subs	r3, r3, r2
10006ae2:	b29b      	uxth	r3, r3
10006ae4:	4293      	cmp	r3, r2
10006ae6:	d2fb      	bcs.n	10006ae0 <tu_fifo_write+0x4c>
10006ae8:	88e2      	ldrh	r2, [r4, #6]
10006aea:	6820      	ldr	r0, [r4, #0]
10006aec:	f3c2 020e 	ubfx	r2, r2, #0, #15
10006af0:	fb02 0003 	mla	r0, r2, r3, r0
10006af4:	4631      	mov	r1, r6
10006af6:	f000 fe5f 	bl	100077b8 <memcpy>
10006afa:	1c6b      	adds	r3, r5, #1
10006afc:	b29b      	uxth	r3, r3
10006afe:	429d      	cmp	r5, r3
10006b00:	88a2      	ldrh	r2, [r4, #4]
10006b02:	d912      	bls.n	10006b2a <tu_fifo_write+0x96>
10006b04:	2300      	movs	r3, #0
10006b06:	0051      	lsls	r1, r2, #1
10006b08:	1a5b      	subs	r3, r3, r1
10006b0a:	b29b      	uxth	r3, r3
10006b0c:	2701      	movs	r7, #1
10006b0e:	8123      	strh	r3, [r4, #8]
10006b10:	e7dc      	b.n	10006acc <tu_fifo_write+0x38>
10006b12:	88e2      	ldrh	r2, [r4, #6]
10006b14:	6820      	ldr	r0, [r4, #0]
10006b16:	f3c2 020e 	ubfx	r2, r2, #0, #15
10006b1a:	fb05 0002 	mla	r0, r5, r2, r0
10006b1e:	4631      	mov	r1, r6
10006b20:	f000 fe4a 	bl	100077b8 <memcpy>
10006b24:	3501      	adds	r5, #1
10006b26:	88a2      	ldrh	r2, [r4, #4]
10006b28:	b2ab      	uxth	r3, r5
10006b2a:	ebb3 0f42 	cmp.w	r3, r2, lsl #1
10006b2e:	ea4f 0142 	mov.w	r1, r2, lsl #1
10006b32:	dbeb      	blt.n	10006b0c <tu_fifo_write+0x78>
10006b34:	e7e8      	b.n	10006b08 <tu_fifo_write+0x74>
10006b36:	bf00      	nop

10006b38 <tu_fifo_write_n>:
10006b38:	e92d 4ff0 	stmdb	sp!, {r4, r5, r6, r7, r8, r9, sl, fp, lr}
10006b3c:	4617      	mov	r7, r2
10006b3e:	b083      	sub	sp, #12
10006b40:	2a00      	cmp	r2, #0
10006b42:	d075      	beq.n	10006c30 <tu_fifo_write_n+0xf8>
10006b44:	4606      	mov	r6, r0
10006b46:	68c0      	ldr	r0, [r0, #12]
10006b48:	4689      	mov	r9, r1
10006b4a:	b118      	cbz	r0, 10006b54 <tu_fifo_write_n+0x1c>
10006b4c:	f04f 31ff 	mov.w	r1, #4294967295	@ 0xffffffff
10006b50:	f001 f82e 	bl	10007bb0 <__mutex_enter_timeout_ms_veneer>
10006b54:	79f3      	ldrb	r3, [r6, #7]
10006b56:	f8b6 8008 	ldrh.w	r8, [r6, #8]
10006b5a:	8972      	ldrh	r2, [r6, #10]
10006b5c:	09db      	lsrs	r3, r3, #7
10006b5e:	88b5      	ldrh	r5, [r6, #4]
10006b60:	fa1f f888 	uxth.w	r8, r8
10006b64:	b292      	uxth	r2, r2
10006b66:	d13c      	bne.n	10006be2 <tu_fifo_write_n+0xaa>
10006b68:	4590      	cmp	r8, r2
10006b6a:	bf36      	itet	cc
10006b6c:	ebc2 0245 	rsbcc	r2, r2, r5, lsl #1
10006b70:	eba8 0202 	subcs.w	r2, r8, r2
10006b74:	4442      	addcc	r2, r8
10006b76:	b292      	uxth	r2, r2
10006b78:	42aa      	cmp	r2, r5
10006b7a:	d25e      	bcs.n	10006c3a <tu_fifo_write_n+0x102>
10006b7c:	1aaa      	subs	r2, r5, r2
10006b7e:	b292      	uxth	r2, r2
10006b80:	42ba      	cmp	r2, r7
10006b82:	bf28      	it	cs
10006b84:	463a      	movcs	r2, r7
10006b86:	f8b6 b006 	ldrh.w	fp, [r6, #6]
10006b8a:	b297      	uxth	r7, r2
10006b8c:	1b7b      	subs	r3, r7, r5
10006b8e:	eb08 0a07 	add.w	sl, r8, r7
10006b92:	f3cb 0b0e 	ubfx	fp, fp, #0, #15
10006b96:	b29b      	uxth	r3, r3
10006b98:	fa1f fa8a 	uxth.w	sl, sl
10006b9c:	45a8      	cmp	r8, r5
10006b9e:	4644      	mov	r4, r8
10006ba0:	d303      	bcc.n	10006baa <tu_fifo_write_n+0x72>
10006ba2:	1b64      	subs	r4, r4, r5
10006ba4:	b2a4      	uxth	r4, r4
10006ba6:	42ac      	cmp	r4, r5
10006ba8:	d2fb      	bcs.n	10006ba2 <tu_fifo_write_n+0x6a>
10006baa:	1b2d      	subs	r5, r5, r4
10006bac:	6830      	ldr	r0, [r6, #0]
10006bae:	b2ad      	uxth	r5, r5
10006bb0:	42bd      	cmp	r5, r7
10006bb2:	fb0b 0004 	mla	r0, fp, r4, r0
10006bb6:	d357      	bcc.n	10006c68 <tu_fifo_write_n+0x130>
10006bb8:	4649      	mov	r1, r9
10006bba:	fb0b f207 	mul.w	r2, fp, r7
10006bbe:	f000 fdfb 	bl	100077b8 <memcpy>
10006bc2:	88b2      	ldrh	r2, [r6, #4]
10006bc4:	45d0      	cmp	r8, sl
10006bc6:	ea4f 0342 	mov.w	r3, r2, lsl #1
10006bca:	d802      	bhi.n	10006bd2 <tu_fifo_write_n+0x9a>
10006bcc:	ebba 0f42 	cmp.w	sl, r2, lsl #1
10006bd0:	db03      	blt.n	10006bda <tu_fifo_write_n+0xa2>
10006bd2:	ebaa 0303 	sub.w	r3, sl, r3
10006bd6:	fa1f fa83 	uxth.w	sl, r3
10006bda:	463d      	mov	r5, r7
10006bdc:	f8a6 a008 	strh.w	sl, [r6, #8]
10006be0:	e02c      	b.n	10006c3c <tu_fifo_write_n+0x104>
10006be2:	f8b6 b006 	ldrh.w	fp, [r6, #6]
10006be6:	42af      	cmp	r7, r5
10006be8:	f3cb 0b0e 	ubfx	fp, fp, #0, #15
10006bec:	d22f      	bcs.n	10006c4e <tu_fifo_write_n+0x116>
10006bee:	4590      	cmp	r8, r2
10006bf0:	bf36      	itet	cc
10006bf2:	ebc2 0145 	rsbcc	r1, r2, r5, lsl #1
10006bf6:	eba8 0102 	subcs.w	r1, r8, r2
10006bfa:	4441      	addcc	r1, r8
10006bfc:	b289      	uxth	r1, r1
10006bfe:	0068      	lsls	r0, r5, #1
10006c00:	4439      	add	r1, r7
10006c02:	1b7b      	subs	r3, r7, r5
10006c04:	4281      	cmp	r1, r0
10006c06:	b29b      	uxth	r3, r3
10006c08:	db0d      	blt.n	10006c26 <tu_fifo_write_n+0xee>
10006c0a:	eb02 0a05 	add.w	sl, r2, r5
10006c0e:	fa1f fa8a 	uxth.w	sl, sl
10006c12:	ebaa 0807 	sub.w	r8, sl, r7
10006c16:	fa1f f888 	uxth.w	r8, r8
10006c1a:	4542      	cmp	r2, r8
10006c1c:	d937      	bls.n	10006c8e <tu_fifo_write_n+0x156>
10006c1e:	eba8 0000 	sub.w	r0, r8, r0
10006c22:	fa1f f880 	uxth.w	r8, r0
10006c26:	eb07 0a08 	add.w	sl, r7, r8
10006c2a:	fa1f fa8a 	uxth.w	sl, sl
10006c2e:	e7b5      	b.n	10006b9c <tu_fifo_write_n+0x64>
10006c30:	4615      	mov	r5, r2
10006c32:	4628      	mov	r0, r5
10006c34:	b003      	add	sp, #12
10006c36:	e8bd 8ff0 	ldmia.w	sp!, {r4, r5, r6, r7, r8, r9, sl, fp, pc}
10006c3a:	2500      	movs	r5, #0
10006c3c:	68f0      	ldr	r0, [r6, #12]
10006c3e:	2800      	cmp	r0, #0
10006c40:	d0f7      	beq.n	10006c32 <tu_fifo_write_n+0xfa>
10006c42:	f000 ffc1 	bl	10007bc8 <__mutex_exit_veneer>
10006c46:	4628      	mov	r0, r5
10006c48:	b003      	add	sp, #12
10006c4a:	e8bd 8ff0 	ldmia.w	sp!, {r4, r5, r6, r7, r8, r9, sl, fp, pc}
10006c4e:	2d00      	cmp	r5, #0
10006c50:	d0f4      	beq.n	10006c3c <tu_fifo_write_n+0x104>
10006c52:	1b7f      	subs	r7, r7, r5
10006c54:	eb02 0a05 	add.w	sl, r2, r5
10006c58:	fb0b 9907 	mla	r9, fp, r7, r9
10006c5c:	4690      	mov	r8, r2
10006c5e:	462f      	mov	r7, r5
10006c60:	2300      	movs	r3, #0
10006c62:	fa1f fa8a 	uxth.w	sl, sl
10006c66:	e799      	b.n	10006b9c <tu_fifo_write_n+0x64>
10006c68:	fb15 f50b 	smulbb	r5, r5, fp
10006c6c:	b2ad      	uxth	r5, r5
10006c6e:	462a      	mov	r2, r5
10006c70:	4649      	mov	r1, r9
10006c72:	9301      	str	r3, [sp, #4]
10006c74:	f000 fda0 	bl	100077b8 <memcpy>
10006c78:	9b01      	ldr	r3, [sp, #4]
10006c7a:	6830      	ldr	r0, [r6, #0]
10006c7c:	18e2      	adds	r2, r4, r3
10006c7e:	fb12 f20b 	smulbb	r2, r2, fp
10006c82:	eb09 0105 	add.w	r1, r9, r5
10006c86:	b292      	uxth	r2, r2
10006c88:	f000 fd96 	bl	100077b8 <memcpy>
10006c8c:	e799      	b.n	10006bc2 <tu_fifo_write_n+0x8a>
10006c8e:	4540      	cmp	r0, r8
10006c90:	dc84      	bgt.n	10006b9c <tu_fifo_write_n+0x64>
10006c92:	e7c4      	b.n	10006c1e <tu_fifo_write_n+0xe6>

10006c94 <tu_fifo_clear>:
10006c94:	b510      	push	{r4, lr}
10006c96:	4604      	mov	r4, r0
10006c98:	68c0      	ldr	r0, [r0, #12]
10006c9a:	b118      	cbz	r0, 10006ca4 <tu_fifo_clear+0x10>
10006c9c:	f04f 31ff 	mov.w	r1, #4294967295	@ 0xffffffff
10006ca0:	f000 ff86 	bl	10007bb0 <__mutex_enter_timeout_ms_veneer>
10006ca4:	6920      	ldr	r0, [r4, #16]
10006ca6:	b118      	cbz	r0, 10006cb0 <tu_fifo_clear+0x1c>
10006ca8:	f04f 31ff 	mov.w	r1, #4294967295	@ 0xffffffff
10006cac:	f000 ff80 	bl	10007bb0 <__mutex_enter_timeout_ms_veneer>
10006cb0:	2300      	movs	r3, #0
10006cb2:	68e0      	ldr	r0, [r4, #12]
10006cb4:	8163      	strh	r3, [r4, #10]
10006cb6:	8123      	strh	r3, [r4, #8]
10006cb8:	b108      	cbz	r0, 10006cbe <tu_fifo_clear+0x2a>
10006cba:	f000 ff85 	bl	10007bc8 <__mutex_exit_veneer>
10006cbe:	6920      	ldr	r0, [r4, #16]
10006cc0:	b108      	cbz	r0, 10006cc6 <tu_fifo_clear+0x32>
10006cc2:	f000 ff81 	bl	10007bc8 <__mutex_exit_veneer>
10006cc6:	2001      	movs	r0, #1
10006cc8:	bd10      	pop	{r4, pc}
10006cca:	bf00      	nop

10006ccc <tu_fifo_set_overwritable>:
10006ccc:	b538      	push	{r3, r4, r5, lr}
10006cce:	4604      	mov	r4, r0
10006cd0:	68c0      	ldr	r0, [r0, #12]
10006cd2:	460d      	mov	r5, r1
10006cd4:	b118      	cbz	r0, 10006cde <tu_fifo_set_overwritable+0x12>
10006cd6:	f04f 31ff 	mov.w	r1, #4294967295	@ 0xffffffff
10006cda:	f000 ff69 	bl	10007bb0 <__mutex_enter_timeout_ms_veneer>
10006cde:	6920      	ldr	r0, [r4, #16]
10006ce0:	b118      	cbz	r0, 10006cea <tu_fifo_set_overwritable+0x1e>
10006ce2:	f04f 31ff 	mov.w	r1, #4294967295	@ 0xffffffff
10006ce6:	f000 ff63 	bl	10007bb0 <__mutex_enter_timeout_ms_veneer>
10006cea:	79e3      	ldrb	r3, [r4, #7]
10006cec:	68e0      	ldr	r0, [r4, #12]
10006cee:	f365 13c7 	bfi	r3, r5, #7, #1
10006cf2:	71e3      	strb	r3, [r4, #7]
10006cf4:	b108      	cbz	r0, 10006cfa <tu_fifo_set_overwritable+0x2e>
10006cf6:	f000 ff67 	bl	10007bc8 <__mutex_exit_veneer>
10006cfa:	6920      	ldr	r0, [r4, #16]
10006cfc:	b108      	cbz	r0, 10006d02 <tu_fifo_set_overwritable+0x36>
10006cfe:	f000 ff63 	bl	10007bc8 <__mutex_exit_veneer>
10006d02:	2001      	movs	r0, #1
10006d04:	bd38      	pop	{r3, r4, r5, pc}
10006d06:	bf00      	nop

10006d08 <pio_sm_claim>:
10006d08:	f100 402f 	add.w	r0, r0, #2936012800	@ 0xaf000000
10006d0c:	f500 0060 	add.w	r0, r0, #14680064	@ 0xe00000
10006d10:	0d03      	lsrs	r3, r0, #20
10006d12:	2b02      	cmp	r3, #2
10006d14:	d00d      	beq.n	10006d32 <pio_sm_claim+0x2a>
10006d16:	2b01      	cmp	r3, #1
10006d18:	d005      	beq.n	10006d26 <pio_sm_claim+0x1e>
10006d1a:	4a09      	ldr	r2, [pc, #36]	@ (10006d40 <pio_sm_claim+0x38>)
10006d1c:	4809      	ldr	r0, [pc, #36]	@ (10006d44 <pio_sm_claim+0x3c>)
10006d1e:	eb01 0183 	add.w	r1, r1, r3, lsl #2
10006d22:	f7fb bf17 	b.w	10002b54 <hw_claim_or_assert>
10006d26:	4a08      	ldr	r2, [pc, #32]	@ (10006d48 <pio_sm_claim+0x40>)
10006d28:	4806      	ldr	r0, [pc, #24]	@ (10006d44 <pio_sm_claim+0x3c>)
10006d2a:	eb01 0183 	add.w	r1, r1, r3, lsl #2
10006d2e:	f7fb bf11 	b.w	10002b54 <hw_claim_or_assert>
10006d32:	4a06      	ldr	r2, [pc, #24]	@ (10006d4c <pio_sm_claim+0x44>)
10006d34:	4803      	ldr	r0, [pc, #12]	@ (10006d44 <pio_sm_claim+0x3c>)
10006d36:	eb01 0183 	add.w	r1, r1, r3, lsl #2
10006d3a:	f7fb bf0b 	b.w	10002b54 <hw_claim_or_assert>
10006d3e:	bf00      	nop
10006d40:	10007f2c 	.word	0x10007f2c
10006d44:	20002af8 	.word	0x20002af8
10006d48:	10007f6c 	.word	0x10007f6c
10006d4c:	10007f48 	.word	0x10007f48

10006d50 <pio_add_program>:
10006d50:	e92d 47f0 	stmdb	sp!, {r4, r5, r6, r7, r8, r9, sl, lr}
10006d54:	460f      	mov	r7, r1
10006d56:	4605      	mov	r5, r0
10006d58:	f7fb fee0 	bl	10002b1c <hw_claim_lock>
10006d5c:	2201      	movs	r2, #1
10006d5e:	f897 a004 	ldrb.w	sl, [r7, #4]
10006d62:	f997 c005 	ldrsb.w	ip, [r7, #5]
10006d66:	f105 4e2f 	add.w	lr, r5, #2936012800	@ 0xaf000000
10006d6a:	f8df 80d4 	ldr.w	r8, [pc, #212]	@ 10006e40 <pio_add_program+0xf0>
10006d6e:	f50e 0e60 	add.w	lr, lr, #14680064	@ 0xe00000
10006d72:	fa02 f20a 	lsl.w	r2, r2, sl
10006d76:	ea4f 5e1e 	mov.w	lr, lr, lsr #20
10006d7a:	f1bc 0f00 	cmp.w	ip, #0
10006d7e:	f858 602e 	ldr.w	r6, [r8, lr, lsl #2]
10006d82:	f102 32ff 	add.w	r2, r2, #4294967295	@ 0xffffffff
10006d86:	f1ca 0420 	rsb	r4, sl, #32
10006d8a:	db35      	blt.n	10006df8 <pio_add_program+0xa8>
10006d8c:	45a4      	cmp	ip, r4
10006d8e:	dc03      	bgt.n	10006d98 <pio_add_program+0x48>
10006d90:	fa02 f30c 	lsl.w	r3, r2, ip
10006d94:	4233      	tst	r3, r6
10006d96:	d006      	beq.n	10006da6 <pio_add_program+0x56>
10006d98:	f04f 34ff 	mov.w	r4, #4294967295	@ 0xffffffff
10006d9c:	f7fb fed0 	bl	10002b40 <hw_claim_unlock>
10006da0:	4620      	mov	r0, r4
10006da2:	e8bd 87f0 	ldmia.w	sp!, {r4, r5, r6, r7, r8, r9, sl, pc}
10006da6:	f8d5 3168 	ldr.w	r3, [r5, #360]	@ 0x168
10006daa:	79f9      	ldrb	r1, [r7, #7]
10006dac:	2b00      	cmp	r3, #0
10006dae:	d141      	bne.n	10006e34 <pio_add_program+0xe4>
10006db0:	074b      	lsls	r3, r1, #29
10006db2:	d431      	bmi.n	10006e18 <pio_add_program+0xc8>
10006db4:	4664      	mov	r4, ip
10006db6:	fa02 f20c 	lsl.w	r2, r2, ip
10006dba:	4216      	tst	r6, r2
10006dbc:	d133      	bne.n	10006e26 <pio_add_program+0xd6>
10006dbe:	6839      	ldr	r1, [r7, #0]
10006dc0:	f1ba 0f00 	cmp.w	sl, #0
10006dc4:	d010      	beq.n	10006de8 <pio_add_program+0x98>
10006dc6:	4667      	mov	r7, ip
10006dc8:	eb01 0a4a 	add.w	sl, r1, sl, lsl #1
10006dcc:	f831 3b02 	ldrh.w	r3, [r1], #2
10006dd0:	f107 0912 	add.w	r9, r7, #18
10006dd4:	f5b3 5f00 	cmp.w	r3, #8192	@ 0x2000
10006dd8:	bf38      	it	cc
10006dda:	4463      	addcc	r3, ip
10006ddc:	4551      	cmp	r1, sl
10006dde:	f107 0701 	add.w	r7, r7, #1
10006de2:	f845 3029 	str.w	r3, [r5, r9, lsl #2]
10006de6:	d1f1      	bne.n	10006dcc <pio_add_program+0x7c>
10006de8:	4332      	orrs	r2, r6
10006dea:	f848 202e 	str.w	r2, [r8, lr, lsl #2]
10006dee:	f7fb fea7 	bl	10002b40 <hw_claim_unlock>
10006df2:	4620      	mov	r0, r4
10006df4:	e8bd 87f0 	ldmia.w	sp!, {r4, r5, r6, r7, r8, r9, sl, pc}
10006df8:	2c00      	cmp	r4, #0
10006dfa:	da02      	bge.n	10006e02 <pio_add_program+0xb2>
10006dfc:	e013      	b.n	10006e26 <pio_add_program+0xd6>
10006dfe:	3c01      	subs	r4, #1
10006e00:	d311      	bcc.n	10006e26 <pio_add_program+0xd6>
10006e02:	fa02 f304 	lsl.w	r3, r2, r4
10006e06:	4233      	tst	r3, r6
10006e08:	46a4      	mov	ip, r4
10006e0a:	d1f8      	bne.n	10006dfe <pio_add_program+0xae>
10006e0c:	f8d5 1168 	ldr.w	r1, [r5, #360]	@ 0x168
10006e10:	79fb      	ldrb	r3, [r7, #7]
10006e12:	b991      	cbnz	r1, 10006e3a <pio_add_program+0xea>
10006e14:	075b      	lsls	r3, r3, #29
10006e16:	d5ce      	bpl.n	10006db6 <pio_add_program+0x66>
10006e18:	f06f 040a 	mvn.w	r4, #10
10006e1c:	f7fb fe90 	bl	10002b40 <hw_claim_unlock>
10006e20:	4620      	mov	r0, r4
10006e22:	e8bd 87f0 	ldmia.w	sp!, {r4, r5, r6, r7, r8, r9, sl, pc}
10006e26:	f06f 0408 	mvn.w	r4, #8
10006e2a:	f7fb fe89 	bl	10002b40 <hw_claim_unlock>
10006e2e:	4620      	mov	r0, r4
10006e30:	e8bd 87f0 	ldmia.w	sp!, {r4, r5, r6, r7, r8, r9, sl, pc}
10006e34:	07c9      	lsls	r1, r1, #31
10006e36:	d5bd      	bpl.n	10006db4 <pio_add_program+0x64>
10006e38:	e7ee      	b.n	10006e18 <pio_add_program+0xc8>
10006e3a:	07d9      	lsls	r1, r3, #31
10006e3c:	d5bb      	bpl.n	10006db6 <pio_add_program+0x66>
10006e3e:	e7eb      	b.n	10006e18 <pio_add_program+0xc8>
10006e40:	2000280c 	.word	0x2000280c

10006e44 <pio_clear_instruction_memory>:
10006e44:	b510      	push	{r4, lr}
10006e46:	4604      	mov	r4, r0
10006e48:	f7fb fe68 	bl	10002b1c <hw_claim_lock>
10006e4c:	2300      	movs	r3, #0
10006e4e:	f104 422f 	add.w	r2, r4, #2936012800	@ 0xaf000000
10006e52:	4908      	ldr	r1, [pc, #32]	@ (10006e74 <pio_clear_instruction_memory+0x30>)
10006e54:	f502 0260 	add.w	r2, r2, #14680064	@ 0xe00000
10006e58:	0d12      	lsrs	r2, r2, #20
10006e5a:	f841 3022 	str.w	r3, [r1, r2, lsl #2]
10006e5e:	f103 0212 	add.w	r2, r3, #18
10006e62:	f844 3022 	str.w	r3, [r4, r2, lsl #2]
10006e66:	3301      	adds	r3, #1
10006e68:	2b20      	cmp	r3, #32
10006e6a:	d1f8      	bne.n	10006e5e <pio_clear_instruction_memory+0x1a>
10006e6c:	e8bd 4010 	ldmia.w	sp!, {r4, lr}
10006e70:	f7fb be66 	b.w	10002b40 <hw_claim_unlock>
10006e74:	2000280c 	.word	0x2000280c

10006e78 <pio_sm_set_pindirs_with_mask>:
10006e78:	e92d 47f0 	stmdb	sp!, {r4, r5, r6, r7, r8, r9, sl, lr}
10006e7c:	f44f 3500 	mov.w	r5, #131072	@ 0x20000
10006e80:	eb01 0641 	add.w	r6, r1, r1, lsl #1
10006e84:	eb00 04c6 	add.w	r4, r0, r6, lsl #3
10006e88:	f504 5443 	add.w	r4, r4, #12480	@ 0x30c0
10006e8c:	eb00 06c6 	add.w	r6, r0, r6, lsl #3
10006e90:	f8d6 a0dc 	ldr.w	sl, [r6, #220]	@ 0xdc
10006e94:	ea4f 0841 	mov.w	r8, r1, lsl #1
10006e98:	f8d6 90cc 	ldr.w	r9, [r6, #204]	@ 0xcc
10006e9c:	60e5      	str	r5, [r4, #12]
10006e9e:	b1bb      	cbz	r3, 10006ed0 <pio_sm_set_pindirs_with_mask+0x58>
10006ea0:	f24e 0780 	movw	r7, #57472	@ 0xe080
10006ea4:	fa93 fca3 	rbit	ip, r3
10006ea8:	fabc fc8c 	clz	ip, ip
10006eac:	fa22 f50c 	lsr.w	r5, r2, ip
10006eb0:	f103 3eff 	add.w	lr, r3, #4294967295	@ 0xffffffff
10006eb4:	ea4f 1c4c 	mov.w	ip, ip, lsl #5
10006eb8:	f005 0501 	and.w	r5, r5, #1
10006ebc:	f04c 6480 	orr.w	r4, ip, #67108864	@ 0x4000000
10006ec0:	433d      	orrs	r5, r7
10006ec2:	ea13 030e 	ands.w	r3, r3, lr
10006ec6:	f8c6 40dc 	str.w	r4, [r6, #220]	@ 0xdc
10006eca:	f8c6 50d8 	str.w	r5, [r6, #216]	@ 0xd8
10006ece:	d1e9      	bne.n	10006ea4 <pio_sm_set_pindirs_with_mask+0x2c>
10006ed0:	4488      	add	r8, r1
10006ed2:	eb00 00c8 	add.w	r0, r0, r8, lsl #3
10006ed6:	f8c0 a0dc 	str.w	sl, [r0, #220]	@ 0xdc
10006eda:	f8c0 90cc 	str.w	r9, [r0, #204]	@ 0xcc
10006ede:	e8bd 87f0 	ldmia.w	sp!, {r4, r5, r6, r7, r8, r9, sl, pc}
10006ee2:	bf00      	nop

10006ee4 <pio_sm_set_consecutive_pindirs>:
10006ee4:	e92d 41f0 	stmdb	sp!, {r4, r5, r6, r7, r8, lr}
10006ee8:	f8d0 4168 	ldr.w	r4, [r0, #360]	@ 0x168
10006eec:	f89d 6018 	ldrb.w	r6, [sp, #24]
10006ef0:	1b12      	subs	r2, r2, r4
10006ef2:	2a1f      	cmp	r2, #31
10006ef4:	d838      	bhi.n	10006f68 <pio_sm_set_consecutive_pindirs+0x84>
10006ef6:	f24e 049f 	movw	r4, #57503	@ 0xe09f
10006efa:	f24e 0580 	movw	r5, #57472	@ 0xe080
10006efe:	f44f 3800 	mov.w	r8, #131072	@ 0x20000
10006f02:	eb01 0c41 	add.w	ip, r1, r1, lsl #1
10006f06:	2e00      	cmp	r6, #0
10006f08:	bf18      	it	ne
10006f0a:	4625      	movne	r5, r4
10006f0c:	eb00 04cc 	add.w	r4, r0, ip, lsl #3
10006f10:	f504 5443 	add.w	r4, r4, #12480	@ 0x30c0
10006f14:	eb00 0ccc 	add.w	ip, r0, ip, lsl #3
10006f18:	2b05      	cmp	r3, #5
10006f1a:	f8dc 70dc 	ldr.w	r7, [ip, #220]	@ 0xdc
10006f1e:	ea4f 0e41 	mov.w	lr, r1, lsl #1
10006f22:	f8dc 60cc 	ldr.w	r6, [ip, #204]	@ 0xcc
10006f26:	f8c4 800c 	str.w	r8, [r4, #12]
10006f2a:	d90c      	bls.n	10006f46 <pio_sm_set_consecutive_pindirs+0x62>
10006f2c:	0154      	lsls	r4, r2, #5
10006f2e:	3b05      	subs	r3, #5
10006f30:	f044 54a0 	orr.w	r4, r4, #335544320	@ 0x14000000
10006f34:	3205      	adds	r2, #5
10006f36:	2b05      	cmp	r3, #5
10006f38:	f8cc 40dc 	str.w	r4, [ip, #220]	@ 0xdc
10006f3c:	f002 021f 	and.w	r2, r2, #31
10006f40:	f8cc 50d8 	str.w	r5, [ip, #216]	@ 0xd8
10006f44:	d8f2      	bhi.n	10006f2c <pio_sm_set_consecutive_pindirs+0x48>
10006f46:	4471      	add	r1, lr
10006f48:	eb00 01c1 	add.w	r1, r0, r1, lsl #3
10006f4c:	2000      	movs	r0, #0
10006f4e:	0152      	lsls	r2, r2, #5
10006f50:	ea42 6383 	orr.w	r3, r2, r3, lsl #26
10006f54:	f8c1 30dc 	str.w	r3, [r1, #220]	@ 0xdc
10006f58:	f8c1 50d8 	str.w	r5, [r1, #216]	@ 0xd8
10006f5c:	f8c1 70dc 	str.w	r7, [r1, #220]	@ 0xdc
10006f60:	f8c1 60cc 	str.w	r6, [r1, #204]	@ 0xcc
10006f64:	e8bd 81f0 	ldmia.w	sp!, {r4, r5, r6, r7, r8, pc}
10006f68:	f06f 0004 	mvn.w	r0, #4
10006f6c:	e7fa      	b.n	10006f64 <pio_sm_set_consecutive_pindirs+0x80>
10006f6e:	bf00      	nop

10006f70 <pio_sm_init>:
10006f70:	b5f0      	push	{r4, r5, r6, r7, lr}
10006f72:	2501      	movs	r5, #1
10006f74:	6804      	ldr	r4, [r0, #0]
10006f76:	408d      	lsls	r5, r1
10006f78:	ea24 0405 	bic.w	r4, r4, r5
10006f7c:	6004      	str	r4, [r0, #0]
10006f7e:	b3b3      	cbz	r3, 10006fee <pio_sm_init+0x7e>
10006f80:	e9d3 5601 	ldrd	r5, r6, [r3, #4]
10006f84:	681f      	ldr	r7, [r3, #0]
10006f86:	68dc      	ldr	r4, [r3, #12]
10006f88:	eb01 0341 	add.w	r3, r1, r1, lsl #1
10006f8c:	eb00 03c3 	add.w	r3, r0, r3, lsl #3
10006f90:	f8c3 70c8 	str.w	r7, [r3, #200]	@ 0xc8
10006f94:	ea4f 0c41 	mov.w	ip, r1, lsl #1
10006f98:	f8c3 60d0 	str.w	r6, [r3, #208]	@ 0xd0
10006f9c:	f8c3 50cc 	str.w	r5, [r3, #204]	@ 0xcc
10006fa0:	f8c3 40dc 	str.w	r4, [r3, #220]	@ 0xdc
10006fa4:	eb0c 0301 	add.w	r3, ip, r1
10006fa8:	f04f 3501 	mov.w	r5, #16843009	@ 0x1010101
10006fac:	eb00 0cc3 	add.w	ip, r0, r3, lsl #3
10006fb0:	f04f 4600 	mov.w	r6, #2147483648	@ 0x80000000
10006fb4:	eb00 0ec3 	add.w	lr, r0, r3, lsl #3
10006fb8:	2301      	movs	r3, #1
10006fba:	f50e 5e86 	add.w	lr, lr, #4288	@ 0x10c0
10006fbe:	1d0c      	adds	r4, r1, #4
10006fc0:	f101 0708 	add.w	r7, r1, #8
10006fc4:	408d      	lsls	r5, r1
10006fc6:	f8ce 6010 	str.w	r6, [lr, #16]
10006fca:	fa03 f404 	lsl.w	r4, r3, r4
10006fce:	f8ce 6010 	str.w	r6, [lr, #16]
10006fd2:	f002 021f 	and.w	r2, r2, #31
10006fd6:	6085      	str	r5, [r0, #8]
10006fd8:	40bb      	lsls	r3, r7
10006fda:	f500 5000 	add.w	r0, r0, #8192	@ 0x2000
10006fde:	6004      	str	r4, [r0, #0]
10006fe0:	f10e 0e10 	add.w	lr, lr, #16
10006fe4:	6003      	str	r3, [r0, #0]
10006fe6:	2000      	movs	r0, #0
10006fe8:	f8cc 20d8 	str.w	r2, [ip, #216]	@ 0xd8
10006fec:	bdf0      	pop	{r4, r5, r6, r7, pc}
10006fee:	f44f 3780 	mov.w	r7, #65536	@ 0x10000
10006ff2:	f44f 2640 	mov.w	r6, #786432	@ 0xc0000
10006ff6:	f44f 35f8 	mov.w	r5, #126976	@ 0x1f000
10006ffa:	eb01 0441 	add.w	r4, r1, r1, lsl #1
10006ffe:	eb00 04c4 	add.w	r4, r0, r4, lsl #3
10007002:	f8c4 70c8 	str.w	r7, [r4, #200]	@ 0xc8
10007006:	ea4f 0c41 	mov.w	ip, r1, lsl #1
1000700a:	f8c4 60d0 	str.w	r6, [r4, #208]	@ 0xd0
1000700e:	f8c4 50cc 	str.w	r5, [r4, #204]	@ 0xcc
10007012:	f8c4 30dc 	str.w	r3, [r4, #220]	@ 0xdc
10007016:	e7c5      	b.n	10006fa4 <pio_sm_init+0x34>

10007018 <dma_claim_unused_channel>:
10007018:	b510      	push	{r4, lr}
1000701a:	4c05      	ldr	r4, [pc, #20]	@ (10007030 <dma_claim_unused_channel+0x18>)
1000701c:	b082      	sub	sp, #8
1000701e:	4601      	mov	r1, r0
10007020:	230f      	movs	r3, #15
10007022:	2200      	movs	r2, #0
10007024:	9400      	str	r4, [sp, #0]
10007026:	4803      	ldr	r0, [pc, #12]	@ (10007034 <dma_claim_unused_channel+0x1c>)
10007028:	f7fb fdc0 	bl	10002bac <hw_claim_unused_from_range>
1000702c:	b002      	add	sp, #8
1000702e:	bd10      	pop	{r4, pc}
10007030:	10007f90 	.word	0x10007f90
10007034:	200287fc 	.word	0x200287fc

10007038 <core1_trampoline>:
10007038:	bd03      	pop	{r0, r1, pc}
1000703a:	bf00      	nop

1000703c <core1_wrapper>:
1000703c:	b510      	push	{r4, lr}
1000703e:	4604      	mov	r4, r0
10007040:	f7fd f81e 	bl	10004080 <runtime_run_per_core_initializers>
10007044:	4623      	mov	r3, r4
10007046:	e8bd 4010 	ldmia.w	sp!, {r4, lr}
1000704a:	4718      	bx	r3

1000704c <multicore_launch_core1_raw>:
1000704c:	b5f0      	push	{r4, r5, r6, r7, lr}
1000704e:	4605      	mov	r5, r0
10007050:	b087      	sub	sp, #28
10007052:	2019      	movs	r0, #25
10007054:	4617      	mov	r7, r2
10007056:	460e      	mov	r6, r1
10007058:	f7fb fe4e 	bl	10002cf8 <irq_is_enabled>
1000705c:	2100      	movs	r1, #0
1000705e:	4604      	mov	r4, r0
10007060:	2019      	movs	r0, #25
10007062:	f7fb fe33 	bl	10002ccc <irq_set_enabled>
10007066:	2100      	movs	r1, #0
10007068:	e9cd 6504 	strd	r6, r5, [sp, #16]
1000706c:	9703      	str	r7, [sp, #12]
1000706e:	2600      	movs	r6, #0
10007070:	2700      	movs	r7, #0
10007072:	2201      	movs	r2, #1
10007074:	f04f 4350 	mov.w	r3, #3489660928	@ 0xd0000000
10007078:	468c      	mov	ip, r1
1000707a:	e9cd 6700 	strd	r6, r7, [sp]
1000707e:	9202      	str	r2, [sp, #8]
10007080:	b1a9      	cbz	r1, 100070ae <multicore_launch_core1_raw+0x62>
10007082:	6d1a      	ldr	r2, [r3, #80]	@ 0x50
10007084:	0795      	lsls	r5, r2, #30
10007086:	d5fc      	bpl.n	10007082 <multicore_launch_core1_raw+0x36>
10007088:	6559      	str	r1, [r3, #84]	@ 0x54
1000708a:	bf40      	sev
1000708c:	6d1a      	ldr	r2, [r3, #80]	@ 0x50
1000708e:	07d0      	lsls	r0, r2, #31
10007090:	d403      	bmi.n	1000709a <multicore_launch_core1_raw+0x4e>
10007092:	bf20      	wfe
10007094:	6d1a      	ldr	r2, [r3, #80]	@ 0x50
10007096:	07d2      	lsls	r2, r2, #31
10007098:	d5fb      	bpl.n	10007092 <multicore_launch_core1_raw+0x46>
1000709a:	6d9a      	ldr	r2, [r3, #88]	@ 0x58
1000709c:	428a      	cmp	r2, r1
1000709e:	d00b      	beq.n	100070b8 <multicore_launch_core1_raw+0x6c>
100070a0:	f04f 0c00 	mov.w	ip, #0
100070a4:	eb0d 028c 	add.w	r2, sp, ip, lsl #2
100070a8:	6811      	ldr	r1, [r2, #0]
100070aa:	e7e9      	b.n	10007080 <multicore_launch_core1_raw+0x34>
100070ac:	6d9a      	ldr	r2, [r3, #88]	@ 0x58
100070ae:	6d1a      	ldr	r2, [r3, #80]	@ 0x50
100070b0:	07d6      	lsls	r6, r2, #31
100070b2:	d4fb      	bmi.n	100070ac <multicore_launch_core1_raw+0x60>
100070b4:	bf40      	sev
100070b6:	e7e4      	b.n	10007082 <multicore_launch_core1_raw+0x36>
100070b8:	f10c 0c01 	add.w	ip, ip, #1
100070bc:	f1bc 0f06 	cmp.w	ip, #6
100070c0:	d1f0      	bne.n	100070a4 <multicore_launch_core1_raw+0x58>
100070c2:	4621      	mov	r1, r4
100070c4:	2019      	movs	r0, #25
100070c6:	b007      	add	sp, #28
100070c8:	e8bd 40f0 	ldmia.w	sp!, {r4, r5, r6, r7, lr}
100070cc:	f7fb bdfe 	b.w	10002ccc <irq_set_enabled>

100070d0 <multicore_launch_core1>:
100070d0:	4b0c      	ldr	r3, [pc, #48]	@ (10007104 <multicore_launch_core1+0x34>)
100070d2:	4a0d      	ldr	r2, [pc, #52]	@ (10007108 <multicore_launch_core1+0x38>)
100070d4:	4293      	cmp	r3, r2
100070d6:	d30e      	bcc.n	100070f6 <multicore_launch_core1+0x26>
100070d8:	469c      	mov	ip, r3
100070da:	f203 71f4 	addw	r1, r3, #2036	@ 0x7f4
100070de:	4a0b      	ldr	r2, [pc, #44]	@ (1000710c <multicore_launch_core1+0x3c>)
100070e0:	6892      	ldr	r2, [r2, #8]
100070e2:	f8cc 07f4 	str.w	r0, [ip, #2036]	@ 0x7f4
100070e6:	480a      	ldr	r0, [pc, #40]	@ (10007110 <multicore_launch_core1+0x40>)
100070e8:	f8cc 37f8 	str.w	r3, [ip, #2040]	@ 0x7f8
100070ec:	f8cc 07fc 	str.w	r0, [ip, #2044]	@ 0x7fc
100070f0:	4808      	ldr	r0, [pc, #32]	@ (10007114 <multicore_launch_core1+0x44>)
100070f2:	f7ff bfab 	b.w	1000704c <multicore_launch_core1_raw>
100070f6:	f04f 33ff 	mov.w	r3, #4294967295	@ 0xffffffff
100070fa:	f240 71f3 	movw	r1, #2035	@ 0x7f3
100070fe:	469c      	mov	ip, r3
10007100:	e7ed      	b.n	100070de <multicore_launch_core1+0xe>
10007102:	bf00      	nop
10007104:	20080800 	.word	0x20080800
10007108:	20080000 	.word	0x20080000
1000710c:	e000ed00 	.word	0xe000ed00
10007110:	1000703d 	.word	0x1000703d
10007114:	10007039 	.word	0x10007039

10007118 <malloc>:
10007118:	4b02      	ldr	r3, [pc, #8]	@ (10007124 <malloc+0xc>)
1000711a:	4601      	mov	r1, r0
1000711c:	6818      	ldr	r0, [r3, #0]
1000711e:	f000 b80b 	b.w	10007138 <_malloc_r>
10007122:	bf00      	nop
10007124:	200020b8 	.word	0x200020b8

10007128 <free>:
10007128:	4b02      	ldr	r3, [pc, #8]	@ (10007134 <free+0xc>)
1000712a:	4601      	mov	r1, r0
1000712c:	6818      	ldr	r0, [r3, #0]
1000712e:	f000 bc43 	b.w	100079b8 <_free_r>
10007132:	bf00      	nop
10007134:	200020b8 	.word	0x200020b8

10007138 <_malloc_r>:
10007138:	f101 030b 	add.w	r3, r1, #11
1000713c:	2b16      	cmp	r3, #22
1000713e:	e92d 4ff0 	stmdb	sp!, {r4, r5, r6, r7, r8, r9, sl, fp, lr}
10007142:	4607      	mov	r7, r0
10007144:	b083      	sub	sp, #12
10007146:	d823      	bhi.n	10007190 <_malloc_r+0x58>
10007148:	2910      	cmp	r1, #16
1000714a:	f200 80af 	bhi.w	100072ac <_malloc_r+0x174>
1000714e:	f000 faaf 	bl	100076b0 <__malloc_lock>
10007152:	2510      	movs	r5, #16
10007154:	2318      	movs	r3, #24
10007156:	2002      	movs	r0, #2
10007158:	4eba      	ldr	r6, [pc, #744]	@ (10007444 <_malloc_r+0x30c>)
1000715a:	4433      	add	r3, r6
1000715c:	685c      	ldr	r4, [r3, #4]
1000715e:	f1a3 0208 	sub.w	r2, r3, #8
10007162:	4294      	cmp	r4, r2
10007164:	f000 8156 	beq.w	10007414 <_malloc_r+0x2dc>
10007168:	6863      	ldr	r3, [r4, #4]
1000716a:	4638      	mov	r0, r7
1000716c:	f023 0303 	bic.w	r3, r3, #3
10007170:	e9d4 1202 	ldrd	r1, r2, [r4, #8]
10007174:	4423      	add	r3, r4
10007176:	60ca      	str	r2, [r1, #12]
10007178:	6091      	str	r1, [r2, #8]
1000717a:	685a      	ldr	r2, [r3, #4]
1000717c:	3408      	adds	r4, #8
1000717e:	f042 0201 	orr.w	r2, r2, #1
10007182:	605a      	str	r2, [r3, #4]
10007184:	f000 fa9a 	bl	100076bc <__malloc_unlock>
10007188:	4620      	mov	r0, r4
1000718a:	b003      	add	sp, #12
1000718c:	e8bd 8ff0 	ldmia.w	sp!, {r4, r5, r6, r7, r8, r9, sl, fp, pc}
10007190:	2b00      	cmp	r3, #0
10007192:	f023 0507 	bic.w	r5, r3, #7
10007196:	f2c0 8089 	blt.w	100072ac <_malloc_r+0x174>
1000719a:	42a9      	cmp	r1, r5
1000719c:	f200 8086 	bhi.w	100072ac <_malloc_r+0x174>
100071a0:	f000 fa86 	bl	100076b0 <__malloc_lock>
100071a4:	f5b5 7ffc 	cmp.w	r5, #504	@ 0x1f8
100071a8:	f0c0 827b 	bcc.w	100076a2 <_malloc_r+0x56a>
100071ac:	0a6b      	lsrs	r3, r5, #9
100071ae:	f000 8084 	beq.w	100072ba <_malloc_r+0x182>
100071b2:	2b04      	cmp	r3, #4
100071b4:	f200 8162 	bhi.w	1000747c <_malloc_r+0x344>
100071b8:	09ab      	lsrs	r3, r5, #6
100071ba:	f103 0039 	add.w	r0, r3, #57	@ 0x39
100071be:	f103 0e38 	add.w	lr, r3, #56	@ 0x38
100071c2:	00c3      	lsls	r3, r0, #3
100071c4:	4e9f      	ldr	r6, [pc, #636]	@ (10007444 <_malloc_r+0x30c>)
100071c6:	4433      	add	r3, r6
100071c8:	f1a3 0c08 	sub.w	ip, r3, #8
100071cc:	685c      	ldr	r4, [r3, #4]
100071ce:	45a4      	cmp	ip, r4
100071d0:	d107      	bne.n	100071e2 <_malloc_r+0xaa>
100071d2:	e00d      	b.n	100071f0 <_malloc_r+0xb8>
100071d4:	2a00      	cmp	r2, #0
100071d6:	68e1      	ldr	r1, [r4, #12]
100071d8:	f280 8116 	bge.w	10007408 <_malloc_r+0x2d0>
100071dc:	458c      	cmp	ip, r1
100071de:	460c      	mov	r4, r1
100071e0:	d006      	beq.n	100071f0 <_malloc_r+0xb8>
100071e2:	6863      	ldr	r3, [r4, #4]
100071e4:	f023 0303 	bic.w	r3, r3, #3
100071e8:	1b5a      	subs	r2, r3, r5
100071ea:	2a0f      	cmp	r2, #15
100071ec:	ddf2      	ble.n	100071d4 <_malloc_r+0x9c>
100071ee:	4670      	mov	r0, lr
100071f0:	f8df 8268 	ldr.w	r8, [pc, #616]	@ 1000745c <_malloc_r+0x324>
100071f4:	6934      	ldr	r4, [r6, #16]
100071f6:	4544      	cmp	r4, r8
100071f8:	f000 80f2 	beq.w	100073e0 <_malloc_r+0x2a8>
100071fc:	6863      	ldr	r3, [r4, #4]
100071fe:	f023 0c03 	bic.w	ip, r3, #3
10007202:	ebac 0305 	sub.w	r3, ip, r5
10007206:	2b0f      	cmp	r3, #15
10007208:	f300 8174 	bgt.w	100074f4 <_malloc_r+0x3bc>
1000720c:	2b00      	cmp	r3, #0
1000720e:	e9c6 8804 	strd	r8, r8, [r6, #16]
10007212:	f280 8163 	bge.w	100074dc <_malloc_r+0x3a4>
10007216:	f5bc 7f00 	cmp.w	ip, #512	@ 0x200
1000721a:	f8d6 e004 	ldr.w	lr, [r6, #4]
1000721e:	f080 80ff 	bcs.w	10007420 <_malloc_r+0x2e8>
10007222:	ea4f 03dc 	mov.w	r3, ip, lsr #3
10007226:	2201      	movs	r2, #1
10007228:	ea4f 1c5c 	mov.w	ip, ip, lsr #5
1000722c:	3301      	adds	r3, #1
1000722e:	fa02 f20c 	lsl.w	r2, r2, ip
10007232:	f856 1033 	ldr.w	r1, [r6, r3, lsl #3]
10007236:	ea4e 0e02 	orr.w	lr, lr, r2
1000723a:	eb06 02c3 	add.w	r2, r6, r3, lsl #3
1000723e:	3a08      	subs	r2, #8
10007240:	f8c6 e004 	str.w	lr, [r6, #4]
10007244:	e9c4 1202 	strd	r1, r2, [r4, #8]
10007248:	f846 4033 	str.w	r4, [r6, r3, lsl #3]
1000724c:	60cc      	str	r4, [r1, #12]
1000724e:	1083      	asrs	r3, r0, #2
10007250:	f04f 0c01 	mov.w	ip, #1
10007254:	fa0c fc03 	lsl.w	ip, ip, r3
10007258:	45f4      	cmp	ip, lr
1000725a:	d834      	bhi.n	100072c6 <_malloc_r+0x18e>
1000725c:	ea1c 0f0e 	tst.w	ip, lr
10007260:	d107      	bne.n	10007272 <_malloc_r+0x13a>
10007262:	f020 0003 	bic.w	r0, r0, #3
10007266:	ea4f 0c4c 	mov.w	ip, ip, lsl #1
1000726a:	3004      	adds	r0, #4
1000726c:	ea1c 0f0e 	tst.w	ip, lr
10007270:	d0f9      	beq.n	10007266 <_malloc_r+0x12e>
10007272:	eb06 0ac0 	add.w	sl, r6, r0, lsl #3
10007276:	4681      	mov	r9, r0
10007278:	46d6      	mov	lr, sl
1000727a:	f8de 300c 	ldr.w	r3, [lr, #12]
1000727e:	e00b      	b.n	10007298 <_malloc_r+0x160>
10007280:	685a      	ldr	r2, [r3, #4]
10007282:	461c      	mov	r4, r3
10007284:	68db      	ldr	r3, [r3, #12]
10007286:	f022 0203 	bic.w	r2, r2, #3
1000728a:	1b51      	subs	r1, r2, r5
1000728c:	290f      	cmp	r1, #15
1000728e:	f300 8101 	bgt.w	10007494 <_malloc_r+0x35c>
10007292:	2900      	cmp	r1, #0
10007294:	f280 8115 	bge.w	100074c2 <_malloc_r+0x38a>
10007298:	459e      	cmp	lr, r3
1000729a:	d1f1      	bne.n	10007280 <_malloc_r+0x148>
1000729c:	f109 0901 	add.w	r9, r9, #1
100072a0:	f10e 0e08 	add.w	lr, lr, #8
100072a4:	f019 0f03 	tst.w	r9, #3
100072a8:	d1e7      	bne.n	1000727a <_malloc_r+0x142>
100072aa:	e158      	b.n	1000755e <_malloc_r+0x426>
100072ac:	230c      	movs	r3, #12
100072ae:	603b      	str	r3, [r7, #0]
100072b0:	2400      	movs	r4, #0
100072b2:	4620      	mov	r0, r4
100072b4:	b003      	add	sp, #12
100072b6:	e8bd 8ff0 	ldmia.w	sp!, {r4, r5, r6, r7, r8, r9, sl, fp, pc}
100072ba:	f44f 7300 	mov.w	r3, #512	@ 0x200
100072be:	2040      	movs	r0, #64	@ 0x40
100072c0:	f04f 0e3f 	mov.w	lr, #63	@ 0x3f
100072c4:	e77e      	b.n	100071c4 <_malloc_r+0x8c>
100072c6:	68b4      	ldr	r4, [r6, #8]
100072c8:	6863      	ldr	r3, [r4, #4]
100072ca:	f023 0903 	bic.w	r9, r3, #3
100072ce:	45a9      	cmp	r9, r5
100072d0:	eba9 0305 	sub.w	r3, r9, r5
100072d4:	d302      	bcc.n	100072dc <_malloc_r+0x1a4>
100072d6:	2b0f      	cmp	r3, #15
100072d8:	f300 8085 	bgt.w	100073e6 <_malloc_r+0x2ae>
100072dc:	4b5a      	ldr	r3, [pc, #360]	@ (10007448 <_malloc_r+0x310>)
100072de:	2008      	movs	r0, #8
100072e0:	681b      	ldr	r3, [r3, #0]
100072e2:	f103 0810 	add.w	r8, r3, #16
100072e6:	eb04 0309 	add.w	r3, r4, r9
100072ea:	9300      	str	r3, [sp, #0]
100072ec:	f000 fa56 	bl	1000779c <sysconf>
100072f0:	4a56      	ldr	r2, [pc, #344]	@ (1000744c <_malloc_r+0x314>)
100072f2:	44a8      	add	r8, r5
100072f4:	4683      	mov	fp, r0
100072f6:	6813      	ldr	r3, [r2, #0]
100072f8:	3301      	adds	r3, #1
100072fa:	d005      	beq.n	10007308 <_malloc_r+0x1d0>
100072fc:	f108 38ff 	add.w	r8, r8, #4294967295	@ 0xffffffff
10007300:	4243      	negs	r3, r0
10007302:	4480      	add	r8, r0
10007304:	ea03 0808 	and.w	r8, r3, r8
10007308:	4641      	mov	r1, r8
1000730a:	4638      	mov	r0, r7
1000730c:	f000 fa2a 	bl	10007764 <_sbrk_r>
10007310:	f1b0 3fff 	cmp.w	r0, #4294967295	@ 0xffffffff
10007314:	4682      	mov	sl, r0
10007316:	4a4d      	ldr	r2, [pc, #308]	@ (1000744c <_malloc_r+0x314>)
10007318:	f000 8107 	beq.w	1000752a <_malloc_r+0x3f2>
1000731c:	eb04 0309 	add.w	r3, r4, r9
10007320:	4283      	cmp	r3, r0
10007322:	f200 8100 	bhi.w	10007526 <_malloc_r+0x3ee>
10007326:	4b4a      	ldr	r3, [pc, #296]	@ (10007450 <_malloc_r+0x318>)
10007328:	f10b 3cff 	add.w	ip, fp, #4294967295	@ 0xffffffff
1000732c:	6818      	ldr	r0, [r3, #0]
1000732e:	4440      	add	r0, r8
10007330:	6018      	str	r0, [r3, #0]
10007332:	f000 8164 	beq.w	100075fe <_malloc_r+0x4c6>
10007336:	6811      	ldr	r1, [r2, #0]
10007338:	3101      	adds	r1, #1
1000733a:	f000 816c 	beq.w	10007616 <_malloc_r+0x4de>
1000733e:	eb04 0209 	add.w	r2, r4, r9
10007342:	ebaa 0202 	sub.w	r2, sl, r2
10007346:	4402      	add	r2, r0
10007348:	601a      	str	r2, [r3, #0]
1000734a:	f01a 0207 	ands.w	r2, sl, #7
1000734e:	e9cd 2300 	strd	r2, r3, [sp]
10007352:	f000 8127 	beq.w	100075a4 <_malloc_r+0x46c>
10007356:	f1c2 0208 	rsb	r2, r2, #8
1000735a:	4638      	mov	r0, r7
1000735c:	4492      	add	sl, r2
1000735e:	445a      	add	r2, fp
10007360:	44d0      	add	r8, sl
10007362:	ea08 010c 	and.w	r1, r8, ip
10007366:	1a52      	subs	r2, r2, r1
10007368:	ea02 0b0c 	and.w	fp, r2, ip
1000736c:	4659      	mov	r1, fp
1000736e:	f000 f9f9 	bl	10007764 <_sbrk_r>
10007372:	1c42      	adds	r2, r0, #1
10007374:	9b01      	ldr	r3, [sp, #4]
10007376:	f000 816a 	beq.w	1000764e <_malloc_r+0x516>
1000737a:	eba0 000a 	sub.w	r0, r0, sl
1000737e:	eb00 080b 	add.w	r8, r0, fp
10007382:	6818      	ldr	r0, [r3, #0]
10007384:	f048 0201 	orr.w	r2, r8, #1
10007388:	42b4      	cmp	r4, r6
1000738a:	f8c6 a008 	str.w	sl, [r6, #8]
1000738e:	4458      	add	r0, fp
10007390:	f8ca 2004 	str.w	r2, [sl, #4]
10007394:	6018      	str	r0, [r3, #0]
10007396:	d017      	beq.n	100073c8 <_malloc_r+0x290>
10007398:	f1b9 0f0f 	cmp.w	r9, #15
1000739c:	f240 813e 	bls.w	1000761c <_malloc_r+0x4e4>
100073a0:	6861      	ldr	r1, [r4, #4]
100073a2:	f1a9 020c 	sub.w	r2, r9, #12
100073a6:	f04f 0c05 	mov.w	ip, #5
100073aa:	f022 0207 	bic.w	r2, r2, #7
100073ae:	f001 0101 	and.w	r1, r1, #1
100073b2:	4311      	orrs	r1, r2
100073b4:	2a0f      	cmp	r2, #15
100073b6:	6061      	str	r1, [r4, #4]
100073b8:	eb04 0102 	add.w	r1, r4, r2
100073bc:	e9c1 cc01 	strd	ip, ip, [r1, #4]
100073c0:	f200 814d 	bhi.w	1000765e <_malloc_r+0x526>
100073c4:	f8da 2004 	ldr.w	r2, [sl, #4]
100073c8:	4b22      	ldr	r3, [pc, #136]	@ (10007454 <_malloc_r+0x31c>)
100073ca:	4654      	mov	r4, sl
100073cc:	6819      	ldr	r1, [r3, #0]
100073ce:	4281      	cmp	r1, r0
100073d0:	bf38      	it	cc
100073d2:	6018      	strcc	r0, [r3, #0]
100073d4:	4b20      	ldr	r3, [pc, #128]	@ (10007458 <_malloc_r+0x320>)
100073d6:	6819      	ldr	r1, [r3, #0]
100073d8:	4281      	cmp	r1, r0
100073da:	bf38      	it	cc
100073dc:	6018      	strcc	r0, [r3, #0]
100073de:	e0a6      	b.n	1000752e <_malloc_r+0x3f6>
100073e0:	f8d6 e004 	ldr.w	lr, [r6, #4]
100073e4:	e733      	b.n	1000724e <_malloc_r+0x116>
100073e6:	1962      	adds	r2, r4, r5
100073e8:	f045 0501 	orr.w	r5, r5, #1
100073ec:	f043 0301 	orr.w	r3, r3, #1
100073f0:	3408      	adds	r4, #8
100073f2:	f844 5c04 	str.w	r5, [r4, #-4]
100073f6:	4638      	mov	r0, r7
100073f8:	60b2      	str	r2, [r6, #8]
100073fa:	6053      	str	r3, [r2, #4]
100073fc:	f000 f95e 	bl	100076bc <__malloc_unlock>
10007400:	4620      	mov	r0, r4
10007402:	b003      	add	sp, #12
10007404:	e8bd 8ff0 	ldmia.w	sp!, {r4, r5, r6, r7, r8, r9, sl, fp, pc}
10007408:	68a2      	ldr	r2, [r4, #8]
1000740a:	4423      	add	r3, r4
1000740c:	4638      	mov	r0, r7
1000740e:	60d1      	str	r1, [r2, #12]
10007410:	608a      	str	r2, [r1, #8]
10007412:	e6b2      	b.n	1000717a <_malloc_r+0x42>
10007414:	68dc      	ldr	r4, [r3, #12]
10007416:	42a3      	cmp	r3, r4
10007418:	f47f aea6 	bne.w	10007168 <_malloc_r+0x30>
1000741c:	3002      	adds	r0, #2
1000741e:	e6e7      	b.n	100071f0 <_malloc_r+0xb8>
10007420:	f5bc 6f20 	cmp.w	ip, #2560	@ 0xa00
10007424:	ea4f 225c 	mov.w	r2, ip, lsr #9
10007428:	d376      	bcc.n	10007518 <_malloc_r+0x3e0>
1000742a:	2a14      	cmp	r2, #20
1000742c:	f200 80cd 	bhi.w	100075ca <_malloc_r+0x492>
10007430:	f102 035c 	add.w	r3, r2, #92	@ 0x5c
10007434:	325b      	adds	r2, #91	@ 0x5b
10007436:	00db      	lsls	r3, r3, #3
10007438:	18f1      	adds	r1, r6, r3
1000743a:	58f3      	ldr	r3, [r6, r3]
1000743c:	3908      	subs	r1, #8
1000743e:	4299      	cmp	r1, r3
10007440:	d111      	bne.n	10007466 <_malloc_r+0x32e>
10007442:	e0a5      	b.n	10007590 <_malloc_r+0x458>
10007444:	20001cb0 	.word	0x20001cb0
10007448:	200023e4 	.word	0x200023e4
1000744c:	20001ca4 	.word	0x20001ca4
10007450:	200023b4 	.word	0x200023b4
10007454:	200023dc 	.word	0x200023dc
10007458:	200023e0 	.word	0x200023e0
1000745c:	20001cb8 	.word	0x20001cb8
10007460:	689b      	ldr	r3, [r3, #8]
10007462:	4299      	cmp	r1, r3
10007464:	d004      	beq.n	10007470 <_malloc_r+0x338>
10007466:	685a      	ldr	r2, [r3, #4]
10007468:	f022 0203 	bic.w	r2, r2, #3
1000746c:	4562      	cmp	r2, ip
1000746e:	d8f7      	bhi.n	10007460 <_malloc_r+0x328>
10007470:	68d9      	ldr	r1, [r3, #12]
10007472:	e9c4 3102 	strd	r3, r1, [r4, #8]
10007476:	608c      	str	r4, [r1, #8]
10007478:	60dc      	str	r4, [r3, #12]
1000747a:	e6e8      	b.n	1000724e <_malloc_r+0x116>
1000747c:	2b14      	cmp	r3, #20
1000747e:	d963      	bls.n	10007548 <_malloc_r+0x410>
10007480:	2b54      	cmp	r3, #84	@ 0x54
10007482:	f200 80ab 	bhi.w	100075dc <_malloc_r+0x4a4>
10007486:	0b2b      	lsrs	r3, r5, #12
10007488:	f103 006f 	add.w	r0, r3, #111	@ 0x6f
1000748c:	f103 0e6e 	add.w	lr, r3, #110	@ 0x6e
10007490:	00c3      	lsls	r3, r0, #3
10007492:	e697      	b.n	100071c4 <_malloc_r+0x8c>
10007494:	f8d4 c008 	ldr.w	ip, [r4, #8]
10007498:	4638      	mov	r0, r7
1000749a:	1967      	adds	r7, r4, r5
1000749c:	f045 0501 	orr.w	r5, r5, #1
100074a0:	6065      	str	r5, [r4, #4]
100074a2:	f8cc 300c 	str.w	r3, [ip, #12]
100074a6:	f8c3 c008 	str.w	ip, [r3, #8]
100074aa:	f041 0301 	orr.w	r3, r1, #1
100074ae:	e9c6 7704 	strd	r7, r7, [r6, #16]
100074b2:	e9c7 8802 	strd	r8, r8, [r7, #8]
100074b6:	607b      	str	r3, [r7, #4]
100074b8:	50a1      	str	r1, [r4, r2]
100074ba:	3408      	adds	r4, #8
100074bc:	f000 f8fe 	bl	100076bc <__malloc_unlock>
100074c0:	e6f7      	b.n	100072b2 <_malloc_r+0x17a>
100074c2:	4422      	add	r2, r4
100074c4:	4638      	mov	r0, r7
100074c6:	6851      	ldr	r1, [r2, #4]
100074c8:	f041 0101 	orr.w	r1, r1, #1
100074cc:	6051      	str	r1, [r2, #4]
100074ce:	f854 2f08 	ldr.w	r2, [r4, #8]!
100074d2:	60d3      	str	r3, [r2, #12]
100074d4:	609a      	str	r2, [r3, #8]
100074d6:	f000 f8f1 	bl	100076bc <__malloc_unlock>
100074da:	e6ea      	b.n	100072b2 <_malloc_r+0x17a>
100074dc:	44a4      	add	ip, r4
100074de:	4638      	mov	r0, r7
100074e0:	3408      	adds	r4, #8
100074e2:	f8dc 3004 	ldr.w	r3, [ip, #4]
100074e6:	f043 0301 	orr.w	r3, r3, #1
100074ea:	f8cc 3004 	str.w	r3, [ip, #4]
100074ee:	f000 f8e5 	bl	100076bc <__malloc_unlock>
100074f2:	e6de      	b.n	100072b2 <_malloc_r+0x17a>
100074f4:	1962      	adds	r2, r4, r5
100074f6:	f043 0101 	orr.w	r1, r3, #1
100074fa:	f045 0501 	orr.w	r5, r5, #1
100074fe:	4638      	mov	r0, r7
10007500:	6065      	str	r5, [r4, #4]
10007502:	e9c6 2204 	strd	r2, r2, [r6, #16]
10007506:	e9c2 8802 	strd	r8, r8, [r2, #8]
1000750a:	6051      	str	r1, [r2, #4]
1000750c:	f844 300c 	str.w	r3, [r4, ip]
10007510:	3408      	adds	r4, #8
10007512:	f000 f8d3 	bl	100076bc <__malloc_unlock>
10007516:	e6cc      	b.n	100072b2 <_malloc_r+0x17a>
10007518:	ea4f 129c 	mov.w	r2, ip, lsr #6
1000751c:	f102 0339 	add.w	r3, r2, #57	@ 0x39
10007520:	3238      	adds	r2, #56	@ 0x38
10007522:	00db      	lsls	r3, r3, #3
10007524:	e788      	b.n	10007438 <_malloc_r+0x300>
10007526:	42b4      	cmp	r4, r6
10007528:	d062      	beq.n	100075f0 <_malloc_r+0x4b8>
1000752a:	68b4      	ldr	r4, [r6, #8]
1000752c:	6862      	ldr	r2, [r4, #4]
1000752e:	f022 0803 	bic.w	r8, r2, #3
10007532:	45a8      	cmp	r8, r5
10007534:	eba8 0305 	sub.w	r3, r8, r5
10007538:	d302      	bcc.n	10007540 <_malloc_r+0x408>
1000753a:	2b0f      	cmp	r3, #15
1000753c:	f73f af53 	bgt.w	100073e6 <_malloc_r+0x2ae>
10007540:	4638      	mov	r0, r7
10007542:	f000 f8bb 	bl	100076bc <__malloc_unlock>
10007546:	e6b3      	b.n	100072b0 <_malloc_r+0x178>
10007548:	f103 005c 	add.w	r0, r3, #92	@ 0x5c
1000754c:	f103 0e5b 	add.w	lr, r3, #91	@ 0x5b
10007550:	00c3      	lsls	r3, r0, #3
10007552:	e637      	b.n	100071c4 <_malloc_r+0x8c>
10007554:	f85a 3908 	ldr.w	r3, [sl], #-8
10007558:	4553      	cmp	r3, sl
1000755a:	f040 80a0 	bne.w	1000769e <_malloc_r+0x566>
1000755e:	f010 0f03 	tst.w	r0, #3
10007562:	f100 30ff 	add.w	r0, r0, #4294967295	@ 0xffffffff
10007566:	d1f5      	bne.n	10007554 <_malloc_r+0x41c>
10007568:	6873      	ldr	r3, [r6, #4]
1000756a:	ea23 030c 	bic.w	r3, r3, ip
1000756e:	6073      	str	r3, [r6, #4]
10007570:	ea4f 0c4c 	mov.w	ip, ip, lsl #1
10007574:	f10c 32ff 	add.w	r2, ip, #4294967295	@ 0xffffffff
10007578:	429a      	cmp	r2, r3
1000757a:	d304      	bcc.n	10007586 <_malloc_r+0x44e>
1000757c:	e6a3      	b.n	100072c6 <_malloc_r+0x18e>
1000757e:	ea4f 0c4c 	mov.w	ip, ip, lsl #1
10007582:	f109 0904 	add.w	r9, r9, #4
10007586:	ea1c 0f03 	tst.w	ip, r3
1000758a:	d0f8      	beq.n	1000757e <_malloc_r+0x446>
1000758c:	4648      	mov	r0, r9
1000758e:	e670      	b.n	10007272 <_malloc_r+0x13a>
10007590:	1092      	asrs	r2, r2, #2
10007592:	f04f 0c01 	mov.w	ip, #1
10007596:	fa0c f202 	lsl.w	r2, ip, r2
1000759a:	ea4e 0e02 	orr.w	lr, lr, r2
1000759e:	f8c6 e004 	str.w	lr, [r6, #4]
100075a2:	e766      	b.n	10007472 <_malloc_r+0x33a>
100075a4:	eb0a 0208 	add.w	r2, sl, r8
100075a8:	4638      	mov	r0, r7
100075aa:	ea02 020c 	and.w	r2, r2, ip
100075ae:	ebab 0b02 	sub.w	fp, fp, r2
100075b2:	ea0b 0b0c 	and.w	fp, fp, ip
100075b6:	4659      	mov	r1, fp
100075b8:	f000 f8d4 	bl	10007764 <_sbrk_r>
100075bc:	1c43      	adds	r3, r0, #1
100075be:	9b01      	ldr	r3, [sp, #4]
100075c0:	f47f aedb 	bne.w	1000737a <_malloc_r+0x242>
100075c4:	f8dd b000 	ldr.w	fp, [sp]
100075c8:	e6db      	b.n	10007382 <_malloc_r+0x24a>
100075ca:	2a54      	cmp	r2, #84	@ 0x54
100075cc:	d82a      	bhi.n	10007624 <_malloc_r+0x4ec>
100075ce:	ea4f 321c 	mov.w	r2, ip, lsr #12
100075d2:	f102 036f 	add.w	r3, r2, #111	@ 0x6f
100075d6:	326e      	adds	r2, #110	@ 0x6e
100075d8:	00db      	lsls	r3, r3, #3
100075da:	e72d      	b.n	10007438 <_malloc_r+0x300>
100075dc:	f5b3 7faa 	cmp.w	r3, #340	@ 0x154
100075e0:	d82a      	bhi.n	10007638 <_malloc_r+0x500>
100075e2:	0beb      	lsrs	r3, r5, #15
100075e4:	f103 0078 	add.w	r0, r3, #120	@ 0x78
100075e8:	f103 0e77 	add.w	lr, r3, #119	@ 0x77
100075ec:	00c3      	lsls	r3, r0, #3
100075ee:	e5e9      	b.n	100071c4 <_malloc_r+0x8c>
100075f0:	4b2e      	ldr	r3, [pc, #184]	@ (100076ac <_malloc_r+0x574>)
100075f2:	f10b 3cff 	add.w	ip, fp, #4294967295	@ 0xffffffff
100075f6:	6818      	ldr	r0, [r3, #0]
100075f8:	4440      	add	r0, r8
100075fa:	6018      	str	r0, [r3, #0]
100075fc:	e69b      	b.n	10007336 <_malloc_r+0x1fe>
100075fe:	ea1a 0f0c 	tst.w	sl, ip
10007602:	f47f ae98 	bne.w	10007336 <_malloc_r+0x1fe>
10007606:	44c8      	add	r8, r9
10007608:	f8d6 a008 	ldr.w	sl, [r6, #8]
1000760c:	f048 0201 	orr.w	r2, r8, #1
10007610:	f8ca 2004 	str.w	r2, [sl, #4]
10007614:	e6d8      	b.n	100073c8 <_malloc_r+0x290>
10007616:	f8c2 a000 	str.w	sl, [r2]
1000761a:	e696      	b.n	1000734a <_malloc_r+0x212>
1000761c:	2301      	movs	r3, #1
1000761e:	f8ca 3004 	str.w	r3, [sl, #4]
10007622:	e78d      	b.n	10007540 <_malloc_r+0x408>
10007624:	f5b2 7faa 	cmp.w	r2, #340	@ 0x154
10007628:	d824      	bhi.n	10007674 <_malloc_r+0x53c>
1000762a:	ea4f 32dc 	mov.w	r2, ip, lsr #15
1000762e:	f102 0378 	add.w	r3, r2, #120	@ 0x78
10007632:	3277      	adds	r2, #119	@ 0x77
10007634:	00db      	lsls	r3, r3, #3
10007636:	e6ff      	b.n	10007438 <_malloc_r+0x300>
10007638:	f240 5254 	movw	r2, #1364	@ 0x554
1000763c:	4293      	cmp	r3, r2
1000763e:	d824      	bhi.n	1000768a <_malloc_r+0x552>
10007640:	0cab      	lsrs	r3, r5, #18
10007642:	f103 007d 	add.w	r0, r3, #125	@ 0x7d
10007646:	f103 0e7c 	add.w	lr, r3, #124	@ 0x7c
1000764a:	00c3      	lsls	r3, r0, #3
1000764c:	e5ba      	b.n	100071c4 <_malloc_r+0x8c>
1000764e:	9a00      	ldr	r2, [sp, #0]
10007650:	f04f 0b00 	mov.w	fp, #0
10007654:	3a08      	subs	r2, #8
10007656:	4490      	add	r8, r2
10007658:	eba8 080a 	sub.w	r8, r8, sl
1000765c:	e691      	b.n	10007382 <_malloc_r+0x24a>
1000765e:	4638      	mov	r0, r7
10007660:	f104 0108 	add.w	r1, r4, #8
10007664:	9300      	str	r3, [sp, #0]
10007666:	f000 f9a7 	bl	100079b8 <_free_r>
1000766a:	9b00      	ldr	r3, [sp, #0]
1000766c:	f8d6 a008 	ldr.w	sl, [r6, #8]
10007670:	6818      	ldr	r0, [r3, #0]
10007672:	e6a7      	b.n	100073c4 <_malloc_r+0x28c>
10007674:	f240 5354 	movw	r3, #1364	@ 0x554
10007678:	429a      	cmp	r2, r3
1000767a:	d80c      	bhi.n	10007696 <_malloc_r+0x55e>
1000767c:	ea4f 429c 	mov.w	r2, ip, lsr #18
10007680:	f102 037d 	add.w	r3, r2, #125	@ 0x7d
10007684:	327c      	adds	r2, #124	@ 0x7c
10007686:	00db      	lsls	r3, r3, #3
10007688:	e6d6      	b.n	10007438 <_malloc_r+0x300>
1000768a:	f44f 737e 	mov.w	r3, #1016	@ 0x3f8
1000768e:	207f      	movs	r0, #127	@ 0x7f
10007690:	f04f 0e7e 	mov.w	lr, #126	@ 0x7e
10007694:	e596      	b.n	100071c4 <_malloc_r+0x8c>
10007696:	f44f 737e 	mov.w	r3, #1016	@ 0x3f8
1000769a:	227e      	movs	r2, #126	@ 0x7e
1000769c:	e6cc      	b.n	10007438 <_malloc_r+0x300>
1000769e:	6873      	ldr	r3, [r6, #4]
100076a0:	e766      	b.n	10007570 <_malloc_r+0x438>
100076a2:	08e8      	lsrs	r0, r5, #3
100076a4:	f105 0308 	add.w	r3, r5, #8
100076a8:	e556      	b.n	10007158 <_malloc_r+0x20>
100076aa:	bf00      	nop
100076ac:	200023b4 	.word	0x200023b4

100076b0 <__malloc_lock>:
100076b0:	4801      	ldr	r0, [pc, #4]	@ (100076b8 <__malloc_lock+0x8>)
100076b2:	f000 b86f 	b.w	10007794 <__retarget_lock_acquire_recursive>
100076b6:	bf00      	nop
100076b8:	200023b0 	.word	0x200023b0

100076bc <__malloc_unlock>:
100076bc:	4801      	ldr	r0, [pc, #4]	@ (100076c4 <__malloc_unlock+0x8>)
100076be:	f000 b86b 	b.w	10007798 <__retarget_lock_release_recursive>
100076c2:	bf00      	nop
100076c4:	200023b0 	.word	0x200023b0

100076c8 <memset>:
100076c8:	0783      	lsls	r3, r0, #30
100076ca:	b530      	push	{r4, r5, lr}
100076cc:	d046      	beq.n	1000775c <memset+0x94>
100076ce:	1884      	adds	r4, r0, r2
100076d0:	4684      	mov	ip, r0
100076d2:	e004      	b.n	100076de <memset+0x16>
100076d4:	f803 1b01 	strb.w	r1, [r3], #1
100076d8:	079d      	lsls	r5, r3, #30
100076da:	d004      	beq.n	100076e6 <memset+0x1e>
100076dc:	469c      	mov	ip, r3
100076de:	45a4      	cmp	ip, r4
100076e0:	4663      	mov	r3, ip
100076e2:	d1f7      	bne.n	100076d4 <memset+0xc>
100076e4:	bd30      	pop	{r4, r5, pc}
100076e6:	3a01      	subs	r2, #1
100076e8:	4402      	add	r2, r0
100076ea:	eba2 020c 	sub.w	r2, r2, ip
100076ee:	2a03      	cmp	r2, #3
100076f0:	d929      	bls.n	10007746 <memset+0x7e>
100076f2:	b2cc      	uxtb	r4, r1
100076f4:	2a0f      	cmp	r2, #15
100076f6:	eb04 2404 	add.w	r4, r4, r4, lsl #8
100076fa:	eb04 4404 	add.w	r4, r4, r4, lsl #16
100076fe:	d92f      	bls.n	10007760 <memset+0x98>
10007700:	f1a2 0c10 	sub.w	ip, r2, #16
10007704:	f103 0510 	add.w	r5, r3, #16
10007708:	f02c 0c0f 	bic.w	ip, ip, #15
1000770c:	44ac      	add	ip, r5
1000770e:	e9c3 4400 	strd	r4, r4, [r3]
10007712:	e9c3 4402 	strd	r4, r4, [r3, #8]
10007716:	3310      	adds	r3, #16
10007718:	4563      	cmp	r3, ip
1000771a:	d1f8      	bne.n	1000770e <memset+0x46>
1000771c:	f012 0f0c 	tst.w	r2, #12
10007720:	f002 0e0f 	and.w	lr, r2, #15
10007724:	d018      	beq.n	10007758 <memset+0x90>
10007726:	f02e 0c03 	bic.w	ip, lr, #3
1000772a:	f1ae 0504 	sub.w	r5, lr, #4
1000772e:	461a      	mov	r2, r3
10007730:	449c      	add	ip, r3
10007732:	f842 4b04 	str.w	r4, [r2], #4
10007736:	4562      	cmp	r2, ip
10007738:	d1fb      	bne.n	10007732 <memset+0x6a>
1000773a:	f025 0403 	bic.w	r4, r5, #3
1000773e:	3304      	adds	r3, #4
10007740:	f00e 0203 	and.w	r2, lr, #3
10007744:	4423      	add	r3, r4
10007746:	2a00      	cmp	r2, #0
10007748:	d0cc      	beq.n	100076e4 <memset+0x1c>
1000774a:	b2c9      	uxtb	r1, r1
1000774c:	441a      	add	r2, r3
1000774e:	f803 1b01 	strb.w	r1, [r3], #1
10007752:	4293      	cmp	r3, r2
10007754:	d1fb      	bne.n	1000774e <memset+0x86>
10007756:	bd30      	pop	{r4, r5, pc}
10007758:	4672      	mov	r2, lr
1000775a:	e7f4      	b.n	10007746 <memset+0x7e>
1000775c:	4603      	mov	r3, r0
1000775e:	e7c6      	b.n	100076ee <memset+0x26>
10007760:	4696      	mov	lr, r2
10007762:	e7e0      	b.n	10007726 <memset+0x5e>

10007764 <_sbrk_r>:
10007764:	b538      	push	{r3, r4, r5, lr}
10007766:	2200      	movs	r2, #0
10007768:	4d06      	ldr	r5, [pc, #24]	@ (10007784 <_sbrk_r+0x20>)
1000776a:	4604      	mov	r4, r0
1000776c:	4608      	mov	r0, r1
1000776e:	602a      	str	r2, [r5, #0]
10007770:	f7fc fdde 	bl	10004330 <_sbrk>
10007774:	1c43      	adds	r3, r0, #1
10007776:	d000      	beq.n	1000777a <_sbrk_r+0x16>
10007778:	bd38      	pop	{r3, r4, r5, pc}
1000777a:	682b      	ldr	r3, [r5, #0]
1000777c:	2b00      	cmp	r3, #0
1000777e:	d0fb      	beq.n	10007778 <_sbrk_r+0x14>
10007780:	6023      	str	r3, [r4, #0]
10007782:	bd38      	pop	{r3, r4, r5, pc}
10007784:	20002b54 	.word	0x20002b54

10007788 <__errno>:
10007788:	4b01      	ldr	r3, [pc, #4]	@ (10007790 <__errno+0x8>)
1000778a:	6818      	ldr	r0, [r3, #0]
1000778c:	4770      	bx	lr
1000778e:	bf00      	nop
10007790:	200020b8 	.word	0x200020b8

10007794 <__retarget_lock_acquire_recursive>:
10007794:	4770      	bx	lr
10007796:	bf00      	nop

10007798 <__retarget_lock_release_recursive>:
10007798:	4770      	bx	lr
1000779a:	bf00      	nop

1000779c <sysconf>:
1000779c:	2808      	cmp	r0, #8
1000779e:	d102      	bne.n	100077a6 <sysconf+0xa>
100077a0:	f44f 5080 	mov.w	r0, #4096	@ 0x1000
100077a4:	4770      	bx	lr
100077a6:	b508      	push	{r3, lr}
100077a8:	f7ff ffee 	bl	10007788 <__errno>
100077ac:	2216      	movs	r2, #22
100077ae:	4603      	mov	r3, r0
100077b0:	f04f 30ff 	mov.w	r0, #4294967295	@ 0xffffffff
100077b4:	601a      	str	r2, [r3, #0]
100077b6:	bd08      	pop	{r3, pc}

100077b8 <memcpy>:
100077b8:	4684      	mov	ip, r0
100077ba:	ea41 0300 	orr.w	r3, r1, r0
100077be:	f013 0303 	ands.w	r3, r3, #3
100077c2:	d149      	bne.n	10007858 <memcpy+0xa0>
100077c4:	3a40      	subs	r2, #64	@ 0x40
100077c6:	d323      	bcc.n	10007810 <memcpy+0x58>
100077c8:	680b      	ldr	r3, [r1, #0]
100077ca:	6003      	str	r3, [r0, #0]
100077cc:	684b      	ldr	r3, [r1, #4]
100077ce:	6043      	str	r3, [r0, #4]
100077d0:	688b      	ldr	r3, [r1, #8]
100077d2:	6083      	str	r3, [r0, #8]
100077d4:	68cb      	ldr	r3, [r1, #12]
100077d6:	60c3      	str	r3, [r0, #12]
100077d8:	690b      	ldr	r3, [r1, #16]
100077da:	6103      	str	r3, [r0, #16]
100077dc:	694b      	ldr	r3, [r1, #20]
100077de:	6143      	str	r3, [r0, #20]
100077e0:	698b      	ldr	r3, [r1, #24]
100077e2:	6183      	str	r3, [r0, #24]
100077e4:	69cb      	ldr	r3, [r1, #28]
100077e6:	61c3      	str	r3, [r0, #28]
100077e8:	6a0b      	ldr	r3, [r1, #32]
100077ea:	6203      	str	r3, [r0, #32]
100077ec:	6a4b      	ldr	r3, [r1, #36]	@ 0x24
100077ee:	6243      	str	r3, [r0, #36]	@ 0x24
100077f0:	6a8b      	ldr	r3, [r1, #40]	@ 0x28
100077f2:	6283      	str	r3, [r0, #40]	@ 0x28
100077f4:	6acb      	ldr	r3, [r1, #44]	@ 0x2c
100077f6:	62c3      	str	r3, [r0, #44]	@ 0x2c
100077f8:	6b0b      	ldr	r3, [r1, #48]	@ 0x30
100077fa:	6303      	str	r3, [r0, #48]	@ 0x30
100077fc:	6b4b      	ldr	r3, [r1, #52]	@ 0x34
100077fe:	6343      	str	r3, [r0, #52]	@ 0x34
10007800:	6b8b      	ldr	r3, [r1, #56]	@ 0x38
10007802:	6383      	str	r3, [r0, #56]	@ 0x38
10007804:	6bcb      	ldr	r3, [r1, #60]	@ 0x3c
10007806:	63c3      	str	r3, [r0, #60]	@ 0x3c
10007808:	3040      	adds	r0, #64	@ 0x40
1000780a:	3140      	adds	r1, #64	@ 0x40
1000780c:	3a40      	subs	r2, #64	@ 0x40
1000780e:	d2db      	bcs.n	100077c8 <memcpy+0x10>
10007810:	3230      	adds	r2, #48	@ 0x30
10007812:	d30b      	bcc.n	1000782c <memcpy+0x74>
10007814:	680b      	ldr	r3, [r1, #0]
10007816:	6003      	str	r3, [r0, #0]
10007818:	684b      	ldr	r3, [r1, #4]
1000781a:	6043      	str	r3, [r0, #4]
1000781c:	688b      	ldr	r3, [r1, #8]
1000781e:	6083      	str	r3, [r0, #8]
10007820:	68cb      	ldr	r3, [r1, #12]
10007822:	60c3      	str	r3, [r0, #12]
10007824:	3010      	adds	r0, #16
10007826:	3110      	adds	r1, #16
10007828:	3a10      	subs	r2, #16
1000782a:	d2f3      	bcs.n	10007814 <memcpy+0x5c>
1000782c:	320c      	adds	r2, #12
1000782e:	d305      	bcc.n	1000783c <memcpy+0x84>
10007830:	f851 3b04 	ldr.w	r3, [r1], #4
10007834:	f840 3b04 	str.w	r3, [r0], #4
10007838:	3a04      	subs	r2, #4
1000783a:	d2f9      	bcs.n	10007830 <memcpy+0x78>
1000783c:	3204      	adds	r2, #4
1000783e:	d008      	beq.n	10007852 <memcpy+0x9a>
10007840:	07d2      	lsls	r2, r2, #31
10007842:	bf1c      	itt	ne
10007844:	f811 3b01 	ldrbne.w	r3, [r1], #1
10007848:	f800 3b01 	strbne.w	r3, [r0], #1
1000784c:	d301      	bcc.n	10007852 <memcpy+0x9a>
1000784e:	880b      	ldrh	r3, [r1, #0]
10007850:	8003      	strh	r3, [r0, #0]
10007852:	4660      	mov	r0, ip
10007854:	4770      	bx	lr
10007856:	bf00      	nop
10007858:	2a08      	cmp	r2, #8
1000785a:	d313      	bcc.n	10007884 <memcpy+0xcc>
1000785c:	078b      	lsls	r3, r1, #30
1000785e:	d0b1      	beq.n	100077c4 <memcpy+0xc>
10007860:	f010 0303 	ands.w	r3, r0, #3
10007864:	d0ae      	beq.n	100077c4 <memcpy+0xc>
10007866:	f1c3 0304 	rsb	r3, r3, #4
1000786a:	1ad2      	subs	r2, r2, r3
1000786c:	07db      	lsls	r3, r3, #31
1000786e:	bf1c      	itt	ne
10007870:	f811 3b01 	ldrbne.w	r3, [r1], #1
10007874:	f800 3b01 	strbne.w	r3, [r0], #1
10007878:	d3a4      	bcc.n	100077c4 <memcpy+0xc>
1000787a:	f831 3b02 	ldrh.w	r3, [r1], #2
1000787e:	f820 3b02 	strh.w	r3, [r0], #2
10007882:	e79f      	b.n	100077c4 <memcpy+0xc>
10007884:	3a04      	subs	r2, #4
10007886:	d3d9      	bcc.n	1000783c <memcpy+0x84>
10007888:	3a01      	subs	r2, #1
1000788a:	f811 3b01 	ldrb.w	r3, [r1], #1
1000788e:	f800 3b01 	strb.w	r3, [r0], #1
10007892:	d2f9      	bcs.n	10007888 <memcpy+0xd0>
10007894:	780b      	ldrb	r3, [r1, #0]
10007896:	7003      	strb	r3, [r0, #0]
10007898:	784b      	ldrb	r3, [r1, #1]
1000789a:	7043      	strb	r3, [r0, #1]
1000789c:	788b      	ldrb	r3, [r1, #2]
1000789e:	7083      	strb	r3, [r0, #2]
100078a0:	4660      	mov	r0, ip
100078a2:	4770      	bx	lr

100078a4 <strlen>:
100078a4:	f020 0103 	bic.w	r1, r0, #3
100078a8:	f010 0003 	ands.w	r0, r0, #3
100078ac:	f1c0 0000 	rsb	r0, r0, #0
100078b0:	f851 3b04 	ldr.w	r3, [r1], #4
100078b4:	f100 0c04 	add.w	ip, r0, #4
100078b8:	ea4f 0ccc 	mov.w	ip, ip, lsl #3
100078bc:	f06f 0200 	mvn.w	r2, #0
100078c0:	bf1c      	itt	ne
100078c2:	fa22 f20c 	lsrne.w	r2, r2, ip
100078c6:	4313      	orrne	r3, r2
100078c8:	f04f 0c01 	mov.w	ip, #1
100078cc:	ea4c 2c0c 	orr.w	ip, ip, ip, lsl #8
100078d0:	ea4c 4c0c 	orr.w	ip, ip, ip, lsl #16
100078d4:	eba3 020c 	sub.w	r2, r3, ip
100078d8:	ea22 0203 	bic.w	r2, r2, r3
100078dc:	ea12 12cc 	ands.w	r2, r2, ip, lsl #7
100078e0:	bf04      	itt	eq
100078e2:	f851 3b04 	ldreq.w	r3, [r1], #4
100078e6:	3004      	addeq	r0, #4
100078e8:	d0f4      	beq.n	100078d4 <strlen+0x30>
100078ea:	f1c2 0100 	rsb	r1, r2, #0
100078ee:	ea02 0201 	and.w	r2, r2, r1
100078f2:	fab2 f282 	clz	r2, r2
100078f6:	f1c2 021f 	rsb	r2, r2, #31
100078fa:	eb00 00d2 	add.w	r0, r0, r2, lsr #3
100078fe:	4770      	bx	lr

10007900 <_malloc_trim_r>:
10007900:	e92d 43f8 	stmdb	sp!, {r3, r4, r5, r6, r7, r8, r9, lr}
10007904:	4606      	mov	r6, r0
10007906:	f8df 80ac 	ldr.w	r8, [pc, #172]	@ 100079b4 <_malloc_trim_r+0xb4>
1000790a:	2008      	movs	r0, #8
1000790c:	4689      	mov	r9, r1
1000790e:	f7ff ff45 	bl	1000779c <sysconf>
10007912:	4605      	mov	r5, r0
10007914:	4630      	mov	r0, r6
10007916:	f7ff fecb 	bl	100076b0 <__malloc_lock>
1000791a:	f8d8 3008 	ldr.w	r3, [r8, #8]
1000791e:	685f      	ldr	r7, [r3, #4]
10007920:	f027 0703 	bic.w	r7, r7, #3
10007924:	f1a7 0411 	sub.w	r4, r7, #17
10007928:	eba4 0409 	sub.w	r4, r4, r9
1000792c:	442c      	add	r4, r5
1000792e:	fbb4 f4f5 	udiv	r4, r4, r5
10007932:	3c01      	subs	r4, #1
10007934:	fb05 f404 	mul.w	r4, r5, r4
10007938:	42a5      	cmp	r5, r4
1000793a:	dc08      	bgt.n	1000794e <_malloc_trim_r+0x4e>
1000793c:	2100      	movs	r1, #0
1000793e:	4630      	mov	r0, r6
10007940:	f7ff ff10 	bl	10007764 <_sbrk_r>
10007944:	f8d8 3008 	ldr.w	r3, [r8, #8]
10007948:	443b      	add	r3, r7
1000794a:	4298      	cmp	r0, r3
1000794c:	d005      	beq.n	1000795a <_malloc_trim_r+0x5a>
1000794e:	4630      	mov	r0, r6
10007950:	f7ff feb4 	bl	100076bc <__malloc_unlock>
10007954:	2000      	movs	r0, #0
10007956:	e8bd 83f8 	ldmia.w	sp!, {r3, r4, r5, r6, r7, r8, r9, pc}
1000795a:	4261      	negs	r1, r4
1000795c:	4630      	mov	r0, r6
1000795e:	f7ff ff01 	bl	10007764 <_sbrk_r>
10007962:	3001      	adds	r0, #1
10007964:	d00f      	beq.n	10007986 <_malloc_trim_r+0x86>
10007966:	1b3f      	subs	r7, r7, r4
10007968:	4a10      	ldr	r2, [pc, #64]	@ (100079ac <_malloc_trim_r+0xac>)
1000796a:	f8d8 3008 	ldr.w	r3, [r8, #8]
1000796e:	4630      	mov	r0, r6
10007970:	f047 0701 	orr.w	r7, r7, #1
10007974:	605f      	str	r7, [r3, #4]
10007976:	6813      	ldr	r3, [r2, #0]
10007978:	1b1b      	subs	r3, r3, r4
1000797a:	6013      	str	r3, [r2, #0]
1000797c:	f7ff fe9e 	bl	100076bc <__malloc_unlock>
10007980:	2001      	movs	r0, #1
10007982:	e8bd 83f8 	ldmia.w	sp!, {r3, r4, r5, r6, r7, r8, r9, pc}
10007986:	2100      	movs	r1, #0
10007988:	4630      	mov	r0, r6
1000798a:	f7ff feeb 	bl	10007764 <_sbrk_r>
1000798e:	f8d8 2008 	ldr.w	r2, [r8, #8]
10007992:	1a83      	subs	r3, r0, r2
10007994:	2b0f      	cmp	r3, #15
10007996:	ddda      	ble.n	1000794e <_malloc_trim_r+0x4e>
10007998:	f043 0301 	orr.w	r3, r3, #1
1000799c:	4903      	ldr	r1, [pc, #12]	@ (100079ac <_malloc_trim_r+0xac>)
1000799e:	6053      	str	r3, [r2, #4]
100079a0:	4b03      	ldr	r3, [pc, #12]	@ (100079b0 <_malloc_trim_r+0xb0>)
100079a2:	681b      	ldr	r3, [r3, #0]
100079a4:	1ac0      	subs	r0, r0, r3
100079a6:	6008      	str	r0, [r1, #0]
100079a8:	e7d1      	b.n	1000794e <_malloc_trim_r+0x4e>
100079aa:	bf00      	nop
100079ac:	200023b4 	.word	0x200023b4
100079b0:	20001ca4 	.word	0x20001ca4
100079b4:	20001cb0 	.word	0x20001cb0

100079b8 <_free_r>:
100079b8:	2900      	cmp	r1, #0
100079ba:	d05a      	beq.n	10007a72 <_free_r+0xba>
100079bc:	b5f8      	push	{r3, r4, r5, r6, r7, lr}
100079be:	460c      	mov	r4, r1
100079c0:	4607      	mov	r7, r0
100079c2:	f7ff fe75 	bl	100076b0 <__malloc_lock>
100079c6:	4d73      	ldr	r5, [pc, #460]	@ (10007b94 <_free_r+0x1dc>)
100079c8:	f854 cc04 	ldr.w	ip, [r4, #-4]
100079cc:	f1a4 0208 	sub.w	r2, r4, #8
100079d0:	68a8      	ldr	r0, [r5, #8]
100079d2:	f02c 0301 	bic.w	r3, ip, #1
100079d6:	f00c 0e01 	and.w	lr, ip, #1
100079da:	18d1      	adds	r1, r2, r3
100079dc:	684e      	ldr	r6, [r1, #4]
100079de:	4288      	cmp	r0, r1
100079e0:	f026 0603 	bic.w	r6, r6, #3
100079e4:	d07c      	beq.n	10007ae0 <_free_r+0x128>
100079e6:	1988      	adds	r0, r1, r6
100079e8:	604e      	str	r6, [r1, #4]
100079ea:	6840      	ldr	r0, [r0, #4]
100079ec:	f000 0001 	and.w	r0, r0, #1
100079f0:	f1be 0f00 	cmp.w	lr, #0
100079f4:	d12e      	bne.n	10007a54 <_free_r+0x9c>
100079f6:	f854 4c08 	ldr.w	r4, [r4, #-8]
100079fa:	f105 0c08 	add.w	ip, r5, #8
100079fe:	1b12      	subs	r2, r2, r4
10007a00:	4423      	add	r3, r4
10007a02:	6894      	ldr	r4, [r2, #8]
10007a04:	4564      	cmp	r4, ip
10007a06:	d060      	beq.n	10007aca <_free_r+0x112>
10007a08:	f8d2 e00c 	ldr.w	lr, [r2, #12]
10007a0c:	f8c4 e00c 	str.w	lr, [r4, #12]
10007a10:	f8ce 4008 	str.w	r4, [lr, #8]
10007a14:	2800      	cmp	r0, #0
10007a16:	d07d      	beq.n	10007b14 <_free_r+0x15c>
10007a18:	f043 0001 	orr.w	r0, r3, #1
10007a1c:	6050      	str	r0, [r2, #4]
10007a1e:	600b      	str	r3, [r1, #0]
10007a20:	f5b3 7f00 	cmp.w	r3, #512	@ 0x200
10007a24:	d22e      	bcs.n	10007a84 <_free_r+0xcc>
10007a26:	0958      	lsrs	r0, r3, #5
10007a28:	08d9      	lsrs	r1, r3, #3
10007a2a:	2301      	movs	r3, #1
10007a2c:	4083      	lsls	r3, r0
10007a2e:	6868      	ldr	r0, [r5, #4]
10007a30:	3101      	adds	r1, #1
10007a32:	4303      	orrs	r3, r0
10007a34:	f855 0031 	ldr.w	r0, [r5, r1, lsl #3]
10007a38:	606b      	str	r3, [r5, #4]
10007a3a:	eb05 03c1 	add.w	r3, r5, r1, lsl #3
10007a3e:	3b08      	subs	r3, #8
10007a40:	e9c2 0302 	strd	r0, r3, [r2, #8]
10007a44:	f845 2031 	str.w	r2, [r5, r1, lsl #3]
10007a48:	60c2      	str	r2, [r0, #12]
10007a4a:	4638      	mov	r0, r7
10007a4c:	e8bd 40f8 	ldmia.w	sp!, {r3, r4, r5, r6, r7, lr}
10007a50:	f7ff be34 	b.w	100076bc <__malloc_unlock>
10007a54:	b970      	cbnz	r0, 10007a74 <_free_r+0xbc>
10007a56:	4433      	add	r3, r6
10007a58:	f105 0c08 	add.w	ip, r5, #8
10007a5c:	6888      	ldr	r0, [r1, #8]
10007a5e:	f043 0401 	orr.w	r4, r3, #1
10007a62:	4560      	cmp	r0, ip
10007a64:	d06e      	beq.n	10007b44 <_free_r+0x18c>
10007a66:	68c9      	ldr	r1, [r1, #12]
10007a68:	60c1      	str	r1, [r0, #12]
10007a6a:	6088      	str	r0, [r1, #8]
10007a6c:	6054      	str	r4, [r2, #4]
10007a6e:	50d3      	str	r3, [r2, r3]
10007a70:	e7d6      	b.n	10007a20 <_free_r+0x68>
10007a72:	4770      	bx	lr
10007a74:	f04c 0101 	orr.w	r1, ip, #1
10007a78:	f5b3 7f00 	cmp.w	r3, #512	@ 0x200
10007a7c:	f844 1c04 	str.w	r1, [r4, #-4]
10007a80:	50d3      	str	r3, [r2, r3]
10007a82:	d3d0      	bcc.n	10007a26 <_free_r+0x6e>
10007a84:	f5b3 6f20 	cmp.w	r3, #2560	@ 0xa00
10007a88:	ea4f 2153 	mov.w	r1, r3, lsr #9
10007a8c:	d244      	bcs.n	10007b18 <_free_r+0x160>
10007a8e:	0999      	lsrs	r1, r3, #6
10007a90:	f101 0039 	add.w	r0, r1, #57	@ 0x39
10007a94:	f101 0438 	add.w	r4, r1, #56	@ 0x38
10007a98:	00c1      	lsls	r1, r0, #3
10007a9a:	1868      	adds	r0, r5, r1
10007a9c:	5869      	ldr	r1, [r5, r1]
10007a9e:	3808      	subs	r0, #8
10007aa0:	4288      	cmp	r0, r1
10007aa2:	d103      	bne.n	10007aac <_free_r+0xf4>
10007aa4:	e055      	b.n	10007b52 <_free_r+0x19a>
10007aa6:	6889      	ldr	r1, [r1, #8]
10007aa8:	4288      	cmp	r0, r1
10007aaa:	d004      	beq.n	10007ab6 <_free_r+0xfe>
10007aac:	684c      	ldr	r4, [r1, #4]
10007aae:	f024 0403 	bic.w	r4, r4, #3
10007ab2:	429c      	cmp	r4, r3
10007ab4:	d8f7      	bhi.n	10007aa6 <_free_r+0xee>
10007ab6:	68c8      	ldr	r0, [r1, #12]
10007ab8:	e9c2 1002 	strd	r1, r0, [r2, #8]
10007abc:	6082      	str	r2, [r0, #8]
10007abe:	4638      	mov	r0, r7
10007ac0:	60ca      	str	r2, [r1, #12]
10007ac2:	e8bd 40f8 	ldmia.w	sp!, {r3, r4, r5, r6, r7, lr}
10007ac6:	f7ff bdf9 	b.w	100076bc <__malloc_unlock>
10007aca:	bb80      	cbnz	r0, 10007b2e <_free_r+0x176>
10007acc:	441e      	add	r6, r3
10007ace:	e9d1 1302 	ldrd	r1, r3, [r1, #8]
10007ad2:	60cb      	str	r3, [r1, #12]
10007ad4:	6099      	str	r1, [r3, #8]
10007ad6:	f046 0301 	orr.w	r3, r6, #1
10007ada:	6053      	str	r3, [r2, #4]
10007adc:	5196      	str	r6, [r2, r6]
10007ade:	e7b4      	b.n	10007a4a <_free_r+0x92>
10007ae0:	441e      	add	r6, r3
10007ae2:	f1be 0f00 	cmp.w	lr, #0
10007ae6:	d107      	bne.n	10007af8 <_free_r+0x140>
10007ae8:	f854 3c08 	ldr.w	r3, [r4, #-8]
10007aec:	1ad2      	subs	r2, r2, r3
10007aee:	441e      	add	r6, r3
10007af0:	e9d2 1302 	ldrd	r1, r3, [r2, #8]
10007af4:	60cb      	str	r3, [r1, #12]
10007af6:	6099      	str	r1, [r3, #8]
10007af8:	f046 0301 	orr.w	r3, r6, #1
10007afc:	6053      	str	r3, [r2, #4]
10007afe:	4b26      	ldr	r3, [pc, #152]	@ (10007b98 <_free_r+0x1e0>)
10007b00:	60aa      	str	r2, [r5, #8]
10007b02:	681b      	ldr	r3, [r3, #0]
10007b04:	42b3      	cmp	r3, r6
10007b06:	d8a0      	bhi.n	10007a4a <_free_r+0x92>
10007b08:	4b24      	ldr	r3, [pc, #144]	@ (10007b9c <_free_r+0x1e4>)
10007b0a:	4638      	mov	r0, r7
10007b0c:	6819      	ldr	r1, [r3, #0]
10007b0e:	f7ff fef7 	bl	10007900 <_malloc_trim_r>
10007b12:	e79a      	b.n	10007a4a <_free_r+0x92>
10007b14:	4433      	add	r3, r6
10007b16:	e7a1      	b.n	10007a5c <_free_r+0xa4>
10007b18:	2914      	cmp	r1, #20
10007b1a:	d90d      	bls.n	10007b38 <_free_r+0x180>
10007b1c:	2954      	cmp	r1, #84	@ 0x54
10007b1e:	d81f      	bhi.n	10007b60 <_free_r+0x1a8>
10007b20:	0b19      	lsrs	r1, r3, #12
10007b22:	f101 006f 	add.w	r0, r1, #111	@ 0x6f
10007b26:	f101 046e 	add.w	r4, r1, #110	@ 0x6e
10007b2a:	00c1      	lsls	r1, r0, #3
10007b2c:	e7b5      	b.n	10007a9a <_free_r+0xe2>
10007b2e:	f043 0001 	orr.w	r0, r3, #1
10007b32:	6050      	str	r0, [r2, #4]
10007b34:	600b      	str	r3, [r1, #0]
10007b36:	e788      	b.n	10007a4a <_free_r+0x92>
10007b38:	f101 005c 	add.w	r0, r1, #92	@ 0x5c
10007b3c:	f101 045b 	add.w	r4, r1, #91	@ 0x5b
10007b40:	00c1      	lsls	r1, r0, #3
10007b42:	e7aa      	b.n	10007a9a <_free_r+0xe2>
10007b44:	e9c5 2204 	strd	r2, r2, [r5, #16]
10007b48:	e9c2 cc02 	strd	ip, ip, [r2, #8]
10007b4c:	6054      	str	r4, [r2, #4]
10007b4e:	50d3      	str	r3, [r2, r3]
10007b50:	e77b      	b.n	10007a4a <_free_r+0x92>
10007b52:	10a4      	asrs	r4, r4, #2
10007b54:	2301      	movs	r3, #1
10007b56:	40a3      	lsls	r3, r4
10007b58:	686c      	ldr	r4, [r5, #4]
10007b5a:	4323      	orrs	r3, r4
10007b5c:	606b      	str	r3, [r5, #4]
10007b5e:	e7ab      	b.n	10007ab8 <_free_r+0x100>
10007b60:	f5b1 7faa 	cmp.w	r1, #340	@ 0x154
10007b64:	d806      	bhi.n	10007b74 <_free_r+0x1bc>
10007b66:	0bd9      	lsrs	r1, r3, #15
10007b68:	f101 0078 	add.w	r0, r1, #120	@ 0x78
10007b6c:	f101 0477 	add.w	r4, r1, #119	@ 0x77
10007b70:	00c1      	lsls	r1, r0, #3
10007b72:	e792      	b.n	10007a9a <_free_r+0xe2>
10007b74:	f240 5054 	movw	r0, #1364	@ 0x554
10007b78:	4281      	cmp	r1, r0
10007b7a:	d806      	bhi.n	10007b8a <_free_r+0x1d2>
10007b7c:	0c99      	lsrs	r1, r3, #18
10007b7e:	f101 007d 	add.w	r0, r1, #125	@ 0x7d
10007b82:	f101 047c 	add.w	r4, r1, #124	@ 0x7c
10007b86:	00c1      	lsls	r1, r0, #3
10007b88:	e787      	b.n	10007a9a <_free_r+0xe2>
10007b8a:	f44f 717e 	mov.w	r1, #1016	@ 0x3f8
10007b8e:	247e      	movs	r4, #126	@ 0x7e
10007b90:	e783      	b.n	10007a9a <_free_r+0xe2>
10007b92:	bf00      	nop
10007b94:	20001cb0 	.word	0x20001cb0
10007b98:	20001ca8 	.word	0x20001ca8
10007b9c:	200023e4 	.word	0x200023e4

10007ba0 <_fini>:
10007ba0:	b5f8      	push	{r3, r4, r5, r6, r7, lr}
10007ba2:	bf00      	nop
10007ba4:	0000      	movs	r0, r0
	...

10007ba8 <__gerenciar_barramento_m68k_veneer>:
10007ba8:	f85f f000 	ldr.w	pc, [pc]	@ 10007bac <__gerenciar_barramento_m68k_veneer+0x4>
10007bac:	20000111 	.word	0x20000111

10007bb0 <__mutex_enter_timeout_ms_veneer>:
10007bb0:	f85f f000 	ldr.w	pc, [pc]	@ 10007bb4 <__mutex_enter_timeout_ms_veneer+0x4>
10007bb4:	20000f8d 	.word	0x20000f8d

10007bb8 <__hw_endpoint_start_next_buffer_veneer>:
10007bb8:	f85f f000 	ldr.w	pc, [pc]	@ 10007bbc <__hw_endpoint_start_next_buffer_veneer+0x4>
10007bbc:	20001865 	.word	0x20001865

10007bc0 <__e15_is_critical_frame_period_veneer>:
10007bc0:	f85f f000 	ldr.w	pc, [pc]	@ 10007bc4 <__e15_is_critical_frame_period_veneer+0x4>
10007bc4:	200017ed 	.word	0x200017ed

10007bc8 <__mutex_exit_veneer>:
10007bc8:	f85f f000 	ldr.w	pc, [pc]	@ 10007bcc <__mutex_exit_veneer+0x4>
10007bcc:	20000fc5 	.word	0x20000fc5

10007bd0 <__e15_is_bulkin_ep_veneer>:
10007bd0:	f85f f000 	ldr.w	pc, [pc]	@ 10007bd4 <__e15_is_bulkin_ep_veneer+0x4>
10007bd4:	200017c5 	.word	0x200017c5

10007bd8 <__mutex_enter_blocking_veneer>:
10007bd8:	f85f f000 	ldr.w	pc, [pc]	@ 10007bdc <__mutex_enter_blocking_veneer+0x4>
10007bdc:	20000de9 	.word	0x20000de9

10007be0 <___hw_endpoint_buffer_control_update32_veneer>:
10007be0:	f85f f000 	ldr.w	pc, [pc]	@ 10007be4 <___hw_endpoint_buffer_control_update32_veneer+0x4>
10007be4:	20001821 	.word	0x20001821

10007be8 <__mutex_try_enter_block_until_veneer>:
10007be8:	f85f f000 	ldr.w	pc, [pc]	@ 10007bec <__mutex_try_enter_block_until_veneer+0x4>
10007bec:	20000f25 	.word	0x20000f25

10007bf0 <__mutex_try_enter_veneer>:
10007bf0:	f85f f000 	ldr.w	pc, [pc]	@ 10007bf4 <__mutex_try_enter_veneer+0x4>
10007bf4:	20000e69 	.word	0x20000e69

10007bf8 <__reset_non_control_endpoints_veneer>:
10007bf8:	f85f f000 	ldr.w	pc, [pc]	@ 10007bfc <__reset_non_control_endpoints_veneer+0x4>
10007bfc:	20001001 	.word	0x20001001

10007c00 <__pre_init_runtime_init_bootrom_reset>:
10007c00:	1000412d                                -A..

10007c04 <__pre_init_runtime_init_early_resets>:
10007c04:	100040a1                                .@..

10007c08 <__pre_init_runtime_init_usb_power_down>:
10007c08:	100040d5                                .@..

10007c0c <__pre_init_runtime_init_clocks>:
10007c0c:	100041c1                                .A..

10007c10 <__pre_init_runtime_init_post_clock_resets>:
10007c10:	1000410d                                .A..

10007c14 <__pre_init_runtime_init_boot_locks_reset>:
10007c14:	10004005                                .@..

10007c18 <__pre_init_runtime_init_spin_locks_reset>:
10007c18:	10004155                                UA..

10007c1c <__pre_init_runtime_init_bootrom_locking_enable>:
10007c1c:	10003ff1                                .?..

10007c20 <__pre_init_runtime_init_mutex>:
10007c20:	10003089                                .0..

10007c24 <__pre_init_runtime_init_install_ram_vector_table>:
10007c24:	10004159                                YA..

10007c28 <__pre_init_runtime_init_default_alarm_pool>:
10007c28:	10003449                                I4..

10007c2c <__pre_init_first_per_core_initializer>:
10007c2c:	10004051                                Q@..

10007c30 <__pre_init_runtime_init_per_core_bootrom_reset>:
10007c30:	10004141                                AA..

10007c34 <__pre_init_runtime_init_per_core_enable_coprocessors>:
10007c34:	100040f1                                .@..

10007c38 <__pre_init_spinlock_set_extexclall>:
10007c38:	10002c65                                e,..

10007c3c <__pre_init_runtime_init_per_core_irq_priorities>:
10007c3c:	10002c8d                                .,..

10007c40 <__init_array_start>:
10007c40:	10004b9d 	.word	0x10004b9d

10007c44 <__frame_dummy_init_array_entry>:
10007c44:	10000211                                ....

Disassembly of section .data:

20000110 <gerenciar_barramento_m68k>:
20000110:	2201      	movs	r2, #1
20000112:	e92d 41f0 	stmdb	sp!, {r4, r5, r6, r7, r8, lr}
20000116:	6843      	ldr	r3, [r0, #4]
20000118:	f101 0408 	add.w	r4, r1, #8
2000011c:	40a2      	lsls	r2, r4
2000011e:	4213      	tst	r3, r2
20000120:	b084      	sub	sp, #16
20000122:	d002      	beq.n	2000012a <gerenciar_barramento_m68k+0x1a>
20000124:	b004      	add	sp, #16
20000126:	e8bd 81f0 	ldmia.w	sp!, {r4, r5, r6, r7, r8, pc}
2000012a:	6844      	ldr	r4, [r0, #4]
2000012c:	4014      	ands	r4, r2
2000012e:	d1fc      	bne.n	2000012a <gerenciar_barramento_m68k+0x1a>
20000130:	eb00 0581 	add.w	r5, r0, r1, lsl #2
20000134:	eb01 0141 	add.w	r1, r1, r1, lsl #1
20000138:	eb00 00c1 	add.w	r0, r0, r1, lsl #3
2000013c:	f04f 4100 	mov.w	r1, #2147483648	@ 0x80000000
20000140:	6a2e      	ldr	r6, [r5, #32]
20000142:	f500 5086 	add.w	r0, r0, #4288	@ 0x10c0
20000146:	f3c6 2205 	ubfx	r2, r6, #8, #6
2000014a:	3010      	adds	r0, #16
2000014c:	f3c6 3781 	ubfx	r7, r6, #14, #2
20000150:	6001      	str	r1, [r0, #0]
20000152:	b2f6      	uxtb	r6, r6
20000154:	6001      	str	r1, [r0, #0]
20000156:	2a1f      	cmp	r2, #31
20000158:	d821      	bhi.n	2000019e <gerenciar_barramento_m68k+0x8e>
2000015a:	e8df f012 	tbh	[pc, r2, lsl #1]
2000015e:	0029      	.short	0x0029
20000160:	00200020 	.word	0x00200020
20000164:	00eb00f3 	.word	0x00eb00f3
20000168:	00db00e3 	.word	0x00db00e3
2000016c:	00200020 	.word	0x00200020
20000170:	00200020 	.word	0x00200020
20000174:	00200020 	.word	0x00200020
20000178:	00d80020 	.word	0x00d80020
2000017c:	00c900d0 	.word	0x00c900d0
20000180:	00ba00c1 	.word	0x00ba00c1
20000184:	00a900b7 	.word	0x00a900b7
20000188:	00a20020 	.word	0x00a20020
2000018c:	0094009b 	.word	0x0094009b
20000190:	008a008d 	.word	0x008a008d
20000194:	00200087 	.word	0x00200087
20000198:	00410020 	.word	0x00410020
2000019c:	003b      	.short	0x003b
2000019e:	24ff      	movs	r4, #255	@ 0xff
200001a0:	2f01      	cmp	r7, #1
200001a2:	bf16      	itet	ne
200001a4:	23a5      	movne	r3, #165	@ 0xa5
200001a6:	612c      	streq	r4, [r5, #16]
200001a8:	612b      	strne	r3, [r5, #16]
200001aa:	b004      	add	sp, #16
200001ac:	e8bd 81f0 	ldmia.w	sp!, {r4, r5, r6, r7, r8, pc}
200001b0:	f8df 82f4 	ldr.w	r8, [pc, #756]	@ 200004a8 <gerenciar_barramento_m68k+0x398>
200001b4:	2000      	movs	r0, #0
200001b6:	f8d8 3000 	ldr.w	r3, [r8]
200001ba:	699b      	ldr	r3, [r3, #24]
200001bc:	4798      	blx	r3
200001be:	f8d8 3000 	ldr.w	r3, [r8]
200001c2:	4630      	mov	r0, r6
200001c4:	6b9b      	ldr	r3, [r3, #56]	@ 0x38
200001c6:	4798      	blx	r3
200001c8:	f8d8 3000 	ldr.w	r3, [r8]
200001cc:	2001      	movs	r0, #1
200001ce:	699b      	ldr	r3, [r3, #24]
200001d0:	4798      	blx	r3
200001d2:	e7e5      	b.n	200001a0 <gerenciar_barramento_m68k+0x90>
200001d4:	4630      	mov	r0, r6
200001d6:	f001 fcbb 	bl	20001b50 <__set_font_veneer>
200001da:	f001 fce1 	bl	20001ba0 <__setTextFont_veneer>
200001de:	e7df      	b.n	200001a0 <gerenciar_barramento_m68k+0x90>
200001e0:	f1a6 03a1 	sub.w	r3, r6, #161	@ 0xa1
200001e4:	2b1e      	cmp	r3, #30
200001e6:	d8db      	bhi.n	200001a0 <gerenciar_barramento_m68k+0x90>
200001e8:	a201      	add	r2, pc, #4	@ (adr r2, 200001f0 <gerenciar_barramento_m68k+0xe0>)
200001ea:	f852 f023 	ldr.w	pc, [r2, r3, lsl #2]
200001ee:	bf00      	nop
200001f0:	2000058b 	.word	0x2000058b
200001f4:	200001a1 	.word	0x200001a1
200001f8:	20000575 	.word	0x20000575
200001fc:	20000561 	.word	0x20000561
20000200:	200001a1 	.word	0x200001a1
20000204:	200001a1 	.word	0x200001a1
20000208:	200001a1 	.word	0x200001a1
2000020c:	200001a1 	.word	0x200001a1
20000210:	200001a1 	.word	0x200001a1
20000214:	200001a1 	.word	0x200001a1
20000218:	200001a1 	.word	0x200001a1
2000021c:	200001a1 	.word	0x200001a1
20000220:	200001a1 	.word	0x200001a1
20000224:	200001a1 	.word	0x200001a1
20000228:	200001a1 	.word	0x200001a1
2000022c:	200001a1 	.word	0x200001a1
20000230:	200001a1 	.word	0x200001a1
20000234:	200001a1 	.word	0x200001a1
20000238:	200001a1 	.word	0x200001a1
2000023c:	200001a1 	.word	0x200001a1
20000240:	200004e9 	.word	0x200004e9
20000244:	200004c5 	.word	0x200004c5
20000248:	20000465 	.word	0x20000465
2000024c:	20000439 	.word	0x20000439
20000250:	2000040d 	.word	0x2000040d
20000254:	200003f1 	.word	0x200003f1
20000258:	200003cd 	.word	0x200003cd
2000025c:	200003b1 	.word	0x200003b1
20000260:	20000395 	.word	0x20000395
20000264:	20000379 	.word	0x20000379
20000268:	20000355 	.word	0x20000355
2000026c:	4b88      	ldr	r3, [pc, #544]	@ (20000490 <gerenciar_barramento_m68k+0x380>)
2000026e:	801e      	strh	r6, [r3, #0]
20000270:	e796      	b.n	200001a0 <gerenciar_barramento_m68k+0x90>
20000272:	4b88      	ldr	r3, [pc, #544]	@ (20000494 <gerenciar_barramento_m68k+0x384>)
20000274:	801e      	strh	r6, [r3, #0]
20000276:	e793      	b.n	200001a0 <gerenciar_barramento_m68k+0x90>
20000278:	4a87      	ldr	r2, [pc, #540]	@ (20000498 <gerenciar_barramento_m68k+0x388>)
2000027a:	8813      	ldrh	r3, [r2, #0]
2000027c:	f403 437f 	and.w	r3, r3, #65280	@ 0xff00
20000280:	4333      	orrs	r3, r6
20000282:	8013      	strh	r3, [r2, #0]
20000284:	e78c      	b.n	200001a0 <gerenciar_barramento_m68k+0x90>
20000286:	4a84      	ldr	r2, [pc, #528]	@ (20000498 <gerenciar_barramento_m68k+0x388>)
20000288:	8813      	ldrh	r3, [r2, #0]
2000028a:	b2db      	uxtb	r3, r3
2000028c:	ea43 2306 	orr.w	r3, r3, r6, lsl #8
20000290:	8013      	strh	r3, [r2, #0]
20000292:	e785      	b.n	200001a0 <gerenciar_barramento_m68k+0x90>
20000294:	4a81      	ldr	r2, [pc, #516]	@ (2000049c <gerenciar_barramento_m68k+0x38c>)
20000296:	8813      	ldrh	r3, [r2, #0]
20000298:	f403 437f 	and.w	r3, r3, #65280	@ 0xff00
2000029c:	4333      	orrs	r3, r6
2000029e:	8013      	strh	r3, [r2, #0]
200002a0:	e77e      	b.n	200001a0 <gerenciar_barramento_m68k+0x90>
200002a2:	4a7e      	ldr	r2, [pc, #504]	@ (2000049c <gerenciar_barramento_m68k+0x38c>)
200002a4:	8813      	ldrh	r3, [r2, #0]
200002a6:	b2db      	uxtb	r3, r3
200002a8:	ea43 2306 	orr.w	r3, r3, r6, lsl #8
200002ac:	8013      	strh	r3, [r2, #0]
200002ae:	e777      	b.n	200001a0 <gerenciar_barramento_m68k+0x90>
200002b0:	4a7b      	ldr	r2, [pc, #492]	@ (200004a0 <gerenciar_barramento_m68k+0x390>)
200002b2:	f006 010f 	and.w	r1, r6, #15
200002b6:	7011      	strb	r1, [r2, #0]
200002b8:	497a      	ldr	r1, [pc, #488]	@ (200004a4 <gerenciar_barramento_m68k+0x394>)
200002ba:	0933      	lsrs	r3, r6, #4
200002bc:	700b      	strb	r3, [r1, #0]
200002be:	4b7a      	ldr	r3, [pc, #488]	@ (200004a8 <gerenciar_barramento_m68k+0x398>)
200002c0:	7808      	ldrb	r0, [r1, #0]
200002c2:	681b      	ldr	r3, [r3, #0]
200002c4:	7811      	ldrb	r1, [r2, #0]
200002c6:	68db      	ldr	r3, [r3, #12]
200002c8:	4798      	blx	r3
200002ca:	e769      	b.n	200001a0 <gerenciar_barramento_m68k+0x90>
200002cc:	4b77      	ldr	r3, [pc, #476]	@ (200004ac <gerenciar_barramento_m68k+0x39c>)
200002ce:	801e      	strh	r6, [r3, #0]
200002d0:	e766      	b.n	200001a0 <gerenciar_barramento_m68k+0x90>
200002d2:	4a77      	ldr	r2, [pc, #476]	@ (200004b0 <gerenciar_barramento_m68k+0x3a0>)
200002d4:	8813      	ldrh	r3, [r2, #0]
200002d6:	f403 437f 	and.w	r3, r3, #65280	@ 0xff00
200002da:	4333      	orrs	r3, r6
200002dc:	8013      	strh	r3, [r2, #0]
200002de:	e75f      	b.n	200001a0 <gerenciar_barramento_m68k+0x90>
200002e0:	4b6e      	ldr	r3, [pc, #440]	@ (2000049c <gerenciar_barramento_m68k+0x38c>)
200002e2:	4a73      	ldr	r2, [pc, #460]	@ (200004b0 <gerenciar_barramento_m68k+0x3a0>)
200002e4:	881b      	ldrh	r3, [r3, #0]
200002e6:	b2db      	uxtb	r3, r3
200002e8:	ea43 2306 	orr.w	r3, r3, r6, lsl #8
200002ec:	8013      	strh	r3, [r2, #0]
200002ee:	e757      	b.n	200001a0 <gerenciar_barramento_m68k+0x90>
200002f0:	4a70      	ldr	r2, [pc, #448]	@ (200004b4 <gerenciar_barramento_m68k+0x3a4>)
200002f2:	8813      	ldrh	r3, [r2, #0]
200002f4:	f403 437f 	and.w	r3, r3, #65280	@ 0xff00
200002f8:	4333      	orrs	r3, r6
200002fa:	8013      	strh	r3, [r2, #0]
200002fc:	e750      	b.n	200001a0 <gerenciar_barramento_m68k+0x90>
200002fe:	4b67      	ldr	r3, [pc, #412]	@ (2000049c <gerenciar_barramento_m68k+0x38c>)
20000300:	4a6c      	ldr	r2, [pc, #432]	@ (200004b4 <gerenciar_barramento_m68k+0x3a4>)
20000302:	881b      	ldrh	r3, [r3, #0]
20000304:	b2db      	uxtb	r3, r3
20000306:	ea43 2306 	orr.w	r3, r3, r6, lsl #8
2000030a:	8013      	strh	r3, [r2, #0]
2000030c:	e748      	b.n	200001a0 <gerenciar_barramento_m68k+0x90>
2000030e:	4b6a      	ldr	r3, [pc, #424]	@ (200004b8 <gerenciar_barramento_m68k+0x3a8>)
20000310:	701e      	strb	r6, [r3, #0]
20000312:	e745      	b.n	200001a0 <gerenciar_barramento_m68k+0x90>
20000314:	4b60      	ldr	r3, [pc, #384]	@ (20000498 <gerenciar_barramento_m68k+0x388>)
20000316:	4a69      	ldr	r2, [pc, #420]	@ (200004bc <gerenciar_barramento_m68k+0x3ac>)
20000318:	881b      	ldrh	r3, [r3, #0]
2000031a:	f403 437f 	and.w	r3, r3, #65280	@ 0xff00
2000031e:	4333      	orrs	r3, r6
20000320:	8013      	strh	r3, [r2, #0]
20000322:	e73d      	b.n	200001a0 <gerenciar_barramento_m68k+0x90>
20000324:	4b5c      	ldr	r3, [pc, #368]	@ (20000498 <gerenciar_barramento_m68k+0x388>)
20000326:	4a65      	ldr	r2, [pc, #404]	@ (200004bc <gerenciar_barramento_m68k+0x3ac>)
20000328:	881b      	ldrh	r3, [r3, #0]
2000032a:	b2db      	uxtb	r3, r3
2000032c:	ea43 2306 	orr.w	r3, r3, r6, lsl #8
20000330:	8013      	strh	r3, [r2, #0]
20000332:	e735      	b.n	200001a0 <gerenciar_barramento_m68k+0x90>
20000334:	4b59      	ldr	r3, [pc, #356]	@ (2000049c <gerenciar_barramento_m68k+0x38c>)
20000336:	4a62      	ldr	r2, [pc, #392]	@ (200004c0 <gerenciar_barramento_m68k+0x3b0>)
20000338:	881b      	ldrh	r3, [r3, #0]
2000033a:	f403 437f 	and.w	r3, r3, #65280	@ 0xff00
2000033e:	4333      	orrs	r3, r6
20000340:	8013      	strh	r3, [r2, #0]
20000342:	e72d      	b.n	200001a0 <gerenciar_barramento_m68k+0x90>
20000344:	4b55      	ldr	r3, [pc, #340]	@ (2000049c <gerenciar_barramento_m68k+0x38c>)
20000346:	4a5e      	ldr	r2, [pc, #376]	@ (200004c0 <gerenciar_barramento_m68k+0x3b0>)
20000348:	881b      	ldrh	r3, [r3, #0]
2000034a:	b2db      	uxtb	r3, r3
2000034c:	ea43 2306 	orr.w	r3, r3, r6, lsl #8
20000350:	8013      	strh	r3, [r2, #0]
20000352:	e725      	b.n	200001a0 <gerenciar_barramento_m68k+0x90>
20000354:	4a51      	ldr	r2, [pc, #324]	@ (2000049c <gerenciar_barramento_m68k+0x38c>)
20000356:	4b50      	ldr	r3, [pc, #320]	@ (20000498 <gerenciar_barramento_m68k+0x388>)
20000358:	8810      	ldrh	r0, [r2, #0]
2000035a:	8819      	ldrh	r1, [r3, #0]
2000035c:	4b58      	ldr	r3, [pc, #352]	@ (200004c0 <gerenciar_barramento_m68k+0x3b0>)
2000035e:	4e56      	ldr	r6, [pc, #344]	@ (200004b8 <gerenciar_barramento_m68k+0x3a8>)
20000360:	881a      	ldrh	r2, [r3, #0]
20000362:	4b56      	ldr	r3, [pc, #344]	@ (200004bc <gerenciar_barramento_m68k+0x3ac>)
20000364:	b200      	sxth	r0, r0
20000366:	881b      	ldrh	r3, [r3, #0]
20000368:	7836      	ldrb	r6, [r6, #0]
2000036a:	b209      	sxth	r1, r1
2000036c:	b212      	sxth	r2, r2
2000036e:	b21b      	sxth	r3, r3
20000370:	9600      	str	r6, [sp, #0]
20000372:	f001 fbf9 	bl	20001b68 <__drawLine_veneer>
20000376:	e713      	b.n	200001a0 <gerenciar_barramento_m68k+0x90>
20000378:	4a48      	ldr	r2, [pc, #288]	@ (2000049c <gerenciar_barramento_m68k+0x38c>)
2000037a:	4b47      	ldr	r3, [pc, #284]	@ (20000498 <gerenciar_barramento_m68k+0x388>)
2000037c:	8810      	ldrh	r0, [r2, #0]
2000037e:	8819      	ldrh	r1, [r3, #0]
20000380:	4b4b      	ldr	r3, [pc, #300]	@ (200004b0 <gerenciar_barramento_m68k+0x3a0>)
20000382:	b200      	sxth	r0, r0
20000384:	881a      	ldrh	r2, [r3, #0]
20000386:	4b4c      	ldr	r3, [pc, #304]	@ (200004b8 <gerenciar_barramento_m68k+0x3a8>)
20000388:	b209      	sxth	r1, r1
2000038a:	781b      	ldrb	r3, [r3, #0]
2000038c:	b212      	sxth	r2, r2
2000038e:	f001 fbe3 	bl	20001b58 <__drawVLine_veneer>
20000392:	e705      	b.n	200001a0 <gerenciar_barramento_m68k+0x90>
20000394:	4a41      	ldr	r2, [pc, #260]	@ (2000049c <gerenciar_barramento_m68k+0x38c>)
20000396:	4b40      	ldr	r3, [pc, #256]	@ (20000498 <gerenciar_barramento_m68k+0x388>)
20000398:	8810      	ldrh	r0, [r2, #0]
2000039a:	8819      	ldrh	r1, [r3, #0]
2000039c:	4b45      	ldr	r3, [pc, #276]	@ (200004b4 <gerenciar_barramento_m68k+0x3a4>)
2000039e:	b280      	uxth	r0, r0
200003a0:	881a      	ldrh	r2, [r3, #0]
200003a2:	4b45      	ldr	r3, [pc, #276]	@ (200004b8 <gerenciar_barramento_m68k+0x3a8>)
200003a4:	b289      	uxth	r1, r1
200003a6:	781b      	ldrb	r3, [r3, #0]
200003a8:	b292      	uxth	r2, r2
200003aa:	f001 fbf5 	bl	20001b98 <__drawHLine_veneer>
200003ae:	e6f7      	b.n	200001a0 <gerenciar_barramento_m68k+0x90>
200003b0:	4a3a      	ldr	r2, [pc, #232]	@ (2000049c <gerenciar_barramento_m68k+0x38c>)
200003b2:	4b39      	ldr	r3, [pc, #228]	@ (20000498 <gerenciar_barramento_m68k+0x388>)
200003b4:	8810      	ldrh	r0, [r2, #0]
200003b6:	8819      	ldrh	r1, [r3, #0]
200003b8:	4b3c      	ldr	r3, [pc, #240]	@ (200004ac <gerenciar_barramento_m68k+0x39c>)
200003ba:	b200      	sxth	r0, r0
200003bc:	881a      	ldrh	r2, [r3, #0]
200003be:	4b3e      	ldr	r3, [pc, #248]	@ (200004b8 <gerenciar_barramento_m68k+0x3a8>)
200003c0:	b209      	sxth	r1, r1
200003c2:	781b      	ldrb	r3, [r3, #0]
200003c4:	b212      	sxth	r2, r2
200003c6:	f001 fbaf 	bl	20001b28 <__drawCircle_veneer>
200003ca:	e6e9      	b.n	200001a0 <gerenciar_barramento_m68k+0x90>
200003cc:	4a33      	ldr	r2, [pc, #204]	@ (2000049c <gerenciar_barramento_m68k+0x38c>)
200003ce:	4b32      	ldr	r3, [pc, #200]	@ (20000498 <gerenciar_barramento_m68k+0x388>)
200003d0:	8810      	ldrh	r0, [r2, #0]
200003d2:	8819      	ldrh	r1, [r3, #0]
200003d4:	4b35      	ldr	r3, [pc, #212]	@ (200004ac <gerenciar_barramento_m68k+0x39c>)
200003d6:	4e38      	ldr	r6, [pc, #224]	@ (200004b8 <gerenciar_barramento_m68k+0x3a8>)
200003d8:	881a      	ldrh	r2, [r3, #0]
200003da:	4b2e      	ldr	r3, [pc, #184]	@ (20000494 <gerenciar_barramento_m68k+0x384>)
200003dc:	b200      	sxth	r0, r0
200003de:	881b      	ldrh	r3, [r3, #0]
200003e0:	7836      	ldrb	r6, [r6, #0]
200003e2:	b209      	sxth	r1, r1
200003e4:	b212      	sxth	r2, r2
200003e6:	b2db      	uxtb	r3, r3
200003e8:	9600      	str	r6, [sp, #0]
200003ea:	f001 fba9 	bl	20001b40 <__drawCircleHelper_veneer>
200003ee:	e6d7      	b.n	200001a0 <gerenciar_barramento_m68k+0x90>
200003f0:	4a2a      	ldr	r2, [pc, #168]	@ (2000049c <gerenciar_barramento_m68k+0x38c>)
200003f2:	4b29      	ldr	r3, [pc, #164]	@ (20000498 <gerenciar_barramento_m68k+0x388>)
200003f4:	8810      	ldrh	r0, [r2, #0]
200003f6:	8819      	ldrh	r1, [r3, #0]
200003f8:	4b2c      	ldr	r3, [pc, #176]	@ (200004ac <gerenciar_barramento_m68k+0x39c>)
200003fa:	b200      	sxth	r0, r0
200003fc:	881a      	ldrh	r2, [r3, #0]
200003fe:	4b2e      	ldr	r3, [pc, #184]	@ (200004b8 <gerenciar_barramento_m68k+0x3a8>)
20000400:	b209      	sxth	r1, r1
20000402:	781b      	ldrb	r3, [r3, #0]
20000404:	b212      	sxth	r2, r2
20000406:	f001 fbbb 	bl	20001b80 <__fillCircle_veneer>
2000040a:	e6c9      	b.n	200001a0 <gerenciar_barramento_m68k+0x90>
2000040c:	4a23      	ldr	r2, [pc, #140]	@ (2000049c <gerenciar_barramento_m68k+0x38c>)
2000040e:	4b22      	ldr	r3, [pc, #136]	@ (20000498 <gerenciar_barramento_m68k+0x388>)
20000410:	8810      	ldrh	r0, [r2, #0]
20000412:	8819      	ldrh	r1, [r3, #0]
20000414:	4b25      	ldr	r3, [pc, #148]	@ (200004ac <gerenciar_barramento_m68k+0x39c>)
20000416:	4e1e      	ldr	r6, [pc, #120]	@ (20000490 <gerenciar_barramento_m68k+0x380>)
20000418:	881a      	ldrh	r2, [r3, #0]
2000041a:	4b1e      	ldr	r3, [pc, #120]	@ (20000494 <gerenciar_barramento_m68k+0x384>)
2000041c:	b200      	sxth	r0, r0
2000041e:	881b      	ldrh	r3, [r3, #0]
20000420:	8836      	ldrh	r6, [r6, #0]
20000422:	b209      	sxth	r1, r1
20000424:	b236      	sxth	r6, r6
20000426:	9600      	str	r6, [sp, #0]
20000428:	4e23      	ldr	r6, [pc, #140]	@ (200004b8 <gerenciar_barramento_m68k+0x3a8>)
2000042a:	b212      	sxth	r2, r2
2000042c:	7836      	ldrb	r6, [r6, #0]
2000042e:	b2db      	uxtb	r3, r3
20000430:	9601      	str	r6, [sp, #4]
20000432:	f001 fbc1 	bl	20001bb8 <__fillCircleHelper_veneer>
20000436:	e6b3      	b.n	200001a0 <gerenciar_barramento_m68k+0x90>
20000438:	4a18      	ldr	r2, [pc, #96]	@ (2000049c <gerenciar_barramento_m68k+0x38c>)
2000043a:	4b17      	ldr	r3, [pc, #92]	@ (20000498 <gerenciar_barramento_m68k+0x388>)
2000043c:	8810      	ldrh	r0, [r2, #0]
2000043e:	8819      	ldrh	r1, [r3, #0]
20000440:	4b1c      	ldr	r3, [pc, #112]	@ (200004b4 <gerenciar_barramento_m68k+0x3a4>)
20000442:	4e1a      	ldr	r6, [pc, #104]	@ (200004ac <gerenciar_barramento_m68k+0x39c>)
20000444:	881a      	ldrh	r2, [r3, #0]
20000446:	4b1a      	ldr	r3, [pc, #104]	@ (200004b0 <gerenciar_barramento_m68k+0x3a0>)
20000448:	b200      	sxth	r0, r0
2000044a:	881b      	ldrh	r3, [r3, #0]
2000044c:	8836      	ldrh	r6, [r6, #0]
2000044e:	b209      	sxth	r1, r1
20000450:	b236      	sxth	r6, r6
20000452:	9600      	str	r6, [sp, #0]
20000454:	4e18      	ldr	r6, [pc, #96]	@ (200004b8 <gerenciar_barramento_m68k+0x3a8>)
20000456:	b212      	sxth	r2, r2
20000458:	7836      	ldrb	r6, [r6, #0]
2000045a:	b21b      	sxth	r3, r3
2000045c:	9601      	str	r6, [sp, #4]
2000045e:	f001 fb8b 	bl	20001b78 <__drawRoundRect_veneer>
20000462:	e69d      	b.n	200001a0 <gerenciar_barramento_m68k+0x90>
20000464:	4a0d      	ldr	r2, [pc, #52]	@ (2000049c <gerenciar_barramento_m68k+0x38c>)
20000466:	4b0c      	ldr	r3, [pc, #48]	@ (20000498 <gerenciar_barramento_m68k+0x388>)
20000468:	8810      	ldrh	r0, [r2, #0]
2000046a:	8819      	ldrh	r1, [r3, #0]
2000046c:	4b11      	ldr	r3, [pc, #68]	@ (200004b4 <gerenciar_barramento_m68k+0x3a4>)
2000046e:	4e0f      	ldr	r6, [pc, #60]	@ (200004ac <gerenciar_barramento_m68k+0x39c>)
20000470:	881a      	ldrh	r2, [r3, #0]
20000472:	4b0f      	ldr	r3, [pc, #60]	@ (200004b0 <gerenciar_barramento_m68k+0x3a0>)
20000474:	b200      	sxth	r0, r0
20000476:	881b      	ldrh	r3, [r3, #0]
20000478:	8836      	ldrh	r6, [r6, #0]
2000047a:	b209      	sxth	r1, r1
2000047c:	b236      	sxth	r6, r6
2000047e:	9600      	str	r6, [sp, #0]
20000480:	4e0d      	ldr	r6, [pc, #52]	@ (200004b8 <gerenciar_barramento_m68k+0x3a8>)
20000482:	b212      	sxth	r2, r2
20000484:	7836      	ldrb	r6, [r6, #0]
20000486:	b21b      	sxth	r3, r3
20000488:	9601      	str	r6, [sp, #4]
2000048a:	f001 fb7d 	bl	20001b88 <__fillRoundRect_veneer>
2000048e:	e687      	b.n	200001a0 <gerenciar_barramento_m68k+0x90>
20000490:	2002880c 	.word	0x2002880c
20000494:	200287fe 	.word	0x200287fe
20000498:	20028806 	.word	0x20028806
2000049c:	20028800 	.word	0x20028800
200004a0:	20028817 	.word	0x20028817
200004a4:	2002881d 	.word	0x2002881d
200004a8:	20002fec 	.word	0x20002fec
200004ac:	20028812 	.word	0x20028812
200004b0:	2002880e 	.word	0x2002880e
200004b4:	20028810 	.word	0x20028810
200004b8:	2002881c 	.word	0x2002881c
200004bc:	20028808 	.word	0x20028808
200004c0:	20028802 	.word	0x20028802
200004c4:	4a36      	ldr	r2, [pc, #216]	@ (200005a0 <gerenciar_barramento_m68k+0x490>)
200004c6:	4b37      	ldr	r3, [pc, #220]	@ (200005a4 <gerenciar_barramento_m68k+0x494>)
200004c8:	8810      	ldrh	r0, [r2, #0]
200004ca:	8819      	ldrh	r1, [r3, #0]
200004cc:	4b36      	ldr	r3, [pc, #216]	@ (200005a8 <gerenciar_barramento_m68k+0x498>)
200004ce:	4e37      	ldr	r6, [pc, #220]	@ (200005ac <gerenciar_barramento_m68k+0x49c>)
200004d0:	881a      	ldrh	r2, [r3, #0]
200004d2:	4b37      	ldr	r3, [pc, #220]	@ (200005b0 <gerenciar_barramento_m68k+0x4a0>)
200004d4:	b200      	sxth	r0, r0
200004d6:	881b      	ldrh	r3, [r3, #0]
200004d8:	7836      	ldrb	r6, [r6, #0]
200004da:	b209      	sxth	r1, r1
200004dc:	b212      	sxth	r2, r2
200004de:	b21b      	sxth	r3, r3
200004e0:	9600      	str	r6, [sp, #0]
200004e2:	f001 fb65 	bl	20001bb0 <__fillRect_veneer>
200004e6:	e65b      	b.n	200001a0 <gerenciar_barramento_m68k+0x90>
200004e8:	4a2d      	ldr	r2, [pc, #180]	@ (200005a0 <gerenciar_barramento_m68k+0x490>)
200004ea:	4b2e      	ldr	r3, [pc, #184]	@ (200005a4 <gerenciar_barramento_m68k+0x494>)
200004ec:	8810      	ldrh	r0, [r2, #0]
200004ee:	8819      	ldrh	r1, [r3, #0]
200004f0:	b280      	uxth	r0, r0
200004f2:	b289      	uxth	r1, r1
200004f4:	ee07 1a90 	vmov	s15, r1
200004f8:	eef8 7a67 	vcvt.f32.u32	s15, s15
200004fc:	ee17 1a90 	vmov	r1, s15
20000500:	ee07 0a90 	vmov	s15, r0
20000504:	eef8 7a67 	vcvt.f32.u32	s15, s15
20000508:	4b2a      	ldr	r3, [pc, #168]	@ (200005b4 <gerenciar_barramento_m68k+0x4a4>)
2000050a:	ee17 0a90 	vmov	r0, s15
2000050e:	881a      	ldrh	r2, [r3, #0]
20000510:	4b29      	ldr	r3, [pc, #164]	@ (200005b8 <gerenciar_barramento_m68k+0x4a8>)
20000512:	b292      	uxth	r2, r2
20000514:	ee07 2a90 	vmov	s15, r2
20000518:	eef8 7a67 	vcvt.f32.u32	s15, s15
2000051c:	881b      	ldrh	r3, [r3, #0]
2000051e:	ee17 2a90 	vmov	r2, s15
20000522:	b29b      	uxth	r3, r3
20000524:	ee07 3a90 	vmov	s15, r3
20000528:	eef8 7a67 	vcvt.f32.u32	s15, s15
2000052c:	4e23      	ldr	r6, [pc, #140]	@ (200005bc <gerenciar_barramento_m68k+0x4ac>)
2000052e:	ee17 3a90 	vmov	r3, s15
20000532:	8836      	ldrh	r6, [r6, #0]
20000534:	b2b6      	uxth	r6, r6
20000536:	ee07 6a90 	vmov	s15, r6
2000053a:	4e21      	ldr	r6, [pc, #132]	@ (200005c0 <gerenciar_barramento_m68k+0x4b0>)
2000053c:	eeb8 7a67 	vcvt.f32.u32	s14, s15
20000540:	8836      	ldrh	r6, [r6, #0]
20000542:	b2b6      	uxth	r6, r6
20000544:	ee07 6a90 	vmov	s15, r6
20000548:	eef8 7a67 	vcvt.f32.u32	s15, s15
2000054c:	4e17      	ldr	r6, [pc, #92]	@ (200005ac <gerenciar_barramento_m68k+0x49c>)
2000054e:	7836      	ldrb	r6, [r6, #0]
20000550:	ed8d 7a00 	vstr	s14, [sp]
20000554:	edcd 7a01 	vstr	s15, [sp, #4]
20000558:	9602      	str	r6, [sp, #8]
2000055a:	f001 fb19 	bl	20001b90 <__fillTri_veneer>
2000055e:	e61f      	b.n	200001a0 <gerenciar_barramento_m68k+0x90>
20000560:	4b18      	ldr	r3, [pc, #96]	@ (200005c4 <gerenciar_barramento_m68k+0x4b4>)
20000562:	681b      	ldr	r3, [r3, #0]
20000564:	6bdb      	ldr	r3, [r3, #60]	@ 0x3c
20000566:	4798      	blx	r3
20000568:	2300      	movs	r3, #0
2000056a:	490e      	ldr	r1, [pc, #56]	@ (200005a4 <gerenciar_barramento_m68k+0x494>)
2000056c:	4a0c      	ldr	r2, [pc, #48]	@ (200005a0 <gerenciar_barramento_m68k+0x490>)
2000056e:	800b      	strh	r3, [r1, #0]
20000570:	8013      	strh	r3, [r2, #0]
20000572:	e615      	b.n	200001a0 <gerenciar_barramento_m68k+0x90>
20000574:	4a0a      	ldr	r2, [pc, #40]	@ (200005a0 <gerenciar_barramento_m68k+0x490>)
20000576:	4b0b      	ldr	r3, [pc, #44]	@ (200005a4 <gerenciar_barramento_m68k+0x494>)
20000578:	8810      	ldrh	r0, [r2, #0]
2000057a:	8819      	ldrh	r1, [r3, #0]
2000057c:	4b11      	ldr	r3, [pc, #68]	@ (200005c4 <gerenciar_barramento_m68k+0x4b4>)
2000057e:	b280      	uxth	r0, r0
20000580:	681b      	ldr	r3, [r3, #0]
20000582:	b289      	uxth	r1, r1
20000584:	691b      	ldr	r3, [r3, #16]
20000586:	4798      	blx	r3
20000588:	e60a      	b.n	200001a0 <gerenciar_barramento_m68k+0x90>
2000058a:	2300      	movs	r3, #0
2000058c:	4a0d      	ldr	r2, [pc, #52]	@ (200005c4 <gerenciar_barramento_m68k+0x4b4>)
2000058e:	4805      	ldr	r0, [pc, #20]	@ (200005a4 <gerenciar_barramento_m68k+0x494>)
20000590:	4903      	ldr	r1, [pc, #12]	@ (200005a0 <gerenciar_barramento_m68k+0x490>)
20000592:	6812      	ldr	r2, [r2, #0]
20000594:	8003      	strh	r3, [r0, #0]
20000596:	6a52      	ldr	r2, [r2, #36]	@ 0x24
20000598:	800b      	strh	r3, [r1, #0]
2000059a:	4790      	blx	r2
2000059c:	e600      	b.n	200001a0 <gerenciar_barramento_m68k+0x90>
2000059e:	bf00      	nop
200005a0:	20028800 	.word	0x20028800
200005a4:	20028806 	.word	0x20028806
200005a8:	20028810 	.word	0x20028810
200005ac:	2002881c 	.word	0x2002881c
200005b0:	2002880e 	.word	0x2002880e
200005b4:	20028802 	.word	0x20028802
200005b8:	20028808 	.word	0x20028808
200005bc:	20028804 	.word	0x20028804
200005c0:	2002880a 	.word	0x2002880a
200005c4:	20002fec 	.word	0x20002fec

200005c8 <font_8x16_2>:
	...
200005d8:	0000ffff 00000000 00000000 00000000     ................
200005e8:	00000000 ff000000 000000ff 00000000     ................
200005f8:	c0c0c0c0 c0c0c0c0 c0c0c0c0 c0c0c0c0     ................
20000608:	18181818 18181818 18181818 18181818     ................
20000618:	c0c0c0c0 c0c0c0c0 00000000 00000000     ................
	...
20000630:	c0c0c0c0 c0c0c0c0 00000000 f8000000     ................
20000640:	181818f8 18181818 00000000 1f000000     ................
20000650:	1818181f 18181818 18181818 1f181818     ................
20000660:	0000001f 00000000 18181818 f8181818     ................
20000670:	000000f8 00000000 18181818 ff181818     ................
20000680:	181818ff 18181818 18181818 ff181818     ................
20000690:	000000ff 00000000 00000000 ff000000     ................
200006a0:	181818ff 18181818 18181818 f8181818     ................
200006b0:	181818f8 18181818 18181818 1f181818     ................
200006c0:	1818181f 18181818 e0c08000 f8fef8f0     ................
200006d0:	80c0e0f0 00000000 0e060200 3efe3e1e     .............>.>
200006e0:	02060e1e 00000000 3c180000 1818187e     ...........<~...
200006f0:	00183c7e 00000000 66660000 66666666     ~<........ffffff
20000700:	66660066 00000000 db7f0000 1b7bdbdb     f.ff..........{.
20000710:	1b1b1b1b 00000000 60c67c00 c6c66c38     .........|.`8l..
20000720:	c60c386c 0000007c 00000000 00000000     l8..|...........
20000730:	fefefefe 00000000 3c180000 1818187e     ...........<~...
20000740:	00183c7e 00000000 3c180000 1818187e     ~<.........<~...
20000750:	18181818 00000000 18180000 18181818     ................
20000760:	183c7e18 00000000 00000000 fe0c1800     .~<.............
20000770:	00180cfe 00000000 00000000 fe603000     .............0`.
20000780:	0018307e 00000000 00000000 c0c00000     ~0..............
20000790:	0000fec0 00000000 00000000 ff662400     .............$f.
200007a0:	00002466 00000000 00000000 7c383810     f$...........88|
200007b0:	00fefe7c 00000000 00000000 7c7cfefe     |.............||
200007c0:	00103838 00000000 00000000 00000000     88..............
	...
200007d8:	10100000 10101010 10100010 00000000     ................
200007e8:	42424200 00000024 00000000 00000000     .BBB$...........
200007f8:	28000000 2828fe28 2828fe28 00000000     ...((.(((.((....
20000808:	46381010 02384042 38828202 00001010     ..8FB@8....8....
20000818:	00000000 08044240 02422010 00000000     ....@B... B.....
20000828:	44380000 84443844 76848484 00000000     ..8DD8D....v....
20000838:	10101000 00000020 00000000 00000000     .... ...........
20000848:	10080000 20202020 08102020 00000000     ....      ......
20000858:	08100000 04040404 10080404 00000000     ................
20000868:	00000000 e7244200 00004224 00000000     .....B$.$B......
20000878:	00000000 7e101000 00001010 00000000     .......~........
	...
20000890:	08080800 00000010 00000000 7e000000     ...............~
	...
200008b0:	18180000 00000000 00000000 10080402     ................
200008c0:	00804020 00000000 82380000 a2928682      @........8.....
200008d0:	388282c2 00000000 28080000 08080848     ...8.......(H...
200008e0:	3e080808 00000000 827c0000 10080402     ...>......|.....
200008f0:	fe804020 00000000 827c0000 023c0202      @........|...<.
20000900:	7c820202 00000000 140c0000 fe844424     ...|........$D..
20000910:	1e040404 00000000 80fe0000 02fc8080     ................
20000920:	7c820202 00000000 40380000 82fc8080     ...|......8@....
20000930:	7c828282 00000000 82fe0000 10080402     ...|............
20000940:	20202020 00000000 827c0000 82388282         ......|...8.
20000950:	7c828282 00000000 427c0000 027e4242     ...|......|BBB~.
20000960:	78040202 00000000 00000000 00001800     ...x............
20000970:	00001800 00000000 00000000 00000800     ................
20000980:	10080800 00000000 04000000 40201008     .............. @
20000990:	04081020 00000000 00000000 00007e00      ............~..
200009a0:	0000007e 00000000 20000000 02040810     ~.......... ....
200009b0:	20100804 00000000 827c0000 08080482     ... ......|.....
200009c0:	08080008 00000000 867c0000 a29e8686     ..........|.....
200009d0:	7c809ca2 00000000 28100000 fe828244     ...|.......(D...
200009e0:	82828282 00000000 42fc0000 427c4242     ...........BBB|B
200009f0:	fc424242 00000000 423c0000 80808082     BBB.......<B....
20000a00:	3c428280 00000000 44f80000 42424242     ..B<.......DBBBB
20000a10:	f8444242 00000000 40fe0000 78784040     BBD........@@@xx
20000a20:	fe404040 00000000 40fe0000 78784040     @@@........@@@xx
20000a30:	f0404040 00000000 423c0000 9e808082     @@@.......<B....
20000a40:	3c428282 00000000 82820000 82fe8282     ..B<............
20000a50:	82828282 00000000 10380000 10101010     ..........8.....
20000a60:	38101010 00000000 040e0000 04040404     ...8............
20000a70:	78848484 00000000 42c20000 78784442     ...x.......BBDxx
20000a80:	c2424244 00000000 40e00000 40404040     DBB........@@@@@
20000a90:	fe424040 00000000 a5c30000 8199a5a5     @@B.............
20000aa0:	81818181 00000000 e2c60000 868e9ab2     ................
20000ab0:	82828282 00000000 82380000 82828282     ..........8.....
20000ac0:	38828282 00000000 42fc0000 407c4642     ...8.......BBF|@
20000ad0:	f0404040 00000000 827c0000 82828282     @@@.......|.....
20000ae0:	7c92a282 00000204 42fc0000 447c4242     ...|.......BBB|D
20000af0:	c2424242 00000000 827c0000 08204082     BBB.......|..@ .
20000b00:	78848404 00000000 91ff0000 10101010     ...x............
20000b10:	38101010 00000000 82820000 82828282     ...8............
20000b20:	7c828282 00000000 81810000 81818181     ...|............
20000b30:	18244281 00000000 81810000 91818181     .B$.............
20000b40:	4266ef91 00000000 81810000 18182442     ..fB........B$..
20000b50:	81814224 00000000 81810000 103c4281     $B...........B<.
20000b60:	38101010 00000000 81ff0000 10080402     ...8............
20000b70:	ff814020 00000000 203c0000 20202020      @........<     
20000b80:	3c202020 00000000 00000000 10204080        <.........@ .
20000b90:	00020408 00000000 041c0000 04040404     ................
20000ba0:	1c040404 00000000 82442810 00000000     .........(D.....
	...
20000bc4:	0000ff00 00102020 00000000 00000000     ....  ..........
	...
20000bdc:	7c047800 76848484 00000000 40c00000     .x.|...v.......@
20000bec:	427c4040 7c424242 00000000 00000000     @@|BBBB|........
20000bfc:	80827c00 7c828080 00000000 041c0000     .|.....|........
20000c0c:	847c0404 7e848484 00000000 00000000     ..|....~........
20000c1c:	82827c00 7c8280fc 00000000 44380000     .|.....|......8D
20000c2c:	40e04044 e0404040 00000000 00000000     D@.@@@@.........
20000c3c:	84847a00 7c848484 00788404 40c00000     .z.....|..x....@
20000c4c:	427c4040 c2424242 00000000 10000000     @@|BBBB.........
20000c5c:	10103000 38101010 00000000 04000000     .0.....8........
20000c6c:	02020e00 02020202 003c4242 40c00000     ........BB<....@
20000c7c:	78444240 c2424478 00000000 10300000     @BDxxDB.......0.
20000c8c:	10101010 38101010 00000000 00000000     .......8........
20000c9c:	92aac600 92929292 00000000 00000000     ................
20000cac:	4242dc00 42424242 00000000 00000000     ..BBBBBB........
20000cbc:	82827c00 7c828282 00000000 00000000     .|.....|........
20000ccc:	4242bc00 7c424242 00e04040 00000000     ..BBBBB|@@......
20000cdc:	84847a00 7c848484 000e0404 00000000     .z.....|........
20000cec:	4242bc00 e0404040 00000000 00000000     ..BB@@@.........
20000cfc:	40827c00 78840820 00000000 20200000     .|.@ ..x......  
20000d0c:	2020f820 18242020 00000000 00000000      .    $.........
20000d1c:	84848400 7a848484 00000000 00000000     .......z........
20000d2c:	81818100 18244281 00000000 00000000     .....B$.........
20000d3c:	81818100 66999999 00000000 00000000     .......f........
20000d4c:	24428100 81422418 00000000 00000000     ..B$.$B.........
20000d5c:	82828200 7e828282 00f80402 00000000     .......~........
20000d6c:	0884fe00 fe422010 00000000 100e0000     ..... B.........
20000d7c:	10601010 0e101010 00000000 10100000     ..`.............
20000d8c:	10101010 10101010 00000000 18700000     ..............p.
20000d9c:	180e1818 70181818 00000000 dc760000     .......p......v.
	...
20000dbc:	86442810 00fe8282 00000000 80808000     .(D.............
20000dcc:	80808080 80808080 00008080 00000000     ................
	...
20000de4:	0000ffff                                ....

20000de8 <mutex_enter_blocking>:
20000de8:	f04f 4350 	mov.w	r3, #3489660928	@ 0xd0000000
20000dec:	b510      	push	{r4, lr}
20000dee:	6802      	ldr	r2, [r0, #0]
20000df0:	f993 4000 	ldrsb.w	r4, [r3]
20000df4:	f3ef 8310 	mrs	r3, PRIMASK
20000df8:	b672      	cpsid	i
20000dfa:	e8d2 cfcf 	ldaexb	ip, [r2]
20000dfe:	2101      	movs	r1, #1
20000e00:	f1bc 0f00 	cmp.w	ip, #0
20000e04:	d1f9      	bne.n	20000dfa <mutex_enter_blocking+0x12>
20000e06:	e8c2 1f4c 	strexb	ip, r1, [r2]
20000e0a:	f1bc 0f00 	cmp.w	ip, #0
20000e0e:	d1f4      	bne.n	20000dfa <mutex_enter_blocking+0x12>
20000e10:	f3bf 8f5f 	dmb	sy
20000e14:	f990 2004 	ldrsb.w	r2, [r0, #4]
20000e18:	2a00      	cmp	r2, #0
20000e1a:	db1c      	blt.n	20000e56 <mutex_enter_blocking+0x6e>
20000e1c:	2100      	movs	r1, #0
20000e1e:	6802      	ldr	r2, [r0, #0]
20000e20:	e8c2 1f8f 	stlb	r1, [r2]
20000e24:	f383 8810 	msr	PRIMASK, r3
20000e28:	bf20      	wfe
20000e2a:	6802      	ldr	r2, [r0, #0]
20000e2c:	f3ef 8310 	mrs	r3, PRIMASK
20000e30:	b672      	cpsid	i
20000e32:	e8d2 efcf 	ldaexb	lr, [r2]
20000e36:	f05f 0c01 	movs.w	ip, #1
20000e3a:	f1be 0f00 	cmp.w	lr, #0
20000e3e:	d1f8      	bne.n	20000e32 <mutex_enter_blocking+0x4a>
20000e40:	e8c2 cf4e 	strexb	lr, ip, [r2]
20000e44:	f1be 0f00 	cmp.w	lr, #0
20000e48:	d1f3      	bne.n	20000e32 <mutex_enter_blocking+0x4a>
20000e4a:	f3bf 8f5f 	dmb	sy
20000e4e:	f990 2004 	ldrsb.w	r2, [r0, #4]
20000e52:	2a00      	cmp	r2, #0
20000e54:	dae3      	bge.n	20000e1e <mutex_enter_blocking+0x36>
20000e56:	2200      	movs	r2, #0
20000e58:	6801      	ldr	r1, [r0, #0]
20000e5a:	7104      	strb	r4, [r0, #4]
20000e5c:	e8c1 2f8f 	stlb	r2, [r1]
20000e60:	f383 8810 	msr	PRIMASK, r3
20000e64:	bd10      	pop	{r4, pc}
20000e66:	bf00      	nop

20000e68 <mutex_try_enter>:
20000e68:	4603      	mov	r3, r0
20000e6a:	b500      	push	{lr}
20000e6c:	6802      	ldr	r2, [r0, #0]
20000e6e:	f3ef 8c10 	mrs	ip, PRIMASK
20000e72:	b672      	cpsid	i
20000e74:	e8d2 efcf 	ldaexb	lr, [r2]
20000e78:	2001      	movs	r0, #1
20000e7a:	f1be 0f00 	cmp.w	lr, #0
20000e7e:	d1f9      	bne.n	20000e74 <mutex_try_enter+0xc>
20000e80:	e8c2 0f4e 	strexb	lr, r0, [r2]
20000e84:	f1be 0f00 	cmp.w	lr, #0
20000e88:	d1f4      	bne.n	20000e74 <mutex_try_enter+0xc>
20000e8a:	f3bf 8f5f 	dmb	sy
20000e8e:	f993 2004 	ldrsb.w	r2, [r3, #4]
20000e92:	2a00      	cmp	r2, #0
20000e94:	db0a      	blt.n	20000eac <mutex_try_enter+0x44>
20000e96:	b101      	cbz	r1, 20000e9a <mutex_try_enter+0x32>
20000e98:	600a      	str	r2, [r1, #0]
20000e9a:	2000      	movs	r0, #0
20000e9c:	2200      	movs	r2, #0
20000e9e:	681b      	ldr	r3, [r3, #0]
20000ea0:	e8c3 2f8f 	stlb	r2, [r3]
20000ea4:	f38c 8810 	msr	PRIMASK, ip
20000ea8:	f85d fb04 	ldr.w	pc, [sp], #4
20000eac:	f04f 4250 	mov.w	r2, #3489660928	@ 0xd0000000
20000eb0:	6812      	ldr	r2, [r2, #0]
20000eb2:	2001      	movs	r0, #1
20000eb4:	711a      	strb	r2, [r3, #4]
20000eb6:	e7f1      	b.n	20000e9c <mutex_try_enter+0x34>

20000eb8 <mutex_enter_block_until>:
20000eb8:	f04f 4150 	mov.w	r1, #3489660928	@ 0xd0000000
20000ebc:	e92d 41f0 	stmdb	sp!, {r4, r5, r6, r7, r8, lr}
20000ec0:	2700      	movs	r7, #0
20000ec2:	4604      	mov	r4, r0
20000ec4:	4616      	mov	r6, r2
20000ec6:	461d      	mov	r5, r3
20000ec8:	f8d1 8000 	ldr.w	r8, [r1]
20000ecc:	e008      	b.n	20000ee0 <mutex_enter_block_until+0x28>
20000ece:	e8c1 7f8f 	stlb	r7, [r1]
20000ed2:	f38c 8810 	msr	PRIMASK, ip
20000ed6:	4630      	mov	r0, r6
20000ed8:	4629      	mov	r1, r5
20000eda:	f000 fe65 	bl	20001ba8 <__best_effort_wfe_or_timeout_veneer>
20000ede:	b9e8      	cbnz	r0, 20000f1c <mutex_enter_block_until+0x64>
20000ee0:	6821      	ldr	r1, [r4, #0]
20000ee2:	f3ef 8c10 	mrs	ip, PRIMASK
20000ee6:	b672      	cpsid	i
20000ee8:	e8d1 2fcf 	ldaexb	r2, [r1]
20000eec:	2301      	movs	r3, #1
20000eee:	2a00      	cmp	r2, #0
20000ef0:	d1fa      	bne.n	20000ee8 <mutex_enter_block_until+0x30>
20000ef2:	e8c1 3f42 	strexb	r2, r3, [r1]
20000ef6:	2a00      	cmp	r2, #0
20000ef8:	d1f6      	bne.n	20000ee8 <mutex_enter_block_until+0x30>
20000efa:	f3bf 8f5f 	dmb	sy
20000efe:	f994 3004 	ldrsb.w	r3, [r4, #4]
20000f02:	6821      	ldr	r1, [r4, #0]
20000f04:	2b00      	cmp	r3, #0
20000f06:	dae2      	bge.n	20000ece <mutex_enter_block_until+0x16>
20000f08:	2300      	movs	r3, #0
20000f0a:	f884 8004 	strb.w	r8, [r4, #4]
20000f0e:	e8c1 3f8f 	stlb	r3, [r1]
20000f12:	f38c 8810 	msr	PRIMASK, ip
20000f16:	2001      	movs	r0, #1
20000f18:	e8bd 81f0 	ldmia.w	sp!, {r4, r5, r6, r7, r8, pc}
20000f1c:	2000      	movs	r0, #0
20000f1e:	e8bd 81f0 	ldmia.w	sp!, {r4, r5, r6, r7, r8, pc}
20000f22:	bf00      	nop

20000f24 <mutex_try_enter_block_until>:
20000f24:	b530      	push	{r4, r5, lr}
20000f26:	6804      	ldr	r4, [r0, #0]
20000f28:	f3ef 8c10 	mrs	ip, PRIMASK
20000f2c:	b672      	cpsid	i
20000f2e:	e8d4 efcf 	ldaexb	lr, [r4]
20000f32:	2501      	movs	r5, #1
20000f34:	f1be 0f00 	cmp.w	lr, #0
20000f38:	d1f9      	bne.n	20000f2e <mutex_try_enter_block_until+0xa>
20000f3a:	e8c4 5f4e 	strexb	lr, r5, [r4]
20000f3e:	f1be 0f00 	cmp.w	lr, #0
20000f42:	d1f4      	bne.n	20000f2e <mutex_try_enter_block_until+0xa>
20000f44:	f3bf 8f5f 	dmb	sy
20000f48:	f990 4004 	ldrsb.w	r4, [r0, #4]
20000f4c:	6805      	ldr	r5, [r0, #0]
20000f4e:	2c00      	cmp	r4, #0
20000f50:	db10      	blt.n	20000f74 <mutex_try_enter_block_until+0x50>
20000f52:	2100      	movs	r1, #0
20000f54:	e8c5 1f8f 	stlb	r1, [r5]
20000f58:	f38c 8810 	msr	PRIMASK, ip
20000f5c:	f04f 4550 	mov.w	r5, #3489660928	@ 0xd0000000
20000f60:	f995 5000 	ldrsb.w	r5, [r5]
20000f64:	42a5      	cmp	r5, r4
20000f66:	d101      	bne.n	20000f6c <mutex_try_enter_block_until+0x48>
20000f68:	4608      	mov	r0, r1
20000f6a:	bd30      	pop	{r4, r5, pc}
20000f6c:	e8bd 4030 	ldmia.w	sp!, {r4, r5, lr}
20000f70:	f7ff bfa2 	b.w	20000eb8 <mutex_enter_block_until>
20000f74:	f04f 4250 	mov.w	r2, #3489660928	@ 0xd0000000
20000f78:	6812      	ldr	r2, [r2, #0]
20000f7a:	2300      	movs	r3, #0
20000f7c:	7102      	strb	r2, [r0, #4]
20000f7e:	e8c5 3f8f 	stlb	r3, [r5]
20000f82:	f38c 8810 	msr	PRIMASK, ip
20000f86:	2001      	movs	r0, #1
20000f88:	bd30      	pop	{r4, r5, pc}
20000f8a:	bf00      	nop

20000f8c <mutex_enter_timeout_ms>:
20000f8c:	b570      	push	{r4, r5, r6, lr}
20000f8e:	4605      	mov	r5, r0
20000f90:	460c      	mov	r4, r1
20000f92:	f000 fded 	bl	20001b70 <__time_us_64_veneer>
20000f96:	4602      	mov	r2, r0
20000f98:	460b      	mov	r3, r1
20000f9a:	f44f 707a 	mov.w	r0, #1000	@ 0x3e8
20000f9e:	f04f 3eff 	mov.w	lr, #4294967295	@ 0xffffffff
20000fa2:	f06f 4c00 	mvn.w	ip, #2147483648	@ 0x80000000
20000fa6:	fbe4 2300 	umlal	r2, r3, r4, r0
20000faa:	4596      	cmp	lr, r2
20000fac:	eb7c 0103 	sbcs.w	r1, ip, r3
20000fb0:	bf38      	it	cc
20000fb2:	4672      	movcc	r2, lr
20000fb4:	4628      	mov	r0, r5
20000fb6:	e8bd 4070 	ldmia.w	sp!, {r4, r5, r6, lr}
20000fba:	bf38      	it	cc
20000fbc:	4663      	movcc	r3, ip
20000fbe:	f7ff bf7b 	b.w	20000eb8 <mutex_enter_block_until>
20000fc2:	bf00      	nop

20000fc4 <mutex_exit>:
20000fc4:	6803      	ldr	r3, [r0, #0]
20000fc6:	f3ef 8210 	mrs	r2, PRIMASK
20000fca:	b672      	cpsid	i
20000fcc:	e8d3 cfcf 	ldaexb	ip, [r3]
20000fd0:	2101      	movs	r1, #1
20000fd2:	f1bc 0f00 	cmp.w	ip, #0
20000fd6:	d1f9      	bne.n	20000fcc <mutex_exit+0x8>
20000fd8:	e8c3 1f4c 	strexb	ip, r1, [r3]
20000fdc:	f1bc 0f00 	cmp.w	ip, #0
20000fe0:	d1f4      	bne.n	20000fcc <mutex_exit+0x8>
20000fe2:	f3bf 8f5f 	dmb	sy
20000fe6:	f04f 0cff 	mov.w	ip, #255	@ 0xff
20000fea:	2300      	movs	r3, #0
20000fec:	6801      	ldr	r1, [r0, #0]
20000fee:	f880 c004 	strb.w	ip, [r0, #4]
20000ff2:	e8c1 3f8f 	stlb	r3, [r1]
20000ff6:	f382 8810 	msr	PRIMASK, r2
20000ffa:	bf40      	sev
20000ffc:	4770      	bx	lr
20000ffe:	bf00      	nop

20001000 <reset_non_control_endpoints>:
20001000:	2100      	movs	r1, #0
20001002:	b508      	push	{r3, lr}
20001004:	4b13      	ldr	r3, [pc, #76]	@ (20001054 <reset_non_control_endpoints+0x54>)
20001006:	f44f 7270 	mov.w	r2, #960	@ 0x3c0
2000100a:	6099      	str	r1, [r3, #8]
2000100c:	4812      	ldr	r0, [pc, #72]	@ (20001058 <reset_non_control_endpoints+0x58>)
2000100e:	60d9      	str	r1, [r3, #12]
20001010:	6119      	str	r1, [r3, #16]
20001012:	6159      	str	r1, [r3, #20]
20001014:	6199      	str	r1, [r3, #24]
20001016:	61d9      	str	r1, [r3, #28]
20001018:	6219      	str	r1, [r3, #32]
2000101a:	6259      	str	r1, [r3, #36]	@ 0x24
2000101c:	6299      	str	r1, [r3, #40]	@ 0x28
2000101e:	62d9      	str	r1, [r3, #44]	@ 0x2c
20001020:	6319      	str	r1, [r3, #48]	@ 0x30
20001022:	6359      	str	r1, [r3, #52]	@ 0x34
20001024:	6399      	str	r1, [r3, #56]	@ 0x38
20001026:	63d9      	str	r1, [r3, #60]	@ 0x3c
20001028:	6419      	str	r1, [r3, #64]	@ 0x40
2000102a:	6459      	str	r1, [r3, #68]	@ 0x44
2000102c:	6499      	str	r1, [r3, #72]	@ 0x48
2000102e:	64d9      	str	r1, [r3, #76]	@ 0x4c
20001030:	6519      	str	r1, [r3, #80]	@ 0x50
20001032:	6559      	str	r1, [r3, #84]	@ 0x54
20001034:	6599      	str	r1, [r3, #88]	@ 0x58
20001036:	65d9      	str	r1, [r3, #92]	@ 0x5c
20001038:	6619      	str	r1, [r3, #96]	@ 0x60
2000103a:	6659      	str	r1, [r3, #100]	@ 0x64
2000103c:	6699      	str	r1, [r3, #104]	@ 0x68
2000103e:	66d9      	str	r1, [r3, #108]	@ 0x6c
20001040:	6719      	str	r1, [r3, #112]	@ 0x70
20001042:	6759      	str	r1, [r3, #116]	@ 0x74
20001044:	6799      	str	r1, [r3, #120]	@ 0x78
20001046:	67d9      	str	r1, [r3, #124]	@ 0x7c
20001048:	f000 fd8a 	bl	20001b60 <__memset_veneer>
2000104c:	4b03      	ldr	r3, [pc, #12]	@ (2000105c <reset_non_control_endpoints+0x5c>)
2000104e:	4a04      	ldr	r2, [pc, #16]	@ (20001060 <reset_non_control_endpoints+0x60>)
20001050:	601a      	str	r2, [r3, #0]
20001052:	bd08      	pop	{r3, pc}
20001054:	50100000 	.word	0x50100000
20001058:	20002ba8 	.word	0x20002ba8
2000105c:	20002f74 	.word	0x20002f74
20001060:	50100180 	.word	0x50100180

20001064 <hw_handle_buff_status>:
20001064:	e92d 4ff0 	stmdb	sp!, {r4, r5, r6, r7, r8, r9, sl, fp, lr}
20001068:	4b1f      	ldr	r3, [pc, #124]	@ (200010e8 <hw_handle_buff_status+0x84>)
2000106a:	b085      	sub	sp, #20
2000106c:	f8d3 a058 	ldr.w	sl, [r3, #88]	@ 0x58
20001070:	f1ba 0f00 	cmp.w	sl, #0
20001074:	d022      	beq.n	200010bc <hw_handle_buff_status+0x58>
20001076:	2400      	movs	r4, #0
20001078:	2501      	movs	r5, #1
2000107a:	f44f 69e0 	mov.w	r9, #1792	@ 0x700
2000107e:	f8df 8070 	ldr.w	r8, [pc, #112]	@ 200010f0 <hw_handle_buff_status+0x8c>
20001082:	4f1a      	ldr	r7, [pc, #104]	@ (200010ec <hw_handle_buff_status+0x88>)
20001084:	e001      	b.n	2000108a <hw_handle_buff_status+0x26>
20001086:	2c20      	cmp	r4, #32
20001088:	d018      	beq.n	200010bc <hw_handle_buff_status+0x58>
2000108a:	ea0a 0205 	and.w	r2, sl, r5
2000108e:	1c61      	adds	r1, r4, #1
20001090:	4623      	mov	r3, r4
20001092:	46ab      	mov	fp, r5
20001094:	b2cc      	uxtb	r4, r1
20001096:	006d      	lsls	r5, r5, #1
20001098:	2a00      	cmp	r2, #0
2000109a:	d0f4      	beq.n	20001086 <hw_handle_buff_status+0x22>
2000109c:	f004 0201 	and.w	r2, r4, #1
200010a0:	f003 06fe 	and.w	r6, r3, #254	@ 0xfe
200010a4:	4416      	add	r6, r2
200010a6:	eb07 1646 	add.w	r6, r7, r6, lsl #5
200010aa:	4630      	mov	r0, r6
200010ac:	f8c8 b058 	str.w	fp, [r8, #88]	@ 0x58
200010b0:	f000 fc0a 	bl	200018c8 <hw_endpoint_xfer_continue>
200010b4:	b928      	cbnz	r0, 200010c2 <hw_handle_buff_status+0x5e>
200010b6:	ea3a 0a0b 	bics.w	sl, sl, fp
200010ba:	d1e4      	bne.n	20001086 <hw_handle_buff_status+0x22>
200010bc:	b005      	add	sp, #20
200010be:	e8bd 8ff0 	ldmia.w	sp!, {r4, r5, r6, r7, r8, r9, sl, fp, pc}
200010c2:	2300      	movs	r3, #0
200010c4:	f88d 3009 	strb.w	r3, [sp, #9]
200010c8:	78b3      	ldrb	r3, [r6, #2]
200010ca:	a801      	add	r0, sp, #4
200010cc:	f88d 3008 	strb.w	r3, [sp, #8]
200010d0:	8af3      	ldrh	r3, [r6, #22]
200010d2:	2101      	movs	r1, #1
200010d4:	f8ad 9004 	strh.w	r9, [sp, #4]
200010d8:	9303      	str	r3, [sp, #12]
200010da:	f000 fc13 	bl	20001904 <dcd_event_handler>
200010de:	4630      	mov	r0, r6
200010e0:	f000 fb98 	bl	20001814 <hw_endpoint_reset_transfer>
200010e4:	e7e7      	b.n	200010b6 <hw_handle_buff_status+0x52>
200010e6:	bf00      	nop
200010e8:	50110000 	.word	0x50110000
200010ec:	20002b68 	.word	0x20002b68
200010f0:	50113000 	.word	0x50113000

200010f4 <dcd_rp2040_irq>:
200010f4:	b5f0      	push	{r4, r5, r6, r7, lr}
200010f6:	4bbb      	ldr	r3, [pc, #748]	@ (200013e4 <dcd_rp2040_irq+0x2f0>)
200010f8:	b085      	sub	sp, #20
200010fa:	f8d3 5098 	ldr.w	r5, [r3, #152]	@ 0x98
200010fe:	f415 3600 	ands.w	r6, r5, #131072	@ 0x20000
20001102:	d074      	beq.n	200011ee <dcd_rp2040_irq+0xfa>
20001104:	4bb8      	ldr	r3, [pc, #736]	@ (200013e8 <dcd_rp2040_irq+0x2f4>)
20001106:	4cb9      	ldr	r4, [pc, #740]	@ (200013ec <dcd_rp2040_irq+0x2f8>)
20001108:	6a99      	ldr	r1, [r3, #40]	@ 0x28
2000110a:	f894 303b 	ldrb.w	r3, [r4, #59]	@ 0x3b
2000110e:	4ab8      	ldr	r2, [pc, #736]	@ (200013f0 <dcd_rp2040_irq+0x2fc>)
20001110:	2b02      	cmp	r3, #2
20001112:	6011      	str	r1, [r2, #0]
20001114:	f000 80d4 	beq.w	200012c0 <dcd_rp2040_irq+0x1cc>
20001118:	2600      	movs	r6, #0
2000111a:	f894 307b 	ldrb.w	r3, [r4, #123]	@ 0x7b
2000111e:	2b02      	cmp	r3, #2
20001120:	f000 813b 	beq.w	2000139a <dcd_rp2040_irq+0x2a6>
20001124:	f894 30bb 	ldrb.w	r3, [r4, #187]	@ 0xbb
20001128:	2b02      	cmp	r3, #2
2000112a:	f000 817d 	beq.w	20001428 <dcd_rp2040_irq+0x334>
2000112e:	f894 30fb 	ldrb.w	r3, [r4, #251]	@ 0xfb
20001132:	2b02      	cmp	r3, #2
20001134:	f000 816c 	beq.w	20001410 <dcd_rp2040_irq+0x31c>
20001138:	f894 313b 	ldrb.w	r3, [r4, #315]	@ 0x13b
2000113c:	2b02      	cmp	r3, #2
2000113e:	f000 8144 	beq.w	200013ca <dcd_rp2040_irq+0x2d6>
20001142:	f894 317b 	ldrb.w	r3, [r4, #379]	@ 0x17b
20001146:	2b02      	cmp	r3, #2
20001148:	f000 8133 	beq.w	200013b2 <dcd_rp2040_irq+0x2be>
2000114c:	f894 31bb 	ldrb.w	r3, [r4, #443]	@ 0x1bb
20001150:	2b02      	cmp	r3, #2
20001152:	f000 81b6 	beq.w	200014c2 <dcd_rp2040_irq+0x3ce>
20001156:	f894 31fb 	ldrb.w	r3, [r4, #507]	@ 0x1fb
2000115a:	2b02      	cmp	r3, #2
2000115c:	f000 81a6 	beq.w	200014ac <dcd_rp2040_irq+0x3b8>
20001160:	f894 323b 	ldrb.w	r3, [r4, #571]	@ 0x23b
20001164:	2b02      	cmp	r3, #2
20001166:	f000 8196 	beq.w	20001496 <dcd_rp2040_irq+0x3a2>
2000116a:	f894 327b 	ldrb.w	r3, [r4, #635]	@ 0x27b
2000116e:	2b02      	cmp	r3, #2
20001170:	f000 8186 	beq.w	20001480 <dcd_rp2040_irq+0x38c>
20001174:	f894 32bb 	ldrb.w	r3, [r4, #699]	@ 0x2bb
20001178:	2b02      	cmp	r3, #2
2000117a:	f000 8176 	beq.w	2000146a <dcd_rp2040_irq+0x376>
2000117e:	f894 32fb 	ldrb.w	r3, [r4, #763]	@ 0x2fb
20001182:	2b02      	cmp	r3, #2
20001184:	f000 8166 	beq.w	20001454 <dcd_rp2040_irq+0x360>
20001188:	f894 333b 	ldrb.w	r3, [r4, #827]	@ 0x33b
2000118c:	2b02      	cmp	r3, #2
2000118e:	f000 8156 	beq.w	2000143e <dcd_rp2040_irq+0x34a>
20001192:	f894 337b 	ldrb.w	r3, [r4, #891]	@ 0x37b
20001196:	2b02      	cmp	r3, #2
20001198:	f000 80a4 	beq.w	200012e4 <dcd_rp2040_irq+0x1f0>
2000119c:	f894 33bb 	ldrb.w	r3, [r4, #955]	@ 0x3bb
200011a0:	2b02      	cmp	r3, #2
200011a2:	f000 8199 	beq.w	200014d8 <dcd_rp2040_irq+0x3e4>
200011a6:	f894 33fb 	ldrb.w	r3, [r4, #1019]	@ 0x3fb
200011aa:	2b02      	cmp	r3, #2
200011ac:	f000 80b4 	beq.w	20001318 <dcd_rp2040_irq+0x224>
200011b0:	b93e      	cbnz	r6, 200011c2 <dcd_rp2040_irq+0xce>
200011b2:	4b90      	ldr	r3, [pc, #576]	@ (200013f4 <dcd_rp2040_irq+0x300>)
200011b4:	781b      	ldrb	r3, [r3, #0]
200011b6:	b923      	cbnz	r3, 200011c2 <dcd_rp2040_irq+0xce>
200011b8:	f44f 3200 	mov.w	r2, #131072	@ 0x20000
200011bc:	4b8e      	ldr	r3, [pc, #568]	@ (200013f8 <dcd_rp2040_irq+0x304>)
200011be:	f8c3 2090 	str.w	r2, [r3, #144]	@ 0x90
200011c2:	f44f 7240 	mov.w	r2, #768	@ 0x300
200011c6:	4b87      	ldr	r3, [pc, #540]	@ (200013e4 <dcd_rp2040_irq+0x2f0>)
200011c8:	2101      	movs	r1, #1
200011ca:	6c9b      	ldr	r3, [r3, #72]	@ 0x48
200011cc:	a801      	add	r0, sp, #4
200011ce:	f3c3 030a 	ubfx	r3, r3, #0, #11
200011d2:	f8ad 2004 	strh.w	r2, [sp, #4]
200011d6:	9302      	str	r3, [sp, #8]
200011d8:	f000 fb94 	bl	20001904 <dcd_event_handler>
200011dc:	06ea      	lsls	r2, r5, #27
200011de:	f44f 3600 	mov.w	r6, #131072	@ 0x20000
200011e2:	4c86      	ldr	r4, [pc, #536]	@ (200013fc <dcd_rp2040_irq+0x308>)
200011e4:	d507      	bpl.n	200011f6 <dcd_rp2040_irq+0x102>
200011e6:	f7ff ff3d 	bl	20001064 <hw_handle_buff_status>
200011ea:	4626      	mov	r6, r4
200011ec:	e003      	b.n	200011f6 <dcd_rp2040_irq+0x102>
200011ee:	06ea      	lsls	r2, r5, #27
200011f0:	f04f 0410 	mov.w	r4, #16
200011f4:	d4f7      	bmi.n	200011e6 <dcd_rp2040_irq+0xf2>
200011f6:	03eb      	lsls	r3, r5, #15
200011f8:	d522      	bpl.n	20001240 <dcd_rp2040_irq+0x14c>
200011fa:	4c7c      	ldr	r4, [pc, #496]	@ (200013ec <dcd_rp2040_irq+0x2f8>)
200011fc:	f446 3680 	orr.w	r6, r6, #65536	@ 0x10000
20001200:	7ea3      	ldrb	r3, [r4, #26]
20001202:	2b00      	cmp	r3, #0
20001204:	f040 8099 	bne.w	2000133a <dcd_rp2040_irq+0x246>
20001208:	2301      	movs	r3, #1
2000120a:	f894 203a 	ldrb.w	r2, [r4, #58]	@ 0x3a
2000120e:	70e3      	strb	r3, [r4, #3]
20001210:	2a00      	cmp	r2, #0
20001212:	f040 80ad 	bne.w	20001370 <dcd_rp2040_irq+0x27c>
20001216:	2301      	movs	r3, #1
20001218:	f44f 61c0 	mov.w	r1, #1536	@ 0x600
2000121c:	4a78      	ldr	r2, [pc, #480]	@ (20001400 <dcd_rp2040_irq+0x30c>)
2000121e:	f884 3023 	strb.w	r3, [r4, #35]	@ 0x23
20001222:	f8ad 1004 	strh.w	r1, [sp, #4]
20001226:	e892 0003 	ldmia.w	r2, {r0, r1}
2000122a:	aa04      	add	r2, sp, #16
2000122c:	e902 0003 	stmdb	r2, {r0, r1}
20001230:	4619      	mov	r1, r3
20001232:	a801      	add	r0, sp, #4
20001234:	f000 fb66 	bl	20001904 <dcd_event_handler>
20001238:	f44f 3200 	mov.w	r2, #131072	@ 0x20000
2000123c:	4b6e      	ldr	r3, [pc, #440]	@ (200013f8 <dcd_rp2040_irq+0x304>)
2000123e:	651a      	str	r2, [r3, #80]	@ 0x50
20001240:	04e9      	lsls	r1, r5, #19
20001242:	d408      	bmi.n	20001256 <dcd_rp2040_irq+0x162>
20001244:	046a      	lsls	r2, r5, #17
20001246:	d41d      	bmi.n	20001284 <dcd_rp2040_irq+0x190>
20001248:	042b      	lsls	r3, r5, #16
2000124a:	d42a      	bmi.n	200012a2 <dcd_rp2040_irq+0x1ae>
2000124c:	42ae      	cmp	r6, r5
2000124e:	f040 81c5 	bne.w	200015dc <dcd_rp2040_irq+0x4e8>
20001252:	b005      	add	sp, #20
20001254:	bdf0      	pop	{r4, r5, r6, r7, pc}
20001256:	2400      	movs	r4, #0
20001258:	4b62      	ldr	r3, [pc, #392]	@ (200013e4 <dcd_rp2040_irq+0x2f0>)
2000125a:	f446 5680 	orr.w	r6, r6, #4096	@ 0x1000
2000125e:	601c      	str	r4, [r3, #0]
20001260:	f7ff fece 	bl	20001000 <reset_non_control_endpoints>
20001264:	f44f 7380 	mov.w	r3, #256	@ 0x100
20001268:	2101      	movs	r1, #1
2000126a:	a801      	add	r0, sp, #4
2000126c:	f8ad 3004 	strh.w	r3, [sp, #4]
20001270:	f88d 4008 	strb.w	r4, [sp, #8]
20001274:	f000 fb46 	bl	20001904 <dcd_event_handler>
20001278:	f44f 2200 	mov.w	r2, #524288	@ 0x80000
2000127c:	4b5e      	ldr	r3, [pc, #376]	@ (200013f8 <dcd_rp2040_irq+0x304>)
2000127e:	651a      	str	r2, [r3, #80]	@ 0x50
20001280:	046a      	lsls	r2, r5, #17
20001282:	d5e1      	bpl.n	20001248 <dcd_rp2040_irq+0x154>
20001284:	f44f 6380 	mov.w	r3, #1024	@ 0x400
20001288:	2101      	movs	r1, #1
2000128a:	a801      	add	r0, sp, #4
2000128c:	f8ad 3004 	strh.w	r3, [sp, #4]
20001290:	f000 fb38 	bl	20001904 <dcd_event_handler>
20001294:	2210      	movs	r2, #16
20001296:	4b58      	ldr	r3, [pc, #352]	@ (200013f8 <dcd_rp2040_irq+0x304>)
20001298:	f446 4680 	orr.w	r6, r6, #16384	@ 0x4000
2000129c:	651a      	str	r2, [r3, #80]	@ 0x50
2000129e:	042b      	lsls	r3, r5, #16
200012a0:	d5d4      	bpl.n	2000124c <dcd_rp2040_irq+0x158>
200012a2:	f44f 63a0 	mov.w	r3, #1280	@ 0x500
200012a6:	2101      	movs	r1, #1
200012a8:	a801      	add	r0, sp, #4
200012aa:	f8ad 3004 	strh.w	r3, [sp, #4]
200012ae:	f000 fb29 	bl	20001904 <dcd_event_handler>
200012b2:	f44f 6200 	mov.w	r2, #2048	@ 0x800
200012b6:	4b50      	ldr	r3, [pc, #320]	@ (200013f8 <dcd_rp2040_irq+0x304>)
200012b8:	f446 4600 	orr.w	r6, r6, #32768	@ 0x8000
200012bc:	651a      	str	r2, [r3, #80]	@ 0x50
200012be:	e7c5      	b.n	2000124c <dcd_rp2040_irq+0x158>
200012c0:	f894 603a 	ldrb.w	r6, [r4, #58]	@ 0x3a
200012c4:	2e00      	cmp	r6, #0
200012c6:	f43f af28 	beq.w	2000111a <dcd_rp2040_irq+0x26>
200012ca:	f894 303c 	ldrb.w	r3, [r4, #60]	@ 0x3c
200012ce:	2b00      	cmp	r3, #0
200012d0:	f43f af23 	beq.w	2000111a <dcd_rp2040_irq+0x26>
200012d4:	2300      	movs	r3, #0
200012d6:	f104 0020 	add.w	r0, r4, #32
200012da:	f884 303c 	strb.w	r3, [r4, #60]	@ 0x3c
200012de:	f000 fac1 	bl	20001864 <hw_endpoint_start_next_buffer>
200012e2:	e71a      	b.n	2000111a <dcd_rp2040_irq+0x26>
200012e4:	f894 737a 	ldrb.w	r7, [r4, #890]	@ 0x37a
200012e8:	2f00      	cmp	r7, #0
200012ea:	f43f af57 	beq.w	2000119c <dcd_rp2040_irq+0xa8>
200012ee:	f894 337c 	ldrb.w	r3, [r4, #892]	@ 0x37c
200012f2:	2b00      	cmp	r3, #0
200012f4:	f040 8164 	bne.w	200015c0 <dcd_rp2040_irq+0x4cc>
200012f8:	f894 33bb 	ldrb.w	r3, [r4, #955]	@ 0x3bb
200012fc:	2b02      	cmp	r3, #2
200012fe:	f040 80f4 	bne.w	200014ea <dcd_rp2040_irq+0x3f6>
20001302:	f894 33ba 	ldrb.w	r3, [r4, #954]	@ 0x3ba
20001306:	2b00      	cmp	r3, #0
20001308:	f040 80eb 	bne.w	200014e2 <dcd_rp2040_irq+0x3ee>
2000130c:	f894 33fb 	ldrb.w	r3, [r4, #1019]	@ 0x3fb
20001310:	2b02      	cmp	r3, #2
20001312:	f47f af56 	bne.w	200011c2 <dcd_rp2040_irq+0xce>
20001316:	463e      	mov	r6, r7
20001318:	f894 33fa 	ldrb.w	r3, [r4, #1018]	@ 0x3fa
2000131c:	2b00      	cmp	r3, #0
2000131e:	f43f af47 	beq.w	200011b0 <dcd_rp2040_irq+0xbc>
20001322:	f894 33fc 	ldrb.w	r3, [r4, #1020]	@ 0x3fc
20001326:	2b00      	cmp	r3, #0
20001328:	f43f af4b 	beq.w	200011c2 <dcd_rp2040_irq+0xce>
2000132c:	2300      	movs	r3, #0
2000132e:	4835      	ldr	r0, [pc, #212]	@ (20001404 <dcd_rp2040_irq+0x310>)
20001330:	f884 33fc 	strb.w	r3, [r4, #1020]	@ 0x3fc
20001334:	f000 fa96 	bl	20001864 <hw_endpoint_start_next_buffer>
20001338:	e743      	b.n	200011c2 <dcd_rp2040_irq+0xce>
2000133a:	2102      	movs	r1, #2
2000133c:	4b32      	ldr	r3, [pc, #200]	@ (20001408 <dcd_rp2040_irq+0x314>)
2000133e:	4a29      	ldr	r2, [pc, #164]	@ (200013e4 <dcd_rp2040_irq+0x2f0>)
20001340:	6619      	str	r1, [r3, #96]	@ 0x60
20001342:	6e53      	ldr	r3, [r2, #100]	@ 0x64
20001344:	079f      	lsls	r7, r3, #30
20001346:	d5fc      	bpl.n	20001342 <dcd_rp2040_irq+0x24e>
20001348:	f44f 5240 	mov.w	r2, #12288	@ 0x3000
2000134c:	2100      	movs	r1, #0
2000134e:	4827      	ldr	r0, [pc, #156]	@ (200013ec <dcd_rp2040_irq+0x2f8>)
20001350:	f000 fa66 	bl	20001820 <_hw_endpoint_buffer_control_update32>
20001354:	4825      	ldr	r0, [pc, #148]	@ (200013ec <dcd_rp2040_irq+0x2f8>)
20001356:	f000 fa5d 	bl	20001814 <hw_endpoint_reset_transfer>
2000135a:	2202      	movs	r2, #2
2000135c:	4b26      	ldr	r3, [pc, #152]	@ (200013f8 <dcd_rp2040_irq+0x304>)
2000135e:	665a      	str	r2, [r3, #100]	@ 0x64
20001360:	661a      	str	r2, [r3, #96]	@ 0x60
20001362:	2301      	movs	r3, #1
20001364:	f894 203a 	ldrb.w	r2, [r4, #58]	@ 0x3a
20001368:	70e3      	strb	r3, [r4, #3]
2000136a:	2a00      	cmp	r2, #0
2000136c:	f43f af53 	beq.w	20001216 <dcd_rp2040_irq+0x122>
20001370:	4a25      	ldr	r2, [pc, #148]	@ (20001408 <dcd_rp2040_irq+0x314>)
20001372:	6613      	str	r3, [r2, #96]	@ 0x60
20001374:	f5a2 5200 	sub.w	r2, r2, #8192	@ 0x2000
20001378:	6e53      	ldr	r3, [r2, #100]	@ 0x64
2000137a:	07d8      	lsls	r0, r3, #31
2000137c:	d5fc      	bpl.n	20001378 <dcd_rp2040_irq+0x284>
2000137e:	f44f 5240 	mov.w	r2, #12288	@ 0x3000
20001382:	2100      	movs	r1, #0
20001384:	4821      	ldr	r0, [pc, #132]	@ (2000140c <dcd_rp2040_irq+0x318>)
20001386:	f000 fa4b 	bl	20001820 <_hw_endpoint_buffer_control_update32>
2000138a:	4820      	ldr	r0, [pc, #128]	@ (2000140c <dcd_rp2040_irq+0x318>)
2000138c:	f000 fa42 	bl	20001814 <hw_endpoint_reset_transfer>
20001390:	2201      	movs	r2, #1
20001392:	4b19      	ldr	r3, [pc, #100]	@ (200013f8 <dcd_rp2040_irq+0x304>)
20001394:	665a      	str	r2, [r3, #100]	@ 0x64
20001396:	661a      	str	r2, [r3, #96]	@ 0x60
20001398:	e73d      	b.n	20001216 <dcd_rp2040_irq+0x122>
2000139a:	f894 707a 	ldrb.w	r7, [r4, #122]	@ 0x7a
2000139e:	2f00      	cmp	r7, #0
200013a0:	f43f aec0 	beq.w	20001124 <dcd_rp2040_irq+0x30>
200013a4:	f894 307c 	ldrb.w	r3, [r4, #124]	@ 0x7c
200013a8:	2b00      	cmp	r3, #0
200013aa:	f040 8101 	bne.w	200015b0 <dcd_rp2040_irq+0x4bc>
200013ae:	463e      	mov	r6, r7
200013b0:	e6b8      	b.n	20001124 <dcd_rp2040_irq+0x30>
200013b2:	f894 717a 	ldrb.w	r7, [r4, #378]	@ 0x17a
200013b6:	2f00      	cmp	r7, #0
200013b8:	f43f aec8 	beq.w	2000114c <dcd_rp2040_irq+0x58>
200013bc:	f894 317c 	ldrb.w	r3, [r4, #380]	@ 0x17c
200013c0:	2b00      	cmp	r3, #0
200013c2:	f040 80ed 	bne.w	200015a0 <dcd_rp2040_irq+0x4ac>
200013c6:	463e      	mov	r6, r7
200013c8:	e6c0      	b.n	2000114c <dcd_rp2040_irq+0x58>
200013ca:	f894 713a 	ldrb.w	r7, [r4, #314]	@ 0x13a
200013ce:	2f00      	cmp	r7, #0
200013d0:	f43f aeb7 	beq.w	20001142 <dcd_rp2040_irq+0x4e>
200013d4:	f894 313c 	ldrb.w	r3, [r4, #316]	@ 0x13c
200013d8:	2b00      	cmp	r3, #0
200013da:	f040 80d9 	bne.w	20001590 <dcd_rp2040_irq+0x49c>
200013de:	463e      	mov	r6, r7
200013e0:	e6af      	b.n	20001142 <dcd_rp2040_irq+0x4e>
200013e2:	bf00      	nop
200013e4:	50110000 	.word	0x50110000
200013e8:	400b0000 	.word	0x400b0000
200013ec:	20002b68 	.word	0x20002b68
200013f0:	20002b50 	.word	0x20002b50
200013f4:	20028815 	.word	0x20028815
200013f8:	50113000 	.word	0x50113000
200013fc:	00020010 	.word	0x00020010
20001400:	50100000 	.word	0x50100000
20001404:	20002f48 	.word	0x20002f48
20001408:	50112000 	.word	0x50112000
2000140c:	20002b88 	.word	0x20002b88
20001410:	f894 70fa 	ldrb.w	r7, [r4, #250]	@ 0xfa
20001414:	2f00      	cmp	r7, #0
20001416:	f43f ae8f 	beq.w	20001138 <dcd_rp2040_irq+0x44>
2000141a:	f894 30fc 	ldrb.w	r3, [r4, #252]	@ 0xfc
2000141e:	2b00      	cmp	r3, #0
20001420:	f040 808e 	bne.w	20001540 <dcd_rp2040_irq+0x44c>
20001424:	463e      	mov	r6, r7
20001426:	e687      	b.n	20001138 <dcd_rp2040_irq+0x44>
20001428:	f894 70ba 	ldrb.w	r7, [r4, #186]	@ 0xba
2000142c:	2f00      	cmp	r7, #0
2000142e:	f43f ae7e 	beq.w	2000112e <dcd_rp2040_irq+0x3a>
20001432:	f894 30bc 	ldrb.w	r3, [r4, #188]	@ 0xbc
20001436:	2b00      	cmp	r3, #0
20001438:	d17a      	bne.n	20001530 <dcd_rp2040_irq+0x43c>
2000143a:	463e      	mov	r6, r7
2000143c:	e677      	b.n	2000112e <dcd_rp2040_irq+0x3a>
2000143e:	f894 733a 	ldrb.w	r7, [r4, #826]	@ 0x33a
20001442:	2f00      	cmp	r7, #0
20001444:	f43f aea5 	beq.w	20001192 <dcd_rp2040_irq+0x9e>
20001448:	f894 333c 	ldrb.w	r3, [r4, #828]	@ 0x33c
2000144c:	2b00      	cmp	r3, #0
2000144e:	d157      	bne.n	20001500 <dcd_rp2040_irq+0x40c>
20001450:	463e      	mov	r6, r7
20001452:	e69e      	b.n	20001192 <dcd_rp2040_irq+0x9e>
20001454:	f894 72fa 	ldrb.w	r7, [r4, #762]	@ 0x2fa
20001458:	2f00      	cmp	r7, #0
2000145a:	f43f ae95 	beq.w	20001188 <dcd_rp2040_irq+0x94>
2000145e:	f894 32fc 	ldrb.w	r3, [r4, #764]	@ 0x2fc
20001462:	2b00      	cmp	r3, #0
20001464:	d15c      	bne.n	20001520 <dcd_rp2040_irq+0x42c>
20001466:	463e      	mov	r6, r7
20001468:	e68e      	b.n	20001188 <dcd_rp2040_irq+0x94>
2000146a:	f894 72ba 	ldrb.w	r7, [r4, #698]	@ 0x2ba
2000146e:	2f00      	cmp	r7, #0
20001470:	f43f ae85 	beq.w	2000117e <dcd_rp2040_irq+0x8a>
20001474:	f894 32bc 	ldrb.w	r3, [r4, #700]	@ 0x2bc
20001478:	2b00      	cmp	r3, #0
2000147a:	d149      	bne.n	20001510 <dcd_rp2040_irq+0x41c>
2000147c:	463e      	mov	r6, r7
2000147e:	e67e      	b.n	2000117e <dcd_rp2040_irq+0x8a>
20001480:	f894 727a 	ldrb.w	r7, [r4, #634]	@ 0x27a
20001484:	2f00      	cmp	r7, #0
20001486:	f43f ae75 	beq.w	20001174 <dcd_rp2040_irq+0x80>
2000148a:	f894 327c 	ldrb.w	r3, [r4, #636]	@ 0x27c
2000148e:	2b00      	cmp	r3, #0
20001490:	d176      	bne.n	20001580 <dcd_rp2040_irq+0x48c>
20001492:	463e      	mov	r6, r7
20001494:	e66e      	b.n	20001174 <dcd_rp2040_irq+0x80>
20001496:	f894 723a 	ldrb.w	r7, [r4, #570]	@ 0x23a
2000149a:	2f00      	cmp	r7, #0
2000149c:	f43f ae65 	beq.w	2000116a <dcd_rp2040_irq+0x76>
200014a0:	f894 323c 	ldrb.w	r3, [r4, #572]	@ 0x23c
200014a4:	2b00      	cmp	r3, #0
200014a6:	d163      	bne.n	20001570 <dcd_rp2040_irq+0x47c>
200014a8:	463e      	mov	r6, r7
200014aa:	e65e      	b.n	2000116a <dcd_rp2040_irq+0x76>
200014ac:	f894 71fa 	ldrb.w	r7, [r4, #506]	@ 0x1fa
200014b0:	2f00      	cmp	r7, #0
200014b2:	f43f ae55 	beq.w	20001160 <dcd_rp2040_irq+0x6c>
200014b6:	f894 31fc 	ldrb.w	r3, [r4, #508]	@ 0x1fc
200014ba:	2b00      	cmp	r3, #0
200014bc:	d150      	bne.n	20001560 <dcd_rp2040_irq+0x46c>
200014be:	463e      	mov	r6, r7
200014c0:	e64e      	b.n	20001160 <dcd_rp2040_irq+0x6c>
200014c2:	f894 71ba 	ldrb.w	r7, [r4, #442]	@ 0x1ba
200014c6:	2f00      	cmp	r7, #0
200014c8:	f43f ae45 	beq.w	20001156 <dcd_rp2040_irq+0x62>
200014cc:	f894 31bc 	ldrb.w	r3, [r4, #444]	@ 0x1bc
200014d0:	2b00      	cmp	r3, #0
200014d2:	d13d      	bne.n	20001550 <dcd_rp2040_irq+0x45c>
200014d4:	463e      	mov	r6, r7
200014d6:	e63e      	b.n	20001156 <dcd_rp2040_irq+0x62>
200014d8:	f894 33ba 	ldrb.w	r3, [r4, #954]	@ 0x3ba
200014dc:	2b00      	cmp	r3, #0
200014de:	f43f ae62 	beq.w	200011a6 <dcd_rp2040_irq+0xb2>
200014e2:	f894 33bc 	ldrb.w	r3, [r4, #956]	@ 0x3bc
200014e6:	2b00      	cmp	r3, #0
200014e8:	d171      	bne.n	200015ce <dcd_rp2040_irq+0x4da>
200014ea:	f894 33fb 	ldrb.w	r3, [r4, #1019]	@ 0x3fb
200014ee:	2b02      	cmp	r3, #2
200014f0:	f47f ae67 	bne.w	200011c2 <dcd_rp2040_irq+0xce>
200014f4:	f894 33fa 	ldrb.w	r3, [r4, #1018]	@ 0x3fa
200014f8:	2b00      	cmp	r3, #0
200014fa:	f43f ae62 	beq.w	200011c2 <dcd_rp2040_irq+0xce>
200014fe:	e710      	b.n	20001322 <dcd_rp2040_irq+0x22e>
20001500:	2300      	movs	r3, #0
20001502:	4839      	ldr	r0, [pc, #228]	@ (200015e8 <dcd_rp2040_irq+0x4f4>)
20001504:	f884 333c 	strb.w	r3, [r4, #828]	@ 0x33c
20001508:	463e      	mov	r6, r7
2000150a:	f000 f9ab 	bl	20001864 <hw_endpoint_start_next_buffer>
2000150e:	e640      	b.n	20001192 <dcd_rp2040_irq+0x9e>
20001510:	2300      	movs	r3, #0
20001512:	4836      	ldr	r0, [pc, #216]	@ (200015ec <dcd_rp2040_irq+0x4f8>)
20001514:	f884 32bc 	strb.w	r3, [r4, #700]	@ 0x2bc
20001518:	463e      	mov	r6, r7
2000151a:	f000 f9a3 	bl	20001864 <hw_endpoint_start_next_buffer>
2000151e:	e62e      	b.n	2000117e <dcd_rp2040_irq+0x8a>
20001520:	2300      	movs	r3, #0
20001522:	4833      	ldr	r0, [pc, #204]	@ (200015f0 <dcd_rp2040_irq+0x4fc>)
20001524:	f884 32fc 	strb.w	r3, [r4, #764]	@ 0x2fc
20001528:	463e      	mov	r6, r7
2000152a:	f000 f99b 	bl	20001864 <hw_endpoint_start_next_buffer>
2000152e:	e62b      	b.n	20001188 <dcd_rp2040_irq+0x94>
20001530:	2300      	movs	r3, #0
20001532:	4830      	ldr	r0, [pc, #192]	@ (200015f4 <dcd_rp2040_irq+0x500>)
20001534:	f884 30bc 	strb.w	r3, [r4, #188]	@ 0xbc
20001538:	463e      	mov	r6, r7
2000153a:	f000 f993 	bl	20001864 <hw_endpoint_start_next_buffer>
2000153e:	e5f6      	b.n	2000112e <dcd_rp2040_irq+0x3a>
20001540:	2300      	movs	r3, #0
20001542:	482d      	ldr	r0, [pc, #180]	@ (200015f8 <dcd_rp2040_irq+0x504>)
20001544:	f884 30fc 	strb.w	r3, [r4, #252]	@ 0xfc
20001548:	463e      	mov	r6, r7
2000154a:	f000 f98b 	bl	20001864 <hw_endpoint_start_next_buffer>
2000154e:	e5f3      	b.n	20001138 <dcd_rp2040_irq+0x44>
20001550:	2300      	movs	r3, #0
20001552:	482a      	ldr	r0, [pc, #168]	@ (200015fc <dcd_rp2040_irq+0x508>)
20001554:	f884 31bc 	strb.w	r3, [r4, #444]	@ 0x1bc
20001558:	463e      	mov	r6, r7
2000155a:	f000 f983 	bl	20001864 <hw_endpoint_start_next_buffer>
2000155e:	e5fa      	b.n	20001156 <dcd_rp2040_irq+0x62>
20001560:	2300      	movs	r3, #0
20001562:	4827      	ldr	r0, [pc, #156]	@ (20001600 <dcd_rp2040_irq+0x50c>)
20001564:	f884 31fc 	strb.w	r3, [r4, #508]	@ 0x1fc
20001568:	463e      	mov	r6, r7
2000156a:	f000 f97b 	bl	20001864 <hw_endpoint_start_next_buffer>
2000156e:	e5f7      	b.n	20001160 <dcd_rp2040_irq+0x6c>
20001570:	2300      	movs	r3, #0
20001572:	4824      	ldr	r0, [pc, #144]	@ (20001604 <dcd_rp2040_irq+0x510>)
20001574:	f884 323c 	strb.w	r3, [r4, #572]	@ 0x23c
20001578:	463e      	mov	r6, r7
2000157a:	f000 f973 	bl	20001864 <hw_endpoint_start_next_buffer>
2000157e:	e5f4      	b.n	2000116a <dcd_rp2040_irq+0x76>
20001580:	2300      	movs	r3, #0
20001582:	4821      	ldr	r0, [pc, #132]	@ (20001608 <dcd_rp2040_irq+0x514>)
20001584:	f884 327c 	strb.w	r3, [r4, #636]	@ 0x27c
20001588:	463e      	mov	r6, r7
2000158a:	f000 f96b 	bl	20001864 <hw_endpoint_start_next_buffer>
2000158e:	e5f1      	b.n	20001174 <dcd_rp2040_irq+0x80>
20001590:	2300      	movs	r3, #0
20001592:	481e      	ldr	r0, [pc, #120]	@ (2000160c <dcd_rp2040_irq+0x518>)
20001594:	f884 313c 	strb.w	r3, [r4, #316]	@ 0x13c
20001598:	463e      	mov	r6, r7
2000159a:	f000 f963 	bl	20001864 <hw_endpoint_start_next_buffer>
2000159e:	e5d0      	b.n	20001142 <dcd_rp2040_irq+0x4e>
200015a0:	2300      	movs	r3, #0
200015a2:	481b      	ldr	r0, [pc, #108]	@ (20001610 <dcd_rp2040_irq+0x51c>)
200015a4:	f884 317c 	strb.w	r3, [r4, #380]	@ 0x17c
200015a8:	463e      	mov	r6, r7
200015aa:	f000 f95b 	bl	20001864 <hw_endpoint_start_next_buffer>
200015ae:	e5cd      	b.n	2000114c <dcd_rp2040_irq+0x58>
200015b0:	2300      	movs	r3, #0
200015b2:	4818      	ldr	r0, [pc, #96]	@ (20001614 <dcd_rp2040_irq+0x520>)
200015b4:	f884 307c 	strb.w	r3, [r4, #124]	@ 0x7c
200015b8:	463e      	mov	r6, r7
200015ba:	f000 f953 	bl	20001864 <hw_endpoint_start_next_buffer>
200015be:	e5b1      	b.n	20001124 <dcd_rp2040_irq+0x30>
200015c0:	2300      	movs	r3, #0
200015c2:	4815      	ldr	r0, [pc, #84]	@ (20001618 <dcd_rp2040_irq+0x524>)
200015c4:	f884 337c 	strb.w	r3, [r4, #892]	@ 0x37c
200015c8:	f000 f94c 	bl	20001864 <hw_endpoint_start_next_buffer>
200015cc:	e694      	b.n	200012f8 <dcd_rp2040_irq+0x204>
200015ce:	2300      	movs	r3, #0
200015d0:	4812      	ldr	r0, [pc, #72]	@ (2000161c <dcd_rp2040_irq+0x528>)
200015d2:	f884 33bc 	strb.w	r3, [r4, #956]	@ 0x3bc
200015d6:	f000 f945 	bl	20001864 <hw_endpoint_start_next_buffer>
200015da:	e786      	b.n	200014ea <dcd_rp2040_irq+0x3f6>
200015dc:	4810      	ldr	r0, [pc, #64]	@ (20001620 <dcd_rp2040_irq+0x52c>)
200015de:	ea86 0105 	eor.w	r1, r6, r5
200015e2:	f000 fab1 	bl	20001b48 <__panic_veneer>
200015e6:	bf00      	nop
200015e8:	20002e88 	.word	0x20002e88
200015ec:	20002e08 	.word	0x20002e08
200015f0:	20002e48 	.word	0x20002e48
200015f4:	20002c08 	.word	0x20002c08
200015f8:	20002c48 	.word	0x20002c48
200015fc:	20002d08 	.word	0x20002d08
20001600:	20002d48 	.word	0x20002d48
20001604:	20002d88 	.word	0x20002d88
20001608:	20002dc8 	.word	0x20002dc8
2000160c:	20002c88 	.word	0x20002c88
20001610:	20002cc8 	.word	0x20002cc8
20001614:	20002bc8 	.word	0x20002bc8
20001618:	20002ec8 	.word	0x20002ec8
2000161c:	20002f08 	.word	0x20002f08
20001620:	10007ed0 	.word	0x10007ed0

20001624 <prepare_ep_buffer>:
20001624:	e92d 47f0 	stmdb	sp!, {r4, r5, r6, r7, r8, r9, sl, lr}
20001628:	8a84      	ldrh	r4, [r0, #20]
2000162a:	8b05      	ldrh	r5, [r0, #24]
2000162c:	78c2      	ldrb	r2, [r0, #3]
2000162e:	42a5      	cmp	r5, r4
20001630:	bf28      	it	cs
20001632:	4625      	movcs	r5, r4
20001634:	1e17      	subs	r7, r2, #0
20001636:	bf18      	it	ne
20001638:	2701      	movne	r7, #1
2000163a:	1b64      	subs	r4, r4, r5
2000163c:	7846      	ldrb	r6, [r0, #1]
2000163e:	f082 0201 	eor.w	r2, r2, #1
20001642:	b2a4      	uxth	r4, r4
20001644:	4603      	mov	r3, r0
20001646:	70c2      	strb	r2, [r0, #3]
20001648:	8284      	strh	r4, [r0, #20]
2000164a:	f445 6080 	orr.w	r0, r5, #1024	@ 0x400
2000164e:	ea40 3047 	orr.w	r0, r0, r7, lsl #13
20001652:	bba6      	cbnz	r6, 200016be <prepare_ep_buffer+0x9a>
20001654:	e9d3 2603 	ldrd	r2, r6, [r3, #12]
20001658:	1e6f      	subs	r7, r5, #1
2000165a:	eb02 1e81 	add.w	lr, r2, r1, lsl #6
2000165e:	b355      	cbz	r5, 200016b6 <prepare_ep_buffer+0x92>
20001660:	2f05      	cmp	r7, #5
20001662:	bf98      	it	ls
20001664:	1c72      	addls	r2, r6, #1
20001666:	d931      	bls.n	200016cc <prepare_ep_buffer+0xa8>
20001668:	eb02 1c81 	add.w	ip, r2, r1, lsl #6
2000166c:	1c72      	adds	r2, r6, #1
2000166e:	ebac 0402 	sub.w	r4, ip, r2
20001672:	2c02      	cmp	r4, #2
20001674:	d92a      	bls.n	200016cc <prepare_ep_buffer+0xa8>
20001676:	4632      	mov	r2, r6
20001678:	ea4f 0995 	mov.w	r9, r5, lsr #2
2000167c:	ea4f 0a89 	mov.w	sl, r9, lsl #2
20001680:	eb06 0889 	add.w	r8, r6, r9, lsl #2
20001684:	f852 4b04 	ldr.w	r4, [r2], #4
20001688:	4542      	cmp	r2, r8
2000168a:	f84c 4b04 	str.w	r4, [ip], #4
2000168e:	d1f9      	bne.n	20001684 <prepare_ep_buffer+0x60>
20001690:	4555      	cmp	r5, sl
20001692:	eba7 070a 	sub.w	r7, r7, sl
20001696:	eb0e 040a 	add.w	r4, lr, sl
2000169a:	d00a      	beq.n	200016b2 <prepare_ep_buffer+0x8e>
2000169c:	f816 6029 	ldrb.w	r6, [r6, r9, lsl #2]
200016a0:	f80e 6029 	strb.w	r6, [lr, r9, lsl #2]
200016a4:	b12f      	cbz	r7, 200016b2 <prepare_ep_buffer+0x8e>
200016a6:	7856      	ldrb	r6, [r2, #1]
200016a8:	2f01      	cmp	r7, #1
200016aa:	7066      	strb	r6, [r4, #1]
200016ac:	d001      	beq.n	200016b2 <prepare_ep_buffer+0x8e>
200016ae:	7892      	ldrb	r2, [r2, #2]
200016b0:	70a2      	strb	r2, [r4, #2]
200016b2:	691e      	ldr	r6, [r3, #16]
200016b4:	8a9c      	ldrh	r4, [r3, #20]
200016b6:	442e      	add	r6, r5
200016b8:	611e      	str	r6, [r3, #16]
200016ba:	f440 4000 	orr.w	r0, r0, #32768	@ 0x8000
200016be:	b90c      	cbnz	r4, 200016c4 <prepare_ep_buffer+0xa0>
200016c0:	f440 4080 	orr.w	r0, r0, #16384	@ 0x4000
200016c4:	b101      	cbz	r1, 200016c8 <prepare_ep_buffer+0xa4>
200016c6:	0400      	lsls	r0, r0, #16
200016c8:	e8bd 87f0 	ldmia.w	sp!, {r4, r5, r6, r7, r8, r9, sl, pc}
200016cc:	f10e 3eff 	add.w	lr, lr, #4294967295	@ 0xffffffff
200016d0:	442e      	add	r6, r5
200016d2:	e000      	b.n	200016d6 <prepare_ep_buffer+0xb2>
200016d4:	3201      	adds	r2, #1
200016d6:	f812 4c01 	ldrb.w	r4, [r2, #-1]
200016da:	42b2      	cmp	r2, r6
200016dc:	f80e 4f01 	strb.w	r4, [lr, #1]!
200016e0:	d1f8      	bne.n	200016d4 <prepare_ep_buffer+0xb0>
200016e2:	e7e6      	b.n	200016b2 <prepare_ep_buffer+0x8e>

200016e4 <sync_ep_buffer>:
200016e4:	6883      	ldr	r3, [r0, #8]
200016e6:	4602      	mov	r2, r0
200016e8:	6818      	ldr	r0, [r3, #0]
200016ea:	b101      	cbz	r1, 200016ee <sync_ep_buffer+0xa>
200016ec:	0c00      	lsrs	r0, r0, #16
200016ee:	7853      	ldrb	r3, [r2, #1]
200016f0:	f3c0 0009 	ubfx	r0, r0, #0, #10
200016f4:	2b00      	cmp	r3, #0
200016f6:	d03c      	beq.n	20001772 <sync_ep_buffer+0x8e>
200016f8:	e92d 41f0 	stmdb	sp!, {r4, r5, r6, r7, r8, lr}
200016fc:	e9d2 3403 	ldrd	r3, r4, [r2, #12]
20001700:	1e46      	subs	r6, r0, #1
20001702:	eb03 1e81 	add.w	lr, r3, r1, lsl #6
20001706:	b340      	cbz	r0, 2000175a <sync_ep_buffer+0x76>
20001708:	2e05      	cmp	r6, #5
2000170a:	d93b      	bls.n	20001784 <sync_ep_buffer+0xa0>
2000170c:	0189      	lsls	r1, r1, #6
2000170e:	1c4d      	adds	r5, r1, #1
20001710:	441d      	add	r5, r3
20001712:	1b65      	subs	r5, r4, r5
20001714:	2d02      	cmp	r5, #2
20001716:	d935      	bls.n	20001784 <sync_ep_buffer+0xa0>
20001718:	4673      	mov	r3, lr
2000171a:	4621      	mov	r1, r4
2000171c:	f400 777f 	and.w	r7, r0, #1020	@ 0x3fc
20001720:	ea4f 0890 	mov.w	r8, r0, lsr #2
20001724:	18fd      	adds	r5, r7, r3
20001726:	f853 cb04 	ldr.w	ip, [r3], #4
2000172a:	42ab      	cmp	r3, r5
2000172c:	f841 cb04 	str.w	ip, [r1], #4
20001730:	d1f9      	bne.n	20001726 <sync_ep_buffer+0x42>
20001732:	42b8      	cmp	r0, r7
20001734:	eba6 0607 	sub.w	r6, r6, r7
20001738:	eb04 0307 	add.w	r3, r4, r7
2000173c:	eb0e 0107 	add.w	r1, lr, r7
20001740:	d00a      	beq.n	20001758 <sync_ep_buffer+0x74>
20001742:	f81e 5028 	ldrb.w	r5, [lr, r8, lsl #2]
20001746:	f804 5028 	strb.w	r5, [r4, r8, lsl #2]
2000174a:	b12e      	cbz	r6, 20001758 <sync_ep_buffer+0x74>
2000174c:	784c      	ldrb	r4, [r1, #1]
2000174e:	2e01      	cmp	r6, #1
20001750:	705c      	strb	r4, [r3, #1]
20001752:	d001      	beq.n	20001758 <sync_ep_buffer+0x74>
20001754:	7889      	ldrb	r1, [r1, #2]
20001756:	7099      	strb	r1, [r3, #2]
20001758:	6914      	ldr	r4, [r2, #16]
2000175a:	8ad3      	ldrh	r3, [r2, #22]
2000175c:	4404      	add	r4, r0
2000175e:	4403      	add	r3, r0
20001760:	82d3      	strh	r3, [r2, #22]
20001762:	8b13      	ldrh	r3, [r2, #24]
20001764:	6114      	str	r4, [r2, #16]
20001766:	4283      	cmp	r3, r0
20001768:	bf84      	itt	hi
2000176a:	2300      	movhi	r3, #0
2000176c:	8293      	strhhi	r3, [r2, #20]
2000176e:	e8bd 81f0 	ldmia.w	sp!, {r4, r5, r6, r7, r8, pc}
20001772:	8ad3      	ldrh	r3, [r2, #22]
20001774:	4403      	add	r3, r0
20001776:	82d3      	strh	r3, [r2, #22]
20001778:	8b13      	ldrh	r3, [r2, #24]
2000177a:	4283      	cmp	r3, r0
2000177c:	bf84      	itt	hi
2000177e:	2300      	movhi	r3, #0
20001780:	8293      	strhhi	r3, [r2, #20]
20001782:	4770      	bx	lr
20001784:	3c01      	subs	r4, #1
20001786:	eb0e 0100 	add.w	r1, lr, r0
2000178a:	f81e 3b01 	ldrb.w	r3, [lr], #1
2000178e:	4571      	cmp	r1, lr
20001790:	f804 3f01 	strb.w	r3, [r4, #1]!
20001794:	d1f9      	bne.n	2000178a <sync_ep_buffer+0xa6>
20001796:	e7df      	b.n	20001758 <sync_ep_buffer+0x74>

20001798 <_hw_endpoint_xfer_sync>:
20001798:	b510      	push	{r4, lr}
2000179a:	4604      	mov	r4, r0
2000179c:	6883      	ldr	r3, [r0, #8]
2000179e:	2100      	movs	r1, #0
200017a0:	681b      	ldr	r3, [r3, #0]
200017a2:	f7ff ff9f 	bl	200016e4 <sync_ep_buffer>
200017a6:	6863      	ldr	r3, [r4, #4]
200017a8:	681b      	ldr	r3, [r3, #0]
200017aa:	005b      	lsls	r3, r3, #1
200017ac:	d502      	bpl.n	200017b4 <_hw_endpoint_xfer_sync+0x1c>
200017ae:	8b23      	ldrh	r3, [r4, #24]
200017b0:	4283      	cmp	r3, r0
200017b2:	d000      	beq.n	200017b6 <_hw_endpoint_xfer_sync+0x1e>
200017b4:	bd10      	pop	{r4, pc}
200017b6:	4620      	mov	r0, r4
200017b8:	e8bd 4010 	ldmia.w	sp!, {r4, lr}
200017bc:	2101      	movs	r1, #1
200017be:	f7ff bf91 	b.w	200016e4 <sync_ep_buffer>
200017c2:	bf00      	nop

200017c4 <e15_is_bulkin_ep>:
200017c4:	4b08      	ldr	r3, [pc, #32]	@ (200017e8 <e15_is_bulkin_ep+0x24>)
200017c6:	6c1b      	ldr	r3, [r3, #64]	@ 0x40
200017c8:	f013 0302 	ands.w	r3, r3, #2
200017cc:	d102      	bne.n	200017d4 <e15_is_bulkin_ep+0x10>
200017ce:	7882      	ldrb	r2, [r0, #2]
200017d0:	09d2      	lsrs	r2, r2, #7
200017d2:	d101      	bne.n	200017d8 <e15_is_bulkin_ep+0x14>
200017d4:	2000      	movs	r0, #0
200017d6:	4770      	bx	lr
200017d8:	7ec0      	ldrb	r0, [r0, #27]
200017da:	f1a0 0002 	sub.w	r0, r0, #2
200017de:	fab0 f080 	clz	r0, r0
200017e2:	0940      	lsrs	r0, r0, #5
200017e4:	4770      	bx	lr
200017e6:	bf00      	nop
200017e8:	50110000 	.word	0x50110000

200017ec <e15_is_critical_frame_period>:
200017ec:	b508      	push	{r3, lr}
200017ee:	f7ff ffe9 	bl	200017c4 <e15_is_bulkin_ep>
200017f2:	b150      	cbz	r0, 2000180a <e15_is_critical_frame_period+0x1e>
200017f4:	4a05      	ldr	r2, [pc, #20]	@ (2000180c <e15_is_critical_frame_period+0x20>)
200017f6:	4b06      	ldr	r3, [pc, #24]	@ (20001810 <e15_is_critical_frame_period+0x24>)
200017f8:	6a90      	ldr	r0, [r2, #40]	@ 0x28
200017fa:	681b      	ldr	r3, [r3, #0]
200017fc:	f5a0 7048 	sub.w	r0, r0, #800	@ 0x320
20001800:	1ac0      	subs	r0, r0, r3
20001802:	28c6      	cmp	r0, #198	@ 0xc6
20001804:	bf8c      	ite	hi
20001806:	2000      	movhi	r0, #0
20001808:	2001      	movls	r0, #1
2000180a:	bd08      	pop	{r3, pc}
2000180c:	400b0000 	.word	0x400b0000
20001810:	20002b50 	.word	0x20002b50

20001814 <hw_endpoint_reset_transfer>:
20001814:	2300      	movs	r3, #0
20001816:	e9c0 3304 	strd	r3, r3, [r0, #16]
2000181a:	7683      	strb	r3, [r0, #26]
2000181c:	4770      	bx	lr
2000181e:	bf00      	nop

20001820 <_hw_endpoint_buffer_control_update32>:
20001820:	b510      	push	{r4, lr}
20001822:	6883      	ldr	r3, [r0, #8]
20001824:	b109      	cbz	r1, 2000182a <_hw_endpoint_buffer_control_update32+0xa>
20001826:	681c      	ldr	r4, [r3, #0]
20001828:	4021      	ands	r1, r4
2000182a:	b182      	cbz	r2, 2000184e <_hw_endpoint_buffer_control_update32+0x2e>
2000182c:	4311      	orrs	r1, r2
2000182e:	0552      	lsls	r2, r2, #21
20001830:	d50d      	bpl.n	2000184e <_hw_endpoint_buffer_control_update32+0x2e>
20001832:	681a      	ldr	r2, [r3, #0]
20001834:	0554      	lsls	r4, r2, #21
20001836:	d40c      	bmi.n	20001852 <_hw_endpoint_buffer_control_update32+0x32>
20001838:	4a08      	ldr	r2, [pc, #32]	@ (2000185c <_hw_endpoint_buffer_control_update32+0x3c>)
2000183a:	f421 6480 	bic.w	r4, r1, #1024	@ 0x400
2000183e:	601c      	str	r4, [r3, #0]
20001840:	6c12      	ldr	r2, [r2, #64]	@ 0x40
20001842:	0792      	lsls	r2, r2, #30
20001844:	d403      	bmi.n	2000184e <_hw_endpoint_buffer_control_update32+0x2e>
20001846:	230c      	movs	r3, #12
20001848:	3b03      	subs	r3, #3
2000184a:	d2fd      	bcs.n	20001848 <_hw_endpoint_buffer_control_update32+0x28>
2000184c:	6883      	ldr	r3, [r0, #8]
2000184e:	6019      	str	r1, [r3, #0]
20001850:	bd10      	pop	{r4, pc}
20001852:	7881      	ldrb	r1, [r0, #2]
20001854:	4802      	ldr	r0, [pc, #8]	@ (20001860 <_hw_endpoint_buffer_control_update32+0x40>)
20001856:	f000 f977 	bl	20001b48 <__panic_veneer>
2000185a:	bf00      	nop
2000185c:	50110000 	.word	0x50110000
20001860:	10007ee4 	.word	0x10007ee4

20001864 <hw_endpoint_start_next_buffer>:
20001864:	b530      	push	{r4, r5, lr}
20001866:	6843      	ldr	r3, [r0, #4]
20001868:	2100      	movs	r1, #0
2000186a:	b083      	sub	sp, #12
2000186c:	4604      	mov	r4, r0
2000186e:	681d      	ldr	r5, [r3, #0]
20001870:	f7ff fed8 	bl	20001624 <prepare_ep_buffer>
20001874:	4b13      	ldr	r3, [pc, #76]	@ (200018c4 <hw_endpoint_start_next_buffer+0x60>)
20001876:	f440 5280 	orr.w	r2, r0, #4096	@ 0x1000
2000187a:	6c19      	ldr	r1, [r3, #64]	@ 0x40
2000187c:	78a3      	ldrb	r3, [r4, #2]
2000187e:	0789      	lsls	r1, r1, #30
20001880:	d50e      	bpl.n	200018a0 <hw_endpoint_start_next_buffer+0x3c>
20001882:	065b      	lsls	r3, r3, #25
20001884:	d00e      	beq.n	200018a4 <hw_endpoint_start_next_buffer+0x40>
20001886:	f025 45a0 	bic.w	r5, r5, #1342177280	@ 0x50000000
2000188a:	f045 5500 	orr.w	r5, r5, #536870912	@ 0x20000000
2000188e:	2100      	movs	r1, #0
20001890:	4620      	mov	r0, r4
20001892:	6863      	ldr	r3, [r4, #4]
20001894:	601d      	str	r5, [r3, #0]
20001896:	b003      	add	sp, #12
20001898:	e8bd 4030 	ldmia.w	sp!, {r4, r5, lr}
2000189c:	f7ff bfc0 	b.w	20001820 <_hw_endpoint_buffer_control_update32>
200018a0:	09db      	lsrs	r3, r3, #7
200018a2:	d0f0      	beq.n	20001886 <hw_endpoint_start_next_buffer+0x22>
200018a4:	8aa3      	ldrh	r3, [r4, #20]
200018a6:	2b00      	cmp	r3, #0
200018a8:	d0ed      	beq.n	20001886 <hw_endpoint_start_next_buffer+0x22>
200018aa:	2101      	movs	r1, #1
200018ac:	4620      	mov	r0, r4
200018ae:	9201      	str	r2, [sp, #4]
200018b0:	f7ff feb8 	bl	20001624 <prepare_ep_buffer>
200018b4:	9a01      	ldr	r2, [sp, #4]
200018b6:	f025 5500 	bic.w	r5, r5, #536870912	@ 0x20000000
200018ba:	4302      	orrs	r2, r0
200018bc:	f045 45a0 	orr.w	r5, r5, #1342177280	@ 0x50000000
200018c0:	e7e5      	b.n	2000188e <hw_endpoint_start_next_buffer+0x2a>
200018c2:	bf00      	nop
200018c4:	50110000 	.word	0x50110000

200018c8 <hw_endpoint_xfer_continue>:
200018c8:	b538      	push	{r3, r4, r5, lr}
200018ca:	7e85      	ldrb	r5, [r0, #26]
200018cc:	4604      	mov	r4, r0
200018ce:	b195      	cbz	r5, 200018f6 <hw_endpoint_xfer_continue+0x2e>
200018d0:	f7ff ff62 	bl	20001798 <_hw_endpoint_xfer_sync>
200018d4:	8aa3      	ldrh	r3, [r4, #20]
200018d6:	b90b      	cbnz	r3, 200018dc <hw_endpoint_xfer_continue+0x14>
200018d8:	4628      	mov	r0, r5
200018da:	bd38      	pop	{r3, r4, r5, pc}
200018dc:	4620      	mov	r0, r4
200018de:	f7ff ff85 	bl	200017ec <e15_is_critical_frame_period>
200018e2:	b120      	cbz	r0, 200018ee <hw_endpoint_xfer_continue+0x26>
200018e4:	2301      	movs	r3, #1
200018e6:	7723      	strb	r3, [r4, #28]
200018e8:	2500      	movs	r5, #0
200018ea:	4628      	mov	r0, r5
200018ec:	bd38      	pop	{r3, r4, r5, pc}
200018ee:	4620      	mov	r0, r4
200018f0:	f7ff ffb8 	bl	20001864 <hw_endpoint_start_next_buffer>
200018f4:	e7f8      	b.n	200018e8 <hw_endpoint_xfer_continue+0x20>
200018f6:	7881      	ldrb	r1, [r0, #2]
200018f8:	4801      	ldr	r0, [pc, #4]	@ (20001900 <hw_endpoint_xfer_continue+0x38>)
200018fa:	f000 f925 	bl	20001b48 <__panic_veneer>
200018fe:	bf00      	nop
20001900:	10007f04 	.word	0x10007f04

20001904 <dcd_event_handler>:
20001904:	e92d 43f0 	stmdb	sp!, {r4, r5, r6, r7, r8, r9, lr}
20001908:	7843      	ldrb	r3, [r0, #1]
2000190a:	4681      	mov	r9, r0
2000190c:	3b02      	subs	r3, #2
2000190e:	460d      	mov	r5, r1
20001910:	b085      	sub	sp, #20
20001912:	2b04      	cmp	r3, #4
20001914:	d813      	bhi.n	2000193e <dcd_event_handler+0x3a>
20001916:	e8df f003 	tbb	[pc, r3]
2000191a:	4a03      	.short	0x4a03
2000191c:	736a      	.short	0x736a
2000191e:	44          	.byte	0x44
2000191f:	00          	.byte	0x00
20001920:	2100      	movs	r1, #0
20001922:	4b7b      	ldr	r3, [pc, #492]	@ (20001b10 <dcd_event_handler+0x20c>)
20001924:	781a      	ldrb	r2, [r3, #0]
20001926:	f022 0201 	bic.w	r2, r2, #1
2000192a:	701a      	strb	r2, [r3, #0]
2000192c:	781a      	ldrb	r2, [r3, #0]
2000192e:	f022 0202 	bic.w	r2, r2, #2
20001932:	701a      	strb	r2, [r3, #0]
20001934:	7059      	strb	r1, [r3, #1]
20001936:	781a      	ldrb	r2, [r3, #0]
20001938:	f361 0282 	bfi	r2, r1, #2, #1
2000193c:	701a      	strb	r2, [r3, #0]
2000193e:	4b75      	ldr	r3, [pc, #468]	@ (20001b14 <dcd_event_handler+0x210>)
20001940:	681c      	ldr	r4, [r3, #0]
20001942:	6963      	ldr	r3, [r4, #20]
20001944:	f3ef 8210 	mrs	r2, PRIMASK
20001948:	b672      	cpsid	i
2000194a:	e8d3 0fcf 	ldaexb	r0, [r3]
2000194e:	2101      	movs	r1, #1
20001950:	2800      	cmp	r0, #0
20001952:	d1fa      	bne.n	2000194a <dcd_event_handler+0x46>
20001954:	e8c3 1f40 	strexb	r0, r1, [r3]
20001958:	2800      	cmp	r0, #0
2000195a:	d1f6      	bne.n	2000194a <dcd_event_handler+0x46>
2000195c:	f3bf 8f5f 	dmb	sy
20001960:	61a2      	str	r2, [r4, #24]
20001962:	4649      	mov	r1, r9
20001964:	4620      	mov	r0, r4
20001966:	f000 f8e3 	bl	20001b30 <__tu_fifo_write_veneer>
2000196a:	2300      	movs	r3, #0
2000196c:	6962      	ldr	r2, [r4, #20]
2000196e:	e8c2 3f8f 	stlb	r3, [r2]
20001972:	69a3      	ldr	r3, [r4, #24]
20001974:	f383 8810 	msr	PRIMASK, r3
20001978:	b948      	cbnz	r0, 2000198e <dcd_event_handler+0x8a>
2000197a:	f04f 23e0 	mov.w	r3, #3758153728	@ 0xe000e000
2000197e:	f8d3 3df0 	ldr.w	r3, [r3, #3568]	@ 0xdf0
20001982:	07db      	lsls	r3, r3, #31
20001984:	d50a      	bpl.n	2000199c <dcd_event_handler+0x98>
20001986:	be00      	bkpt	0x0000
20001988:	b005      	add	sp, #20
2000198a:	e8bd 83f0 	ldmia.w	sp!, {r4, r5, r6, r7, r8, r9, pc}
2000198e:	462a      	mov	r2, r5
20001990:	f899 1001 	ldrb.w	r1, [r9, #1]
20001994:	f899 0000 	ldrb.w	r0, [r9]
20001998:	f000 f8ce 	bl	20001b38 <__tud_event_hook_cb_veneer>
2000199c:	b005      	add	sp, #20
2000199e:	e8bd 83f0 	ldmia.w	sp!, {r4, r5, r6, r7, r8, r9, pc}
200019a2:	4a5d      	ldr	r2, [pc, #372]	@ (20001b18 <dcd_event_handler+0x214>)
200019a4:	7813      	ldrb	r3, [r2, #0]
200019a6:	3301      	adds	r3, #1
200019a8:	b2db      	uxtb	r3, r3
200019aa:	7013      	strb	r3, [r2, #0]
200019ac:	e7c7      	b.n	2000193e <dcd_event_handler+0x3a>
200019ae:	2400      	movs	r4, #0
200019b0:	4e5a      	ldr	r6, [pc, #360]	@ (20001b1c <dcd_event_handler+0x218>)
200019b2:	4623      	mov	r3, r4
200019b4:	7831      	ldrb	r1, [r6, #0]
200019b6:	f8df 816c 	ldr.w	r8, [pc, #364]	@ 20001b24 <dcd_event_handler+0x220>
200019ba:	4f59      	ldr	r7, [pc, #356]	@ (20001b20 <dcd_event_handler+0x21c>)
200019bc:	e011      	b.n	200019e2 <dcd_event_handler+0xde>
200019be:	683b      	ldr	r3, [r7, #0]
200019c0:	eb13 1344 	adds.w	r3, r3, r4, lsl #5
200019c4:	d007      	beq.n	200019d6 <dcd_event_handler+0xd2>
200019c6:	69db      	ldr	r3, [r3, #28]
200019c8:	b12b      	cbz	r3, 200019d6 <dcd_event_handler+0xd2>
200019ca:	f8d9 1004 	ldr.w	r1, [r9, #4]
200019ce:	f899 0000 	ldrb.w	r0, [r9]
200019d2:	4798      	blx	r3
200019d4:	7831      	ldrb	r1, [r6, #0]
200019d6:	3401      	adds	r4, #1
200019d8:	b2e4      	uxtb	r4, r4
200019da:	1c4a      	adds	r2, r1, #1
200019dc:	42a2      	cmp	r2, r4
200019de:	4623      	mov	r3, r4
200019e0:	db17      	blt.n	20001a12 <dcd_event_handler+0x10e>
200019e2:	42a1      	cmp	r1, r4
200019e4:	d8eb      	bhi.n	200019be <dcd_event_handler+0xba>
200019e6:	1a5b      	subs	r3, r3, r1
200019e8:	eb08 1343 	add.w	r3, r8, r3, lsl #5
200019ec:	e7eb      	b.n	200019c6 <dcd_event_handler+0xc2>
200019ee:	4b48      	ldr	r3, [pc, #288]	@ (20001b10 <dcd_event_handler+0x20c>)
200019f0:	781a      	ldrb	r2, [r3, #0]
200019f2:	07d6      	lsls	r6, r2, #31
200019f4:	d5d2      	bpl.n	2000199c <dcd_event_handler+0x98>
200019f6:	781a      	ldrb	r2, [r3, #0]
200019f8:	f042 0204 	orr.w	r2, r2, #4
200019fc:	701a      	strb	r2, [r3, #0]
200019fe:	e79e      	b.n	2000193e <dcd_event_handler+0x3a>
20001a00:	4b43      	ldr	r3, [pc, #268]	@ (20001b10 <dcd_event_handler+0x20c>)
20001a02:	781a      	ldrb	r2, [r3, #0]
20001a04:	07d4      	lsls	r4, r2, #31
20001a06:	d5c9      	bpl.n	2000199c <dcd_event_handler+0x98>
20001a08:	781a      	ldrb	r2, [r3, #0]
20001a0a:	f022 0204 	bic.w	r2, r2, #4
20001a0e:	701a      	strb	r2, [r3, #0]
20001a10:	e795      	b.n	2000193e <dcd_event_handler+0x3a>
20001a12:	4c3f      	ldr	r4, [pc, #252]	@ (20001b10 <dcd_event_handler+0x20c>)
20001a14:	7823      	ldrb	r3, [r4, #0]
20001a16:	0758      	lsls	r0, r3, #29
20001a18:	d43a      	bmi.n	20001a90 <dcd_event_handler+0x18c>
20001a1a:	78e3      	ldrb	r3, [r4, #3]
20001a1c:	07da      	lsls	r2, r3, #31
20001a1e:	d5bd      	bpl.n	2000199c <dcd_event_handler+0x98>
20001a20:	2303      	movs	r3, #3
20001a22:	2600      	movs	r6, #0
20001a24:	4a3b      	ldr	r2, [pc, #236]	@ (20001b14 <dcd_event_handler+0x210>)
20001a26:	f899 1000 	ldrb.w	r1, [r9]
20001a2a:	6814      	ldr	r4, [r2, #0]
20001a2c:	f8d9 2004 	ldr.w	r2, [r9, #4]
20001a30:	f88d 1004 	strb.w	r1, [sp, #4]
20001a34:	f88d 3005 	strb.w	r3, [sp, #5]
20001a38:	6963      	ldr	r3, [r4, #20]
20001a3a:	f8cd 6006 	str.w	r6, [sp, #6]
20001a3e:	f8cd 600a 	str.w	r6, [sp, #10]
20001a42:	f8ad 600e 	strh.w	r6, [sp, #14]
20001a46:	9202      	str	r2, [sp, #8]
20001a48:	f3ef 8210 	mrs	r2, PRIMASK
20001a4c:	b672      	cpsid	i
20001a4e:	e8d3 0fcf 	ldaexb	r0, [r3]
20001a52:	2101      	movs	r1, #1
20001a54:	2800      	cmp	r0, #0
20001a56:	d1fa      	bne.n	20001a4e <dcd_event_handler+0x14a>
20001a58:	e8c3 1f40 	strexb	r0, r1, [r3]
20001a5c:	2800      	cmp	r0, #0
20001a5e:	d1f6      	bne.n	20001a4e <dcd_event_handler+0x14a>
20001a60:	f3bf 8f5f 	dmb	sy
20001a64:	4620      	mov	r0, r4
20001a66:	61a2      	str	r2, [r4, #24]
20001a68:	a901      	add	r1, sp, #4
20001a6a:	f000 f861 	bl	20001b30 <__tu_fifo_write_veneer>
20001a6e:	6963      	ldr	r3, [r4, #20]
20001a70:	e8c3 6f8f 	stlb	r6, [r3]
20001a74:	69a3      	ldr	r3, [r4, #24]
20001a76:	f383 8810 	msr	PRIMASK, r3
20001a7a:	2800      	cmp	r0, #0
20001a7c:	f43f af7d 	beq.w	2000197a <dcd_event_handler+0x76>
20001a80:	462a      	mov	r2, r5
20001a82:	f89d 1005 	ldrb.w	r1, [sp, #5]
20001a86:	f89d 0004 	ldrb.w	r0, [sp, #4]
20001a8a:	f000 f855 	bl	20001b38 <__tud_event_hook_cb_veneer>
20001a8e:	e785      	b.n	2000199c <dcd_event_handler+0x98>
20001a90:	7823      	ldrb	r3, [r4, #0]
20001a92:	2700      	movs	r7, #0
20001a94:	f023 0304 	bic.w	r3, r3, #4
20001a98:	7023      	strb	r3, [r4, #0]
20001a9a:	2305      	movs	r3, #5
20001a9c:	4a1d      	ldr	r2, [pc, #116]	@ (20001b14 <dcd_event_handler+0x210>)
20001a9e:	f88d 3005 	strb.w	r3, [sp, #5]
20001aa2:	6816      	ldr	r6, [r2, #0]
20001aa4:	f899 2000 	ldrb.w	r2, [r9]
20001aa8:	f8ad 700e 	strh.w	r7, [sp, #14]
20001aac:	f88d 2004 	strb.w	r2, [sp, #4]
20001ab0:	6973      	ldr	r3, [r6, #20]
20001ab2:	f8cd 7006 	str.w	r7, [sp, #6]
20001ab6:	f8cd 700a 	str.w	r7, [sp, #10]
20001aba:	f3ef 8210 	mrs	r2, PRIMASK
20001abe:	b672      	cpsid	i
20001ac0:	e8d3 0fcf 	ldaexb	r0, [r3]
20001ac4:	2101      	movs	r1, #1
20001ac6:	2800      	cmp	r0, #0
20001ac8:	d1fa      	bne.n	20001ac0 <dcd_event_handler+0x1bc>
20001aca:	e8c3 1f40 	strexb	r0, r1, [r3]
20001ace:	2800      	cmp	r0, #0
20001ad0:	d1f6      	bne.n	20001ac0 <dcd_event_handler+0x1bc>
20001ad2:	f3bf 8f5f 	dmb	sy
20001ad6:	4630      	mov	r0, r6
20001ad8:	61b2      	str	r2, [r6, #24]
20001ada:	a901      	add	r1, sp, #4
20001adc:	f000 f828 	bl	20001b30 <__tu_fifo_write_veneer>
20001ae0:	6973      	ldr	r3, [r6, #20]
20001ae2:	e8c3 7f8f 	stlb	r7, [r3]
20001ae6:	69b3      	ldr	r3, [r6, #24]
20001ae8:	f383 8810 	msr	PRIMASK, r3
20001aec:	b938      	cbnz	r0, 20001afe <dcd_event_handler+0x1fa>
20001aee:	f04f 23e0 	mov.w	r3, #3758153728	@ 0xe000e000
20001af2:	f8d3 3df0 	ldr.w	r3, [r3, #3568]	@ 0xdf0
20001af6:	07d9      	lsls	r1, r3, #31
20001af8:	d58f      	bpl.n	20001a1a <dcd_event_handler+0x116>
20001afa:	be00      	bkpt	0x0000
20001afc:	e78d      	b.n	20001a1a <dcd_event_handler+0x116>
20001afe:	462a      	mov	r2, r5
20001b00:	f89d 1005 	ldrb.w	r1, [sp, #5]
20001b04:	f89d 0004 	ldrb.w	r0, [sp, #4]
20001b08:	f000 f816 	bl	20001b38 <__tud_event_hook_cb_veneer>
20001b0c:	e785      	b.n	20001a1a <dcd_event_handler+0x116>
20001b0e:	bf00      	nop
20001b10:	200026f0 	.word	0x200026f0
20001b14:	20002748 	.word	0x20002748
20001b18:	20028816 	.word	0x20028816
20001b1c:	20028814 	.word	0x20028814
20001b20:	20002520 	.word	0x20002520
20001b24:	1000a788 	.word	0x1000a788

20001b28 <__drawCircle_veneer>:
20001b28:	f85f f000 	ldr.w	pc, [pc]	@ 20001b2c <__drawCircle_veneer+0x4>
20001b2c:	10001895 	.word	0x10001895

20001b30 <__tu_fifo_write_veneer>:
20001b30:	f85f f000 	ldr.w	pc, [pc]	@ 20001b34 <__tu_fifo_write_veneer+0x4>
20001b34:	10006a95 	.word	0x10006a95

20001b38 <__tud_event_hook_cb_veneer>:
20001b38:	f85f f000 	ldr.w	pc, [pc]	@ 20001b3c <__tud_event_hook_cb_veneer+0x4>
20001b3c:	100050bd 	.word	0x100050bd

20001b40 <__drawCircleHelper_veneer>:
20001b40:	f85f f000 	ldr.w	pc, [pc]	@ 20001b44 <__drawCircleHelper_veneer+0x4>
20001b44:	100019cd 	.word	0x100019cd

20001b48 <__panic_veneer>:
20001b48:	f85f f000 	ldr.w	pc, [pc]	@ 20001b4c <__panic_veneer+0x4>
20001b4c:	10002aed 	.word	0x10002aed

20001b50 <__set_font_veneer>:
20001b50:	f85f f000 	ldr.w	pc, [pc]	@ 20001b54 <__set_font_veneer+0x4>
20001b54:	10002a51 	.word	0x10002a51

20001b58 <__drawVLine_veneer>:
20001b58:	f85f f000 	ldr.w	pc, [pc]	@ 20001b5c <__drawVLine_veneer+0x4>
20001b5c:	1000167d 	.word	0x1000167d

20001b60 <__memset_veneer>:
20001b60:	f85f f000 	ldr.w	pc, [pc]	@ 20001b64 <__memset_veneer+0x4>
20001b64:	100076c9 	.word	0x100076c9

20001b68 <__drawLine_veneer>:
20001b68:	f85f f000 	ldr.w	pc, [pc]	@ 20001b6c <__drawLine_veneer+0x4>
20001b6c:	10001731 	.word	0x10001731

20001b70 <__time_us_64_veneer>:
20001b70:	f85f f000 	ldr.w	pc, [pc]	@ 20001b74 <__time_us_64_veneer+0x4>
20001b74:	10003a3d 	.word	0x10003a3d

20001b78 <__drawRoundRect_veneer>:
20001b78:	f85f f000 	ldr.w	pc, [pc]	@ 20001b7c <__drawRoundRect_veneer+0x4>
20001b7c:	10001e85 	.word	0x10001e85

20001b80 <__fillCircle_veneer>:
20001b80:	f85f f000 	ldr.w	pc, [pc]	@ 20001b84 <__fillCircle_veneer+0x4>
20001b84:	10001c65 	.word	0x10001c65

20001b88 <__fillRoundRect_veneer>:
20001b88:	f85f f000 	ldr.w	pc, [pc]	@ 20001b8c <__fillRoundRect_veneer+0x4>
20001b8c:	1000213d 	.word	0x1000213d

20001b90 <__fillTri_veneer>:
20001b90:	f85f f000 	ldr.w	pc, [pc]	@ 20001b94 <__fillTri_veneer+0x4>
20001b94:	10002929 	.word	0x10002929

20001b98 <__drawHLine_veneer>:
20001b98:	f85f f000 	ldr.w	pc, [pc]	@ 20001b9c <__drawHLine_veneer+0x4>
20001b9c:	100016a1 	.word	0x100016a1

20001ba0 <__setTextFont_veneer>:
20001ba0:	f85f f000 	ldr.w	pc, [pc]	@ 20001ba4 <__setTextFont_veneer+0x4>
20001ba4:	100014ad 	.word	0x100014ad

20001ba8 <__best_effort_wfe_or_timeout_veneer>:
20001ba8:	f85f f000 	ldr.w	pc, [pc]	@ 20001bac <__best_effort_wfe_or_timeout_veneer+0x4>
20001bac:	10003779 	.word	0x10003779

20001bb0 <__fillRect_veneer>:
20001bb0:	f85f f000 	ldr.w	pc, [pc]	@ 20001bb4 <__fillRect_veneer+0x4>
20001bb4:	100027f9 	.word	0x100027f9

20001bb8 <__fillCircleHelper_veneer>:
20001bb8:	f85f f000 	ldr.w	pc, [pc]	@ 20001bbc <__fillCircleHelper_veneer+0x4>
20001bbc:	10001cf5 	.word	0x10001cf5

20001bc0 <last_toggle_time>:
20001bc0:	00000001                                ....

20001bc4 <rgb_sm>:
20001bc4:	00000002                                ....

20001bc8 <vsync_sm>:
20001bc8:	00000001                                ....

20001bcc <bus_pio1>:
20001bcc:	50300000                                ..0P

20001bd0 <bus_pio0>:
20001bd0:	50200000                                .. P

20001bd4 <active_buffer>:
20001bd4:	20002ffc                                ./. 

20001bd8 <font_8x18_info>:
20001bd8:	10007d90 00011208 100095ac              .}..........

20001be4 <font_8x16_2_info>:
20001be4:	10007d9c 00011008 200005c8              .}......... 

20001bf0 <font_8x14_info>:
20001bf0:	10007da8 00010e08 10008dac              .}..........

20001bfc <font_8x12_info>:
20001bfc:	10007db4 00010c08 100085ac              .}..........

20001c08 <striped_spin_lock_num>:
20001c08:	00000010                                ....

20001c0c <irq_handler_chain_slots>:
20001c0c:	00000000 	.word	0x00000000
20001c10:	00010000 	.word	0x00010000
	...
20001c1c:	00020000 	.word	0x00020000
	...
20001c28:	00030000 	.word	0x00030000
	...
20001c34:	00ff0000 	.word	0x00ff0000
20001c38:	00000000 	.word	0x00000000

20001c3c <irq_handler_chain_first_slot>:
20001c3c:	b501      	push	{r0, lr}
20001c3e:	6848      	ldr	r0, [r1, #4]
20001c40:	3101      	adds	r1, #1
20001c42:	468e      	mov	lr, r1
20001c44:	4700      	bx	r0

20001c46 <irq_handler_chain_remove_tail>:
20001c46:	4670      	mov	r0, lr
20001c48:	3809      	subs	r0, #9
20001c4a:	4901      	ldr	r1, [pc, #4]	@ (20001c50 <irq_handler_chain_remove_tail+0xa>)
20001c4c:	4788      	blx	r1
20001c4e:	bd01      	pop	{r0, pc}
20001c50:	10002f99 	.word	0x10002f99

20001c54 <default_alarm_pool>:
	...
20001c68:	20002210                                .". 

20001c6c <stdio_usb>:
20001c6c:	10004869 10004815 1000478d 100046fd     iH...H...G...F..
20001c7c:	00000000 00000100                       ........

20001c84 <_usbd_qdef>:
20001c84:	2000274c 000c0010 00000000 00000000     L'. ............
	...

20001ca0 <_usbd_rhport>:
20001ca0:	000000ff                                ....

20001ca4 <__malloc_sbrk_base>:
20001ca4:	ffffffff                                ....

20001ca8 <__malloc_trim_threshold>:
20001ca8:	00020000 00000000                       ........

20001cb0 <__malloc_av_>:
	...
20001cb8:	20001cb0 20001cb0 20001cb8 20001cb8     ... ... ... ... 
20001cc8:	20001cc0 20001cc0 20001cc8 20001cc8     ... ... ... ... 
20001cd8:	20001cd0 20001cd0 20001cd8 20001cd8     ... ... ... ... 
20001ce8:	20001ce0 20001ce0 20001ce8 20001ce8     ... ... ... ... 
20001cf8:	20001cf0 20001cf0 20001cf8 20001cf8     ... ... ... ... 
20001d08:	20001d00 20001d00 20001d08 20001d08     ... ... ... ... 
20001d18:	20001d10 20001d10 20001d18 20001d18     ... ... ... ... 
20001d28:	20001d20 20001d20 20001d28 20001d28      ..  .. (.. (.. 
20001d38:	20001d30 20001d30 20001d38 20001d38     0.. 0.. 8.. 8.. 
20001d48:	20001d40 20001d40 20001d48 20001d48     @.. @.. H.. H.. 
20001d58:	20001d50 20001d50 20001d58 20001d58     P.. P.. X.. X.. 
20001d68:	20001d60 20001d60 20001d68 20001d68     `.. `.. h.. h.. 
20001d78:	20001d70 20001d70 20001d78 20001d78     p.. p.. x.. x.. 
20001d88:	20001d80 20001d80 20001d88 20001d88     ... ... ... ... 
20001d98:	20001d90 20001d90 20001d98 20001d98     ... ... ... ... 
20001da8:	20001da0 20001da0 20001da8 20001da8     ... ... ... ... 
20001db8:	20001db0 20001db0 20001db8 20001db8     ... ... ... ... 
20001dc8:	20001dc0 20001dc0 20001dc8 20001dc8     ... ... ... ... 
20001dd8:	20001dd0 20001dd0 20001dd8 20001dd8     ... ... ... ... 
20001de8:	20001de0 20001de0 20001de8 20001de8     ... ... ... ... 
20001df8:	20001df0 20001df0 20001df8 20001df8     ... ... ... ... 
20001e08:	20001e00 20001e00 20001e08 20001e08     ... ... ... ... 
20001e18:	20001e10 20001e10 20001e18 20001e18     ... ... ... ... 
20001e28:	20001e20 20001e20 20001e28 20001e28      ..  .. (.. (.. 
20001e38:	20001e30 20001e30 20001e38 20001e38     0.. 0.. 8.. 8.. 
20001e48:	20001e40 20001e40 20001e48 20001e48     @.. @.. H.. H.. 
20001e58:	20001e50 20001e50 20001e58 20001e58     P.. P.. X.. X.. 
20001e68:	20001e60 20001e60 20001e68 20001e68     `.. `.. h.. h.. 
20001e78:	20001e70 20001e70 20001e78 20001e78     p.. p.. x.. x.. 
20001e88:	20001e80 20001e80 20001e88 20001e88     ... ... ... ... 
20001e98:	20001e90 20001e90 20001e98 20001e98     ... ... ... ... 
20001ea8:	20001ea0 20001ea0 20001ea8 20001ea8     ... ... ... ... 
20001eb8:	20001eb0 20001eb0 20001eb8 20001eb8     ... ... ... ... 
20001ec8:	20001ec0 20001ec0 20001ec8 20001ec8     ... ... ... ... 
20001ed8:	20001ed0 20001ed0 20001ed8 20001ed8     ... ... ... ... 
20001ee8:	20001ee0 20001ee0 20001ee8 20001ee8     ... ... ... ... 
20001ef8:	20001ef0 20001ef0 20001ef8 20001ef8     ... ... ... ... 
20001f08:	20001f00 20001f00 20001f08 20001f08     ... ... ... ... 
20001f18:	20001f10 20001f10 20001f18 20001f18     ... ... ... ... 
20001f28:	20001f20 20001f20 20001f28 20001f28      ..  .. (.. (.. 
20001f38:	20001f30 20001f30 20001f38 20001f38     0.. 0.. 8.. 8.. 
20001f48:	20001f40 20001f40 20001f48 20001f48     @.. @.. H.. H.. 
20001f58:	20001f50 20001f50 20001f58 20001f58     P.. P.. X.. X.. 
20001f68:	20001f60 20001f60 20001f68 20001f68     `.. `.. h.. h.. 
20001f78:	20001f70 20001f70 20001f78 20001f78     p.. p.. x.. x.. 
20001f88:	20001f80 20001f80 20001f88 20001f88     ... ... ... ... 
20001f98:	20001f90 20001f90 20001f98 20001f98     ... ... ... ... 
20001fa8:	20001fa0 20001fa0 20001fa8 20001fa8     ... ... ... ... 
20001fb8:	20001fb0 20001fb0 20001fb8 20001fb8     ... ... ... ... 
20001fc8:	20001fc0 20001fc0 20001fc8 20001fc8     ... ... ... ... 
20001fd8:	20001fd0 20001fd0 20001fd8 20001fd8     ... ... ... ... 
20001fe8:	20001fe0 20001fe0 20001fe8 20001fe8     ... ... ... ... 
20001ff8:	20001ff0 20001ff0 20001ff8 20001ff8     ... ... ... ... 
20002008:	20002000 20002000 20002008 20002008     . . . . . . . . 
20002018:	20002010 20002010 20002018 20002018     . . . . . . . . 
20002028:	20002020 20002020 20002028 20002028       .   . ( . ( . 
20002038:	20002030 20002030 20002038 20002038     0 . 0 . 8 . 8 . 
20002048:	20002040 20002040 20002048 20002048     @ . @ . H . H . 
20002058:	20002050 20002050 20002058 20002058     P . P . X . X . 
20002068:	20002060 20002060 20002068 20002068     ` . ` . h . h . 
20002078:	20002070 20002070 20002078 20002078     p . p . x . x . 
20002088:	20002080 20002080 20002088 20002088     . . . . . . . . 
20002098:	20002090 20002090 20002098 20002098     . . . . . . . . 
200020a8:	200020a0 200020a0 200020a8 200020a8     . . . . . . . . 

200020b8 <_impure_ptr>:
200020b8:	200020c0 00000000                       . . ....

200020c0 <_impure_data>:
200020c0:	00000000 200023e8 20002450 200024b8     .....#. P$. .$. 
	...
20002158:	00000001 00000000 abcd330e e66d1234     .........3..4.m.
20002168:	0005deec 0000000b 00000000 00000000     ................
	...

20002200 <malloc_mutex>:
	...

20002208 <print_mutex>:
	...
