   1               	#NO_APP
   2               		.file	"TinyBasicPlus.c"
   3               		.text
   4               		.align	2
   6               	ignore_blanks:
   7 0000 2079 0000 		move.l txtpos,%a0
   7      0000 
   8 0006 4200      		clr.b %d0
   9               	.L2:
  10 0008 2248      		move.l %a0,%a1
  11 000a 1218      		move.b (%a0)+,%d1
  12 000c 0C01 0020 		cmp.b #32,%d1
  13 0010 6712      		jeq .L6
  14 0012 0C01 0009 		cmp.b #9,%d1
  15 0016 670C      		jeq .L6
  16 0018 4A00      		tst.b %d0
  17 001a 6706      		jeq .L1
  18 001c 23C9 0000 		move.l %a1,txtpos
  18      0000 
  19               	.L1:
  20 0022 4E75      		rts
  21               	.L6:
  22 0024 7001      		moveq #1,%d0
  23 0026 60E0      		jra .L2
  25               		.align	2
  27               	scantable:
  28 0028 48E7 2030 		movem.l #8240,-(%sp)
  29 002c 246F 0010 		move.l 16(%sp),%a2
  30 0030 4239 0000 		clr.b table_index
  30      0000 
  31 0036 7200      		moveq #0,%d1
  32 0038 47FA FFC6 		lea ignore_blanks,%a3
  33               	.L11:
  34 003c 1412      		move.b (%a2),%d2
  35 003e 674A      		jeq .L10
  36 0040 2079 0000 		move.l txtpos,%a0
  36      0000 
  37 0046 1030 1800 		move.b (%a0,%d1.l),%d0
  38 004a B002      		cmp.b %d2,%d0
  39 004c 6606      		jne .L13
  40 004e 5281      		addq.l #1,%d1
  41 0050 528A      		addq.l #1,%a2
  42 0052 60E8      		jra .L11
  43               	.L13:
  44 0054 0280 0000 		and.l #255,%d0
  44      00FF 
  45 005a 0680 0000 		add.l #128,%d0
  45      0080 
  46 0060 0282 0000 		and.l #255,%d2
  46      00FF 
  47 0066 B480      		cmp.l %d0,%d2
  48 0068 6610      		jne .L15
  49 006a 41F0 1801 		lea 1(%a0,%d1.l),%a0
  50 006e 23C8 0000 		move.l %a0,txtpos
  50      0000 
  51 0074 4CDF 0C04 		movem.l (%sp)+,#3076
  52 0078 6086      		jra ignore_blanks
  53               	.L15:
  54 007a 4A1A      		tst.b (%a2)+
  55 007c 6CFC      		jge .L15
  56 007e 5239 0000 		addq.b #1,table_index
  56      0000 
  57 0084 4E93      		jsr (%a3)
  58 0086 7200      		moveq #0,%d1
  59 0088 60B2      		jra .L11
  60               	.L10:
  61 008a 4CDF 0C04 		movem.l (%sp)+,#3076
  62 008e 4E75      		rts
  64               		.align	2
  66               	testnum:
  67 0090 2F02      		move.l %d2,-(%sp)
  68 0092 4EBA FF6C 		jsr ignore_blanks
  69 0096 2079 0000 		move.l txtpos,%a0
  69      0000 
  70 009c 4201      		clr.b %d1
  71 009e 4240      		clr.w %d0
  72               	.L19:
  73 00a0 1410      		move.b (%a0),%d2
  74 00a2 3242      		move.w %d2,%a1
  75 00a4 0602 FFD0 		add.b #-48,%d2
  76 00a8 0C02 0009 		cmp.b #9,%d2
  77 00ac 630C      		jls .L23
  78 00ae 4A01      		tst.b %d1
  79 00b0 671A      		jeq .L18
  80 00b2 23C8 0000 		move.l %a0,txtpos
  80      0000 
  81 00b8 6012      		jra .L18
  82               	.L23:
  83 00ba 0C40 1998 		cmp.w #6552,%d0
  84 00be 6310      		jls .L20
  85 00c0 4A01      		tst.b %d1
  86 00c2 6706      		jeq .L21
  87 00c4 23C8 0000 		move.l %a0,txtpos
  87      0000 
  88               	.L21:
  89 00ca 70FF      		moveq #-1,%d0
  90               	.L18:
  91 00cc 241F      		move.l (%sp)+,%d2
  92 00ce 4E75      		rts
  93               	.L20:
  94 00d0 5288      		addq.l #1,%a0
  95 00d2 3200      		move.w %d0,%d1
  96 00d4 D240      		add.w %d0,%d1
  97 00d6 D241      		add.w %d1,%d1
  98 00d8 D240      		add.w %d0,%d1
  99 00da D241      		add.w %d1,%d1
 100 00dc 0641 FFD0 		add.w #-48,%d1
 101 00e0 3409      		move.w %a1,%d2
 102 00e2 4240      		clr.w %d0
 103 00e4 1002      		move.b %d2,%d0
 104 00e6 D041      		add.w %d1,%d0
 105 00e8 7201      		moveq #1,%d1
 106 00ea 60B4      		jra .L19
 108               		.align	2
 110               	findline:
 111 00ec 2079 0000 		move.l program_start,%a0
 111      0000 
 112 00f2 2239 0000 		move.l program_end,%d1
 112      0000 
 113 00f8 3279 0000 		move.w linenum,%a1
 113      0000 
 114               	.L33:
 115 00fe B1C1      		cmp.l %d1,%a0
 116 0100 6710      		jeq .L31
 117 0102 3009      		move.w %a1,%d0
 118 0104 B050      		cmp.w (%a0),%d0
 119 0106 630A      		jls .L31
 120 0108 7000      		moveq #0,%d0
 121 010a 1028 0002 		move.b 2(%a0),%d0
 122 010e D1C0      		add.l %d0,%a0
 123 0110 60EC      		jra .L33
 124               	.L31:
 125 0112 2008      		move.l %a0,%d0
 126 0114 4E75      		rts
 128               		.align	2
 130               	toUppercaseBuffer:
 131 0116 2079 0000 		move.l program_end,%a0
 131      0000 
 132 011c 5488      		addq.l #2,%a0
 133 011e 4201      		clr.b %d1
 134               	.L35:
 135 0120 1010      		move.b (%a0),%d0
 136 0122 0C00 000A 		cmp.b #10,%d0
 137 0126 6602      		jne .L39
 138 0128 4E75      		rts
 139               	.L39:
 140 012a 5288      		addq.l #1,%a0
 141 012c B200      		cmp.b %d0,%d1
 142 012e 671C      		jeq .L36
 143 0130 0C00 0022 		cmp.b #34,%d0
 144 0134 6718      		jeq .L37
 145 0136 0C00 0027 		cmp.b #39,%d0
 146 013a 6712      		jeq .L37
 147 013c 4A01      		tst.b %d1
 148 013e 661C      		jne .L40
 149 0140 1200      		move.b %d0,%d1
 150 0142 0601 FF9F 		add.b #-97,%d1
 151 0146 0C01 0019 		cmp.b #25,%d1
 152 014a 6306      		jls .L38
 153               	.L36:
 154 014c 4200      		clr.b %d0
 155               	.L37:
 156 014e 1200      		move.b %d0,%d1
 157 0150 60CE      		jra .L35
 158               	.L38:
 159 0152 0600 FFE0 		add.b #-32,%d0
 160 0156 1140 FFFF 		move.b %d0,-1(%a0)
 161 015a 60F0      		jra .L36
 162               	.L40:
 163 015c 1001      		move.b %d1,%d0
 164 015e 60EE      		jra .L37
 166               		.align	2
 168               	str_temp_alloc:
 169 0160 2079 0000 		move.l str_temp_idx,%a0
 169      0000 
 170 0166 2208      		move.l %a0,%d1
 171 0168 5281      		addq.l #1,%d1
 172 016a 2001      		move.l %d1,%d0
 173 016c 0280 8000 		and.l #-2147483645,%d0
 173      0003 
 174 0172 4A81      		tst.l %d1
 175 0174 6C08      		jge .L48
 176 0176 5380      		subq.l #1,%d0
 177 0178 72FC      		moveq #-4,%d1
 178 017a 8081      		or.l %d1,%d0
 179 017c 5280      		addq.l #1,%d0
 180               	.L48:
 181 017e 23C0 0000 		move.l %d0,str_temp_idx
 181      0000 
 182 0184 2208      		move.l %a0,%d1
 183 0186 D288      		add.l %a0,%d1
 184 0188 2001      		move.l %d1,%d0
 185 018a D081      		add.l %d1,%d0
 186 018c D088      		add.l %a0,%d0
 187 018e E788      		lsl.l #3,%d0
 188 0190 0680 0000 		add.l #str_temp,%d0
 188      0000 
 189 0196 4E75      		rts
 191               		.align	2
 193               	line_terminator:
 194 0198 4878 000A 		pea 10.w
 195 019c 4EB9 0000 		jsr outchar
 195      0000 
 196 01a2 588F      		addq.l #4,%sp
 197 01a4 4E75      		rts
 199               		.align	2
 201               	getln:
 202 01a6 2F0B      		move.l %a3,-(%sp)
 203 01a8 2F0A      		move.l %a2,-(%sp)
 204 01aa 102F 000F 		move.b 15(%sp),%d0
 205 01ae 4880      		ext.w %d0
 206 01b0 3040      		move.w %d0,%a0
 207 01b2 2F08      		move.l %a0,-(%sp)
 208 01b4 45F9 0000 		lea outchar,%a2
 208      0000 
 209 01ba 4E92      		jsr (%a2)
 210 01bc 2039 0000 		move.l program_end,%d0
 210      0000 
 211 01c2 5480      		addq.l #2,%d0
 212 01c4 23C0 0000 		move.l %d0,txtpos
 212      0000 
 213               	.L66:
 214 01ca 588F      		addq.l #4,%sp
 215               	.L51:
 216 01cc 4EB9 0000 		jsr getchar
 216      0000 
 217 01d2 1200      		move.b %d0,%d1
 218 01d4 4881      		ext.w %d1
 219 01d6 3041      		move.w %d1,%a0
 220 01d8 0C41 000A 		cmp.w #10,%d1
 221 01dc 673A      		jeq .L52
 222 01de 0C00 000D 		cmp.b #13,%d0
 223 01e2 6734      		jeq .L52
 224 01e4 0C00 001B 		cmp.b #27,%d0
 225 01e8 6720      		jeq .L53
 226 01ea 2239 0000 		move.l txtpos,%d1
 226      0000 
 227 01f0 0C00 0008 		cmp.b #8,%d0
 228 01f4 6732      		jeq .L54
 229 01f6 2279 0000 		move.l variables_begin,%a1
 229      0000 
 230 01fc 5589      		subq.l #2,%a1
 231 01fe B3C1      		cmp.l %d1,%a1
 232 0200 6642      		jne .L58
 233 0202 4878 0008 		pea 8.w
 234               	.L67:
 235 0206 4E92      		jsr (%a2)
 236 0208 60C0      		jra .L66
 237               	.L53:
 238 020a 13FC 0001 		move.b #1,exit
 238      0000 0000 
 239               	.L50:
 240 0212 245F      		move.l (%sp)+,%a2
 241 0214 265F      		move.l (%sp)+,%a3
 242 0216 4E75      		rts
 243               	.L52:
 244 0218 4EBA FF7E 		jsr line_terminator
 245 021c 2079 0000 		move.l txtpos,%a0
 245      0000 
 246 0222 10BC 000A 		move.b #10,(%a0)
 247 0226 60EA      		jra .L50
 248               	.L54:
 249 0228 B2B9 0000 		cmp.l program_end.l,%d1
 249      0000 
 250 022e 679C      		jeq .L51
 251 0230 5381      		subq.l #1,%d1
 252 0232 23C1 0000 		move.l %d1,txtpos
 252      0000 
 253 0238 4878 0008 		pea 8.w
 254 023c 4EB9 0000 		jsr putchar
 254      0000 
 255 0242 6086      		jra .L66
 256               	.L58:
 257 0244 2241      		move.l %d1,%a1
 258 0246 1280      		move.b %d0,(%a1)
 259 0248 5281      		addq.l #1,%d1
 260 024a 23C1 0000 		move.l %d1,txtpos
 260      0000 
 261 0250 2008      		move.l %a0,%d0
 262 0252 0280 0000 		and.l #255,%d0
 262      00FF 
 263 0258 2F00      		move.l %d0,-(%sp)
 264 025a 60AA      		jra .L67
 266               		.section	.rodata.str1.1,"aMS",@progbits,1
 267               	.LC0:
 268 0000 5748 494C 		.string	"WHILE"
 268      4500 
 269               	.LC1:
 270 0006 5745 4E44 		.string	"WEND"
 270      00
 271               		.text
 272               		.align	2
 274               	find_wend.0:
 275 025c 598F      		subq.l #4,%sp
 276 025e 48E7 3830 		movem.l #14384,-(%sp)
 277 0262 2839 0000 		move.l txtpos,%d4
 277      0000 
 278 0268 2F79 0000 		move.l current_line,20(%sp)
 278      0000 0014 
 279 0270 2444      		move.l %d4,%a2
 280 0272 263C 0000 		move.l #1000,%d3
 280      03E8 
 281 0278 7401      		moveq #1,%d2
 282 027a 47F9 0000 		lea strncmp,%a3
 282      0000 
 283               	.L75:
 284 0280 1012      		move.b (%a2),%d0
 285 0282 0C00 000A 		cmp.b #10,%d0
 286 0286 6744      		jeq .L73
 287 0288 4A00      		tst.b %d0
 288 028a 6604      		jne .L74
 289               	.L78:
 290 028c 4240      		clr.w %d0
 291 028e 604A      		jra .L72
 292               	.L74:
 293 0290 4878 0005 		pea 5.w
 294 0294 4879 0000 		pea .LC0
 294      0000 
 295 029a 2F0A      		move.l %a2,-(%sp)
 296 029c 4E93      		jsr (%a3)
 297 029e 4FEF 000C 		lea (12,%sp),%sp
 298 02a2 4A80      		tst.l %d0
 299 02a4 6608      		jne .L70
 300 02a6 5282      		addq.l #1,%d2
 301 02a8 588A      		addq.l #4,%a2
 302               	.L71:
 303 02aa 528A      		addq.l #1,%a2
 304 02ac 60D2      		jra .L75
 305               	.L70:
 306 02ae 4878 0004 		pea 4.w
 307 02b2 4879 0000 		pea .LC1
 307      0000 
 308 02b8 2F0A      		move.l %a2,-(%sp)
 309 02ba 4E93      		jsr (%a3)
 310 02bc 4FEF 000C 		lea (12,%sp),%sp
 311 02c0 4A80      		tst.l %d0
 312 02c2 66E6      		jne .L71
 313 02c4 5382      		subq.l #1,%d2
 314 02c6 6710      		jeq .L76
 315 02c8 568A      		addq.l #3,%a2
 316 02ca 60DE      		jra .L71
 317               	.L73:
 318 02cc 4A82      		tst.l %d2
 319 02ce 6FBC      		jle .L78
 320 02d0 528A      		addq.l #1,%a2
 321 02d2 5383      		subq.l #1,%d3
 322 02d4 66AA      		jne .L75
 323 02d6 60B4      		jra .L78
 324               	.L76:
 325 02d8 7001      		moveq #1,%d0
 326               	.L72:
 327 02da 23C4 0000 		move.l %d4,txtpos
 327      0000 
 328 02e0 23EF 0014 		move.l 20(%sp),current_line
 328      0000 0000 
 329 02e8 4CDF 0C1C 		movem.l (%sp)+,#3100
 330 02ec 588F      		addq.l #4,%sp
 331 02ee 4E75      		rts
 333               		.align	2
 335               	peek_keyword:
 336 02f0 2F2F 0004 		move.l 4(%sp),-(%sp)
 337 02f4 4EB9 0000 		jsr strlen
 337      0000 
 338 02fa 2F00      		move.l %d0,-(%sp)
 339 02fc 2F2F 000C 		move.l 12(%sp),-(%sp)
 340 0300 2F39 0000 		move.l txtpos,-(%sp)
 340      0000 
 341 0306 4EB9 0000 		jsr strncmp
 341      0000 
 342 030c 4FEF 0010 		lea (16,%sp),%sp
 343 0310 4A80      		tst.l %d0
 344 0312 57C0      		seq %d0
 345 0314 4880      		ext.w %d0
 346 0316 48C0      		ext.l %d0
 347 0318 4480      		neg.l %d0
 348 031a 4E75      		rts
 350               		.align	2
 352               	isValidFnChar:
 353 031c 202F 0004 		move.l 4(%sp),%d0
 354 0320 1200      		move.b %d0,%d1
 355 0322 0601 FFD0 		add.b #-48,%d1
 356 0326 0C01 0009 		cmp.b #9,%d1
 357 032a 6330      		jls .L86
 358 032c 1200      		move.b %d0,%d1
 359 032e 0201 FFDF 		and.b #-33,%d1
 360 0332 0601 FFBF 		add.b #-65,%d1
 361 0336 0C01 0019 		cmp.b #25,%d1
 362 033a 6320      		jls .L86
 363 033c 0C00 005F 		cmp.b #95,%d0
 364 0340 671A      		jeq .L86
 365 0342 0C00 002B 		cmp.b #43,%d0
 366 0346 6714      		jeq .L86
 367 0348 0C00 002E 		cmp.b #46,%d0
 368 034c 670E      		jeq .L86
 369 034e 0C00 007E 		cmp.b #126,%d0
 370 0352 57C0      		seq %d0
 371 0354 4880      		ext.w %d0
 372 0356 48C0      		ext.l %d0
 373 0358 4480      		neg.l %d0
 374               	.L80:
 375 035a 4E75      		rts
 376               	.L86:
 377 035c 7001      		moveq #1,%d0
 378 035e 60FA      		jra .L80
 380               		.align	2
 382               	get_filename.constprop.0:
 383 0360 48E7 3C20 		movem.l #15392,-(%sp)
 384 0364 4EBA FC9A 		jsr ignore_blanks
 385 0368 2079 0000 		move.l txtpos,%a0
 385      0000 
 386 036e 1610      		move.b (%a0),%d3
 387 0370 0C03 0022 		cmp.b #34,%d3
 388 0374 6706      		jeq .L88
 389 0376 0C03 0027 		cmp.b #39,%d3
 390 037a 664A      		jne .L106
 391               	.L88:
 392 037c 5288      		addq.l #1,%a0
 393 037e 23C8 0000 		move.l %a0,txtpos
 393      0000 
 394 0384 327C 0001 		move.w #1,%a1
 395               	.L89:
 396 0388 2208      		move.l %a0,%d1
 397 038a 4204      		clr.b %d4
 398 038c 7000      		moveq #0,%d0
 399 038e 1403      		move.b %d3,%d2
 400 0390 4882      		ext.w %d2
 401 0392 3042      		move.w %d2,%a0
 402               	.L90:
 403 0394 2441      		move.l %d1,%a2
 404 0396 1412      		move.b (%a2),%d2
 405 0398 0C02 000A 		cmp.b #10,%d2
 406 039c 6656      		jne .L99
 407               	.L124:
 408 039e 4A04      		tst.b %d4
 409 03a0 6706      		jeq .L101
 410 03a2 23C1 0000 		move.l %d1,txtpos
 410      0000 
 411               	.L101:
 412 03a8 B2FC 0000 		cmp.w #0,%a1
 413 03ac 6668      		jne .L94
 414               	.L95:
 415 03ae 206F 0018 		move.l 24(%sp),%a0
 416 03b2 4230 0800 		clr.b (%a0,%d0.l)
 417 03b6 4A80      		tst.l %d0
 418 03b8 56C0      		sne %d0
 419 03ba 4880      		ext.w %d0
 420 03bc 48C0      		ext.l %d0
 421 03be 4480      		neg.l %d0
 422 03c0 4CDF 043C 		movem.l (%sp)+,#1084
 423 03c4 4E75      		rts
 424               	.L106:
 425 03c6 93C9      		sub.l %a1,%a1
 426 03c8 60BE      		jra .L89
 427               	.L91:
 428 03ca 0C02 0020 		cmp.b #32,%d2
 429 03ce 660C      		jne .L92
 430 03d0 4A04      		tst.b %d4
 431 03d2 67DA      		jeq .L95
 432               	.L126:
 433 03d4 23C1 0000 		move.l %d1,txtpos
 433      0000 
 434 03da 60D2      		jra .L95
 435               	.L92:
 436 03dc 5281      		addq.l #1,%d1
 437 03de 781E      		moveq #30,%d4
 438 03e0 B880      		cmp.l %d0,%d4
 439 03e2 6D0C      		jlt .L98
 440 03e4 282F 0018 		move.l 24(%sp),%d4
 441 03e8 D880      		add.l %d0,%d4
 442 03ea 2444      		move.l %d4,%a2
 443 03ec 1482      		move.b %d2,(%a2)
 444 03ee 5280      		addq.l #1,%d0
 445               	.L98:
 446 03f0 7801      		moveq #1,%d4
 447 03f2 60A0      		jra .L90
 448               	.L99:
 449 03f4 4A02      		tst.b %d2
 450 03f6 67A6      		jeq .L124
 451 03f8 0C02 003A 		cmp.b #58,%d2
 452 03fc 67A0      		jeq .L124
 453 03fe B2FC 0000 		cmp.w #0,%a1
 454 0402 67C6      		jeq .L91
 455 0404 7A00      		moveq #0,%d5
 456 0406 1A02      		move.b %d2,%d5
 457 0408 B1C5      		cmp.l %d5,%a0
 458 040a 66D0      		jne .L92
 459 040c 4A04      		tst.b %d4
 460 040e 6706      		jeq .L94
 461 0410 23C1 0000 		move.l %d1,txtpos
 461      0000 
 462               	.L94:
 463 0416 0282 0000 		and.l #255,%d2
 463      00FF 
 464 041c 4883      		ext.w %d3
 465 041e 3043      		move.w %d3,%a0
 466 0420 B1C2      		cmp.l %d2,%a0
 467 0422 668A      		jne .L95
 468 0424 5281      		addq.l #1,%d1
 469 0426 60AC      		jra .L126
 471               		.align	2
 472               		.globl	srand
 474               	srand:
 475 0428 23EF 0004 		move.l 4(%sp),rand_seed
 475      0000 0000 
 476 0430 4E75      		rts
 478               		.align	2
 479               		.globl	rand
 481               	rand:
 482 0432 2F3C 41C6 		move.l #1103515245,-(%sp)
 482      4E6D 
 483 0438 2F39 0000 		move.l rand_seed,-(%sp)
 483      0000 
 484 043e 4EB9 0000 		jsr __mulsi3
 484      0000 
 485 0444 508F      		addq.l #8,%sp
 486 0446 0680 0000 		add.l #12345,%d0
 486      3039 
 487 044c 0880 001F 		bclr #31,%d0
 488 0450 23C0 0000 		move.l %d0,rand_seed
 488      0000 
 489 0456 4240      		clr.w %d0
 490 0458 4840      		swap %d0
 491 045a 4E75      		rts
 493               		.align	2
 495               	expr4:
 496 045c 48E7 3020 		movem.l #12320,-(%sp)
 497 0460 7401      		moveq #1,%d2
 498 0462 45FA FB9C 		lea ignore_blanks,%a2
 499               	.L131:
 500 0466 4E92      		jsr (%a2)
 501 0468 2079 0000 		move.l txtpos,%a0
 501      0000 
 502 046e 1210      		move.b (%a0),%d1
 503 0470 0C01 002D 		cmp.b #45,%d1
 504 0474 660C      		jne .L130
 505 0476 5288      		addq.l #1,%a0
 506 0478 23C8 0000 		move.l %a0,txtpos
 506      0000 
 507 047e 4482      		neg.l %d2
 508 0480 60E4      		jra .L131
 509               	.L130:
 510 0482 0C01 0030 		cmp.b #48,%d1
 511 0486 660C      		jne .L132
 512 0488 5288      		addq.l #1,%a0
 513 048a 23C8 0000 		move.l %a0,txtpos
 513      0000 
 514               	.L133:
 515 0490 95CA      		sub.l %a2,%a2
 516 0492 603A      		jra .L136
 517               	.L132:
 518 0494 1001      		move.b %d1,%d0
 519 0496 0600 FFCF 		add.b #-49,%d0
 520 049a 0C00 0008 		cmp.b #8,%d0
 521 049e 6240      		jhi .L134
 522 04a0 95CA      		sub.l %a2,%a2
 523               	.L135:
 524 04a2 200A      		move.l %a2,%d0
 525 04a4 D08A      		add.l %a2,%d0
 526 04a6 D080      		add.l %d0,%d0
 527 04a8 D08A      		add.l %a2,%d0
 528 04aa 2440      		move.l %d0,%a2
 529 04ac D5C0      		add.l %d0,%a2
 530 04ae 0281 0000 		and.l #255,%d1
 530      00FF 
 531 04b4 45F2 18D0 		lea -48(%a2,%d1.l),%a2
 532 04b8 5288      		addq.l #1,%a0
 533 04ba 1210      		move.b (%a0),%d1
 534 04bc 1001      		move.b %d1,%d0
 535 04be 0600 FFD0 		add.b #-48,%d0
 536 04c2 0C00 0009 		cmp.b #9,%d0
 537 04c6 63DA      		jls .L135
 538               	.L151:
 539 04c8 23C8 0000 		move.l %a0,txtpos
 539      0000 
 540               	.L136:
 541 04ce 2F0A      		move.l %a2,-(%sp)
 542 04d0 2F02      		move.l %d2,-(%sp)
 543 04d2 4EB9 0000 		jsr __mulsi3
 543      0000 
 544 04d8 508F      		addq.l #8,%sp
 545 04da 4CDF 040C 		movem.l (%sp)+,#1036
 546 04de 4E75      		rts
 547               	.L134:
 548 04e0 1001      		move.b %d1,%d0
 549 04e2 0600 FFBF 		add.b #-65,%d0
 550 04e6 0C00 0019 		cmp.b #25,%d0
 551 04ea 6200 00F4 		jhi .L137
 552 04ee 1028 0001 		move.b 1(%a0),%d0
 553 04f2 0600 FFBF 		add.b #-65,%d0
 554 04f6 0C00 0019 		cmp.b #25,%d0
 555 04fa 631C      		jls .L138
 556 04fc 0281 0000 		and.l #255,%d1
 556      00FF 
 557 0502 0681 7FFF 		add.l #2147483583,%d1
 557      FFBF 
 558 0508 D281      		add.l %d1,%d1
 559 050a 2279 0000 		move.l variables_begin,%a1
 559      0000 
 560 0510 3471 1800 		move.w (%a1,%d1.l),%a2
 561 0514 5288      		addq.l #1,%a0
 562 0516 60B0      		jra .L151
 563               	.L138:
 564 0518 4879 0000 		pea func_tab
 564      0000 
 565 051e 4EBA FB08 		jsr scantable
 566 0522 1639 0000 		move.b table_index,%d3
 566      0000 
 567 0528 588F      		addq.l #4,%sp
 568 052a 0C03 0007 		cmp.b #7,%d3
 569 052e 6700 00DE 		jeq .L139
 570 0532 2039 0000 		move.l txtpos,%d0
 570      0000 
 571 0538 2040      		move.l %d0,%a0
 572 053a 0C10 0028 		cmp.b #40,(%a0)
 573 053e 6600 00CE 		jne .L139
 574 0542 5280      		addq.l #1,%d0
 575 0544 23C0 0000 		move.l %d0,txtpos
 575      0000 
 576 054a 1003      		move.b %d3,%d0
 577 054c 5B00      		subq.b #5,%d0
 578 054e 0C00 0001 		cmp.b #1,%d0
 579 0552 6248      		jhi .L140
 580 0554 4EBA 0222 		jsr str_expr
 581 0558 4A39 0000 		tst.b expression_error.l
 581      0000 
 582 055e 6600 00AE 		jne .L139
 583 0562 2239 0000 		move.l txtpos,%d1
 583      0000 
 584 0568 2041      		move.l %d1,%a0
 585 056a 0C10 0029 		cmp.b #41,(%a0)
 586 056e 6600 009E 		jne .L139
 587 0572 5281      		addq.l #1,%d1
 588 0574 23C1 0000 		move.l %d1,txtpos
 588      0000 
 589 057a 0C03 0005 		cmp.b #5,%d3
 590 057e 6610      		jne .L141
 591 0580 2F00      		move.l %d0,-(%sp)
 592 0582 4EB9 0000 		jsr strlen
 592      0000 
 593 0588 2440      		move.l %d0,%a2
 594 058a 588F      		addq.l #4,%sp
 595 058c 6000 FF40 		jra .L136
 596               	.L141:
 597 0590 2040      		move.l %d0,%a0
 598 0592 7000      		moveq #0,%d0
 599 0594 1010      		move.b (%a0),%d0
 600               	.L150:
 601 0596 2440      		move.l %d0,%a2
 602 0598 6000 FF34 		jra .L136
 603               	.L140:
 604 059c 4EBA 0148 		jsr expression
 605 05a0 2440      		move.l %d0,%a2
 606 05a2 2079 0000 		move.l txtpos,%a0
 606      0000 
 607 05a8 0C10 0029 		cmp.b #41,(%a0)
 608 05ac 6660      		jne .L139
 609 05ae 5288      		addq.l #1,%a0
 610 05b0 23C8 0000 		move.l %a0,txtpos
 610      0000 
 611 05b6 0C03 0001 		cmp.b #1,%d3
 612 05ba 6700 FF12 		jeq .L136
 613 05be 0C03 0004 		cmp.b #4,%d3
 614 05c2 670A      		jeq .L142
 615 05c4 4A03      		tst.b %d3
 616 05c6 6618      		jne .L137
 617 05c8 7000      		moveq #0,%d0
 618 05ca 1012      		move.b (%a2),%d0
 619 05cc 60C8      		jra .L150
 620               	.L142:
 621 05ce 4EBA FE62 		jsr rand
 622 05d2 2F0A      		move.l %a2,-(%sp)
 623 05d4 2F00      		move.l %d0,-(%sp)
 624 05d6 4EB9 0000 		jsr __umodsi3
 624      0000 
 625 05dc 508F      		addq.l #8,%sp
 626 05de 60B6      		jra .L150
 627               	.L137:
 628 05e0 0C10 0028 		cmp.b #40,(%a0)
 629 05e4 6628      		jne .L139
 630 05e6 5288      		addq.l #1,%a0
 631 05e8 23C8 0000 		move.l %a0,txtpos
 631      0000 
 632 05ee 4EBA 00F6 		jsr expression
 633 05f2 2440      		move.l %d0,%a2
 634 05f4 2039 0000 		move.l txtpos,%d0
 634      0000 
 635 05fa 2040      		move.l %d0,%a0
 636 05fc 0C10 0029 		cmp.b #41,(%a0)
 637 0600 660C      		jne .L139
 638 0602 5280      		addq.l #1,%d0
 639 0604 23C0 0000 		move.l %d0,txtpos
 639      0000 
 640 060a 6000 FEC2 		jra .L136
 641               	.L139:
 642 060e 13FC 0001 		move.b #1,expression_error
 642      0000 0000 
 643 0616 6000 FE78 		jra .L133
 645               		.align	2
 647               	expr3:
 648 061a 48E7 2038 		movem.l #8248,-(%sp)
 649 061e 45FA FE3C 		lea expr4,%a2
 650 0622 4E92      		jsr (%a2)
 651 0624 2400      		move.l %d0,%d2
 652 0626 4EBA F9D8 		jsr ignore_blanks
 653               	.L153:
 654 062a 2039 0000 		move.l txtpos,%d0
 654      0000 
 655 0630 2040      		move.l %d0,%a0
 656 0632 1210      		move.b (%a0),%d1
 657 0634 0C01 002A 		cmp.b #42,%d1
 658 0638 661A      		jne .L154
 659 063a 5280      		addq.l #1,%d0
 660 063c 23C0 0000 		move.l %d0,txtpos
 660      0000 
 661 0642 4E92      		jsr (%a2)
 662 0644 2F00      		move.l %d0,-(%sp)
 663 0646 2F02      		move.l %d2,-(%sp)
 664 0648 4EB9 0000 		jsr __mulsi3
 664      0000 
 665               	.L158:
 666 064e 508F      		addq.l #8,%sp
 667 0650 2400      		move.l %d0,%d2
 668 0652 60D6      		jra .L153
 669               	.L154:
 670 0654 0C01 002F 		cmp.b #47,%d1
 671 0658 6624      		jne .L152
 672 065a 5280      		addq.l #1,%d0
 673 065c 23C0 0000 		move.l %d0,txtpos
 673      0000 
 674 0662 4E92      		jsr (%a2)
 675 0664 4A80      		tst.l %d0
 676 0666 670C      		jeq .L157
 677 0668 2F00      		move.l %d0,-(%sp)
 678 066a 2F02      		move.l %d2,-(%sp)
 679 066c 4EB9 0000 		jsr __udivsi3
 679      0000 
 680 0672 60DA      		jra .L158
 681               	.L157:
 682 0674 13FC 0001 		move.b #1,expression_error
 682      0000 0000 
 683 067c 60AC      		jra .L153
 684               	.L152:
 685 067e 2002      		move.l %d2,%d0
 686 0680 4CDF 1C04 		movem.l (%sp)+,#7172
 687 0684 4E75      		rts
 689               		.align	2
 691               	expr2:
 692 0686 2F0A      		move.l %a2,-(%sp)
 693 0688 2F02      		move.l %d2,-(%sp)
 694 068a 2079 0000 		move.l txtpos,%a0
 694      0000 
 695 0690 1010      		move.b (%a0),%d0
 696 0692 0C00 002D 		cmp.b #45,%d0
 697 0696 672E      		jeq .L166
 698 0698 0C00 002B 		cmp.b #43,%d0
 699 069c 6728      		jeq .L166
 700 069e 4EBA FF7A 		jsr expr3
 701 06a2 2400      		move.l %d0,%d2
 702               	.L160:
 703 06a4 45FA FF74 		lea expr3,%a2
 704               	.L161:
 705 06a8 2039 0000 		move.l txtpos,%d0
 705      0000 
 706 06ae 2040      		move.l %d0,%a0
 707 06b0 1210      		move.b (%a0),%d1
 708 06b2 0C01 002D 		cmp.b #45,%d1
 709 06b6 6612      		jne .L162
 710 06b8 5280      		addq.l #1,%d0
 711 06ba 23C0 0000 		move.l %d0,txtpos
 711      0000 
 712 06c0 4E92      		jsr (%a2)
 713 06c2 9480      		sub.l %d0,%d2
 714 06c4 60E2      		jra .L161
 715               	.L166:
 716 06c6 7400      		moveq #0,%d2
 717 06c8 60DA      		jra .L160
 718               	.L162:
 719 06ca 0C01 002B 		cmp.b #43,%d1
 720 06ce 660E      		jne .L159
 721 06d0 5280      		addq.l #1,%d0
 722 06d2 23C0 0000 		move.l %d0,txtpos
 722      0000 
 723 06d8 4E92      		jsr (%a2)
 724 06da D480      		add.l %d0,%d2
 725 06dc 60CA      		jra .L161
 726               	.L159:
 727 06de 2002      		move.l %d2,%d0
 728 06e0 241F      		move.l (%sp)+,%d2
 729 06e2 245F      		move.l (%sp)+,%a2
 730 06e4 4E75      		rts
 732               		.align	2
 734               	expression:
 735 06e6 2F0A      		move.l %a2,-(%sp)
 736 06e8 2F02      		move.l %d2,-(%sp)
 737 06ea 45FA FF9A 		lea expr2,%a2
 738 06ee 4E92      		jsr (%a2)
 739 06f0 2400      		move.l %d0,%d2
 740 06f2 4A39 0000 		tst.b expression_error.l
 740      0000 
 741 06f8 664A      		jne .L167
 742 06fa 4879 0000 		pea relop_tab
 742      0000 
 743 0700 4EBA F926 		jsr scantable
 744 0704 1039 0000 		move.b table_index,%d0
 744      0000 
 745 070a 588F      		addq.l #4,%sp
 746 070c 0C00 0007 		cmp.b #7,%d0
 747 0710 6732      		jeq .L167
 748 0712 0C00 0006 		cmp.b #6,%d0
 749 0716 625C      		jhi .L178
 750 0718 0280 0000 		and.l #255,%d0
 750      00FF 
 751 071e D080      		add.l %d0,%d0
 752 0720 303B 0806 		move.w .L172(%pc,%d0.l),%d0
 753 0724 4EFB 0002 		jmp %pc@(2,%d0:w)
 754               		.balignw 2,0x284c
 755               		.swbeg	&7
 756               	.L172:
 757 0728 000E      		.word .L177-.L172
 758 072a 0024      		.word .L171-.L172
 759 072c 002C      		.word .L176-.L172
 760 072e 0034      		.word .L175-.L172
 761 0730 003C      		.word .L174-.L172
 762 0732 0044      		.word .L173-.L172
 763 0734 0024      		.word .L171-.L172
 764               	.L177:
 765 0736 4E92      		jsr (%a2)
 766 0738 B082      		cmp.l %d2,%d0
 767 073a 53C0      		sls %d0
 768               	.L179:
 769 073c 4880      		ext.w %d0
 770 073e 48C0      		ext.l %d0
 771 0740 2400      		move.l %d0,%d2
 772 0742 4482      		neg.l %d2
 773               	.L167:
 774 0744 2002      		move.l %d2,%d0
 775 0746 241F      		move.l (%sp)+,%d2
 776 0748 245F      		move.l (%sp)+,%a2
 777 074a 4E75      		rts
 778               	.L171:
 779 074c 4E92      		jsr (%a2)
 780 074e B082      		cmp.l %d2,%d0
 781 0750 56C0      		sne %d0
 782 0752 60E8      		jra .L179
 783               	.L176:
 784 0754 4E92      		jsr (%a2)
 785 0756 B082      		cmp.l %d2,%d0
 786 0758 55C0      		scs %d0
 787 075a 60E0      		jra .L179
 788               	.L175:
 789 075c 4E92      		jsr (%a2)
 790 075e B082      		cmp.l %d2,%d0
 791 0760 57C0      		seq %d0
 792 0762 60D8      		jra .L179
 793               	.L174:
 794 0764 4E92      		jsr (%a2)
 795 0766 B082      		cmp.l %d2,%d0
 796 0768 54C0      		scc %d0
 797 076a 60D0      		jra .L179
 798               	.L173:
 799 076c 4E92      		jsr (%a2)
 800 076e B082      		cmp.l %d2,%d0
 801 0770 52C0      		shi %d0
 802 0772 60C8      		jra .L179
 803               	.L178:
 804 0774 7400      		moveq #0,%d2
 805 0776 60CC      		jra .L167
 807               		.section	.rodata.str1.1
 808               	.LC2:
 809 000b 00        		.string	""
 810               		.text
 811               		.align	2
 813               	str_expr:
 814 0778 4FEF FFF4 		lea (-12,%sp),%sp
 815 077c 48E7 3832 		movem.l #14386,-(%sp)
 816 0780 4DFA F87E 		lea ignore_blanks,%a6
 817 0784 4E96      		jsr (%a6)
 818 0786 2439 0000 		move.l txtpos,%d2
 818      0000 
 819 078c 2042      		move.l %d2,%a0
 820 078e 1610      		move.b (%a0),%d3
 821 0790 0C03 0022 		cmp.b #34,%d3
 822 0794 6706      		jeq .L181
 823 0796 0C03 0027 		cmp.b #39,%d3
 824 079a 6666      		jne .L182
 825               	.L181:
 826 079c 2002      		move.l %d2,%d0
 827 079e 5280      		addq.l #1,%d0
 828 07a0 23C0 0000 		move.l %d0,txtpos
 828      0000 
 829 07a6 4EBA F9B8 		jsr str_temp_alloc
 830 07aa 2C40      		move.l %d0,%a6
 831 07ac 2042      		move.l %d2,%a0
 832 07ae 5288      		addq.l #1,%a0
 833 07b0 7000      		moveq #0,%d0
 834 07b2 4201      		clr.b %d1
 835               	.L183:
 836 07b4 1410      		move.b (%a0),%d2
 837 07b6 B403      		cmp.b %d3,%d2
 838 07b8 661C      		jne .L184
 839               	.L244:
 840 07ba 4A01      		tst.b %d1
 841 07bc 6706      		jeq .L191
 842 07be 23C8 0000 		move.l %a0,txtpos
 842      0000 
 843               	.L191:
 844 07c4 4236 0800 		clr.b (%a6,%d0.l)
 845 07c8 B610      		cmp.b (%a0),%d3
 846 07ca 6622      		jne .L242
 847 07cc 5288      		addq.l #1,%a0
 848               	.L246:
 849 07ce 23C8 0000 		move.l %a0,txtpos
 849      0000 
 850 07d4 6020      		jra .L180
 851               	.L184:
 852 07d6 0C02 000A 		cmp.b #10,%d2
 853 07da 67DE      		jeq .L244
 854 07dc 7827      		moveq #39,%d4
 855 07de B880      		cmp.l %d0,%d4
 856 07e0 67D8      		jeq .L244
 857 07e2 5288      		addq.l #1,%a0
 858 07e4 1D82 0800 		move.b %d2,(%a6,%d0.l)
 859 07e8 5280      		addq.l #1,%d0
 860 07ea 7201      		moveq #1,%d1
 861 07ec 60C6      		jra .L183
 862               	.L242:
 863 07ee 13FC 0001 		move.b #1,expression_error
 863      0000 0000 
 864               	.L180:
 865 07f6 200E      		move.l %a6,%d0
 866 07f8 4CDF 4C1C 		movem.l (%sp)+,#19484
 867 07fc 4FEF 000C 		lea (12,%sp),%sp
 868 0800 4E75      		rts
 869               	.L182:
 870 0802 4879 0000 		pea strfunc_tab
 870      0000 
 871 0808 4EBA F81E 		jsr scantable
 872 080c 1039 0000 		move.b table_index,%d0
 872      0000 
 873 0812 588F      		addq.l #4,%sp
 874 0814 0C00 0005 		cmp.b #5,%d0
 875 0818 6700 02E0 		jeq .L197
 876 081c 2239 0000 		move.l txtpos,%d1
 876      0000 
 877 0822 2041      		move.l %d1,%a0
 878 0824 0C10 0028 		cmp.b #40,(%a0)
 879 0828 6710      		jeq .L198
 880               	.L207:
 881 082a 13FC 0001 		move.b #1,expression_error
 881      0000 0000 
 882               	.L199:
 883 0832 4DF9 0000 		lea .LC2,%a6
 883      0000 
 884 0838 60BC      		jra .L180
 885               	.L198:
 886 083a 5281      		addq.l #1,%d1
 887 083c 23C1 0000 		move.l %d1,txtpos
 887      0000 
 888 0842 0C00 0004 		cmp.b #4,%d0
 889 0846 6200 02B2 		jhi .L197
 890 084a 0280 0000 		and.l #255,%d0
 890      00FF 
 891 0850 D080      		add.l %d0,%d0
 892 0852 303B 0806 		move.w .L201(%pc,%d0.l),%d0
 893 0856 4EFB 0002 		jmp %pc@(2,%d0:w)
 894               		.balignw 2,0x284c
 895               		.swbeg	&5
 896               	.L201:
 897 085a 000A      		.word .L205-.L201
 898 085c 0088      		.word .L204-.L201
 899 085e 0104      		.word .L203-.L201
 900 0860 01C6      		.word .L202-.L201
 901 0862 01FE      		.word .L200-.L201
 902               	.L205:
 903 0864 4EBA FF12 		jsr str_expr
 904 0868 2600      		move.l %d0,%d3
 905 086a 4A39 0000 		tst.b expression_error.l
 905      0000 
 906 0870 66C0      		jne .L199
 907 0872 4E96      		jsr (%a6)
 908 0874 2039 0000 		move.l txtpos,%d0
 908      0000 
 909 087a 2040      		move.l %d0,%a0
 910 087c 0C10 002C 		cmp.b #44,(%a0)
 911 0880 66A8      		jne .L207
 912 0882 5280      		addq.l #1,%d0
 913 0884 23C0 0000 		move.l %d0,txtpos
 913      0000 
 914 088a 4EBA FE5A 		jsr expression
 915 088e 2400      		move.l %d0,%d2
 916 0890 4A39 0000 		tst.b expression_error.l
 916      0000 
 917 0896 669A      		jne .L199
 918 0898 2039 0000 		move.l txtpos,%d0
 918      0000 
 919 089e 2040      		move.l %d0,%a0
 920 08a0 0C10 0029 		cmp.b #41,(%a0)
 921 08a4 6684      		jne .L207
 922 08a6 5280      		addq.l #1,%d0
 923 08a8 23C0 0000 		move.l %d0,txtpos
 923      0000 
 924 08ae 2F03      		move.l %d3,-(%sp)
 925 08b0 4EB9 0000 		jsr strlen
 925      0000 
 926 08b6 588F      		addq.l #4,%sp
 927 08b8 4A82      		tst.l %d2
 928 08ba 6C02      		jge .L209
 929 08bc 7400      		moveq #0,%d2
 930               	.L209:
 931 08be B082      		cmp.l %d2,%d0
 932 08c0 6C02      		jge .L210
 933 08c2 2400      		move.l %d0,%d2
 934               	.L210:
 935 08c4 4EBA F89A 		jsr str_temp_alloc
 936 08c8 2C40      		move.l %d0,%a6
 937 08ca 2F02      		move.l %d2,-(%sp)
 938 08cc 2F03      		move.l %d3,-(%sp)
 939               	.L247:
 940 08ce 2F0E      		move.l %a6,-(%sp)
 941 08d0 4EB9 0000 		jsr memcpy
 941      0000 
 942 08d6 4236 2800 		clr.b (%a6,%d2.l)
 943 08da 4FEF 000C 		lea (12,%sp),%sp
 944 08de 6000 FF16 		jra .L180
 945               	.L204:
 946 08e2 4EBA FE94 		jsr str_expr
 947 08e6 2440      		move.l %d0,%a2
 948 08e8 4A39 0000 		tst.b expression_error.l
 948      0000 
 949 08ee 6600 FF42 		jne .L199
 950 08f2 4E96      		jsr (%a6)
 951 08f4 2039 0000 		move.l txtpos,%d0
 951      0000 
 952 08fa 2040      		move.l %d0,%a0
 953 08fc 0C10 002C 		cmp.b #44,(%a0)
 954 0900 6600 FF28 		jne .L207
 955 0904 5280      		addq.l #1,%d0
 956 0906 23C0 0000 		move.l %d0,txtpos
 956      0000 
 957 090c 4EBA FDD8 		jsr expression
 958 0910 2400      		move.l %d0,%d2
 959 0912 4A39 0000 		tst.b expression_error.l
 959      0000 
 960 0918 6600 FF18 		jne .L199
 961 091c 2039 0000 		move.l txtpos,%d0
 961      0000 
 962 0922 2040      		move.l %d0,%a0
 963 0924 0C10 0029 		cmp.b #41,(%a0)
 964 0928 6600 FF00 		jne .L207
 965 092c 5280      		addq.l #1,%d0
 966 092e 23C0 0000 		move.l %d0,txtpos
 966      0000 
 967 0934 2F0A      		move.l %a2,-(%sp)
 968 0936 4EB9 0000 		jsr strlen
 968      0000 
 969 093c 2600      		move.l %d0,%d3
 970 093e 588F      		addq.l #4,%sp
 971 0940 4A82      		tst.l %d2
 972 0942 6C02      		jge .L211
 973 0944 7400      		moveq #0,%d2
 974               	.L211:
 975 0946 B682      		cmp.l %d2,%d3
 976 0948 6C02      		jge .L212
 977 094a 2403      		move.l %d3,%d2
 978               	.L212:
 979 094c 4EBA F812 		jsr str_temp_alloc
 980 0950 2C40      		move.l %d0,%a6
 981 0952 2F02      		move.l %d2,-(%sp)
 982 0954 9682      		sub.l %d2,%d3
 983               	.L248:
 984 0956 4872 3800 		pea (%a2,%d3.l)
 985 095a 6000 FF72 		jra .L247
 986               	.L203:
 987 095e 4EBA FE18 		jsr str_expr
 988 0962 2440      		move.l %d0,%a2
 989 0964 4A39 0000 		tst.b expression_error.l
 989      0000 
 990 096a 6600 FEC6 		jne .L199
 991 096e 4E96      		jsr (%a6)
 992 0970 2039 0000 		move.l txtpos,%d0
 992      0000 
 993 0976 2040      		move.l %d0,%a0
 994 0978 0C10 002C 		cmp.b #44,(%a0)
 995 097c 6600 FEAC 		jne .L207
 996 0980 5280      		addq.l #1,%d0
 997 0982 23C0 0000 		move.l %d0,txtpos
 997      0000 
 998 0988 47FA FD5C 		lea expression,%a3
 999 098c 4E93      		jsr (%a3)
 1000 098e 2600      		move.l %d0,%d3
 1001 0990 4A39 0000 		tst.b expression_error.l
 1001      0000 
 1002 0996 6600 FE9A 		jne .L199
 1003 099a 2F0A      		move.l %a2,-(%sp)
 1004 099c 4EB9 0000 		jsr strlen
 1004      0000 
 1005 09a2 2800      		move.l %d0,%d4
 1006 09a4 4E96      		jsr (%a6)
 1007 09a6 2039 0000 		move.l txtpos,%d0
 1007      0000 
 1008 09ac 588F      		addq.l #4,%sp
 1009 09ae 2040      		move.l %d0,%a0
 1010 09b0 0C10 002C 		cmp.b #44,(%a0)
 1011 09b4 6646      		jne .L225
 1012 09b6 5280      		addq.l #1,%d0
 1013 09b8 23C0 0000 		move.l %d0,txtpos
 1013      0000 
 1014 09be 4E93      		jsr (%a3)
 1015 09c0 4A39 0000 		tst.b expression_error.l
 1015      0000 
 1016 09c6 6600 FE6A 		jne .L199
 1017 09ca 2400      		move.l %d0,%d2
 1018               	.L213:
 1019 09cc 2039 0000 		move.l txtpos,%d0
 1019      0000 
 1020 09d2 2040      		move.l %d0,%a0
 1021 09d4 0C10 0029 		cmp.b #41,(%a0)
 1022 09d8 6600 FE50 		jne .L207
 1023 09dc 5280      		addq.l #1,%d0
 1024 09de 23C0 0000 		move.l %d0,txtpos
 1024      0000 
 1025 09e4 2003      		move.l %d3,%d0
 1026 09e6 6E02      		jgt .L214
 1027 09e8 7001      		moveq #1,%d0
 1028               	.L214:
 1029 09ea 41FA F774 		lea str_temp_alloc,%a0
 1030 09ee B880      		cmp.l %d0,%d4
 1031 09f0 6C0E      		jge .L215
 1032 09f2 4E90      		jsr (%a0)
 1033 09f4 2C40      		move.l %d0,%a6
 1034 09f6 4216      		clr.b (%a6)
 1035 09f8 6000 FDFC 		jra .L180
 1036               	.L225:
 1037 09fc 2404      		move.l %d4,%d2
 1038 09fe 60CC      		jra .L213
 1039               	.L215:
 1040 0a00 4A82      		tst.l %d2
 1041 0a02 6C02      		jge .L216
 1042 0a04 7400      		moveq #0,%d2
 1043               	.L216:
 1044 0a06 2600      		move.l %d0,%d3
 1045 0a08 5383      		subq.l #1,%d3
 1046 0a0a 2003      		move.l %d3,%d0
 1047 0a0c D082      		add.l %d2,%d0
 1048 0a0e B880      		cmp.l %d0,%d4
 1049 0a10 6C04      		jge .L217
 1050 0a12 2404      		move.l %d4,%d2
 1051 0a14 9483      		sub.l %d3,%d2
 1052               	.L217:
 1053 0a16 4E90      		jsr (%a0)
 1054 0a18 2C40      		move.l %d0,%a6
 1055 0a1a 2F02      		move.l %d2,-(%sp)
 1056 0a1c 6000 FF38 		jra .L248
 1057               	.L202:
 1058 0a20 4EBA FCC4 		jsr expression
 1059 0a24 2400      		move.l %d0,%d2
 1060 0a26 4A39 0000 		tst.b expression_error.l
 1060      0000 
 1061 0a2c 6600 FE04 		jne .L199
 1062 0a30 2039 0000 		move.l txtpos,%d0
 1062      0000 
 1063 0a36 2040      		move.l %d0,%a0
 1064 0a38 0C10 0029 		cmp.b #41,(%a0)
 1065 0a3c 6600 FDEC 		jne .L207
 1066 0a40 5280      		addq.l #1,%d0
 1067 0a42 23C0 0000 		move.l %d0,txtpos
 1067      0000 
 1068 0a48 4EBA F716 		jsr str_temp_alloc
 1069 0a4c 2C40      		move.l %d0,%a6
 1070 0a4e 1C82      		move.b %d2,(%a6)
 1071 0a50 422E 0001 		clr.b 1(%a6)
 1072 0a54 6000 FDA0 		jra .L180
 1073               	.L200:
 1074 0a58 4EBA FC8C 		jsr expression
 1075 0a5c 2600      		move.l %d0,%d3
 1076 0a5e 4A39 0000 		tst.b expression_error.l
 1076      0000 
 1077 0a64 6600 FDCC 		jne .L199
 1078 0a68 2039 0000 		move.l txtpos,%d0
 1078      0000 
 1079 0a6e 2040      		move.l %d0,%a0
 1080 0a70 0C10 0029 		cmp.b #41,(%a0)
 1081 0a74 6600 FDB4 		jne .L207
 1082 0a78 5280      		addq.l #1,%d0
 1083 0a7a 23C0 0000 		move.l %d0,txtpos
 1083      0000 
 1084 0a80 4EBA F6DE 		jsr str_temp_alloc
 1085 0a84 2C40      		move.l %d0,%a6
 1086 0a86 4A83      		tst.l %d3
 1087 0a88 6C08      		jge .L218
 1088 0a8a 4483      		neg.l %d3
 1089 0a8c 7801      		moveq #1,%d4
 1090               	.L245:
 1091 0a8e 7400      		moveq #0,%d2
 1092 0a90 600E      		jra .L220
 1093               	.L218:
 1094 0a92 4A83      		tst.l %d3
 1095 0a94 6658      		jne .L226
 1096 0a96 1F7C 0030 		move.b #48,24(%sp)
 1096      0018 
 1097 0a9c 7800      		moveq #0,%d4
 1098 0a9e 7401      		moveq #1,%d2
 1099               	.L220:
 1100 0aa0 4A83      		tst.l %d3
 1101 0aa2 6620      		jne .L221
 1102 0aa4 2002      		move.l %d2,%d0
 1103 0aa6 4A84      		tst.l %d4
 1104 0aa8 6708      		jeq .L222
 1105 0aaa 1FBC 002D 		move.b #45,24(%sp,%d2.l)
 1105      2818 
 1106 0ab0 5280      		addq.l #1,%d0
 1107               	.L222:
 1108 0ab2 41F7 0818 		lea 24(%sp,%d0.l),%a0
 1109 0ab6 7200      		moveq #0,%d1
 1110               	.L223:
 1111 0ab8 B280      		cmp.l %d0,%d1
 1112 0aba 6636      		jne .L224
 1113 0abc 4236 0800 		clr.b (%a6,%d0.l)
 1114 0ac0 6000 FD34 		jra .L180
 1115               	.L221:
 1116 0ac4 4878 000A 		pea 10.w
 1117 0ac8 2F03      		move.l %d3,-(%sp)
 1118 0aca 4EB9 0000 		jsr __umodsi3
 1118      0000 
 1119 0ad0 508F      		addq.l #8,%sp
 1120 0ad2 0600 0030 		add.b #48,%d0
 1121 0ad6 1F80 2818 		move.b %d0,24(%sp,%d2.l)
 1122 0ada 4878 000A 		pea 10.w
 1123 0ade 2F03      		move.l %d3,-(%sp)
 1124 0ae0 4EB9 0000 		jsr __udivsi3
 1124      0000 
 1125 0ae6 508F      		addq.l #8,%sp
 1126 0ae8 2600      		move.l %d0,%d3
 1127 0aea 5282      		addq.l #1,%d2
 1128 0aec 60B2      		jra .L220
 1129               	.L226:
 1130 0aee 7800      		moveq #0,%d4
 1131 0af0 609C      		jra .L245
 1132               	.L224:
 1133 0af2 1DA0 1800 		move.b -(%a0),(%a6,%d1.l)
 1134 0af6 5281      		addq.l #1,%d1
 1135 0af8 60BE      		jra .L223
 1136               	.L197:
 1137 0afa 2079 0000 		move.l txtpos,%a0
 1137      0000 
 1138 0b00 1010      		move.b (%a0),%d0
 1139 0b02 1200      		move.b %d0,%d1
 1140 0b04 0601 FFBF 		add.b #-65,%d1
 1141 0b08 0C01 0019 		cmp.b #25,%d1
 1142 0b0c 6200 FD1C 		jhi .L207
 1143 0b10 0C28 0024 		cmp.b #36,1(%a0)
 1143      0001 
 1144 0b16 6600 FD12 		jne .L207
 1145 0b1a 0280 0000 		and.l #255,%d0
 1145      00FF 
 1146 0b20 72BF      		moveq #-65,%d1
 1147 0b22 D081      		add.l %d1,%d0
 1148 0b24 C0FC 0028 		mulu.w #40,%d0
 1149 0b28 2C40      		move.l %d0,%a6
 1150 0b2a DDFC 0000 		add.l #string_vars,%a6
 1150      0000 
 1151 0b30 5488      		addq.l #2,%a0
 1152 0b32 6000 FC9A 		jra .L246
 1154               		.align	2
 1155               		.globl	printnum
 1157               	printnum:
 1158 0b36 48E7 3838 		movem.l #14392,-(%sp)
 1159 0b3a 242F 001C 		move.l 28(%sp),%d2
 1160 0b3e 6A0E      		jpl .L250
 1161 0b40 4482      		neg.l %d2
 1162 0b42 4878 002D 		pea 45.w
 1163 0b46 4EB9 0000 		jsr outchar
 1163      0000 
 1164 0b4c 588F      		addq.l #4,%sp
 1165               	.L250:
 1166 0b4e 2639 0000 		move.l sp,%d3
 1166      0000 
 1167 0b54 2443      		move.l %d3,%a2
 1168               	.L251:
 1169 0b56 4878 000A 		pea 10.w
 1170 0b5a 2F02      		move.l %d2,-(%sp)
 1171 0b5c 4EB9 0000 		jsr __modsi3
 1171      0000 
 1172 0b62 508F      		addq.l #8,%sp
 1173 0b64 0600 0030 		add.b #48,%d0
 1174 0b68 1500      		move.b %d0,-(%a2)
 1175 0b6a 2802      		move.l %d2,%d4
 1176 0b6c 4878 000A 		pea 10.w
 1177 0b70 2F02      		move.l %d2,-(%sp)
 1178 0b72 4EB9 0000 		jsr __divsi3
 1178      0000 
 1179 0b78 508F      		addq.l #8,%sp
 1180 0b7a 2400      		move.l %d0,%d2
 1181 0b7c 7009      		moveq #9,%d0
 1182 0b7e B084      		cmp.l %d4,%d0
 1183 0b80 6DD4      		jlt .L251
 1184 0b82 968A      		sub.l %a2,%d3
 1185 0b84 23CA 0000 		move.l %a2,sp
 1185      0000 
 1186 0b8a 45F9 0000 		lea outchar,%a2
 1186      0000 
 1187               	.L252:
 1188 0b90 2239 0000 		move.l sp,%d1
 1188      0000 
 1189 0b96 5281      		addq.l #1,%d1
 1190 0b98 2079 0000 		move.l sp,%a0
 1190      0000 
 1191 0b9e 23C1 0000 		move.l %d1,sp
 1191      0000 
 1192 0ba4 7000      		moveq #0,%d0
 1193 0ba6 1010      		move.b (%a0),%d0
 1194 0ba8 2F00      		move.l %d0,-(%sp)
 1195 0baa 4E92      		jsr (%a2)
 1196 0bac 5383      		subq.l #1,%d3
 1197 0bae 588F      		addq.l #4,%sp
 1198 0bb0 66DE      		jne .L252
 1199 0bb2 4CDF 1C1C 		movem.l (%sp)+,#7196
 1200 0bb6 4E75      		rts
 1202               		.align	2
 1203               		.globl	printUnum
 1205               	printUnum:
 1206 0bb8 48E7 3038 		movem.l #12344,-(%sp)
 1207 0bbc 2439 0000 		move.l sp,%d2
 1207      0000 
 1208 0bc2 2442      		move.l %d2,%a2
 1209               	.L256:
 1210 0bc4 4878 000A 		pea 10.w
 1211 0bc8 2F2F 001C 		move.l 28(%sp),-(%sp)
 1212 0bcc 4EB9 0000 		jsr __umodsi3
 1212      0000 
 1213 0bd2 508F      		addq.l #8,%sp
 1214 0bd4 0600 0030 		add.b #48,%d0
 1215 0bd8 1500      		move.b %d0,-(%a2)
 1216 0bda 262F 0018 		move.l 24(%sp),%d3
 1217 0bde 4878 000A 		pea 10.w
 1218 0be2 2F03      		move.l %d3,-(%sp)
 1219 0be4 4EB9 0000 		jsr __udivsi3
 1219      0000 
 1220 0bea 508F      		addq.l #8,%sp
 1221 0bec 2F40 0018 		move.l %d0,24(%sp)
 1222 0bf0 7009      		moveq #9,%d0
 1223 0bf2 B083      		cmp.l %d3,%d0
 1224 0bf4 65CE      		jcs .L256
 1225 0bf6 948A      		sub.l %a2,%d2
 1226 0bf8 23CA 0000 		move.l %a2,sp
 1226      0000 
 1227 0bfe 45F9 0000 		lea outchar,%a2
 1227      0000 
 1228               	.L257:
 1229 0c04 2239 0000 		move.l sp,%d1
 1229      0000 
 1230 0c0a 5281      		addq.l #1,%d1
 1231 0c0c 2079 0000 		move.l sp,%a0
 1231      0000 
 1232 0c12 23C1 0000 		move.l %d1,sp
 1232      0000 
 1233 0c18 7000      		moveq #0,%d0
 1234 0c1a 1010      		move.b (%a0),%d0
 1235 0c1c 2F00      		move.l %d0,-(%sp)
 1236 0c1e 4E92      		jsr (%a2)
 1237 0c20 5382      		subq.l #1,%d2
 1238 0c22 588F      		addq.l #4,%sp
 1239 0c24 66DE      		jne .L257
 1240 0c26 4CDF 1C0C 		movem.l (%sp)+,#7180
 1241 0c2a 4E75      		rts
 1243               		.align	2
 1244               		.globl	printmsgNoNL
 1246               	printmsgNoNL:
 1247 0c2c 2F0B      		move.l %a3,-(%sp)
 1248 0c2e 2F0A      		move.l %a2,-(%sp)
 1249 0c30 246F 000C 		move.l 12(%sp),%a2
 1250 0c34 47F9 0000 		lea outchar,%a3
 1250      0000 
 1251               	.L261:
 1252 0c3a 1012      		move.b (%a2),%d0
 1253 0c3c 6606      		jne .L262
 1254 0c3e 245F      		move.l (%sp)+,%a2
 1255 0c40 265F      		move.l (%sp)+,%a3
 1256 0c42 4E75      		rts
 1257               	.L262:
 1258 0c44 528A      		addq.l #1,%a2
 1259 0c46 0280 0000 		and.l #255,%d0
 1259      00FF 
 1260 0c4c 2F00      		move.l %d0,-(%sp)
 1261 0c4e 4E93      		jsr (%a3)
 1262 0c50 588F      		addq.l #4,%sp
 1263 0c52 60E6      		jra .L261
 1265               		.align	2
 1266               		.globl	printmsg
 1268               	printmsg:
 1269 0c54 2F2F 0004 		move.l 4(%sp),-(%sp)
 1270 0c58 4EBA FFD2 		jsr printmsgNoNL
 1271 0c5c 588F      		addq.l #4,%sp
 1272 0c5e 6000 F538 		jra line_terminator
 1274               		.align	2
 1275               		.globl	printline
 1277               	printline:
 1278 0c62 2F0A      		move.l %a2,-(%sp)
 1279 0c64 2F02      		move.l %d2,-(%sp)
 1280 0c66 2239 0000 		move.l list_line,%d1
 1280      0000 
 1281 0c6c 5681      		addq.l #3,%d1
 1282 0c6e 2079 0000 		move.l list_line,%a0
 1282      0000 
 1283 0c74 23C1 0000 		move.l %d1,list_line
 1283      0000 
 1284 0c7a 7000      		moveq #0,%d0
 1285 0c7c 3010      		move.w (%a0),%d0
 1286 0c7e 2F00      		move.l %d0,-(%sp)
 1287 0c80 4EBA FEB4 		jsr printnum
 1288 0c84 4878 0020 		pea 32.w
 1289 0c88 45F9 0000 		lea outchar,%a2
 1289      0000 
 1290 0c8e 4E92      		jsr (%a2)
 1291 0c90 508F      		addq.l #8,%sp
 1292               	.L265:
 1293 0c92 2079 0000 		move.l list_line,%a0
 1293      0000 
 1294 0c98 1010      		move.b (%a0),%d0
 1295 0c9a 0C00 000A 		cmp.b #10,%d0
 1296 0c9e 6620      		jne .L266
 1297 0ca0 2208      		move.l %a0,%d1
 1298 0ca2 5281      		addq.l #1,%d1
 1299 0ca4 2008      		move.l %a0,%d0
 1300 0ca6 5480      		addq.l #2,%d0
 1301 0ca8 74FE      		moveq #-2,%d2
 1302 0caa C480      		and.l %d0,%d2
 1303 0cac B481      		cmp.l %d1,%d2
 1304 0cae 6602      		jne .L267
 1305 0cb0 2001      		move.l %d1,%d0
 1306               	.L267:
 1307 0cb2 23C0 0000 		move.l %d0,list_line
 1307      0000 
 1308 0cb8 241F      		move.l (%sp)+,%d2
 1309 0cba 245F      		move.l (%sp)+,%a2
 1310 0cbc 6000 F4DA 		jra line_terminator
 1311               	.L266:
 1312 0cc0 0280 0000 		and.l #255,%d0
 1312      00FF 
 1313 0cc6 2F00      		move.l %d0,-(%sp)
 1314 0cc8 4E92      		jsr (%a2)
 1315 0cca 52B9 0000 		addq.l #1,list_line
 1315      0000 
 1316 0cd0 588F      		addq.l #4,%sp
 1317 0cd2 60BE      		jra .L265
 1319               		.section	.rodata.str1.1
 1320               	.LC3:
 1321 000c 7365 6720 		.string	"seg :%02x\n"
 1321      3A25 3032 
 1321      780A 00
 1322               	.LC4:
 1323 0017 6D69 6E20 		.string	"min :%02x\n"
 1323      3A25 3032 
 1323      780A 00
 1324               	.LC5:
 1325 0022 686F 7572 		.string	"hour:%02x\n"
 1325      3A25 3032 
 1325      780A 00
 1326               	.LC6:
 1327 002d 6D64 6179 		.string	"mday:%02x\n"
 1327      3A25 3032 
 1327      780A 00
 1328               	.LC7:
 1329 0038 6D6F 6E20 		.string	"mon :%02x\n"
 1329      3A25 3032 
 1329      780A 00
 1330               	.LC8:
 1331 0043 7965 6172 		.string	"year:%02x\n"
 1331      3A25 3032 
 1331      780A 00
 1332               		.text
 1333               		.align	2
 1334               		.globl	read_date
 1336               	read_date:
 1337 0cd4 2F0A      		move.l %a2,-(%sp)
 1338 0cd6 4879 0000 		pea t
 1338      0000 
 1339 0cdc 4EB9 0000 		jsr sys_rtc_read_time
 1339      0000 
 1340 0ce2 7000      		moveq #0,%d0
 1341 0ce4 1039 0000 		move.b t,%d0
 1341      0000 
 1342 0cea 2F00      		move.l %d0,-(%sp)
 1343 0cec 4879 0000 		pea .LC3
 1343      0000 
 1344 0cf2 45F9 0000 		lea printf,%a2
 1344      0000 
 1345 0cf8 4E92      		jsr (%a2)
 1346 0cfa 7000      		moveq #0,%d0
 1347 0cfc 1039 0000 		move.b t+1,%d0
 1347      0000 
 1348 0d02 2F00      		move.l %d0,-(%sp)
 1349 0d04 4879 0000 		pea .LC4
 1349      0000 
 1350 0d0a 4E92      		jsr (%a2)
 1351 0d0c 7000      		moveq #0,%d0
 1352 0d0e 1039 0000 		move.b t+2,%d0
 1352      0000 
 1353 0d14 2F00      		move.l %d0,-(%sp)
 1354 0d16 4879 0000 		pea .LC5
 1354      0000 
 1355 0d1c 4E92      		jsr (%a2)
 1356 0d1e 7000      		moveq #0,%d0
 1357 0d20 1039 0000 		move.b t+3,%d0
 1357      0000 
 1358 0d26 2F00      		move.l %d0,-(%sp)
 1359 0d28 4879 0000 		pea .LC6
 1359      0000 
 1360 0d2e 4E92      		jsr (%a2)
 1361 0d30 4FEF 0024 		lea (36,%sp),%sp
 1362 0d34 7000      		moveq #0,%d0
 1363 0d36 1039 0000 		move.b t+4,%d0
 1363      0000 
 1364 0d3c 2F00      		move.l %d0,-(%sp)
 1365 0d3e 4879 0000 		pea .LC7
 1365      0000 
 1366 0d44 4E92      		jsr (%a2)
 1367 0d46 7000      		moveq #0,%d0
 1368 0d48 1039 0000 		move.b t+5,%d0
 1368      0000 
 1369 0d4e 2F00      		move.l %d0,-(%sp)
 1370 0d50 4879 0000 		pea .LC8
 1370      0000 
 1371 0d56 4E92      		jsr (%a2)
 1372 0d58 4FEF 0010 		lea (16,%sp),%sp
 1373 0d5c 245F      		move.l (%sp)+,%a2
 1374 0d5e 4E75      		rts
 1376               		.section	.rodata.str1.1
 1377               	.LC9:
 1378 004e 6C69 7374 		.string	"listing files\n"
 1378      696E 6720 
 1378      6669 6C65 
 1378      730A 00
 1379               	.LC10:
 1380 005d 2530 3258 		.string	"%02X"
 1380      00
 1381               	.LC11:
 1382 0062 2534 5800 		.string	"%4X"
 1383               	.LC12:
 1384 0066 2538 5800 		.string	"%8X"
 1385               	.LC13:
 1386 006a 2530 3258 		.string	"%02X\n"
 1386      0A00 
 1387               	.LC14:
 1388 0070 4C45 4654 		.string	"LEFT$"
 1388      2400 
 1389               	.LC15:
 1390 0076 5249 4748 		.string	"RIGHT$"
 1390      5424 00
 1391               	.LC16:
 1392 007d 4D49 4424 		.string	"MID$"
 1392      00
 1393               	.LC17:
 1394 0082 4348 5224 		.string	"CHR$"
 1394      00
 1395               	.LC18:
 1396 0087 5354 5224 		.string	"STR$"
 1396      00
 1397               	.LC19:
 1398 008c 4C6F 6164 		.string	"Loading file: %s\n"
 1398      696E 6720 
 1398      6669 6C65 
 1398      3A20 2573 
 1398      0A00 
 1399               	.LC20:
 1400 009e 5361 7669 		.string	"Saving file: %s\n"
 1400      6E67 2066 
 1400      696C 653A 
 1400      2025 730A 
 1400      00
 1401               		.text
 1402               		.align	2
 1403               		.globl	loop
 1405               	loop:
 1406 0d60 4E56 FFB4 		link.w %fp,#-76
 1407 0d64 48E7 383C 		movem.l #14396,-(%sp)
 1408 0d68 23FC 0000 		move.l #program,program_start
 1408      0000 0000 
 1408      0000 
 1409 0d72 23FC 0000 		move.l #program,program_end
 1409      0000 0000 
 1409      0000 
 1410 0d7c 23FC 0000 		move.l #program+65536,sp
 1410      0000 0000 
 1410      0000 
 1411 0d86 203C 0000 		move.l #program+65466,%d0
 1411      0000 
 1412 0d8c 0240 FFFE 		and.w #65534,%d0
 1413 0d90 23C0 0000 		move.l %d0,stack_limit
 1413      0000 
 1414 0d96 72CA      		moveq #-54,%d1
 1415 0d98 D280      		add.l %d0,%d1
 1416 0d9a 23C1 0000 		move.l %d1,variables_begin
 1416      0000 
 1417 0da0 0480 0000 		sub.l #program+54,%d0
 1417      0000 
 1418 0da6 2F00      		move.l %d0,-(%sp)
 1419 0da8 49FA FD8C 		lea printnum,%a4
 1420 0dac 4E94      		jsr (%a4)
 1421 0dae 4879 0000 		pea memorymsg
 1421      0000 
 1422 0db4 4EBA FE9E 		jsr printmsg
 1423 0db8 508F      		addq.l #8,%sp
 1424 0dba 4BFA F26C 		lea scantable,%a5
 1425               	.L270:
 1426 0dbe 42B9 0000 		clr.l current_line
 1426      0000 
 1427 0dc4 23FC 0000 		move.l #program+65536,sp
 1427      0000 0000 
 1427      0000 
 1428 0dce 4879 0000 		pea okmsg
 1428      0000 
 1429               	.L562:
 1430 0dd4 4EBA FE7E 		jsr printmsg
 1431 0dd8 588F      		addq.l #4,%sp
 1432 0dda 6000 013C 		jra .L273
 1433               	.L413:
 1434 0dde 4A01      		tst.b %d1
 1435 0de0 67DC      		jeq .L270
 1436 0de2 23C8 0000 		move.l %a0,tempsp
 1436      0000 
 1437 0de8 60D4      		jra .L270
 1438               	.L277:
 1439 0dea 4878 003E 		pea 62.w
 1440 0dee 4EBA F3B6 		jsr getln
 1441 0df2 1439 0000 		move.b exit,%d2
 1441      0000 
 1442 0df8 588F      		addq.l #4,%sp
 1443 0dfa 6600 16EC 		jne .L269
 1444 0dfe 4EBA F316 		jsr toUppercaseBuffer
 1445 0e02 2479 0000 		move.l program_end,%a2
 1445      0000 
 1446 0e08 47EA 0002 		lea (2,%a2),%a3
 1447 0e0c 204B      		move.l %a3,%a0
 1448 0e0e 4201      		clr.b %d1
 1449               	.L280:
 1450 0e10 2008      		move.l %a0,%d0
 1451 0e12 0C18 000A 		cmp.b #10,(%a0)+
 1452 0e16 661E      		jne .L445
 1453 0e18 4A01      		tst.b %d1
 1454 0e1a 6602      		jne .L281
 1455 0e1c 200B      		move.l %a3,%d0
 1456               	.L281:
 1457 0e1e 2239 0000 		move.l variables_begin,%d1
 1457      0000 
 1458 0e24 5381      		subq.l #1,%d1
 1459 0e26 2040      		move.l %d0,%a0
 1460 0e28 2241      		move.l %d1,%a1
 1461               	.L283:
 1462 0e2a 1290      		move.b (%a0),(%a1)
 1463 0e2c B1CB      		cmp.l %a3,%a0
 1464 0e2e 670A      		jeq .L282
 1465 0e30 5389      		subq.l #1,%a1
 1466 0e32 5388      		subq.l #1,%a0
 1467 0e34 60F4      		jra .L283
 1468               	.L445:
 1469 0e36 7201      		moveq #1,%d1
 1470 0e38 60D6      		jra .L280
 1471               	.L282:
 1472 0e3a D28B      		add.l %a3,%d1
 1473 0e3c 9280      		sub.l %d0,%d1
 1474 0e3e 23C1 0000 		move.l %d1,txtpos
 1474      0000 
 1475 0e44 4EBA F24A 		jsr testnum
 1476 0e48 3600      		move.w %d0,%d3
 1477 0e4a 33C0 0000 		move.w %d0,linenum
 1477      0000 
 1478 0e50 4EBA F1AE 		jsr ignore_blanks
 1479 0e54 4A43      		tst.w %d3
 1480 0e56 6634      		jne .L284
 1481 0e58 23CB 0000 		move.l %a3,txtpos
 1481      0000 
 1482 0e5e 0C2A 000A 		cmp.b #10,2(%a2)
 1482      0002 
 1483 0e64 6700 00B2 		jeq .L273
 1484               	.L392:
 1485 0e68 4EB9 0000 		jsr kbdhit
 1485      0000 
 1486 0e6e 4A00      		tst.b %d0
 1487 0e70 6600 01A6 		jne .L313
 1488 0e74 4EB9 0000 		jsr getchar
 1488      0000 
 1489 0e7a 0C00 0003 		cmp.b #3,%d0
 1490 0e7e 6600 0198 		jne .L313
 1491 0e82 4879 0000 		pea breakmsg
 1491      0000 
 1492 0e88 6000 0144 		jra .L561
 1493               	.L284:
 1494 0e8c 0C43 FFFF 		cmp.w #-1,%d3
 1495 0e90 6700 0422 		jeq .L288
 1496 0e94 2079 0000 		move.l txtpos,%a0
 1496      0000 
 1497               	.L289:
 1498 0e9a 7000      		moveq #0,%d0
 1499 0e9c 1002      		move.b %d2,%d0
 1500 0e9e 0C30 000A 		cmp.b #10,(%a0,%d0.l)
 1500      0800 
 1501 0ea4 6600 00A4 		jne .L290
 1502 0ea8 47E8 FFFD 		lea (-3,%a0),%a3
 1503 0eac 2008      		move.l %a0,%d0
 1504 0eae 0800 0000 		btst #0,%d0
 1505 0eb2 6700 009C 		jeq .L291
 1506 0eb6 5802      		addq.b #4,%d2
 1507 0eb8 23CB 0000 		move.l %a3,txtpos
 1507      0000 
 1508               	.L292:
 1509 0ebe 3683      		move.w %d3,(%a3)
 1510 0ec0 1742 0002 		move.b %d2,2(%a3)
 1511 0ec4 4EBA F226 		jsr findline
 1512 0ec8 2040      		move.l %d0,%a0
 1513 0eca B08A      		cmp.l %a2,%d0
 1514 0ecc 6720      		jeq .L295
 1515 0ece B650      		cmp.w (%a0),%d3
 1516 0ed0 661C      		jne .L295
 1517 0ed2 7000      		moveq #0,%d0
 1518 0ed4 1028 0002 		move.b 2(%a0),%d0
 1519 0ed8 43F0 0800 		lea (%a0,%d0.l),%a1
 1520 0edc 95C9      		sub.l %a1,%a2
 1521 0ede 7000      		moveq #0,%d0
 1522               	.L296:
 1523 0ee0 B08A      		cmp.l %a2,%d0
 1524 0ee2 6600 0090 		jne .L297
 1525 0ee6 D5C8      		add.l %a0,%a2
 1526 0ee8 23CA 0000 		move.l %a2,program_end
 1526      0000 
 1527               	.L295:
 1528 0eee 0C2B 000A 		cmp.b #10,3(%a3)
 1528      0003 
 1529 0ef4 6722      		jeq .L273
 1530 0ef6 2279 0000 		move.l program_end,%a1
 1530      0000 
 1531 0efc 4204      		clr.b %d4
 1532 0efe 4200      		clr.b %d0
 1533               	.L298:
 1534 0f00 4A02      		tst.b %d2
 1535 0f02 667C      		jne .L304
 1536 0f04 4A04      		tst.b %d4
 1537 0f06 6706      		jeq .L274
 1538 0f08 23CB 0000 		move.l %a3,txtpos
 1538      0000 
 1539               	.L274:
 1540 0f0e 4A00      		tst.b %d0
 1541 0f10 6706      		jeq .L273
 1542 0f12 23C9 0000 		move.l %a1,program_end
 1542      0000 
 1543               	.L273:
 1544 0f18 4AB9 0000 		tst.l triggerRun
 1544      0000 
 1545 0f1e 6700 FECA 		jeq .L277
 1546 0f22 42B9 0000 		clr.l triggerRun
 1546      0000 
 1547               	.L352:
 1548 0f28 2039 0000 		move.l program_start,%d0
 1548      0000 
 1549               	.L278:
 1550 0f2e 23C0 0000 		move.l %d0,current_line
 1550      0000 
 1551 0f34 B0B9 0000 		cmp.l program_end.l,%d0
 1551      0000 
 1552 0f3a 6700 FE82 		jeq .L270
 1553 0f3e 5680      		addq.l #3,%d0
 1554 0f40 23C0 0000 		move.l %d0,txtpos
 1554      0000 
 1555 0f46 6000 FF20 		jra .L392
 1556               	.L290:
 1557 0f4a 5202      		addq.b #1,%d2
 1558 0f4c 6000 FF4C 		jra .L289
 1559               	.L291:
 1560 0f50 47E8 FFFC 		lea (-4,%a0),%a3
 1561 0f54 23CB 0000 		move.l %a3,txtpos
 1561      0000 
 1562 0f5a 5A02      		addq.b #5,%d2
 1563 0f5c 5388      		subq.l #1,%a0
 1564 0f5e 7000      		moveq #0,%d0
 1565 0f60 1002      		move.b %d2,%d0
 1566 0f62 43F3 08FF 		lea -1(%a3,%d0.l),%a1
 1567               	.L293:
 1568 0f66 B3C8      		cmp.l %a0,%a1
 1569 0f68 6300 FF54 		jls .L292
 1570 0f6c 10A8 0001 		move.b 1(%a0),(%a0)
 1571 0f70 5288      		addq.l #1,%a0
 1572 0f72 60F2      		jra .L293
 1573               	.L297:
 1574 0f74 11B1 0800 		move.b (%a1,%d0.l),(%a0,%d0.l)
 1574      0800 
 1575 0f7a 5280      		addq.l #1,%d0
 1576 0f7c 6000 FF62 		jra .L296
 1577               	.L304:
 1578 0f80 7200      		moveq #0,%d1
 1579 0f82 1202      		move.b %d2,%d1
 1580 0f84 200B      		move.l %a3,%d0
 1581 0f86 9089      		sub.l %a1,%d0
 1582 0f88 B280      		cmp.l %d0,%d1
 1583 0f8a 6402      		jcc .L299
 1584 0f8c 2001      		move.l %d1,%d0
 1585               	.L299:
 1586 0f8e 45F1 0800 		lea (%a1,%d0.l),%a2
 1587 0f92 2609      		move.l %a1,%d3
 1588 0f94 9688      		sub.l %a0,%d3
 1589 0f96 4683      		not.l %d3
 1590 0f98 7200      		moveq #0,%d1
 1591               	.L300:
 1592 0f9a 5381      		subq.l #1,%d1
 1593 0f9c B283      		cmp.l %d3,%d1
 1594 0f9e 6614      		jne .L301
 1595 0fa0 7200      		moveq #0,%d1
 1596               	.L302:
 1597 0fa2 B280      		cmp.l %d0,%d1
 1598 0fa4 6616      		jne .L303
 1599 0fa6 D7C0      		add.l %d0,%a3
 1600 0fa8 9400      		sub.b %d0,%d2
 1601 0faa D1C0      		add.l %d0,%a0
 1602 0fac 224A      		move.l %a2,%a1
 1603 0fae 7001      		moveq #1,%d0
 1604 0fb0 6000 FF4E 		jra .L298
 1605               	.L301:
 1606 0fb4 15B1 1800 		move.b (%a1,%d1.l),(%a2,%d1.l)
 1606      1800 
 1607 0fba 60DE      		jra .L300
 1608               	.L303:
 1609 0fbc 11B3 1800 		move.b (%a3,%d1.l),(%a0,%d1.l)
 1609      1800 
 1610 0fc2 5281      		addq.l #1,%d1
 1611 0fc4 7801      		moveq #1,%d4
 1612 0fc6 60DA      		jra .L302
 1613               	.L410:
 1614 0fc8 4879 0000 		pea sorrymsg
 1614      0000 
 1615               	.L561:
 1616 0fce 4EBA FC84 		jsr printmsg
 1617 0fd2 588F      		addq.l #4,%sp
 1618 0fd4 6000 FDE8 		jra .L270
 1619               	.L447:
 1620 0fd8 7201      		moveq #1,%d1
 1621               	.L310:
 1622 0fda 2040      		move.l %d0,%a0
 1623 0fdc 5280      		addq.l #1,%d0
 1624 0fde 0C10 003A 		cmp.b #58,(%a0)
 1625 0fe2 67F4      		jeq .L447
 1626 0fe4 4A01      		tst.b %d1
 1627 0fe6 6706      		jeq .L311
 1628 0fe8 23C8 0000 		move.l %a0,txtpos
 1628      0000 
 1629               	.L311:
 1630 0fee 4EBA F010 		jsr ignore_blanks
 1631 0ff2 2079 0000 		move.l txtpos,%a0
 1631      0000 
 1632 0ff8 0C10 000A 		cmp.b #10,(%a0)
 1633 0ffc 6600 FE6A 		jne .L392
 1634               	.L314:
 1635 1000 2039 0000 		move.l current_line,%d0
 1635      0000 
 1636 1006 6700 FF10 		jeq .L273
 1637 100a 2040      		move.l %d0,%a0
 1638 100c 7200      		moveq #0,%d1
 1639 100e 1228 0002 		move.b 2(%a0),%d1
 1640 1012 D081      		add.l %d1,%d0
 1641 1014 6000 FF18 		jra .L278
 1642               	.L313:
 1643 1018 4879 0000 		pea keywords
 1643      0000 
 1644 101e 4E95      		jsr (%a5)
 1645 1020 1439 0000 		move.b table_index,%d2
 1645      0000 
 1646 1026 588F      		addq.l #4,%sp
 1647 1028 0C02 0030 		cmp.b #48,%d2
 1648 102c 62D2      		jhi .L314
 1649 102e 7000      		moveq #0,%d0
 1650 1030 1002      		move.b %d2,%d0
 1651 1032 D080      		add.l %d0,%d0
 1652 1034 303B 0806 		move.w .L316(%pc,%d0.l),%d0
 1653 1038 4EFB 0002 		jmp %pc@(2,%d0:w)
 1654               		.balignw 2,0x284c
 1655               		.swbeg	&49
 1656               	.L316:
 1657 103c 0102      		.word .L355-.L316
 1658 103e 013A      		.word .L354-.L316
 1659 1040 01B6      		.word .L353-.L316
 1660 1042 FEEC      		.word .L352-.L316
 1661 1044 01D0      		.word .L351-.L316
 1662 1046 021A      		.word .L350-.L316
 1663 1048 11E8      		.word .L315-.L316
 1664 104a 0282      		.word .L349-.L316
 1665 104c 1014      		.word .L348-.L316
 1666 104e 02AA      		.word .L347-.L316
 1667 1050 02D6      		.word .L346-.L316
 1668 1052 0254      		.word .L345-.L316
 1669 1054 FFC4      		.word .L314-.L316
 1670 1056 03B6      		.word .L344-.L316
 1671 1058 04E6      		.word .L343-.L316
 1672 105a 0588      		.word .L339-.L316
 1673 105c 05A6      		.word .L342-.L316
 1674 105e 0610      		.word .L337-.L316
 1675 1060 14AC      		.word .L269-.L316
 1676 1062 00CA      		.word .L341-.L316
 1677 1064 0196      		.word .L340-.L316
 1678 1066 0588      		.word .L339-.L316
 1679 1068 FFC4      		.word .L314-.L316
 1680 106a FFC4      		.word .L314-.L316
 1681 106c FFC4      		.word .L314-.L316
 1682 106e 00C0      		.word .L338-.L316
 1683 1070 0610      		.word .L337-.L316
 1684 1072 0628      		.word .L336-.L316
 1685 1074 FFC4      		.word .L314-.L316
 1686 1076 032E      		.word .L335-.L316
 1687 1078 0388      		.word .L334-.L316
 1688 107a 0648      		.word .L333-.L316
 1689 107c 068C      		.word .L332-.L316
 1690 107e 106C      		.word .L331-.L316
 1691 1080 0062      		.word .L330-.L316
 1692 1082 0702      		.word .L329-.L316
 1693 1084 0766      		.word .L328-.L316
 1694 1086 0778      		.word .L327-.L316
 1695 1088 085A      		.word .L326-.L316
 1696 108a 0908      		.word .L325-.L316
 1697 108c 09B8      		.word .L324-.L316
 1698 108e 0A66      		.word .L323-.L316
 1699 1090 0B4A      		.word .L322-.L316
 1700 1092 0BF8      		.word .L321-.L316
 1701 1094 0D10      		.word .L320-.L316
 1702 1096 0E1E      		.word .L319-.L316
 1703 1098 0F2C      		.word .L318-.L316
 1704 109a 100C      		.word .L317-.L316
 1705 109c 11E8      		.word .L315-.L316
 1706               	.L330:
 1707 109e 2079 0000 		move.l txtpos,%a0
 1707      0000 
 1708 10a4 4202      		clr.b %d2
 1709               	.L535:
 1710 10a6 2208      		move.l %a0,%d1
 1711 10a8 1010      		move.b (%a0),%d0
 1712 10aa 5288      		addq.l #1,%a0
 1713 10ac 0C00 0020 		cmp.b #32,%d0
 1714 10b0 6700 067A 		jeq .L449
 1715 10b4 0C00 0009 		cmp.b #9,%d0
 1716 10b8 6700 0672 		jeq .L449
 1717 10bc 4A02      		tst.b %d2
 1718 10be 6706      		jeq .L377
 1719 10c0 23C1 0000 		move.l %d1,txtpos
 1719      0000 
 1720               	.L377:
 1721 10c6 1400      		move.b %d0,%d2
 1722 10c8 0602 FFBF 		add.b #-65,%d2
 1723 10cc 0C02 0019 		cmp.b #25,%d2
 1724 10d0 6200 0660 		jhi .L378
 1725 10d4 0280 0000 		and.l #255,%d0
 1725      00FF 
 1726 10da 307C FFBF 		move.w #-65,%a0
 1727 10de D1C0      		add.l %d0,%a0
 1728 10e0 7000      		moveq #0,%d0
 1729 10e2 3008      		move.w %a0,%d0
 1730 10e4 D080      		add.l %d0,%d0
 1731 10e6 2079 0000 		move.l variables_begin,%a0
 1731      0000 
 1732 10ec 5270 0800 		addq.w #1,(%a0,%d0.l)
 1733 10f0 5281      		addq.l #1,%d1
 1734 10f2 23C1 0000 		move.l %d1,txtpos
 1734      0000 
 1735 10f8 6000 FF06 		jra .L314
 1736               	.L338:
 1737 10fc 4879 0000 		pea unimplimentedmsg
 1737      0000 
 1738 1102 6000 FCD0 		jra .L562
 1739               	.L341:
 1740 1106 2D7C 2A2E 		move.l #707668480,-64(%fp)
 1740      2A00 FFC0 
 1741 110e 4878 001C 		pea 28.w
 1742 1112 42A7      		clr.l -(%sp)
 1743 1114 486E FFC4 		pea -60(%fp)
 1744 1118 4EB9 0000 		jsr memset
 1744      0000 
 1745 111e 4879 0000 		pea .LC9
 1745      0000 
 1746 1124 4EB9 0000 		jsr printf
 1746      0000 
 1747 112a 43EE FFC0 		lea (-64,%fp),%a1
 1748               	#APP
 1749               	| 2595 "TinyBasicPlus.c" 1
 1750 112e 7213      		move.l #19, %d1
 1751 1130 2049      		move.l %a1, %a0
 1752 1132 4E4C      		trap #12
 1753 1134 2240      		move.l %d0, %a1
 1754               		
 1755               	| 0 "" 2
 1756               	#NO_APP
 1757               	.L563:
 1758 1136 4FEF 0010 		lea (16,%sp),%sp
 1759 113a 6000 066C 		jra .L357
 1760               	.L355:
 1761 113e 4EBA EF50 		jsr testnum
 1762 1142 33C0 0000 		move.w %d0,linenum
 1762      0000 
 1763 1148 2079 0000 		move.l txtpos,%a0
 1763      0000 
 1764 114e 0C10 000A 		cmp.b #10,(%a0)
 1765 1152 663E      		jne .L307
 1766 1154 4EBA EF96 		jsr findline
 1767 1158 23C0 0000 		move.l %d0,list_line
 1767      0000 
 1768 115e 45FA FB02 		lea printline,%a2
 1769               	.L427:
 1770 1162 2039 0000 		move.l list_line,%d0
 1770      0000 
 1771 1168 B0B9 0000 		cmp.l program_end.l,%d0
 1771      0000 
 1772 116e 6700 FC4E 		jeq .L270
 1773 1172 4E92      		jsr (%a2)
 1774 1174 60EC      		jra .L427
 1775               	.L354:
 1776 1176 23F9 0000 		move.l program_start,program_end
 1776      0000 0000 
 1776      0000 
 1777 1180 47EE FFE0 		lea (-32,%fp),%a3
 1778 1184 2F0B      		move.l %a3,-(%sp)
 1779 1186 4EBA F1D8 		jsr (get_filename.constprop.0)
 1780 118a 588F      		addq.l #4,%sp
 1781 118c 4A80      		tst.l %d0
 1782 118e 6600 131C 		jne .L537
 1783               	.L307:
 1784 1192 4879 0000 		pea whatmsg
 1784      0000 
 1785 1198 4EBA FA92 		jsr printmsgNoNL
 1786 119c 2039 0000 		move.l current_line,%d0
 1786      0000 
 1787 11a2 588F      		addq.l #4,%sp
 1788 11a4 6724      		jeq .L308
 1789 11a6 2079 0000 		move.l txtpos,%a0
 1789      0000 
 1790 11ac 1410      		move.b (%a0),%d2
 1791 11ae 0C02 000A 		cmp.b #10,%d2
 1792 11b2 6704      		jeq .L309
 1793 11b4 10BC 005E 		move.b #94,(%a0)
 1794               	.L309:
 1795 11b8 23C0 0000 		move.l %d0,list_line
 1795      0000 
 1796 11be 4EBA FAA2 		jsr printline
 1797 11c2 2079 0000 		move.l txtpos,%a0
 1797      0000 
 1798 11c8 1082      		move.b %d2,(%a0)
 1799               	.L308:
 1800 11ca 4EBA EFCC 		jsr line_terminator
 1801 11ce 6000 FD48 		jra .L273
 1802               	.L340:
 1803 11d2 2239 0000 		move.l variables_begin,%d1
 1803      0000 
 1804 11d8 92B9 0000 		sub.l program_end,%d1
 1804      0000 
 1805 11de 2F01      		move.l %d1,-(%sp)
 1806 11e0 4E94      		jsr (%a4)
 1807 11e2 4879 0000 		pea memorymsg
 1807      0000 
 1808 11e8 4EBA FA6A 		jsr printmsg
 1809               	.L566:
 1810 11ec 508F      		addq.l #8,%sp
 1811 11ee 6000 05B8 		jra .L357
 1812               	.L353:
 1813 11f2 2079 0000 		move.l txtpos,%a0
 1813      0000 
 1814 11f8 0C10 000A 		cmp.b #10,(%a0)
 1815 11fc 6694      		jne .L307
 1816 11fe 23F9 0000 		move.l program_start,program_end
 1816      0000 0000 
 1816      0000 
 1817 1208 6000 FD0E 		jra .L273
 1818               	.L351:
 1819 120c 4239 0000 		clr.b expression_error
 1819      0000 
 1820 1212 47EE FFE0 		lea (-32,%fp),%a3
 1821 1216 2F0B      		move.l %a3,-(%sp)
 1822 1218 4EBA F146 		jsr (get_filename.constprop.0)
 1823 121c 588F      		addq.l #4,%sp
 1824 121e 4A80      		tst.l %d0
 1825 1220 6700 FF70 		jeq .L307
 1826 1224 2F0B      		move.l %a3,-(%sp)
 1827 1226 4879 0000 		pea .LC20
 1827      0000 
 1828 122c 4EB9 0000 		jsr printf
 1828      0000 
 1829 1232 2439 0000 		move.l program_end,%d2
 1829      0000 
 1830 1238 94B9 0000 		sub.l program_start,%d2
 1830      0000 
 1831 123e 76BC      		moveq #-68,%d3
 1832 1240 D68E      		add.l %fp,%d3
 1833               	#APP
 1834               	| 2630 "TinyBasicPlus.c" 1
 1835 1242 7214      		move.l #20, %d1
 1836 1244 204B      		move.l %a3, %a0
 1837 1246 227C 0000 		move.l #program, %a1
 1837      0000 
 1838 124c 2002      		move.l %d2, %d0
 1839 124e 2443      		move.l %d3, %a2
 1840 1250 4E4C      		trap #12
 1841 1252 2640      		move.l %d0, %a3
 1842               		
 1843               	| 0 "" 2
 1844               	#NO_APP
 1845 1254 6096      		jra .L566
 1846               	.L350:
 1847 1256 45FA EDA8 		lea ignore_blanks,%a2
 1848 125a 4E92      		jsr (%a2)
 1849 125c 2039 0000 		move.l txtpos,%d0
 1849      0000 
 1850 1262 2040      		move.l %d0,%a0
 1851 1264 1210      		move.b (%a0),%d1
 1852 1266 0601 FFBF 		add.b #-65,%d1
 1853 126a 0C01 0019 		cmp.b #25,%d1
 1854 126e 6244      		jhi .L288
 1855 1270 5280      		addq.l #1,%d0
 1856 1272 23C0 0000 		move.l %d0,txtpos
 1856      0000 
 1857 1278 4E92      		jsr (%a2)
 1858 127a 2079 0000 		move.l txtpos,%a0
 1858      0000 
 1859 1280 1010      		move.b (%a0),%d0
 1860 1282 0C00 003A 		cmp.b #58,%d0
 1861 1286 6708      		jeq .L345
 1862 1288 0C00 000A 		cmp.b #10,%d0
 1863 128c 6600 FF04 		jne .L307
 1864               	.L345:
 1865 1290 2639 0000 		move.l sp,%d3
 1865      0000 
 1866 1296 23C3 0000 		move.l %d3,tempsp
 1866      0000 
 1867 129c 2043      		move.l %d3,%a0
 1868 129e 4201      		clr.b %d1
 1869               	.L411:
 1870 12a0 B1FC 0000 		cmp.l #program+65535,%a0
 1870      0000 
 1871 12a6 6500 0EB4 		jcs .L422
 1872 12aa 4A01      		tst.b %d1
 1873 12ac 6706      		jeq .L288
 1874 12ae 23C8 0000 		move.l %a0,tempsp
 1874      0000 
 1875               	.L288:
 1876 12b4 4879 0000 		pea howmsg
 1876      0000 
 1877 12ba 6000 FB18 		jra .L562
 1878               	.L349:
 1879 12be 4239 0000 		clr.b expression_error
 1879      0000 
 1880 12c4 4EBA F420 		jsr expression
 1881 12c8 4A39 0000 		tst.b expression_error.l
 1881      0000 
 1882 12ce 66E4      		jne .L288
 1883 12d0 2079 0000 		move.l txtpos,%a0
 1883      0000 
 1884 12d6 0C10 000A 		cmp.b #10,(%a0)
 1885 12da 67D8      		jeq .L288
 1886 12dc 4A40      		tst.w %d0
 1887 12de 6600 FB88 		jne .L392
 1888 12e2 6000 FD1C 		jra .L314
 1889               	.L347:
 1890 12e6 4239 0000 		clr.b expression_error
 1890      0000 
 1891 12ec 4EBA F3F8 		jsr expression
 1892 12f0 33C0 0000 		move.w %d0,linenum
 1892      0000 
 1893 12f6 4A39 0000 		tst.b expression_error.l
 1893      0000 
 1894 12fc 66B6      		jne .L288
 1895 12fe 2079 0000 		move.l txtpos,%a0
 1895      0000 
 1896 1304 0C10 000A 		cmp.b #10,(%a0)
 1897 1308 66AA      		jne .L288
 1898               	.L570:
 1899 130a 4EBA EDE0 		jsr findline
 1900 130e 6000 FC1E 		jra .L278
 1901               	.L346:
 1902 1312 4239 0000 		clr.b expression_error
 1902      0000 
 1903 1318 4EBA F3CC 		jsr expression
 1904 131c 33C0 0000 		move.w %d0,linenum
 1904      0000 
 1905 1322 4A39 0000 		tst.b expression_error.l
 1905      0000 
 1906 1328 668A      		jne .L288
 1907 132a 2279 0000 		move.l txtpos,%a1
 1907      0000 
 1908 1330 0C11 000A 		cmp.b #10,(%a1)
 1909 1334 6600 FF7E 		jne .L288
 1910 1338 2079 0000 		move.l sp,%a0
 1910      0000 
 1911 133e 45E8 000A 		lea (10,%a0),%a2
 1912 1342 B5F9 0000 		cmp.l stack_limit.l,%a2
 1912      0000 
 1913 1348 6500 FC7E 		jcs .L410
 1914 134c 45E8 FFF6 		lea (-10,%a0),%a2
 1915 1350 23CA 0000 		move.l %a2,sp
 1915      0000 
 1916 1356 117C 0047 		move.b #71,-10(%a0)
 1916      FFF6 
 1917 135c 2149 FFFC 		move.l %a1,-4(%a0)
 1918 1360 2179 0000 		move.l current_line,-8(%a0)
 1918      0000 FFF8 
 1919 1368 60A0      		jra .L570
 1920               	.L335:
 1921 136a 2639 0000 		move.l txtpos,%d3
 1921      0000 
 1922 1370 4239 0000 		clr.b expression_error
 1922      0000 
 1923 1376 4EBA F36E 		jsr expression
 1924 137a 2400      		move.l %d0,%d2
 1925 137c 4A39 0000 		tst.b expression_error.l
 1925      0000 
 1926 1382 6600 FE0E 		jne .L307
 1927 1386 4EBA EC78 		jsr ignore_blanks
 1928 138a 2279 0000 		move.l txtpos,%a1
 1928      0000 
 1929 1390 1211      		move.b (%a1),%d1
 1930 1392 0C01 000A 		cmp.b #10,%d1
 1931 1396 6708      		jeq .L395
 1932 1398 0C01 003A 		cmp.b #58,%d1
 1933 139c 6600 FDF4 		jne .L307
 1934               	.L395:
 1935 13a0 2079 0000 		move.l sp,%a0
 1935      0000 
 1936 13a6 45E8 FFF2 		lea (-14,%a0),%a2
 1937 13aa B5F9 0000 		cmp.l stack_limit.l,%a2
 1937      0000 
 1938 13b0 6400 0D02 		jcc .L396
 1939 13b4 4879 0000 		pea stackmsg
 1939      0000 
 1940               	.L567:
 1941 13ba 4EBA F898 		jsr printmsg
 1942 13be 588F      		addq.l #4,%sp
 1943 13c0 6000 03E6 		jra .L357
 1944               	.L334:
 1945 13c4 2479 0000 		move.l sp,%a2
 1945      0000 
 1946 13ca 2039 0000 		move.l stack_limit,%d0
 1946      0000 
 1947 13d0 220A      		move.l %a2,%d1
 1948 13d2 0681 0000 		add.l #154,%d1
 1948      009A 
 1949               	.L368:
 1950 13d8 B5C0      		cmp.l %d0,%a2
 1951 13da 6510      		jcs .L402
 1952 13dc 0C12 0057 		cmp.b #87,(%a2)
 1953 13e0 6700 0D12 		jeq .L401
 1954 13e4 45EA 000E 		lea (14,%a2),%a2
 1955 13e8 B28A      		cmp.l %a2,%d1
 1956 13ea 66EC      		jne .L368
 1957               	.L402:
 1958 13ec 2038 0002 		move.l 2.w,%d0
 1959 13f0 4E47      		trap #7
 1960               	.L344:
 1961 13f2 43FA EC0C 		lea ignore_blanks,%a1
 1962 13f6 4E91      		jsr (%a1)
 1963 13f8 2039 0000 		move.l txtpos,%d0
 1963      0000 
 1964 13fe 2440      		move.l %d0,%a2
 1965 1400 1412      		move.b (%a2),%d2
 1966 1402 1202      		move.b %d2,%d1
 1967 1404 0601 FFBF 		add.b #-65,%d1
 1968 1408 0C01 0019 		cmp.b #25,%d1
 1969 140c 6200 FD84 		jhi .L307
 1970 1410 5280      		addq.l #1,%d0
 1971 1412 23C0 0000 		move.l %d0,txtpos
 1971      0000 
 1972 1418 41FA EBE6 		lea ignore_blanks,%a0
 1973 141c 4E90      		jsr (%a0)
 1974 141e 2039 0000 		move.l txtpos,%d0
 1974      0000 
 1975 1424 2240      		move.l %d0,%a1
 1976 1426 0C11 003D 		cmp.b #61,(%a1)
 1977 142a 6600 FD66 		jne .L307
 1978 142e 5280      		addq.l #1,%d0
 1979 1430 23C0 0000 		move.l %d0,txtpos
 1979      0000 
 1980 1436 45FA EBC8 		lea ignore_blanks,%a2
 1981 143a 4E92      		jsr (%a2)
 1982 143c 4239 0000 		clr.b expression_error
 1982      0000 
 1983 1442 45FA F2A2 		lea expression,%a2
 1984 1446 4E92      		jsr (%a2)
 1985 1448 2640      		move.l %d0,%a3
 1986 144a 4A39 0000 		tst.b expression_error.l
 1986      0000 
 1987 1450 6600 FD40 		jne .L307
 1988 1454 4879 0000 		pea to_tab
 1988      0000 
 1989 145a 4E95      		jsr (%a5)
 1990 145c 588F      		addq.l #4,%sp
 1991 145e 4A39 0000 		tst.b table_index.l
 1991      0000 
 1992 1464 6600 FD2C 		jne .L307
 1993 1468 4E92      		jsr (%a2)
 1994 146a 2D40 FFB4 		move.l %d0,-76(%fp)
 1995 146e 4A39 0000 		tst.b expression_error.l
 1995      0000 
 1996 1474 6600 FD1C 		jne .L307
 1997 1478 4879 0000 		pea step_tab
 1997      0000 
 1998 147e 4E95      		jsr (%a5)
 1999 1480 588F      		addq.l #4,%sp
 2000 1482 4A39 0000 		tst.b table_index.l
 2000      0000 
 2001 1488 6600 0CCC 		jne .L450
 2002 148c 4E92      		jsr (%a2)
 2003 148e 4A39 0000 		tst.b expression_error.l
 2003      0000 
 2004 1494 6600 FCFC 		jne .L307
 2005 1498 3800      		move.w %d0,%d4
 2006               	.L408:
 2007 149a 41FA EB64 		lea ignore_blanks,%a0
 2008 149e 4E90      		jsr (%a0)
 2009 14a0 2039 0000 		move.l txtpos,%d0
 2009      0000 
 2010 14a6 2240      		move.l %d0,%a1
 2011 14a8 1211      		move.b (%a1),%d1
 2012 14aa 0C01 000A 		cmp.b #10,%d1
 2013 14ae 6708      		jeq .L409
 2014 14b0 0C01 003A 		cmp.b #58,%d1
 2015 14b4 6600 FCDC 		jne .L307
 2016               	.L409:
 2017 14b8 4A39 0000 		tst.b expression_error.l
 2017      0000 
 2018 14be 6600 FDF4 		jne .L288
 2019 14c2 0C01 000A 		cmp.b #10,%d1
 2020 14c6 6600 FDEC 		jne .L288
 2021 14ca 2079 0000 		move.l sp,%a0
 2021      0000 
 2022 14d0 43E8 000E 		lea (14,%a0),%a1
 2023 14d4 B3F9 0000 		cmp.l stack_limit.l,%a1
 2023      0000 
 2024 14da 6500 FAEC 		jcs .L410
 2025 14de 45E8 FFF2 		lea (-14,%a0),%a2
 2026 14e2 23CA 0000 		move.l %a2,sp
 2026      0000 
 2027 14e8 7200      		moveq #0,%d1
 2028 14ea 1202      		move.b %d2,%d1
 2029 14ec 0681 7FFF 		add.l #2147483583,%d1
 2029      FFBF 
 2030 14f2 D281      		add.l %d1,%d1
 2031 14f4 2279 0000 		move.l variables_begin,%a1
 2031      0000 
 2032 14fa 338B 1800 		move.w %a3,(%a1,%d1.l)
 2033 14fe 117C 0046 		move.b #70,-14(%a0)
 2033      FFF2 
 2034 1504 1142 FFF3 		move.b %d2,-13(%a0)
 2035 1508 316E FFB6 		move.w -74(%fp),-12(%a0)
 2035      FFF4 
 2036 150e 3144 FFF6 		move.w %d4,-10(%a0)
 2037 1512 2140 FFFC 		move.l %d0,-4(%a0)
 2038 1516 2179 0000 		move.l current_line,-8(%a0)
 2038      0000 FFF8 
 2039 151e 6000 0288 		jra .L357
 2040               	.L343:
 2041 1522 45FA EADC 		lea ignore_blanks,%a2
 2042 1526 4E92      		jsr (%a2)
 2043 1528 2039 0000 		move.l txtpos,%d0
 2043      0000 
 2044 152e 2040      		move.l %d0,%a0
 2045 1530 1410      		move.b (%a0),%d2
 2046 1532 1202      		move.b %d2,%d1
 2047 1534 0601 FFBF 		add.b #-65,%d1
 2048 1538 0C01 0019 		cmp.b #25,%d1
 2049 153c 6200 FC54 		jhi .L307
 2050 1540 5280      		addq.l #1,%d0
 2051 1542 23C0 0000 		move.l %d0,txtpos
 2051      0000 
 2052 1548 4E92      		jsr (%a2)
 2053 154a 2079 0000 		move.l txtpos,%a0
 2053      0000 
 2054 1550 1010      		move.b (%a0),%d0
 2055 1552 0C00 000A 		cmp.b #10,%d0
 2056 1556 6708      		jeq .L394
 2057 1558 0C00 003A 		cmp.b #58,%d0
 2058 155c 6600 FC34 		jne .L307
 2059               	.L394:
 2060 1560 23F9 0000 		move.l txtpos,tmptxtpos
 2060      0000 0000 
 2060      0000 
 2061 156a 4878 003F 		pea 63.w
 2062 156e 43FA EC36 		lea getln,%a1
 2063 1572 4E91      		jsr (%a1)
 2064 1574 41FA EBA0 		lea toUppercaseBuffer,%a0
 2065 1578 4E90      		jsr (%a0)
 2066 157a 2039 0000 		move.l program_end,%d0
 2066      0000 
 2067 1580 5480      		addq.l #2,%d0
 2068 1582 23C0 0000 		move.l %d0,txtpos
 2068      0000 
 2069 1588 4E92      		jsr (%a2)
 2070 158a 4239 0000 		clr.b expression_error
 2070      0000 
 2071 1590 4EBA F154 		jsr expression
 2072 1594 588F      		addq.l #4,%sp
 2073 1596 4A39 0000 		tst.b expression_error.l
 2073      0000 
 2074 159c 66C2      		jne .L394
 2075 159e 0282 0000 		and.l #255,%d2
 2075      00FF 
 2076 15a4 0682 7FFF 		add.l #2147483583,%d2
 2076      FFBF 
 2077 15aa D482      		add.l %d2,%d2
 2078 15ac 2079 0000 		move.l variables_begin,%a0
 2078      0000 
 2079 15b2 3180 2800 		move.w %d0,(%a0,%d2.l)
 2080 15b6 23F9 0000 		move.l tmptxtpos,txtpos
 2080      0000 0000 
 2080      0000 
 2081 15c0 6000 01E6 		jra .L357
 2082               	.L339:
 2083 15c4 2079 0000 		move.l txtpos,%a0
 2083      0000 
 2084 15ca 1010      		move.b (%a0),%d0
 2085 15cc 0C00 003A 		cmp.b #58,%d0
 2086 15d0 6600 0D6C 		jne .L543
 2087 15d4 4EBA EBC2 		jsr line_terminator
 2088 15d8 52B9 0000 		addq.l #1,txtpos
 2088      0000 
 2089 15de 6000 01C8 		jra .L357
 2090               	.L342:
 2091 15e2 4239 0000 		clr.b expression_error
 2091      0000 
 2092 15e8 45FA F0FC 		lea expression,%a2
 2093 15ec 4E92      		jsr (%a2)
 2094 15ee 2400      		move.l %d0,%d2
 2095 15f0 4A39 0000 		tst.b expression_error.l
 2095      0000 
 2096 15f6 6600 FB9A 		jne .L307
 2097 15fa 47FA EA04 		lea ignore_blanks,%a3
 2098 15fe 4E93      		jsr (%a3)
 2099 1600 2039 0000 		move.l txtpos,%d0
 2099      0000 
 2100 1606 2240      		move.l %d0,%a1
 2101 1608 0C11 002C 		cmp.b #44,(%a1)
 2102 160c 6600 FB84 		jne .L307
 2103 1610 5280      		addq.l #1,%d0
 2104 1612 23C0 0000 		move.l %d0,txtpos
 2104      0000 
 2105 1618 4E93      		jsr (%a3)
 2106 161a 4239 0000 		clr.b expression_error
 2106      0000 
 2107 1620 4E92      		jsr (%a2)
 2108 1622 4A39 0000 		tst.b expression_error.l
 2108      0000 
 2109 1628 6600 FB68 		jne .L307
 2110 162c 2442      		move.l %d2,%a2
 2111 162e 1480      		move.b %d0,(%a2)
 2112 1630 2079 0000 		move.l txtpos,%a0
 2112      0000 
 2113 1636 1010      		move.b (%a0),%d0
 2114 1638 0C00 000A 		cmp.b #10,%d0
 2115 163c 6700 016A 		jeq .L357
 2116 1640 0C00 003A 		cmp.b #58,%d0
 2117 1644 6700 0162 		jeq .L357
 2118 1648 6000 FB48 		jra .L307
 2119               	.L337:
 2120 164c 2079 0000 		move.l txtpos,%a0
 2120      0000 
 2121 1652 0C10 000A 		cmp.b #10,(%a0)
 2122 1656 6600 FB3A 		jne .L307
 2123 165a 2039 0000 		move.l program_end,%d0
 2123      0000 
 2124 1660 6000 F8CC 		jra .L278
 2125               	.L336:
 2126 1664 4239 0000 		clr.b expression_error
 2126      0000 
 2127 166a 4EBA F07A 		jsr expression
 2128 166e 4A39 0000 		tst.b expression_error.l
 2128      0000 
 2129 1674 6600 FB1C 		jne .L307
 2130 1678 3040      		move.w %d0,%a0
 2131 167a 23C8 0000 		move.l %a0,rand_seed
 2131      0000 
 2132 1680 6000 0126 		jra .L357
 2133               	.L333:
 2134 1684 4239 0000 		clr.b expression_error
 2134      0000 
 2135 168a 4EBA F05A 		jsr expression
 2136 168e 41F9 0000 		lea printf,%a0
 2136      0000 
 2137 1694 0C80 0000 		cmp.l #254,%d0
 2137      00FE 
 2138 169a 6210      		jhi .L375
 2139 169c 2F00      		move.l %d0,-(%sp)
 2140 169e 4879 0000 		pea .LC10
 2140      0000 
 2141               	.L568:
 2142 16a4 4E90      		jsr (%a0)
 2143               	.L569:
 2144 16a6 508F      		addq.l #8,%sp
 2145 16a8 6000 F956 		jra .L314
 2146               	.L375:
 2147 16ac 0C80 0000 		cmp.l #65534,%d0
 2147      FFFE 
 2148 16b2 620A      		jhi .L376
 2149 16b4 2F00      		move.l %d0,-(%sp)
 2150 16b6 4879 0000 		pea .LC11
 2150      0000 
 2151 16bc 60E6      		jra .L568
 2152               	.L376:
 2153 16be 2F00      		move.l %d0,-(%sp)
 2154 16c0 4879 0000 		pea .LC12
 2154      0000 
 2155 16c6 60DC      		jra .L568
 2156               	.L332:
 2157 16c8 45FA E936 		lea ignore_blanks,%a2
 2158 16cc 4E92      		jsr (%a2)
 2159 16ce 2039 0000 		move.l txtpos,%d0
 2159      0000 
 2160 16d4 2240      		move.l %d0,%a1
 2161 16d6 0C11 0028 		cmp.b #40,(%a1)
 2162 16da 6600 FAB6 		jne .L307
 2163 16de 5280      		addq.l #1,%d0
 2164 16e0 23C0 0000 		move.l %d0,txtpos
 2164      0000 
 2165 16e6 4239 0000 		clr.b expression_error
 2165      0000 
 2166 16ec 4EBA EFF8 		jsr expression
 2167 16f0 2640      		move.l %d0,%a3
 2168 16f2 4A39 0000 		tst.b expression_error.l
 2168      0000 
 2169 16f8 6600 FA98 		jne .L307
 2170 16fc 4E92      		jsr (%a2)
 2171 16fe 2239 0000 		move.l txtpos,%d1
 2171      0000 
 2172 1704 2441      		move.l %d1,%a2
 2173 1706 0C12 0029 		cmp.b #41,(%a2)
 2174 170a 6600 FA86 		jne .L307
 2175 170e 5281      		addq.l #1,%d1
 2176 1710 23C1 0000 		move.l %d1,txtpos
 2176      0000 
 2177 1716 7000      		moveq #0,%d0
 2178 1718 1013      		move.b (%a3),%d0
 2179 171a 2F00      		move.l %d0,-(%sp)
 2180 171c 4879 0000 		pea .LC13
 2180      0000 
 2181 1722 4EB9 0000 		jsr printf
 2181      0000 
 2182 1728 6000 FF7C 		jra .L569
 2183               	.L449:
 2184 172c 7401      		moveq #1,%d2
 2185 172e 6000 F976 		jra .L535
 2186               	.L378:
 2187 1732 13FC 0001 		move.b #1,expression_error
 2187      0000 0000 
 2188 173a 6000 F8C4 		jra .L314
 2189               	.L329:
 2190 173e 4239 0000 		clr.b expression_error
 2190      0000 
 2191 1744 45FA EFA0 		lea expression,%a2
 2192 1748 4E92      		jsr (%a2)
 2193 174a 2400      		move.l %d0,%d2
 2194 174c 4A39 0000 		tst.b expression_error.l
 2194      0000 
 2195 1752 6600 FA3E 		jne .L307
 2196 1756 47FA E8A8 		lea ignore_blanks,%a3
 2197 175a 4E93      		jsr (%a3)
 2198 175c 2039 0000 		move.l txtpos,%d0
 2198      0000 
 2199 1762 2240      		move.l %d0,%a1
 2200 1764 0C11 002C 		cmp.b #44,(%a1)
 2201 1768 6600 FA28 		jne .L307
 2202 176c 5280      		addq.l #1,%d0
 2203 176e 23C0 0000 		move.l %d0,txtpos
 2203      0000 
 2204 1774 4E93      		jsr (%a3)
 2205 1776 4239 0000 		clr.b expression_error
 2205      0000 
 2206 177c 4E92      		jsr (%a2)
 2207 177e 4A39 0000 		tst.b expression_error.l
 2207      0000 
 2208 1784 6600 FA0C 		jne .L307
 2209 1788 7200      		moveq #0,%d1
 2210 178a 4601      		not.b %d1
 2211 178c C280      		and.l %d0,%d1
 2212 178e 2F01      		move.l %d1,-(%sp)
 2213 1790 7000      		moveq #0,%d0
 2214 1792 4600      		not.b %d0
 2215 1794 C082      		and.l %d2,%d0
 2216 1796 2F00      		move.l %d0,-(%sp)
 2217 1798 4EB9 0000 		jsr setcolor
 2217      0000 
 2218 179e 6000 FA4C 		jra .L566
 2219               	.L328:
 2220 17a2 4EB9 0000 		jsr gohome
 2220      0000 
 2221               	.L357:
 2222 17a8 2039 0000 		move.l txtpos,%d0
 2222      0000 
 2223 17ae 4201      		clr.b %d1
 2224 17b0 6000 F828 		jra .L310
 2225               	.L327:
 2226 17b4 4239 0000 		clr.b expression_error
 2226      0000 
 2227 17ba 47FA EF2A 		lea expression,%a3
 2228 17be 4E93      		jsr (%a3)
 2229 17c0 2400      		move.l %d0,%d2
 2230 17c2 4A39 0000 		tst.b expression_error.l
 2230      0000 
 2231 17c8 6600 F9C8 		jne .L307
 2232 17cc 45FA E832 		lea ignore_blanks,%a2
 2233 17d0 4E92      		jsr (%a2)
 2234 17d2 2039 0000 		move.l txtpos,%d0
 2234      0000 
 2235 17d8 2040      		move.l %d0,%a0
 2236 17da 0C10 002C 		cmp.b #44,(%a0)
 2237 17de 6600 F9B2 		jne .L307
 2238 17e2 5280      		addq.l #1,%d0
 2239 17e4 23C0 0000 		move.l %d0,txtpos
 2239      0000 
 2240 17ea 4E92      		jsr (%a2)
 2241 17ec 4E93      		jsr (%a3)
 2242 17ee 2600      		move.l %d0,%d3
 2243 17f0 4A39 0000 		tst.b expression_error.l
 2243      0000 
 2244 17f6 6600 F99A 		jne .L307
 2245 17fa 4E92      		jsr (%a2)
 2246 17fc 2039 0000 		move.l txtpos,%d0
 2246      0000 
 2247 1802 2240      		move.l %d0,%a1
 2248 1804 0C11 002C 		cmp.b #44,(%a1)
 2249 1808 6600 F988 		jne .L307
 2250 180c 5280      		addq.l #1,%d0
 2251 180e 23C0 0000 		move.l %d0,txtpos
 2251      0000 
 2252 1814 4E92      		jsr (%a2)
 2253 1816 4E93      		jsr (%a3)
 2254 1818 2800      		move.l %d0,%d4
 2255 181a 4A39 0000 		tst.b expression_error.l
 2255      0000 
 2256 1820 6600 F970 		jne .L307
 2257 1824 4E92      		jsr (%a2)
 2258 1826 2039 0000 		move.l txtpos,%d0
 2258      0000 
 2259 182c 2040      		move.l %d0,%a0
 2260 182e 0C10 002C 		cmp.b #44,(%a0)
 2261 1832 6600 F95E 		jne .L307
 2262 1836 5280      		addq.l #1,%d0
 2263 1838 23C0 0000 		move.l %d0,txtpos
 2263      0000 
 2264 183e 4E92      		jsr (%a2)
 2265 1840 4E93      		jsr (%a3)
 2266 1842 2D40 FFB4 		move.l %d0,-76(%fp)
 2267 1846 4A39 0000 		tst.b expression_error.l
 2267      0000 
 2268 184c 6600 F944 		jne .L307
 2269 1850 4E92      		jsr (%a2)
 2270 1852 2039 0000 		move.l txtpos,%d0
 2270      0000 
 2271 1858 2240      		move.l %d0,%a1
 2272 185a 0C11 002C 		cmp.b #44,(%a1)
 2273 185e 6600 F932 		jne .L307
 2274 1862 5280      		addq.l #1,%d0
 2275 1864 23C0 0000 		move.l %d0,txtpos
 2275      0000 
 2276 186a 4E92      		jsr (%a2)
 2277 186c 4E93      		jsr (%a3)
 2278 186e 4A39 0000 		tst.b expression_error.l
 2278      0000 
 2279 1874 6600 F91C 		jne .L307
 2280 1878 4880      		ext.w %d0
 2281 187a 3440      		move.w %d0,%a2
 2282 187c 2F0A      		move.l %a2,-(%sp)
 2283 187e 2F2E FFB4 		move.l -76(%fp),-(%sp)
 2284 1882 2F04      		move.l %d4,-(%sp)
 2285 1884 2F03      		move.l %d3,-(%sp)
 2286 1886 2F02      		move.l %d2,-(%sp)
 2287 1888 4EB9 0000 		jsr drawLine
 2287      0000 
 2288               	.L564:
 2289 188e 4FEF 0014 		lea (20,%sp),%sp
 2290 1892 6000 FF14 		jra .L357
 2291               	.L326:
 2292 1896 4239 0000 		clr.b expression_error
 2292      0000 
 2293 189c 47FA EE48 		lea expression,%a3
 2294 18a0 4E93      		jsr (%a3)
 2295 18a2 2400      		move.l %d0,%d2
 2296 18a4 4A39 0000 		tst.b expression_error.l
 2296      0000 
 2297 18aa 6600 F8E6 		jne .L307
 2298 18ae 45FA E750 		lea ignore_blanks,%a2
 2299 18b2 4E92      		jsr (%a2)
 2300 18b4 2039 0000 		move.l txtpos,%d0
 2300      0000 
 2301 18ba 2040      		move.l %d0,%a0
 2302 18bc 0C10 002C 		cmp.b #44,(%a0)
 2303 18c0 6600 F8D0 		jne .L307
 2304 18c4 5280      		addq.l #1,%d0
 2305 18c6 23C0 0000 		move.l %d0,txtpos
 2305      0000 
 2306 18cc 4E92      		jsr (%a2)
 2307 18ce 4E93      		jsr (%a3)
 2308 18d0 2600      		move.l %d0,%d3
 2309 18d2 4A39 0000 		tst.b expression_error.l
 2309      0000 
 2310 18d8 6600 F8B8 		jne .L307
 2311 18dc 4E92      		jsr (%a2)
 2312 18de 2039 0000 		move.l txtpos,%d0
 2312      0000 
 2313 18e4 2240      		move.l %d0,%a1
 2314 18e6 0C11 002C 		cmp.b #44,(%a1)
 2315 18ea 6600 F8A6 		jne .L307
 2316 18ee 5280      		addq.l #1,%d0
 2317 18f0 23C0 0000 		move.l %d0,txtpos
 2317      0000 
 2318 18f6 4E92      		jsr (%a2)
 2319 18f8 4E93      		jsr (%a3)
 2320 18fa 2800      		move.l %d0,%d4
 2321 18fc 4A39 0000 		tst.b expression_error.l
 2321      0000 
 2322 1902 6600 F88E 		jne .L307
 2323 1906 4E92      		jsr (%a2)
 2324 1908 2039 0000 		move.l txtpos,%d0
 2324      0000 
 2325 190e 2040      		move.l %d0,%a0
 2326 1910 0C10 002C 		cmp.b #44,(%a0)
 2327 1914 6600 F87C 		jne .L307
 2328 1918 5280      		addq.l #1,%d0
 2329 191a 23C0 0000 		move.l %d0,txtpos
 2329      0000 
 2330 1920 4E92      		jsr (%a2)
 2331 1922 4E93      		jsr (%a3)
 2332 1924 4A39 0000 		tst.b expression_error.l
 2332      0000 
 2333 192a 6600 F866 		jne .L307
 2334 192e 4880      		ext.w %d0
 2335 1930 3240      		move.w %d0,%a1
 2336 1932 2F09      		move.l %a1,-(%sp)
 2337 1934 2F04      		move.l %d4,-(%sp)
 2338 1936 2F03      		move.l %d3,-(%sp)
 2339 1938 2F02      		move.l %d2,-(%sp)
 2340 193a 4EB9 0000 		jsr drawVLine
 2340      0000 
 2341 1940 6000 F7F4 		jra .L563
 2342               	.L325:
 2343 1944 4239 0000 		clr.b expression_error
 2343      0000 
 2344 194a 47FA ED9A 		lea expression,%a3
 2345 194e 4E93      		jsr (%a3)
 2346 1950 2400      		move.l %d0,%d2
 2347 1952 4A39 0000 		tst.b expression_error.l
 2347      0000 
 2348 1958 6600 F838 		jne .L307
 2349 195c 45FA E6A2 		lea ignore_blanks,%a2
 2350 1960 4E92      		jsr (%a2)
 2351 1962 2039 0000 		move.l txtpos,%d0
 2351      0000 
 2352 1968 2040      		move.l %d0,%a0
 2353 196a 0C10 002C 		cmp.b #44,(%a0)
 2354 196e 6600 F822 		jne .L307
 2355 1972 5280      		addq.l #1,%d0
 2356 1974 23C0 0000 		move.l %d0,txtpos
 2356      0000 
 2357 197a 4E92      		jsr (%a2)
 2358 197c 4E93      		jsr (%a3)
 2359 197e 2600      		move.l %d0,%d3
 2360 1980 4A39 0000 		tst.b expression_error.l
 2360      0000 
 2361 1986 6600 F80A 		jne .L307
 2362 198a 4E92      		jsr (%a2)
 2363 198c 2039 0000 		move.l txtpos,%d0
 2363      0000 
 2364 1992 2240      		move.l %d0,%a1
 2365 1994 0C11 002C 		cmp.b #44,(%a1)
 2366 1998 6600 F7F8 		jne .L307
 2367 199c 5280      		addq.l #1,%d0
 2368 199e 23C0 0000 		move.l %d0,txtpos
 2368      0000 
 2369 19a4 4E92      		jsr (%a2)
 2370 19a6 4E93      		jsr (%a3)
 2371 19a8 2800      		move.l %d0,%d4
 2372 19aa 4A39 0000 		tst.b expression_error.l
 2372      0000 
 2373 19b0 6600 F7E0 		jne .L307
 2374 19b4 4E92      		jsr (%a2)
 2375 19b6 2039 0000 		move.l txtpos,%d0
 2375      0000 
 2376 19bc 2040      		move.l %d0,%a0
 2377 19be 0C10 002C 		cmp.b #44,(%a0)
 2378 19c2 6600 F7CE 		jne .L307
 2379 19c6 5280      		addq.l #1,%d0
 2380 19c8 23C0 0000 		move.l %d0,txtpos
 2380      0000 
 2381 19ce 4E92      		jsr (%a2)
 2382 19d0 4E93      		jsr (%a3)
 2383 19d2 4A39 0000 		tst.b expression_error.l
 2383      0000 
 2384 19d8 6600 F7B8 		jne .L307
 2385 19dc 7200      		moveq #0,%d1
 2386 19de 4601      		not.b %d1
 2387 19e0 C280      		and.l %d0,%d1
 2388 19e2 2F01      		move.l %d1,-(%sp)
 2389 19e4 2F04      		move.l %d4,-(%sp)
 2390 19e6 2F03      		move.l %d3,-(%sp)
 2391 19e8 2F02      		move.l %d2,-(%sp)
 2392 19ea 4EB9 0000 		jsr drawHLine
 2392      0000 
 2393 19f0 6000 F744 		jra .L563
 2394               	.L324:
 2395 19f4 4239 0000 		clr.b expression_error
 2395      0000 
 2396 19fa 47FA ECEA 		lea expression,%a3
 2397 19fe 4E93      		jsr (%a3)
 2398 1a00 2400      		move.l %d0,%d2
 2399 1a02 4A39 0000 		tst.b expression_error.l
 2399      0000 
 2400 1a08 6600 F788 		jne .L307
 2401 1a0c 45FA E5F2 		lea ignore_blanks,%a2
 2402 1a10 4E92      		jsr (%a2)
 2403 1a12 2039 0000 		move.l txtpos,%d0
 2403      0000 
 2404 1a18 2040      		move.l %d0,%a0
 2405 1a1a 0C10 002C 		cmp.b #44,(%a0)
 2406 1a1e 6600 F772 		jne .L307
 2407 1a22 5280      		addq.l #1,%d0
 2408 1a24 23C0 0000 		move.l %d0,txtpos
 2408      0000 
 2409 1a2a 4E92      		jsr (%a2)
 2410 1a2c 4E93      		jsr (%a3)
 2411 1a2e 2600      		move.l %d0,%d3
 2412 1a30 4A39 0000 		tst.b expression_error.l
 2412      0000 
 2413 1a36 6600 F75A 		jne .L307
 2414 1a3a 4E92      		jsr (%a2)
 2415 1a3c 2039 0000 		move.l txtpos,%d0
 2415      0000 
 2416 1a42 2240      		move.l %d0,%a1
 2417 1a44 0C11 002C 		cmp.b #44,(%a1)
 2418 1a48 6600 F748 		jne .L307
 2419 1a4c 5280      		addq.l #1,%d0
 2420 1a4e 23C0 0000 		move.l %d0,txtpos
 2420      0000 
 2421 1a54 4E92      		jsr (%a2)
 2422 1a56 4E93      		jsr (%a3)
 2423 1a58 2800      		move.l %d0,%d4
 2424 1a5a 4A39 0000 		tst.b expression_error.l
 2424      0000 
 2425 1a60 6600 F730 		jne .L307
 2426 1a64 4E92      		jsr (%a2)
 2427 1a66 2039 0000 		move.l txtpos,%d0
 2427      0000 
 2428 1a6c 2040      		move.l %d0,%a0
 2429 1a6e 0C10 002C 		cmp.b #44,(%a0)
 2430 1a72 6600 F71E 		jne .L307
 2431 1a76 5280      		addq.l #1,%d0
 2432 1a78 23C0 0000 		move.l %d0,txtpos
 2432      0000 
 2433 1a7e 4E92      		jsr (%a2)
 2434 1a80 4E93      		jsr (%a3)
 2435 1a82 4A39 0000 		tst.b expression_error.l
 2435      0000 
 2436 1a88 6600 F708 		jne .L307
 2437 1a8c 4880      		ext.w %d0
 2438 1a8e 3240      		move.w %d0,%a1
 2439 1a90 2F09      		move.l %a1,-(%sp)
 2440 1a92 2F04      		move.l %d4,-(%sp)
 2441 1a94 2F03      		move.l %d3,-(%sp)
 2442 1a96 2F02      		move.l %d2,-(%sp)
 2443 1a98 4EB9 0000 		jsr drawCircle
 2443      0000 
 2444 1a9e 6000 F696 		jra .L563
 2445               	.L323:
 2446 1aa2 4239 0000 		clr.b expression_error
 2446      0000 
 2447 1aa8 47FA EC3C 		lea expression,%a3
 2448 1aac 4E93      		jsr (%a3)
 2449 1aae 2D40 FFB4 		move.l %d0,-76(%fp)
 2450 1ab2 4A39 0000 		tst.b expression_error.l
 2450      0000 
 2451 1ab8 6600 F6D8 		jne .L307
 2452 1abc 45FA E542 		lea ignore_blanks,%a2
 2453 1ac0 4E92      		jsr (%a2)
 2454 1ac2 2039 0000 		move.l txtpos,%d0
 2454      0000 
 2455 1ac8 2040      		move.l %d0,%a0
 2456 1aca 0C10 002C 		cmp.b #44,(%a0)
 2457 1ace 6600 F6C2 		jne .L307
 2458 1ad2 5280      		addq.l #1,%d0
 2459 1ad4 23C0 0000 		move.l %d0,txtpos
 2459      0000 
 2460 1ada 4E92      		jsr (%a2)
 2461 1adc 4E93      		jsr (%a3)
 2462 1ade 2600      		move.l %d0,%d3
 2463 1ae0 4A39 0000 		tst.b expression_error.l
 2463      0000 
 2464 1ae6 6600 F6AA 		jne .L307
 2465 1aea 4E92      		jsr (%a2)
 2466 1aec 2039 0000 		move.l txtpos,%d0
 2466      0000 
 2467 1af2 2240      		move.l %d0,%a1
 2468 1af4 0C11 002C 		cmp.b #44,(%a1)
 2469 1af8 6600 F698 		jne .L307
 2470 1afc 5280      		addq.l #1,%d0
 2471 1afe 23C0 0000 		move.l %d0,txtpos
 2471      0000 
 2472 1b04 4E92      		jsr (%a2)
 2473 1b06 4E93      		jsr (%a3)
 2474 1b08 2800      		move.l %d0,%d4
 2475 1b0a 4A39 0000 		tst.b expression_error.l
 2475      0000 
 2476 1b10 6600 F680 		jne .L307
 2477 1b14 4E92      		jsr (%a2)
 2478 1b16 2039 0000 		move.l txtpos,%d0
 2478      0000 
 2479 1b1c 2040      		move.l %d0,%a0
 2480 1b1e 0C10 002C 		cmp.b #44,(%a0)
 2481 1b22 6600 F66E 		jne .L307
 2482 1b26 5280      		addq.l #1,%d0
 2483 1b28 23C0 0000 		move.l %d0,txtpos
 2483      0000 
 2484 1b2e 4E92      		jsr (%a2)
 2485 1b30 4E93      		jsr (%a3)
 2486 1b32 2400      		move.l %d0,%d2
 2487 1b34 4A39 0000 		tst.b expression_error.l
 2487      0000 
 2488 1b3a 6600 F656 		jne .L307
 2489 1b3e 4E92      		jsr (%a2)
 2490 1b40 2039 0000 		move.l txtpos,%d0
 2490      0000 
 2491 1b46 2240      		move.l %d0,%a1
 2492 1b48 0C11 002C 		cmp.b #44,(%a1)
 2493 1b4c 6600 F644 		jne .L307
 2494 1b50 5280      		addq.l #1,%d0
 2495 1b52 23C0 0000 		move.l %d0,txtpos
 2495      0000 
 2496 1b58 4E92      		jsr (%a2)
 2497 1b5a 4E93      		jsr (%a3)
 2498 1b5c 4A39 0000 		tst.b expression_error.l
 2498      0000 
 2499 1b62 6600 F62E 		jne .L307
 2500 1b66 4880      		ext.w %d0
 2501 1b68 3440      		move.w %d0,%a2
 2502 1b6a 2F0A      		move.l %a2,-(%sp)
 2503 1b6c 7000      		moveq #0,%d0
 2504 1b6e 4600      		not.b %d0
 2505 1b70 C082      		and.l %d2,%d0
 2506 1b72 2F00      		move.l %d0,-(%sp)
 2507 1b74 2F04      		move.l %d4,-(%sp)
 2508 1b76 2F03      		move.l %d3,-(%sp)
 2509 1b78 2F2E FFB4 		move.l -76(%fp),-(%sp)
 2510 1b7c 4EB9 0000 		jsr drawCircleHelper
 2510      0000 
 2511 1b82 6000 FD0A 		jra .L564
 2512               	.L322:
 2513 1b86 4239 0000 		clr.b expression_error
 2513      0000 
 2514 1b8c 47FA EB58 		lea expression,%a3
 2515 1b90 4E93      		jsr (%a3)
 2516 1b92 2400      		move.l %d0,%d2
 2517 1b94 4A39 0000 		tst.b expression_error.l
 2517      0000 
 2518 1b9a 6600 F5F6 		jne .L307
 2519 1b9e 45FA E460 		lea ignore_blanks,%a2
 2520 1ba2 4E92      		jsr (%a2)
 2521 1ba4 2039 0000 		move.l txtpos,%d0
 2521      0000 
 2522 1baa 2040      		move.l %d0,%a0
 2523 1bac 0C10 002C 		cmp.b #44,(%a0)
 2524 1bb0 6600 F5E0 		jne .L307
 2525 1bb4 5280      		addq.l #1,%d0
 2526 1bb6 23C0 0000 		move.l %d0,txtpos
 2526      0000 
 2527 1bbc 4E92      		jsr (%a2)
 2528 1bbe 4E93      		jsr (%a3)
 2529 1bc0 2600      		move.l %d0,%d3
 2530 1bc2 4A39 0000 		tst.b expression_error.l
 2530      0000 
 2531 1bc8 6600 F5C8 		jne .L307
 2532 1bcc 4E92      		jsr (%a2)
 2533 1bce 2039 0000 		move.l txtpos,%d0
 2533      0000 
 2534 1bd4 2240      		move.l %d0,%a1
 2535 1bd6 0C11 002C 		cmp.b #44,(%a1)
 2536 1bda 6600 F5B6 		jne .L307
 2537 1bde 5280      		addq.l #1,%d0
 2538 1be0 23C0 0000 		move.l %d0,txtpos
 2538      0000 
 2539 1be6 4E92      		jsr (%a2)
 2540 1be8 4E93      		jsr (%a3)
 2541 1bea 2800      		move.l %d0,%d4
 2542 1bec 4A39 0000 		tst.b expression_error.l
 2542      0000 
 2543 1bf2 6600 F59E 		jne .L307
 2544 1bf6 4E92      		jsr (%a2)
 2545 1bf8 2039 0000 		move.l txtpos,%d0
 2545      0000 
 2546 1bfe 2040      		move.l %d0,%a0
 2547 1c00 0C10 002C 		cmp.b #44,(%a0)
 2548 1c04 6600 F58C 		jne .L307
 2549 1c08 5280      		addq.l #1,%d0
 2550 1c0a 23C0 0000 		move.l %d0,txtpos
 2550      0000 
 2551 1c10 4E92      		jsr (%a2)
 2552 1c12 4E93      		jsr (%a3)
 2553 1c14 4A39 0000 		tst.b expression_error.l
 2553      0000 
 2554 1c1a 6600 F576 		jne .L307
 2555 1c1e 4880      		ext.w %d0
 2556 1c20 3240      		move.w %d0,%a1
 2557 1c22 2F09      		move.l %a1,-(%sp)
 2558 1c24 2F04      		move.l %d4,-(%sp)
 2559 1c26 2F03      		move.l %d3,-(%sp)
 2560 1c28 2F02      		move.l %d2,-(%sp)
 2561 1c2a 4EB9 0000 		jsr fillCircle
 2561      0000 
 2562 1c30 6000 F504 		jra .L563
 2563               	.L321:
 2564 1c34 4239 0000 		clr.b expression_error
 2564      0000 
 2565 1c3a 47FA EAAA 		lea expression,%a3
 2566 1c3e 4E93      		jsr (%a3)
 2567 1c40 2D40 FFB4 		move.l %d0,-76(%fp)
 2568 1c44 4A39 0000 		tst.b expression_error.l
 2568      0000 
 2569 1c4a 6600 F546 		jne .L307
 2570 1c4e 45FA E3B0 		lea ignore_blanks,%a2
 2571 1c52 4E92      		jsr (%a2)
 2572 1c54 2039 0000 		move.l txtpos,%d0
 2572      0000 
 2573 1c5a 2040      		move.l %d0,%a0
 2574 1c5c 0C10 002C 		cmp.b #44,(%a0)
 2575 1c60 6600 F530 		jne .L307
 2576 1c64 5280      		addq.l #1,%d0
 2577 1c66 23C0 0000 		move.l %d0,txtpos
 2577      0000 
 2578 1c6c 4E92      		jsr (%a2)
 2579 1c6e 4E93      		jsr (%a3)
 2580 1c70 2600      		move.l %d0,%d3
 2581 1c72 4A39 0000 		tst.b expression_error.l
 2581      0000 
 2582 1c78 6600 F518 		jne .L307
 2583 1c7c 4E92      		jsr (%a2)
 2584 1c7e 2039 0000 		move.l txtpos,%d0
 2584      0000 
 2585 1c84 2240      		move.l %d0,%a1
 2586 1c86 0C11 002C 		cmp.b #44,(%a1)
 2587 1c8a 6600 F506 		jne .L307
 2588 1c8e 5280      		addq.l #1,%d0
 2589 1c90 23C0 0000 		move.l %d0,txtpos
 2589      0000 
 2590 1c96 4E92      		jsr (%a2)
 2591 1c98 4E93      		jsr (%a3)
 2592 1c9a 2800      		move.l %d0,%d4
 2593 1c9c 4A39 0000 		tst.b expression_error.l
 2593      0000 
 2594 1ca2 6600 F4EE 		jne .L307
 2595 1ca6 4E92      		jsr (%a2)
 2596 1ca8 2039 0000 		move.l txtpos,%d0
 2596      0000 
 2597 1cae 2040      		move.l %d0,%a0
 2598 1cb0 0C10 002C 		cmp.b #44,(%a0)
 2599 1cb4 6600 F4DC 		jne .L307
 2600 1cb8 5280      		addq.l #1,%d0
 2601 1cba 23C0 0000 		move.l %d0,txtpos
 2601      0000 
 2602 1cc0 4E92      		jsr (%a2)
 2603 1cc2 4E93      		jsr (%a3)
 2604 1cc4 2400      		move.l %d0,%d2
 2605 1cc6 4A39 0000 		tst.b expression_error.l
 2605      0000 
 2606 1ccc 6600 F4C4 		jne .L307
 2607 1cd0 4E92      		jsr (%a2)
 2608 1cd2 2039 0000 		move.l txtpos,%d0
 2608      0000 
 2609 1cd8 2240      		move.l %d0,%a1
 2610 1cda 0C11 002C 		cmp.b #44,(%a1)
 2611 1cde 6600 F4B2 		jne .L307
 2612 1ce2 5280      		addq.l #1,%d0
 2613 1ce4 23C0 0000 		move.l %d0,txtpos
 2613      0000 
 2614 1cea 4E92      		jsr (%a2)
 2615 1cec 4E93      		jsr (%a3)
 2616 1cee 2D40 FFB8 		move.l %d0,-72(%fp)
 2617 1cf2 4A39 0000 		tst.b expression_error.l
 2617      0000 
 2618 1cf8 6600 F498 		jne .L307
 2619 1cfc 4E92      		jsr (%a2)
 2620 1cfe 2039 0000 		move.l txtpos,%d0
 2620      0000 
 2621 1d04 2040      		move.l %d0,%a0
 2622 1d06 0C10 002C 		cmp.b #44,(%a0)
 2623 1d0a 6600 F486 		jne .L307
 2624 1d0e 5280      		addq.l #1,%d0
 2625 1d10 23C0 0000 		move.l %d0,txtpos
 2625      0000 
 2626 1d16 4E92      		jsr (%a2)
 2627 1d18 4E93      		jsr (%a3)
 2628 1d1a 4A39 0000 		tst.b expression_error.l
 2628      0000 
 2629 1d20 6600 F470 		jne .L307
 2630 1d24 4880      		ext.w %d0
 2631 1d26 3240      		move.w %d0,%a1
 2632 1d28 2F09      		move.l %a1,-(%sp)
 2633 1d2a 2F2E FFB8 		move.l -72(%fp),-(%sp)
 2634 1d2e 7000      		moveq #0,%d0
 2635 1d30 4600      		not.b %d0
 2636 1d32 C082      		and.l %d2,%d0
 2637 1d34 2F00      		move.l %d0,-(%sp)
 2638 1d36 2F04      		move.l %d4,-(%sp)
 2639 1d38 2F03      		move.l %d3,-(%sp)
 2640 1d3a 2F2E FFB4 		move.l -76(%fp),-(%sp)
 2641 1d3e 4EB9 0000 		jsr fillCircleHelper
 2641      0000 
 2642               	.L565:
 2643 1d44 4FEF 0018 		lea (24,%sp),%sp
 2644 1d48 6000 FA5E 		jra .L357
 2645               	.L320:
 2646 1d4c 4239 0000 		clr.b expression_error
 2646      0000 
 2647 1d52 47FA E992 		lea expression,%a3
 2648 1d56 4E93      		jsr (%a3)
 2649 1d58 2400      		move.l %d0,%d2
 2650 1d5a 4A39 0000 		tst.b expression_error.l
 2650      0000 
 2651 1d60 6600 F430 		jne .L307
 2652 1d64 45FA E29A 		lea ignore_blanks,%a2
 2653 1d68 4E92      		jsr (%a2)
 2654 1d6a 2039 0000 		move.l txtpos,%d0
 2654      0000 
 2655 1d70 2040      		move.l %d0,%a0
 2656 1d72 0C10 002C 		cmp.b #44,(%a0)
 2657 1d76 6600 F41A 		jne .L307
 2658 1d7a 5280      		addq.l #1,%d0
 2659 1d7c 23C0 0000 		move.l %d0,txtpos
 2659      0000 
 2660 1d82 4E92      		jsr (%a2)
 2661 1d84 4E93      		jsr (%a3)
 2662 1d86 2600      		move.l %d0,%d3
 2663 1d88 4A39 0000 		tst.b expression_error.l
 2663      0000 
 2664 1d8e 6600 F402 		jne .L307
 2665 1d92 4E92      		jsr (%a2)
 2666 1d94 2039 0000 		move.l txtpos,%d0
 2666      0000 
 2667 1d9a 2240      		move.l %d0,%a1
 2668 1d9c 0C11 002C 		cmp.b #44,(%a1)
 2669 1da0 6600 F3F0 		jne .L307
 2670 1da4 5280      		addq.l #1,%d0
 2671 1da6 23C0 0000 		move.l %d0,txtpos
 2671      0000 
 2672 1dac 4E92      		jsr (%a2)
 2673 1dae 4E93      		jsr (%a3)
 2674 1db0 2800      		move.l %d0,%d4
 2675 1db2 4A39 0000 		tst.b expression_error.l
 2675      0000 
 2676 1db8 6600 F3D8 		jne .L307
 2677 1dbc 4E92      		jsr (%a2)
 2678 1dbe 2039 0000 		move.l txtpos,%d0
 2678      0000 
 2679 1dc4 2040      		move.l %d0,%a0
 2680 1dc6 0C10 002C 		cmp.b #44,(%a0)
 2681 1dca 6600 F3C6 		jne .L307
 2682 1dce 5280      		addq.l #1,%d0
 2683 1dd0 23C0 0000 		move.l %d0,txtpos
 2683      0000 
 2684 1dd6 4E92      		jsr (%a2)
 2685 1dd8 4E93      		jsr (%a3)
 2686 1dda 2D40 FFB4 		move.l %d0,-76(%fp)
 2687 1dde 4A39 0000 		tst.b expression_error.l
 2687      0000 
 2688 1de4 6600 F3AC 		jne .L307
 2689 1de8 4E92      		jsr (%a2)
 2690 1dea 2039 0000 		move.l txtpos,%d0
 2690      0000 
 2691 1df0 2240      		move.l %d0,%a1
 2692 1df2 0C11 002C 		cmp.b #44,(%a1)
 2693 1df6 6600 F39A 		jne .L307
 2694 1dfa 5280      		addq.l #1,%d0
 2695 1dfc 23C0 0000 		move.l %d0,txtpos
 2695      0000 
 2696 1e02 4E92      		jsr (%a2)
 2697 1e04 4E93      		jsr (%a3)
 2698 1e06 2D40 FFB8 		move.l %d0,-72(%fp)
 2699 1e0a 4A39 0000 		tst.b expression_error.l
 2699      0000 
 2700 1e10 6600 F380 		jne .L307
 2701 1e14 4E92      		jsr (%a2)
 2702 1e16 2039 0000 		move.l txtpos,%d0
 2702      0000 
 2703 1e1c 2040      		move.l %d0,%a0
 2704 1e1e 0C10 002C 		cmp.b #44,(%a0)
 2705 1e22 6600 F36E 		jne .L307
 2706 1e26 5280      		addq.l #1,%d0
 2707 1e28 23C0 0000 		move.l %d0,txtpos
 2707      0000 
 2708 1e2e 4E92      		jsr (%a2)
 2709 1e30 4E93      		jsr (%a3)
 2710 1e32 4A39 0000 		tst.b expression_error.l
 2710      0000 
 2711 1e38 6600 F358 		jne .L307
 2712 1e3c 4880      		ext.w %d0
 2713 1e3e 3240      		move.w %d0,%a1
 2714 1e40 2F09      		move.l %a1,-(%sp)
 2715 1e42 2F2E FFB8 		move.l -72(%fp),-(%sp)
 2716 1e46 2F2E FFB4 		move.l -76(%fp),-(%sp)
 2717 1e4a 2F04      		move.l %d4,-(%sp)
 2718 1e4c 2F03      		move.l %d3,-(%sp)
 2719 1e4e 2F02      		move.l %d2,-(%sp)
 2720 1e50 4EB9 0000 		jsr drawRoundRect
 2720      0000 
 2721 1e56 6000 FEEC 		jra .L565
 2722               	.L319:
 2723 1e5a 4239 0000 		clr.b expression_error
 2723      0000 
 2724 1e60 47FA E884 		lea expression,%a3
 2725 1e64 4E93      		jsr (%a3)
 2726 1e66 2400      		move.l %d0,%d2
 2727 1e68 4A39 0000 		tst.b expression_error.l
 2727      0000 
 2728 1e6e 6600 F322 		jne .L307
 2729 1e72 45FA E18C 		lea ignore_blanks,%a2
 2730 1e76 4E92      		jsr (%a2)
 2731 1e78 2039 0000 		move.l txtpos,%d0
 2731      0000 
 2732 1e7e 2040      		move.l %d0,%a0
 2733 1e80 0C10 002C 		cmp.b #44,(%a0)
 2734 1e84 6600 F30C 		jne .L307
 2735 1e88 5280      		addq.l #1,%d0
 2736 1e8a 23C0 0000 		move.l %d0,txtpos
 2736      0000 
 2737 1e90 4E92      		jsr (%a2)
 2738 1e92 4E93      		jsr (%a3)
 2739 1e94 2600      		move.l %d0,%d3
 2740 1e96 4A39 0000 		tst.b expression_error.l
 2740      0000 
 2741 1e9c 6600 F2F4 		jne .L307
 2742 1ea0 4E92      		jsr (%a2)
 2743 1ea2 2039 0000 		move.l txtpos,%d0
 2743      0000 
 2744 1ea8 2240      		move.l %d0,%a1
 2745 1eaa 0C11 002C 		cmp.b #44,(%a1)
 2746 1eae 6600 F2E2 		jne .L307
 2747 1eb2 5280      		addq.l #1,%d0
 2748 1eb4 23C0 0000 		move.l %d0,txtpos
 2748      0000 
 2749 1eba 4E92      		jsr (%a2)
 2750 1ebc 4E93      		jsr (%a3)
 2751 1ebe 2800      		move.l %d0,%d4
 2752 1ec0 4A39 0000 		tst.b expression_error.l
 2752      0000 
 2753 1ec6 6600 F2CA 		jne .L307
 2754 1eca 4E92      		jsr (%a2)
 2755 1ecc 2039 0000 		move.l txtpos,%d0
 2755      0000 
 2756 1ed2 2040      		move.l %d0,%a0
 2757 1ed4 0C10 002C 		cmp.b #44,(%a0)
 2758 1ed8 6600 F2B8 		jne .L307
 2759 1edc 5280      		addq.l #1,%d0
 2760 1ede 23C0 0000 		move.l %d0,txtpos
 2760      0000 
 2761 1ee4 4E92      		jsr (%a2)
 2762 1ee6 4E93      		jsr (%a3)
 2763 1ee8 2D40 FFB4 		move.l %d0,-76(%fp)
 2764 1eec 4A39 0000 		tst.b expression_error.l
 2764      0000 
 2765 1ef2 6600 F29E 		jne .L307
 2766 1ef6 4E92      		jsr (%a2)
 2767 1ef8 2039 0000 		move.l txtpos,%d0
 2767      0000 
 2768 1efe 2240      		move.l %d0,%a1
 2769 1f00 0C11 002C 		cmp.b #44,(%a1)
 2770 1f04 6600 F28C 		jne .L307
 2771 1f08 5280      		addq.l #1,%d0
 2772 1f0a 23C0 0000 		move.l %d0,txtpos
 2772      0000 
 2773 1f10 4E92      		jsr (%a2)
 2774 1f12 4E93      		jsr (%a3)
 2775 1f14 2D40 FFB8 		move.l %d0,-72(%fp)
 2776 1f18 4A39 0000 		tst.b expression_error.l
 2776      0000 
 2777 1f1e 6600 F272 		jne .L307
 2778 1f22 4E92      		jsr (%a2)
 2779 1f24 2039 0000 		move.l txtpos,%d0
 2779      0000 
 2780 1f2a 2040      		move.l %d0,%a0
 2781 1f2c 0C10 002C 		cmp.b #44,(%a0)
 2782 1f30 6600 F260 		jne .L307
 2783 1f34 5280      		addq.l #1,%d0
 2784 1f36 23C0 0000 		move.l %d0,txtpos
 2784      0000 
 2785 1f3c 4E92      		jsr (%a2)
 2786 1f3e 4E93      		jsr (%a3)
 2787 1f40 4A39 0000 		tst.b expression_error.l
 2787      0000 
 2788 1f46 6600 F24A 		jne .L307
 2789 1f4a 4880      		ext.w %d0
 2790 1f4c 3240      		move.w %d0,%a1
 2791 1f4e 2F09      		move.l %a1,-(%sp)
 2792 1f50 2F2E FFB8 		move.l -72(%fp),-(%sp)
 2793 1f54 2F2E FFB4 		move.l -76(%fp),-(%sp)
 2794 1f58 2F04      		move.l %d4,-(%sp)
 2795 1f5a 2F03      		move.l %d3,-(%sp)
 2796 1f5c 2F02      		move.l %d2,-(%sp)
 2797 1f5e 4EB9 0000 		jsr fillRoundRect
 2797      0000 
 2798 1f64 6000 FDDE 		jra .L565
 2799               	.L318:
 2800 1f68 4239 0000 		clr.b expression_error
 2800      0000 
 2801 1f6e 47FA E776 		lea expression,%a3
 2802 1f72 4E93      		jsr (%a3)
 2803 1f74 2400      		move.l %d0,%d2
 2804 1f76 4A39 0000 		tst.b expression_error.l
 2804      0000 
 2805 1f7c 6600 F214 		jne .L307
 2806 1f80 45FA E07E 		lea ignore_blanks,%a2
 2807 1f84 4E92      		jsr (%a2)
 2808 1f86 2039 0000 		move.l txtpos,%d0
 2808      0000 
 2809 1f8c 2040      		move.l %d0,%a0
 2810 1f8e 0C10 002C 		cmp.b #44,(%a0)
 2811 1f92 6600 F1FE 		jne .L307
 2812 1f96 5280      		addq.l #1,%d0
 2813 1f98 23C0 0000 		move.l %d0,txtpos
 2813      0000 
 2814 1f9e 4E92      		jsr (%a2)
 2815 1fa0 4E93      		jsr (%a3)
 2816 1fa2 2600      		move.l %d0,%d3
 2817 1fa4 4A39 0000 		tst.b expression_error.l
 2817      0000 
 2818 1faa 6600 F1E6 		jne .L307
 2819 1fae 4E92      		jsr (%a2)
 2820 1fb0 2039 0000 		move.l txtpos,%d0
 2820      0000 
 2821 1fb6 2240      		move.l %d0,%a1
 2822 1fb8 0C11 002C 		cmp.b #44,(%a1)
 2823 1fbc 6600 F1D4 		jne .L307
 2824 1fc0 5280      		addq.l #1,%d0
 2825 1fc2 23C0 0000 		move.l %d0,txtpos
 2825      0000 
 2826 1fc8 4E92      		jsr (%a2)
 2827 1fca 4E93      		jsr (%a3)
 2828 1fcc 2800      		move.l %d0,%d4
 2829 1fce 4A39 0000 		tst.b expression_error.l
 2829      0000 
 2830 1fd4 6600 F1BC 		jne .L307
 2831 1fd8 4E92      		jsr (%a2)
 2832 1fda 2039 0000 		move.l txtpos,%d0
 2832      0000 
 2833 1fe0 2040      		move.l %d0,%a0
 2834 1fe2 0C10 002C 		cmp.b #44,(%a0)
 2835 1fe6 6600 F1AA 		jne .L307
 2836 1fea 5280      		addq.l #1,%d0
 2837 1fec 23C0 0000 		move.l %d0,txtpos
 2837      0000 
 2838 1ff2 4E92      		jsr (%a2)
 2839 1ff4 4E93      		jsr (%a3)
 2840 1ff6 2D40 FFB4 		move.l %d0,-76(%fp)
 2841 1ffa 4A39 0000 		tst.b expression_error.l
 2841      0000 
 2842 2000 6600 F190 		jne .L307
 2843 2004 4E92      		jsr (%a2)
 2844 2006 2039 0000 		move.l txtpos,%d0
 2844      0000 
 2845 200c 2240      		move.l %d0,%a1
 2846 200e 0C11 002C 		cmp.b #44,(%a1)
 2847 2012 6600 F17E 		jne .L307
 2848 2016 5280      		addq.l #1,%d0
 2849 2018 23C0 0000 		move.l %d0,txtpos
 2849      0000 
 2850 201e 4E92      		jsr (%a2)
 2851 2020 4E93      		jsr (%a3)
 2852 2022 4A39 0000 		tst.b expression_error.l
 2852      0000 
 2853 2028 6600 F168 		jne .L307
 2854 202c 7200      		moveq #0,%d1
 2855 202e 4601      		not.b %d1
 2856 2030 C280      		and.l %d0,%d1
 2857 2032 2F01      		move.l %d1,-(%sp)
 2858 2034 2F2E FFB4 		move.l -76(%fp),-(%sp)
 2859 2038 2F04      		move.l %d4,-(%sp)
 2860 203a 2F03      		move.l %d3,-(%sp)
 2861 203c 2F02      		move.l %d2,-(%sp)
 2862 203e 4EB9 0000 		jsr fillRect
 2862      0000 
 2863 2044 6000 F848 		jra .L564
 2864               	.L317:
 2865 2048 4EBA EC8A 		jsr read_date
 2866 204c 6000 F75A 		jra .L357
 2867               	.L348:
 2868 2050 4239 0000 		clr.b expression_error
 2868      0000 
 2869 2056 45FA E68E 		lea expression,%a2
 2870 205a 4E92      		jsr (%a2)
 2871 205c 2400      		move.l %d0,%d2
 2872 205e 4A39 0000 		tst.b expression_error.l
 2872      0000 
 2873 2064 6600 F12C 		jne .L307
 2874 2068 47FA DF96 		lea ignore_blanks,%a3
 2875 206c 4E93      		jsr (%a3)
 2876 206e 2039 0000 		move.l txtpos,%d0
 2876      0000 
 2877 2074 2040      		move.l %d0,%a0
 2878 2076 0C10 002C 		cmp.b #44,(%a0)
 2879 207a 6600 F116 		jne .L307
 2880 207e 5280      		addq.l #1,%d0
 2881 2080 23C0 0000 		move.l %d0,txtpos
 2881      0000 
 2882 2086 4E93      		jsr (%a3)
 2883 2088 4239 0000 		clr.b expression_error
 2883      0000 
 2884 208e 4E92      		jsr (%a2)
 2885 2090 4A39 0000 		tst.b expression_error.l
 2885      0000 
 2886 2096 6600 F0FA 		jne .L307
 2887 209a 2F00      		move.l %d0,-(%sp)
 2888 209c 2F02      		move.l %d2,-(%sp)
 2889 209e 4EB9 0000 		jsr gotoxy
 2889      0000 
 2890 20a4 6000 F146 		jra .L566
 2891               	.L331:
 2892 20a8 13FC FFA4 		move.b #-92,16744509
 2892      00FF 803D 
 2893 20b0 6000 F6F6 		jra .L357
 2894               	.L396:
 2895 20b4 23CA 0000 		move.l %a2,sp
 2895      0000 
 2896 20ba 117C 0057 		move.b #87,-14(%a0)
 2896      FFF2 
 2897 20c0 2143 FFF4 		move.l %d3,-12(%a0)
 2898 20c4 2149 FFF8 		move.l %a1,-8(%a0)
 2899 20c8 2179 0000 		move.l current_line,-4(%a0)
 2899      0000 FFFC 
 2900 20d0 4A42      		tst.w %d2
 2901 20d2 6600 F6D4 		jne .L357
 2902 20d6 45FA E184 		lea (find_wend.0),%a2
 2903 20da 4E92      		jsr (%a2)
 2904 20dc 4A40      		tst.w %d0
 2905 20de 660A      		jne .L398
 2906               	.L399:
 2907 20e0 4879 0000 		pea nowend_msg
 2907      0000 
 2908 20e6 6000 F2D2 		jra .L567
 2909               	.L398:
 2910 20ea 4E92      		jsr (%a2)
 2911 20ec 4A40      		tst.w %d0
 2912 20ee 6600 F6B8 		jne .L357
 2913 20f2 60EC      		jra .L399
 2914               	.L401:
 2915 20f4 23EA 0002 		move.l 2(%a2),txtpos
 2915      0000 0000 
 2916 20fc 4239 0000 		clr.b expression_error
 2916      0000 
 2917 2102 4EBA E5E2 		jsr expression
 2918 2106 2239 0000 		move.l stack_limit,%d1
 2918      0000 
 2919 210c 200A      		move.l %a2,%d0
 2920               	.L404:
 2921 210e 2640      		move.l %d0,%a3
 2922 2110 B081      		cmp.l %d1,%d0
 2923 2112 6504      		jcs .L406
 2924 2114 264A      		move.l %a2,%a3
 2925 2116 6008      		jra .L405
 2926               	.L406:
 2927 2118 5280      		addq.l #1,%d0
 2928 211a 0C13 0057 		cmp.b #87,(%a3)
 2929 211e 66EE      		jne .L404
 2930               	.L405:
 2931 2120 23EB 0002 		move.l 2(%a3),txtpos
 2931      0000 0000 
 2932 2128 4239 0000 		clr.b expression_error
 2932      0000 
 2933 212e 4EBA E5B6 		jsr expression
 2934 2132 4A40      		tst.w %d0
 2935 2134 6714      		jeq .L407
 2936 2136 23EB 0006 		move.l 6(%a3),txtpos
 2936      0000 0000 
 2937 213e 23EB 000A 		move.l 10(%a3),current_line
 2937      0000 0000 
 2938 2146 6000 F660 		jra .L357
 2939               	.L407:
 2940 214a 700E      		moveq #14,%d0
 2941 214c D1B9 0000 		add.l %d0,sp
 2941      0000 
 2942 2152 6000 F654 		jra .L357
 2943               	.L450:
 2944 2156 7801      		moveq #1,%d4
 2945 2158 6000 F340 		jra .L408
 2946               	.L422:
 2947 215c 1010      		move.b (%a0),%d0
 2948 215e 0C00 0046 		cmp.b #70,%d0
 2949 2162 6740      		jeq .L412
 2950 2164 0C00 0047 		cmp.b #71,%d0
 2951 2168 6600 EC74 		jne .L413
 2952 216c 0C02 000B 		cmp.b #11,%d2
 2953 2170 6628      		jne .L414
 2954 2172 4A01      		tst.b %d1
 2955 2174 6706      		jeq .L415
 2956 2176 23C8 0000 		move.l %a0,tempsp
 2956      0000 
 2957               	.L415:
 2958 217c 23E8 0002 		move.l 2(%a0),current_line
 2958      0000 0000 
 2959 2184 23E8 0006 		move.l 6(%a0),txtpos
 2959      0000 0000 
 2960 218c 700A      		moveq #10,%d0
 2961 218e D083      		add.l %d3,%d0
 2962 2190 23C0 0000 		move.l %d0,sp
 2962      0000 
 2963 2196 6000 F610 		jra .L357
 2964               	.L414:
 2965 219a 41E8 000A 		lea (10,%a0),%a0
 2966               	.L416:
 2967 219e 7201      		moveq #1,%d1
 2968 21a0 6000 F0FE 		jra .L411
 2969               	.L412:
 2970 21a4 0C02 0005 		cmp.b #5,%d2
 2971 21a8 6672      		jne .L417
 2972 21aa 2279 0000 		move.l txtpos,%a1
 2972      0000 
 2973 21b0 7000      		moveq #0,%d0
 2974 21b2 1029 FFFF 		move.b -1(%a1),%d0
 2975 21b6 1828 0001 		move.b 1(%a0),%d4
 2976 21ba 4884      		ext.w %d4
 2977 21bc 3244      		move.w %d4,%a1
 2978 21be B3C0      		cmp.l %d0,%a1
 2979 21c0 665A      		jne .L417
 2980 21c2 4A01      		tst.b %d1
 2981 21c4 6706      		jeq .L418
 2982 21c6 23C8 0000 		move.l %a0,tempsp
 2982      0000 
 2983               	.L418:
 2984 21cc 2240      		move.l %d0,%a1
 2985 21ce D3FC 7FFF 		add.l #2147483583,%a1
 2985      FFBF 
 2986 21d4 D3C9      		add.l %a1,%a1
 2987 21d6 D3F9 0000 		add.l variables_begin,%a1
 2987      0000 
 2988 21dc 3011      		move.w (%a1),%d0
 2989 21de D068 0004 		add.w 4(%a0),%d0
 2990 21e2 3280      		move.w %d0,(%a1)
 2991 21e4 3228 0004 		move.w 4(%a0),%d1
 2992 21e8 6F1A      		jle .L419
 2993 21ea B068 0002 		cmp.w 2(%a0),%d0
 2994 21ee 6E1E      		jgt .L421
 2995               	.L420:
 2996 21f0 23E8 000A 		move.l 10(%a0),txtpos
 2996      0000 0000 
 2997 21f8 23E8 0006 		move.l 6(%a0),current_line
 2997      0000 0000 
 2998 2200 6000 F5A6 		jra .L357
 2999               	.L419:
 3000 2204 4A41      		tst.w %d1
 3001 2206 6706      		jeq .L421
 3002 2208 B068 0002 		cmp.w 2(%a0),%d0
 3003 220c 6CE2      		jge .L420
 3004               	.L421:
 3005 220e 41E8 000E 		lea (14,%a0),%a0
 3006 2212 23C8 0000 		move.l %a0,sp
 3006      0000 
 3007 2218 6000 F58E 		jra .L357
 3008               	.L417:
 3009 221c 41E8 000E 		lea (14,%a0),%a0
 3010 2220 6000 FF7C 		jra .L416
 3011               	.L315:
 3012 2224 2039 0000 		move.l txtpos,%d0
 3012      0000 
 3013 222a 2040      		move.l %d0,%a0
 3014 222c 1610      		move.b (%a0),%d3
 3015 222e 1403      		move.b %d3,%d2
 3016 2230 0602 FFBF 		add.b #-65,%d2
 3017 2234 0C02 0019 		cmp.b #25,%d2
 3018 2238 6200 F07A 		jhi .L288
 3019 223c 47FA DDC2 		lea ignore_blanks,%a3
 3020 2240 0C28 0024 		cmp.b #36,1(%a0)
 3020      0001 
 3021 2246 6600 008C 		jne .L424
 3022 224a 5480      		addq.l #2,%d0
 3023 224c 23C0 0000 		move.l %d0,txtpos
 3023      0000 
 3024 2252 4E93      		jsr (%a3)
 3025 2254 2039 0000 		move.l txtpos,%d0
 3025      0000 
 3026 225a 2240      		move.l %d0,%a1
 3027 225c 0C11 003D 		cmp.b #61,(%a1)
 3028 2260 6600 EF30 		jne .L307
 3029 2264 5280      		addq.l #1,%d0
 3030 2266 23C0 0000 		move.l %d0,txtpos
 3030      0000 
 3031 226c 4E93      		jsr (%a3)
 3032 226e 4239 0000 		clr.b expression_error
 3032      0000 
 3033 2274 4EBA E502 		jsr str_expr
 3034 2278 4A39 0000 		tst.b expression_error.l
 3034      0000 
 3035 227e 6600 EF12 		jne .L307
 3036 2282 2079 0000 		move.l txtpos,%a0
 3036      0000 
 3037 2288 1210      		move.b (%a0),%d1
 3038 228a 0C01 000A 		cmp.b #10,%d1
 3039 228e 6708      		jeq .L425
 3040 2290 0C01 003A 		cmp.b #58,%d1
 3041 2294 6600 EEFC 		jne .L307
 3042               	.L425:
 3043 2298 4878 0027 		pea 39.w
 3044 229c 2F00      		move.l %d0,-(%sp)
 3045 229e 0282 0000 		and.l #255,%d2
 3045      00FF 
 3046 22a4 3002      		move.w %d2,%d0
 3047 22a6 C0FC 0028 		mulu.w #40,%d0
 3048 22aa 0680 0000 		add.l #string_vars,%d0
 3048      0000 
 3049 22b0 2F00      		move.l %d0,-(%sp)
 3050 22b2 4EB9 0000 		jsr strncpy
 3050      0000 
 3051 22b8 2002      		move.l %d2,%d0
 3052 22ba D082      		add.l %d2,%d0
 3053 22bc D080      		add.l %d0,%d0
 3054 22be D480      		add.l %d0,%d2
 3055 22c0 E78A      		lsl.l #3,%d2
 3056 22c2 0682 0000 		add.l #string_vars+39,%d2
 3056      0000 
 3057 22c8 2442      		move.l %d2,%a2
 3058 22ca 4212      		clr.b (%a2)
 3059 22cc 4FEF 000C 		lea (12,%sp),%sp
 3060 22d0 6000 F4D6 		jra .L357
 3061               	.L424:
 3062 22d4 2439 0000 		move.l variables_begin,%d2
 3062      0000 
 3063 22da 5280      		addq.l #1,%d0
 3064 22dc 23C0 0000 		move.l %d0,txtpos
 3064      0000 
 3065 22e2 4E93      		jsr (%a3)
 3066 22e4 2039 0000 		move.l txtpos,%d0
 3066      0000 
 3067 22ea 2040      		move.l %d0,%a0
 3068 22ec 0C10 003D 		cmp.b #61,(%a0)
 3069 22f0 6600 EEA0 		jne .L307
 3070 22f4 5280      		addq.l #1,%d0
 3071 22f6 23C0 0000 		move.l %d0,txtpos
 3071      0000 
 3072 22fc 4E93      		jsr (%a3)
 3073 22fe 4239 0000 		clr.b expression_error
 3073      0000 
 3074 2304 4EBA E3E0 		jsr expression
 3075 2308 4A39 0000 		tst.b expression_error.l
 3075      0000 
 3076 230e 6600 EE82 		jne .L307
 3077 2312 2079 0000 		move.l txtpos,%a0
 3077      0000 
 3078 2318 1210      		move.b (%a0),%d1
 3079 231a 0C01 000A 		cmp.b #10,%d1
 3080 231e 6708      		jeq .L426
 3081 2320 0C01 003A 		cmp.b #58,%d1
 3082 2324 6600 EE6C 		jne .L307
 3083               	.L426:
 3084 2328 7200      		moveq #0,%d1
 3085 232a 1203      		move.b %d3,%d1
 3086 232c 2441      		move.l %d1,%a2
 3087 232e D5FC 7FFF 		add.l #2147483583,%a2
 3087      FFBF 
 3088 2334 D5CA      		add.l %a2,%a2
 3089 2336 3580 2800 		move.w %d0,(%a2,%d2.l)
 3090 233a 6000 F46C 		jra .L357
 3091               	.L543:
 3092 233e 0C00 000A 		cmp.b #10,%d0
 3093 2342 6700 ECBC 		jeq .L314
 3094 2346 47FA DCB8 		lea ignore_blanks,%a3
 3095 234a 45FA DFA4 		lea peek_keyword,%a2
 3096               	.L441:
 3097 234e 4E93      		jsr (%a3)
 3098 2350 2079 0000 		move.l txtpos,%a0
 3098      0000 
 3099 2356 1810      		move.b (%a0),%d4
 3100 2358 0C04 0022 		cmp.b #34,%d4
 3101 235c 6706      		jeq .L429
 3102 235e 0C04 0027 		cmp.b #39,%d4
 3103 2362 6642      		jne .L430
 3104               	.L429:
 3105 2364 5288      		addq.l #1,%a0
 3106 2366 23C8 0000 		move.l %a0,txtpos
 3106      0000 
 3107 236c 2248      		move.l %a0,%a1
 3108               	.L431:
 3109 236e 1011      		move.b (%a1),%d0
 3110 2370 B004      		cmp.b %d4,%d0
 3111 2372 662A      		jne .L432
 3112               	.L433:
 3113 2374 1010      		move.b (%a0),%d0
 3114 2376 B004      		cmp.b %d4,%d0
 3115 2378 6670      		jne .L434
 3116 237a 5288      		addq.l #1,%a0
 3117 237c 23C8 0000 		move.l %a0,txtpos
 3117      0000 
 3118               	.L435:
 3119 2382 2239 0000 		move.l txtpos,%d1
 3119      0000 
 3120 2388 2241      		move.l %d1,%a1
 3121 238a 1011      		move.b (%a1),%d0
 3122 238c 0C00 002C 		cmp.b #44,%d0
 3123 2390 6600 00E0 		jne .L440
 3124 2394 5281      		addq.l #1,%d1
 3125 2396 23C1 0000 		move.l %d1,txtpos
 3125      0000 
 3126 239c 60B0      		jra .L441
 3127               	.L432:
 3128 239e 5289      		addq.l #1,%a1
 3129 23a0 0C00 000A 		cmp.b #10,%d0
 3130 23a4 66C8      		jne .L431
 3131               	.L430:
 3132 23a6 1010      		move.b (%a0),%d0
 3133 23a8 0C00 0022 		cmp.b #34,%d0
 3134 23ac 6700 EDE4 		jeq .L307
 3135 23b0 0C00 0027 		cmp.b #39,%d0
 3136 23b4 6700 EDDC 		jeq .L307
 3137 23b8 0600 FFBF 		add.b #-65,%d0
 3138 23bc 0C00 0019 		cmp.b #25,%d0
 3139 23c0 624A      		jhi .L436
 3140 23c2 0C28 0024 		cmp.b #36,1(%a0)
 3140      0001 
 3141 23c8 6642      		jne .L436
 3142               	.L438:
 3143 23ca 4239 0000 		clr.b expression_error
 3143      0000 
 3144 23d0 4EBA E3A6 		jsr str_expr
 3145 23d4 4A39 0000 		tst.b expression_error.l
 3145      0000 
 3146 23da 6600 EDB6 		jne .L307
 3147 23de 2F00      		move.l %d0,-(%sp)
 3148 23e0 43FA E84A 		lea printmsgNoNL,%a1
 3149 23e4 4E91      		jsr (%a1)
 3150               	.L571:
 3151 23e6 588F      		addq.l #4,%sp
 3152 23e8 6098      		jra .L435
 3153               	.L434:
 3154 23ea 0280 0000 		and.l #255,%d0
 3154      00FF 
 3155 23f0 2F00      		move.l %d0,-(%sp)
 3156 23f2 4EB9 0000 		jsr outchar
 3156      0000 
 3157 23f8 2079 0000 		move.l txtpos,%a0
 3157      0000 
 3158 23fe 5288      		addq.l #1,%a0
 3159 2400 23C8 0000 		move.l %a0,txtpos
 3159      0000 
 3160 2406 588F      		addq.l #4,%sp
 3161 2408 6000 FF6A 		jra .L433
 3162               	.L436:
 3163 240c 4879 0000 		pea .LC14
 3163      0000 
 3164 2412 4E92      		jsr (%a2)
 3165 2414 588F      		addq.l #4,%sp
 3166 2416 4A80      		tst.l %d0
 3167 2418 66B0      		jne .L438
 3168 241a 4879 0000 		pea .LC15
 3168      0000 
 3169 2420 4E92      		jsr (%a2)
 3170 2422 588F      		addq.l #4,%sp
 3171 2424 4A80      		tst.l %d0
 3172 2426 66A2      		jne .L438
 3173 2428 4879 0000 		pea .LC16
 3173      0000 
 3174 242e 4E92      		jsr (%a2)
 3175 2430 588F      		addq.l #4,%sp
 3176 2432 4A80      		tst.l %d0
 3177 2434 6694      		jne .L438
 3178 2436 4879 0000 		pea .LC17
 3178      0000 
 3179 243c 4E92      		jsr (%a2)
 3180 243e 588F      		addq.l #4,%sp
 3181 2440 4A80      		tst.l %d0
 3182 2442 6686      		jne .L438
 3183 2444 4879 0000 		pea .LC18
 3183      0000 
 3184 244a 4E92      		jsr (%a2)
 3185 244c 588F      		addq.l #4,%sp
 3186 244e 4A80      		tst.l %d0
 3187 2450 6600 FF78 		jne .L438
 3188 2454 4239 0000 		clr.b expression_error
 3188      0000 
 3189 245a 4EBA E28A 		jsr expression
 3190 245e 4A39 0000 		tst.b expression_error.l
 3190      0000 
 3191 2464 6600 ED2C 		jne .L307
 3192 2468 3040      		move.w %d0,%a0
 3193 246a 2F08      		move.l %a0,-(%sp)
 3194 246c 4E94      		jsr (%a4)
 3195 246e 6000 FF76 		jra .L571
 3196               	.L440:
 3197 2472 0C00 003B 		cmp.b #59,%d0
 3198 2476 661E      		jne .L442
 3199 2478 1029 0001 		move.b 1(%a1),%d0
 3200 247c 0C00 000A 		cmp.b #10,%d0
 3201 2480 6708      		jeq .L443
 3202 2482 0C00 003A 		cmp.b #58,%d0
 3203 2486 6600 ED0A 		jne .L307
 3204               	.L443:
 3205 248a 5281      		addq.l #1,%d1
 3206 248c 23C1 0000 		move.l %d1,txtpos
 3206      0000 
 3207 2492 6000 F314 		jra .L357
 3208               	.L442:
 3209 2496 0C00 000A 		cmp.b #10,%d0
 3210 249a 6708      		jeq .L444
 3211 249c 0C00 003A 		cmp.b #58,%d0
 3212 24a0 6600 ECF0 		jne .L307
 3213               	.L444:
 3214 24a4 4EBA DCF2 		jsr line_terminator
 3215 24a8 6000 F2FE 		jra .L357
 3216               	.L537:
 3217 24ac 2F0B      		move.l %a3,-(%sp)
 3218 24ae 4879 0000 		pea .LC19
 3218      0000 
 3219 24b4 4EB9 0000 		jsr printf
 3219      0000 
 3220 24ba 74BC      		moveq #-68,%d2
 3221 24bc D48E      		add.l %fp,%d2
 3222               	#APP
 3223               	| 2612 "TinyBasicPlus.c" 1
 3224 24be 7215      		move.l #21, %d1
 3225 24c0 204B      		move.l %a3, %a0
 3226 24c2 227C 0000 		move.l #program, %a1
 3226      0000 
 3227 24c8 203C 0000 		move.l #65535, %d0
 3227      FFFF 
 3228 24ce 2442      		move.l %d2, %a2
 3229 24d0 4E4C      		trap #12
 3230 24d2 2640      		move.l %d0, %a3
 3231               		
 3232               	| 0 "" 2
 3233               	#NO_APP
 3234 24d4 2039 0000 		move.l program_start,%d0
 3234      0000 
 3235 24da D0AE FFBC 		add.l -68(%fp),%d0
 3236 24de 23C0 0000 		move.l %d0,program_end
 3236      0000 
 3237 24e4 6000 ED06 		jra .L566
 3238               	.L269:
 3239 24e8 4CEE 3C1C 		movem.l -104(%fp),#15388
 3239      FF98 
 3240 24ee 4E5E      		unlk %fp
 3241 24f0 4E75      		rts
 3243               		.align	2
 3244               		.globl	filenameWord
 3246               	filenameWord:
 3247 24f2 48E7 3038 		movem.l #12344,-(%sp)
 3248 24f6 4239 0000 		clr.b expression_error
 3248      0000 
 3249 24fc 2479 0000 		move.l txtpos,%a2
 3249      0000 
 3250 2502 97CB      		sub.l %a3,%a3
 3251 2504 49FA DE16 		lea isValidFnChar,%a4
 3252               	.L573:
 3253 2508 240A      		move.l %a2,%d2
 3254 250a 161A      		move.b (%a2)+,%d3
 3255 250c 1003      		move.b %d3,%d0
 3256 250e 4880      		ext.w %d0
 3257 2510 3040      		move.w %d0,%a0
 3258 2512 2F08      		move.l %a0,-(%sp)
 3259 2514 4E94      		jsr (%a4)
 3260 2516 588F      		addq.l #4,%sp
 3261 2518 4A80      		tst.l %d0
 3262 251a 6720      		jeq .L582
 3263 251c 300B      		move.w %a3,%d0
 3264 251e 4A00      		tst.b %d0
 3265 2520 6706      		jeq .L574
 3266 2522 23C2 0000 		move.l %d2,txtpos
 3266      0000 
 3267               	.L574:
 3268 2528 4A03      		tst.b %d3
 3269 252a 6616      		jne .L575
 3270               	.L580:
 3271 252c 13FC 0001 		move.b #1,expression_error
 3271      0000 0000 
 3272               	.L572:
 3273 2534 2002      		move.l %d2,%d0
 3274 2536 4CDF 1C0C 		movem.l (%sp)+,#7180
 3275 253a 4E75      		rts
 3276               	.L582:
 3277 253c 367C 0001 		move.w #1,%a3
 3278 2540 60C6      		jra .L573
 3279               	.L575:
 3280 2542 2002      		move.l %d2,%d0
 3281 2544 5280      		addq.l #1,%d0
 3282 2546 23C0 0000 		move.l %d0,txtpos
 3282      0000 
 3283 254c 4203      		clr.b %d3
 3284               	.L577:
 3285 254e 264A      		move.l %a2,%a3
 3286 2550 101A      		move.b (%a2)+,%d0
 3287 2552 4880      		ext.w %d0
 3288 2554 3040      		move.w %d0,%a0
 3289 2556 2F08      		move.l %a0,-(%sp)
 3290 2558 4E94      		jsr (%a4)
 3291 255a 588F      		addq.l #4,%sp
 3292 255c 4A80      		tst.l %d0
 3293 255e 6618      		jne .L583
 3294 2560 4A03      		tst.b %d3
 3295 2562 6706      		jeq .L578
 3296 2564 23CB 0000 		move.l %a3,txtpos
 3296      0000 
 3297               	.L578:
 3298 256a B48B      		cmp.l %a3,%d2
 3299 256c 67C6      		jeq .L572
 3300 256e 4213      		clr.b (%a3)
 3301 2570 2042      		move.l %d2,%a0
 3302 2572 4A10      		tst.b (%a0)
 3303 2574 67B6      		jeq .L580
 3304 2576 60BC      		jra .L572
 3305               	.L583:
 3306 2578 7601      		moveq #1,%d3
 3307 257a 60D2      		jra .L577
 3309               		.globl	t
 3310               		.section	.bss
 3313               	t:
 3314 0000 0000 0000 		.zero	6
 3314      0000 
 3315               		.data
 3316               		.align	2
 3319               	rand_seed:
 3320 0000 0000 0001 		.long	1
 3321               		.globl	nowend_msg
 3322               		.section	.rodata
 3325               	nowend_msg:
 3326 0000 4E4F 2057 		.string	"NO WEND"
 3326      454E 4400 
 3327               		.globl	nowhile_msg
 3330               	nowhile_msg:
 3331 0008 4E4F 2057 		.string	"NO WHILE"
 3331      4849 4C45 
 3331      00
 3332               		.globl	stackmsg
 3335               	stackmsg:
 3336 0011 5354 4143 		.string	"STACK FULL"
 3336      4B20 4655 
 3336      4C4C 00
 3339               	unimplimentedmsg:
 3340 001c 436F 6D6D 		.string	"Command not found"
 3340      616E 6420 
 3340      6E6F 7420 
 3340      666F 756E 
 3340      6400 
 3343               	breakmsg:
 3344 002e 6272 6561 		.string	"break!"
 3344      6B21 00
 3347               	memorymsg:
 3348 0035 2062 7974 		.string	" bytes free."
 3348      6573 2066 
 3348      7265 652E 
 3348      00
 3351               	sorrymsg:
 3352 0042 536F 7272 		.string	"Sorry!"
 3352      7921 00
 3355               	howmsg:
 3356 0049 4578 6563 		.string	"Execution error!"
 3356      7574 696F 
 3356      6E20 6572 
 3356      726F 7221 
 3356      00
 3359               	whatmsg:
 3360 005a 5369 6E74 		.string	"Sintaxe error! "
 3360      6178 6520 
 3360      6572 726F 
 3360      7221 2000 
 3363               	okmsg:
 3364 006a 4F4B 00   		.string	"OK"
 3365               		.local	linenum
 3366               		.comm	linenum,2,2
 3367               		.local	table_index
 3368               		.comm	table_index,1,1
 3369               		.local	sp
 3370               		.comm	sp,4,2
 3371               		.local	current_line
 3372               		.comm	current_line,4,2
 3373               		.local	variables_begin
 3374               		.comm	variables_begin,4,2
 3375               		.local	program_end
 3376               		.comm	program_end,4,2
 3377               		.local	program_start
 3378               		.comm	program_start,4,2
 3379               		.local	stack_limit
 3380               		.comm	stack_limit,4,2
 3383               	relop_tab:
 3384 006d 3EBD 3CBE 		.base64	"Pr08vr69PL28Ib0A"
 3384      BEBD 3CBD 
 3384      BC21 BD00 
 3387               	step_tab:
 3388 0079 5354 45D0 		.string	"STE\320"
 3388      00
 3391               	to_tab:
 3392 007e 54CF 00   		.base64	"VM8A"
 3395               	strfunc_tab:
 3396 0081 4C45 4654 		.base64	"TEVGVKRSSUdIVKRNSUSkQ0hSpFNUUqQA"
 3396      A452 4947 
 3396      4854 A44D 
 3396      4944 A443 
 3396      4852 A453 
 3399               	func_tab:
 3400 0099 5045 45CB 		.base64	"UEVFy0FC00FSRUHERFJFQcRSTsRMRc5BU8MA"
 3400      4142 D341 
 3400      5245 41C4 
 3400      4452 4541 
 3400      C452 4EC4 
 3403               	keywords:
 3404 00b4 4C49 53D4 		.base64	"TElT1ExPQcRORddSVc5TQVbFTkVY1ExF1EnGR09UT1jZR09Uz0dPU1XCUkVUVVLOUkXNRk/SSU5QVdRQUklO1FBPS
 3404      4C4F 41C4 
 3404      4E45 D752 
 3404      55CE 5341 
 3404      56C5 4E45 
 3405               		.local	str_temp_idx
 3406               		.comm	str_temp_idx,4,2
 3407               		.local	str_temp
 3408               		.comm	str_temp,160,1
 3409               		.local	string_vars
 3410               		.comm	string_vars,1040,1
 3411               		.local	tempsp
 3412               		.comm	tempsp,4,2
 3413               		.local	expression_error
 3414               		.comm	expression_error,1,1
 3415               		.local	tmptxtpos
 3416               		.comm	tmptxtpos,4,2
 3417               		.local	list_line
 3418               		.comm	list_line,4,2
 3419               		.local	txtpos
 3420               		.comm	txtpos,4,2
 3421               		.local	program
 3422               		.comm	program,65536,1
 3423               		.globl	exit
 3424               		.section	.bss
 3427               	exit:
 3428 0006 00        		.zero	1
 3429               		.local	triggerRun
 3430               		.comm	triggerRun,4,2
 3431               		.globl	__divsi3
 3432               		.globl	__modsi3
 3433               		.globl	__udivsi3
 3434               		.globl	__umodsi3
 3435               		.globl	__mulsi3
 3436               		.ident	"GCC: (GNU) 15.1.0"
